# Blender 4.4.3
# www.blender.org
mtllib base_pinomatik.mtl
o pinomatik_base
v 6.492648 -5.127613 20.566450
v 6.793424 -4.477633 20.566450
v 7.029321 -3.801397 20.566450
v 7.198083 -3.105365 20.566450
v 7.298100 -2.396184 20.566450
v 7.328415 -1.680627 20.566450
v 7.288740 -0.965528 20.566450
v 7.179453 -0.257716 20.566450
v 7.001599 0.436048 20.566450
v 6.756876 1.109139 20.566450
v 6.447620 1.755129 20.566450
v 6.076786 2.367847 20.566450
v 5.647916 2.941442 20.566450
v 5.165104 3.470436 20.566450
v 4.632964 3.949775 20.566450
v 4.056575 4.374885 20.566450
v 3.441444 4.741702 20.566450
v 2.793446 5.046725 20.566450
v 2.118768 5.287040 20.566450
v 1.423855 5.460351 20.566450
v 0.715344 5.565005 20.566450
v 0.000000 5.600001 20.566450
v -0.715344 5.565005 20.566450
v -1.423855 5.460351 20.566450
v -2.118768 5.287040 20.566450
v -2.793446 5.046725 20.566450
v -3.441444 4.741702 20.566450
v -4.056575 4.374885 20.566450
v -4.632964 3.949775 20.566450
v -5.165104 3.470436 20.566450
v -5.647916 2.941442 20.566450
v -6.076786 2.367847 20.566450
v -6.447620 1.755129 20.566450
v -6.756876 1.109139 20.566450
v -7.001599 0.436048 20.566450
v -7.179453 -0.257716 20.566450
v -7.288740 -0.965528 20.566450
v -7.328415 -1.680627 20.566450
v -7.298100 -2.396184 20.566450
v -7.198083 -3.105365 20.566450
v -7.029321 -3.801397 20.566450
v -6.793424 -4.477633 20.566450
v -6.492648 -5.127613 20.566450
v -6.466630 -5.113993 20.381041
v -6.391128 -5.074465 20.213779
v -6.273530 -5.012900 20.081041
v -6.125347 -4.935324 19.995817
v -5.961086 -4.849329 19.966452
v -6.249501 -4.222044 19.966452
v -6.472118 -3.568506 19.966452
v -6.626592 -2.895596 19.966452
v -6.711298 -2.210399 19.966452
v -6.725342 -1.520129 19.966452
v -6.668579 -0.832054 19.966452
v -6.541603 -0.153418 19.966452
v -6.345754 0.508634 19.966452
v -6.083092 1.147132 19.966452
v -5.756384 1.755352 19.966452
v -5.369070 2.326891 19.966452
v -4.925226 2.855732 19.966452
v -4.429526 3.336306 19.966452
v -3.887190 3.763554 19.966452
v -3.303926 4.132978 19.966452
v -2.685877 4.440687 19.966452
v -2.039549 4.683443 19.966452
v -1.371748 4.858689 19.966452
v -0.689504 4.964580 19.966452
v 0.000000 5.000001 19.966452
v 0.689504 4.964580 19.966452
v 1.371748 4.858689 19.966452
v 2.039549 4.683443 19.966452
v 2.685877 4.440687 19.966452
v 3.303926 4.132978 19.966452
v 3.887190 3.763554 19.966452
v 4.429526 3.336306 19.966452
v 4.925226 2.855732 19.966452
v 5.369070 2.326891 19.966452
v 5.756384 1.755352 19.966452
v 6.083092 1.147132 19.966452
v 6.345754 0.508634 19.966452
v 6.541603 -0.153418 19.966452
v 6.668579 -0.832054 19.966452
v 6.725342 -1.520129 19.966452
v 6.711298 -2.210399 19.966452
v 6.626592 -2.895596 19.966452
v 6.472118 -3.568506 19.966452
v 6.249501 -4.222044 19.966452
v 5.961086 -4.849329 19.966452
v 6.125347 -4.935324 19.995817
v 6.273530 -5.012900 20.081041
v 6.391128 -5.074465 20.213779
v 6.466630 -5.113993 20.381041
v 7.320388 -1.728570 20.467695
v 7.256256 -1.728570 20.280882
v 7.134941 -1.728570 20.125017
v 6.969589 -1.728570 20.016987
v 6.778119 -1.728570 19.968500
v -1.322060 4.919366 19.968500
v -0.664227 5.016925 19.968500
v 6.763157 -4.529962 20.467695
v 6.703907 -4.505419 20.280882
v 6.591825 -4.458994 20.125017
v 6.439060 -4.395717 20.016987
v 6.262166 -4.322444 19.968500
v 7.005175 -3.853567 20.467695
v 6.943804 -3.834950 20.280882
v 6.827713 -3.799734 20.125017
v 6.669481 -3.751735 20.016987
v 6.486256 -3.696155 19.968500
v 7.179729 -3.156707 20.467695
v 7.116829 -3.144195 20.280882
v 6.997845 -3.120528 20.125017
v 6.835670 -3.088269 20.016987
v 6.647879 -3.050916 19.968500
v 7.285139 -2.446094 20.467695
v 7.221315 -2.439808 20.280882
v 7.100584 -2.427917 20.125017
v 6.936028 -2.411709 20.016987
v 6.745481 -2.392942 19.968500
v 7.285139 -1.011047 20.467695
v 7.221315 -1.017333 20.280882
v 7.100584 -1.029224 20.125017
v 6.936028 -1.045431 20.016987
v 6.745481 -1.064198 19.968500
v 7.179729 -0.300433 20.467695
v 7.116829 -0.312945 20.280882
v 6.997845 -0.336612 20.125017
v 6.835670 -0.368871 20.016987
v 6.647879 -0.406225 19.968500
v 7.005175 0.396427 20.467695
v 6.943804 0.377810 20.280882
v 6.827713 0.342594 20.125017
v 6.669481 0.294595 20.016987
v 6.486256 0.239014 19.968500
v 6.763157 1.072821 20.467695
v 6.703907 1.048279 20.280882
v 6.591825 1.001853 20.125017
v 6.439060 0.938576 20.016987
v 6.262166 0.865304 19.968500
v 6.456006 1.722237 20.467695
v 6.399446 1.692005 20.280882
v 6.292456 1.634818 20.125017
v 6.146629 1.556871 20.016987
v 5.977767 1.466613 19.968500
v 6.086680 2.338420 20.467695
v 6.033356 2.302789 20.280882
v 5.932487 2.235390 20.125017
v 5.795002 2.143526 20.016987
v 5.635800 2.037151 19.968500
v 5.658737 2.915435 20.467695
v 5.609161 2.874750 20.280882
v 5.515384 2.797788 20.125017
v 5.387565 2.692890 20.016987
v 5.239557 2.571423 19.968500
v 5.176296 3.447726 20.467695
v 5.130948 3.402377 20.280882
v 5.045165 3.316594 20.125017
v 4.928243 3.199673 20.016987
v 4.792854 3.064284 19.968500
v 4.644005 3.930166 20.467695
v 4.603320 3.880591 20.280882
v 4.526358 3.786813 20.125017
v 4.421461 3.658995 20.016987
v 4.299993 3.510987 19.968500
v 4.066990 4.358110 20.467695
v 4.031360 4.304786 20.280882
v 3.963960 4.203916 20.125017
v 3.872096 4.066431 20.016987
v 3.765721 3.907230 19.968500
v 3.450807 4.727436 20.467695
v 3.420575 4.670876 20.280882
v 3.363388 4.563886 20.125017
v 3.285442 4.418058 20.016987
v 3.195183 4.249197 19.968500
v 2.801391 5.034587 20.467695
v 2.776849 4.975336 20.280882
v 2.730423 4.863256 20.125017
v 2.667146 4.710490 20.016987
v 2.593874 4.533595 19.968500
v 2.124997 5.276605 20.467695
v 2.106380 5.215234 20.280882
v 2.071164 5.099142 20.125017
v 2.023165 4.940910 20.016987
v 1.967584 4.757685 19.968500
v 1.422883 5.452202 20.467695
v 1.411643 5.389050 20.280882
v 1.389247 5.269813 20.125017
v 1.358228 5.107392 20.016987
v 1.322060 4.919366 19.968500
v 0.714858 5.556830 20.467695
v 0.709217 5.492943 20.280882
v 0.697971 5.372149 20.125017
v 0.682393 5.207531 20.016987
v 0.664227 5.016925 19.968500
v 0.000000 5.591818 20.467695
v 0.000000 5.527685 20.280882
v 0.000000 5.406370 20.125017
v 0.000000 5.241018 20.016987
v 0.000000 5.049549 19.968500
v -0.714858 5.556830 20.467695
v -0.709217 5.492943 20.280882
v -0.697971 5.372149 20.125017
v -0.682393 5.207531 20.016987
v -1.422883 5.452202 20.467695
v -1.411643 5.389050 20.280882
v -1.389247 5.269813 20.125017
v -1.358228 5.107392 20.016987
v -2.124997 5.276605 20.467695
v -2.106380 5.215234 20.280882
v -2.071164 5.099142 20.125017
v -2.023165 4.940910 20.016987
v -1.967584 4.757685 19.968500
v -2.801391 5.034587 20.467695
v -2.776849 4.975336 20.280882
v -2.730423 4.863256 20.125017
v -2.667146 4.710490 20.016987
v -2.593874 4.533595 19.968500
v -3.450807 4.727436 20.467695
v -3.420575 4.670876 20.280882
v -3.363388 4.563886 20.125017
v -3.285442 4.418058 20.016987
v -3.195183 4.249197 19.968500
v -4.066990 4.358110 20.467695
v -4.031360 4.304786 20.280882
v -3.963960 4.203916 20.125017
v -3.872096 4.066431 20.016987
v -3.765721 3.907230 19.968500
v -4.644005 3.930166 20.467695
v -4.603320 3.880591 20.280882
v -4.526358 3.786813 20.125017
v -4.421461 3.658995 20.016987
v -4.299993 3.510987 19.968500
v -5.176296 3.447726 20.467695
v -5.130948 3.402377 20.280882
v -5.045165 3.316594 20.125017
v -4.928243 3.199673 20.016987
v -4.792854 3.064284 19.968500
v -5.658737 2.915435 20.467695
v -5.609161 2.874750 20.280882
v -5.515384 2.797788 20.125017
v -5.387565 2.692890 20.016987
v -5.239557 2.571423 19.968500
v -6.086680 2.338420 20.467695
v -6.033356 2.302789 20.280882
v -5.932487 2.235390 20.125017
v -5.795002 2.143526 20.016987
v -5.635800 2.037151 19.968500
v -6.456006 1.722237 20.467695
v -6.399446 1.692005 20.280882
v -6.292456 1.634818 20.125017
v -6.146629 1.556871 20.016987
v -5.977767 1.466613 19.968500
v -6.763157 1.072821 20.467695
v -6.703907 1.048279 20.280882
v -6.591825 1.001853 20.125017
v -6.439060 0.938576 20.016987
v -6.262166 0.865304 19.968500
v -7.005175 0.396427 20.467695
v -6.943804 0.377810 20.280882
v -6.827713 0.342594 20.125017
v -6.669481 0.294595 20.016987
v -6.486256 0.239014 19.968500
v -7.179729 -0.300433 20.467695
v -7.116829 -0.312945 20.280882
v -6.997845 -0.336612 20.125017
v -6.835670 -0.368871 20.016987
v -6.647879 -0.406225 19.968500
v -7.285139 -1.011047 20.467695
v -7.221315 -1.017333 20.280882
v -7.100584 -1.029224 20.125017
v -6.936028 -1.045431 20.016987
v -6.745481 -1.064198 19.968500
v -7.320388 -1.728570 20.467695
v -7.256256 -1.728570 20.280882
v -7.134941 -1.728570 20.125017
v -6.969589 -1.728570 20.016987
v -6.778119 -1.728570 19.968500
v -7.285139 -2.446094 20.467695
v -7.221315 -2.439808 20.280882
v -7.100584 -2.427917 20.125017
v -6.936028 -2.411709 20.016987
v -6.745481 -2.392942 19.968500
v -7.179729 -3.156707 20.467695
v -7.116829 -3.144195 20.280882
v -6.997845 -3.120528 20.125017
v -6.835670 -3.088269 20.016987
v -6.647879 -3.050916 19.968500
v -7.005175 -3.853567 20.467695
v -6.943804 -3.834950 20.280882
v -6.827713 -3.799734 20.125017
v -6.669481 -3.751735 20.016987
v -6.486256 -3.696155 19.968500
v -6.763157 -4.529962 20.467695
v -6.703907 -4.505419 20.280882
v -6.591825 -4.458994 20.125017
v -6.439060 -4.395717 20.016987
v -6.262166 -4.322444 19.968500
v -3.701517 -3.493833 18.966452
v -3.555775 -3.434472 18.966452
v -3.398758 -3.444962 18.966452
v -3.262207 -3.523183 18.966452
v -3.173729 -3.653321 18.966452
v -3.151210 -3.809069 18.966452
v -3.199201 -3.958940 18.966452
v -3.305602 -4.071048 18.966452
v -3.449914 -4.126397 18.966452
v -3.603994 -4.114193 18.966452
v -3.737793 -4.036815 18.966452
v -3.825219 -3.909355 18.966452
v -3.849221 -3.756668 18.966452
v -3.805121 -3.608531 18.966452
v -3.150000 -3.779999 19.966452
v -3.184661 -3.628140 19.966452
v -3.281779 -3.506358 19.966452
v -3.422118 -3.438774 19.966452
v -3.577883 -3.438774 19.966452
v -3.718221 -3.506358 19.966452
v -3.815339 -3.628140 19.966452
v -3.850000 -3.779999 19.966452
v -3.815339 -3.931859 19.966452
v -3.718221 -4.053640 19.966452
v -3.577883 -4.121224 19.966452
v -3.422118 -4.121224 19.966452
v -3.281779 -4.053640 19.966452
v -3.184661 -3.931859 19.966452
v 3.701517 -3.493833 18.966452
v 3.805121 -3.608531 18.966452
v 3.849221 -3.756668 18.966452
v 3.825219 -3.909355 18.966452
v 3.737793 -4.036815 18.966452
v 3.603994 -4.114193 18.966452
v 3.449914 -4.126397 18.966452
v 3.305602 -4.071048 18.966452
v 3.199201 -3.958940 18.966452
v 3.151210 -3.809069 18.966452
v 3.173729 -3.653321 18.966452
v 3.262207 -3.523183 18.966452
v 3.398758 -3.444962 18.966452
v 3.555775 -3.434472 18.966452
v 3.850000 -3.779999 19.966452
v 3.815339 -3.628140 19.966452
v 3.718221 -3.506358 19.966452
v 3.577883 -3.438774 19.966452
v 3.422118 -3.438774 19.966452
v 3.281779 -3.506358 19.966452
v 3.184661 -3.628140 19.966452
v 3.150000 -3.779999 19.966452
v 3.184661 -3.931859 19.966452
v 3.281779 -4.053640 19.966452
v 3.422118 -4.121224 19.966452
v 3.577883 -4.121224 19.966452
v 3.718221 -4.053640 19.966452
v 3.815339 -3.931859 19.966452
v 3.818052 3.366094 18.966452
v 3.849997 3.218408 18.966452
v 3.816709 3.071019 18.966452
v 3.724393 2.951398 18.966452
v 3.590254 2.881838 18.966452
v 3.439294 2.875306 18.966452
v 3.299649 2.933018 18.966452
v 3.197345 3.044218 18.966452
v 3.151449 3.188181 18.966452
v 3.170517 3.338074 18.966452
v 3.250994 3.465961 18.966452
v 3.377881 3.548006 18.966452
v 3.527529 3.568917 18.966452
v 3.672045 3.524797 18.966452
v 3.731482 3.482520 18.966452
v 3.780865 3.428842 18.966452
v 3.850000 3.220001 19.966452
v 3.815339 3.371861 19.966452
v 3.718221 3.493642 19.966452
v 3.577883 3.561226 19.966452
v 3.422118 3.561226 19.966452
v 3.281779 3.493642 19.966452
v 3.184661 3.371861 19.966452
v 3.150000 3.220001 19.966452
v 3.184661 3.068142 19.966452
v 3.281779 2.946360 19.966452
v 3.422118 2.878777 19.966452
v 3.577883 2.878777 19.966452
v 3.718221 2.946360 19.966452
v 3.815339 3.068142 19.966452
v -3.672045 3.524797 18.966452
v -3.527529 3.568917 18.966452
v -3.377881 3.548006 18.966452
v -3.250994 3.465961 18.966452
v -3.170517 3.338074 18.966452
v -3.151449 3.188181 18.966452
v -3.197345 3.044218 18.966452
v -3.299649 2.933018 18.966452
v -3.439294 2.875306 18.966452
v -3.590254 2.881838 18.966452
v -3.724393 2.951398 18.966452
v -3.816709 3.071019 18.966452
v -3.849997 3.218408 18.966452
v -3.818052 3.366094 18.966452
v -3.780865 3.428842 18.966452
v -3.731482 3.482520 18.966452
v -3.150000 3.220001 19.966452
v -3.184661 3.371861 19.966452
v -3.281779 3.493642 19.966452
v -3.422118 3.561226 19.966452
v -3.577883 3.561226 19.966452
v -3.718221 3.493642 19.966452
v -3.815339 3.371861 19.966452
v -3.850000 3.220001 19.966452
v -3.815339 3.068142 19.966452
v -3.718221 2.946360 19.966452
v -3.577883 2.878777 19.966452
v -3.422118 2.878777 19.966452
v -3.281779 2.946360 19.966452
v -3.184661 3.068142 19.966452
v 6.492648 -5.127613 27.966450
v 6.793424 -4.477632 27.966450
v 7.029321 -3.801397 27.966450
v 7.198083 -3.105365 27.966450
v 7.298100 -2.396184 27.966450
v 7.328415 -1.680627 27.966450
v 7.288740 -0.965527 27.966450
v 7.179453 -0.257715 27.966450
v 7.001599 0.436049 27.966450
v 6.756876 1.109140 27.966450
v 6.447620 1.755129 27.966450
v 6.076786 2.367847 27.966450
v 5.647916 2.941442 27.966450
v 5.165104 3.470436 27.966450
v 4.632964 3.949776 27.966450
v 4.056575 4.374885 27.966450
v 3.441444 4.741703 27.966450
v 2.793446 5.046725 27.966450
v 2.118768 5.287040 27.966450
v 1.423855 5.460352 27.966450
v 0.715344 5.565006 27.966450
v 0.000000 5.600002 27.966450
v -0.715344 5.565006 27.966450
v -1.423855 5.460352 27.966450
v -2.118768 5.287040 27.966450
v -2.793446 5.046725 27.966450
v -3.441444 4.741703 27.966450
v -4.056575 4.374885 27.966450
v -4.632964 3.949776 27.966450
v -5.165104 3.470436 27.966450
v -5.647916 2.941442 27.966450
v -6.076786 2.367847 27.966450
v -6.447620 1.755129 27.966450
v -6.756876 1.109140 27.966450
v -7.001599 0.436049 27.966450
v -7.179453 -0.257715 27.966450
v -7.288740 -0.965527 27.966450
v -7.328415 -1.680627 27.966450
v -7.298100 -2.396184 27.966450
v -7.198083 -3.105365 27.966450
v -7.029321 -3.801397 27.966450
v -6.793424 -4.477632 27.966450
v -6.492648 -5.127613 27.966450
v -6.187499 -6.359518 19.766451
v -6.602080 -5.746450 19.766451
v -6.956120 -5.096538 19.766451
v -7.246374 -4.415742 19.766451
v -7.470178 -3.710304 19.766451
v -7.625480 -2.986695 19.766451
v -7.710857 -2.251547 19.766451
v -7.725526 -1.511605 19.766451
v -7.669351 -0.773652 19.766451
v -7.542849 -0.044456 19.766451
v -7.347179 0.669298 19.766451
v -7.084136 1.361063 19.766451
v -6.756132 2.024495 19.766451
v -6.366174 2.653513 19.766451
v -5.917838 3.242346 19.766451
v -5.415236 3.785597 19.766451
v -4.862976 4.278283 19.766451
v -4.845824 4.257096 19.559395
v -4.795536 4.194980 19.366451
v -4.715540 4.096167 19.200766
v -4.611288 3.967392 19.073629
v -4.489883 3.817430 18.993711
v -4.359600 3.656501 18.966452
v -4.881456 3.188390 18.966452
v -5.353337 2.669940 18.966452
v -5.770412 2.106459 18.966452
v -6.128412 1.503716 18.966452
v -6.423670 0.867882 18.966452
v -6.653165 0.205467 18.966452
v -6.814547 -0.476749 18.966452
v -6.906163 -1.171780 18.966452
v -6.927076 -1.872512 18.966452
v -6.877072 -2.571770 18.966452
v -6.756662 -3.262396 18.966452
v -6.567080 -3.937319 18.966452
v -6.310266 -4.589629 18.966452
v -5.988848 -5.212648 18.966452
v -5.606119 -5.799999 18.966452
v -5.720581 -5.908163 18.981848
v -5.830148 -6.012619 19.027420
v -5.930035 -6.108626 19.100761
v -6.017948 -6.193739 19.200069
v -6.089962 -6.263890 19.321184
v -6.143379 -6.316174 19.459356
v -6.176392 -6.348593 19.610043
v -6.597529 0.912682 18.986509
v -6.494171 -5.902121 19.647217
v -6.435040 -5.864120 19.419344
v -6.322031 -5.791493 19.222313
v -6.165187 -5.690695 19.073629
v -5.978443 -5.570682 18.986509
v -6.861486 -5.265913 19.647217
v -6.799011 -5.233704 19.419344
v -6.679610 -5.172149 19.222313
v -6.513894 -5.086716 19.073629
v -6.316587 -4.984998 18.986509
v -7.166663 -4.597670 19.647217
v -7.101408 -4.571546 19.419344
v -6.976697 -4.521618 19.222313
v -6.803611 -4.452325 19.073629
v -6.597529 -4.369823 18.986509
v -7.406937 -3.903443 19.647217
v -7.339494 -3.883641 19.419344
v -7.210602 -3.845794 19.222313
v -7.031713 -3.793267 19.073629
v -6.818722 -3.730727 18.986509
v -7.580132 -3.189521 19.647217
v -7.511113 -3.176219 19.419344
v -7.379207 -3.150796 19.222313
v -7.196135 -3.115511 19.073629
v -6.978163 -3.073501 18.986509
v -7.684681 -2.462368 19.647217
v -7.614709 -2.455687 19.419344
v -7.480985 -2.442918 19.222313
v -7.295387 -2.425195 19.073629
v -7.074409 -2.404094 18.986509
v -7.719636 -1.728570 19.647217
v -7.649347 -1.728570 19.419344
v -7.515013 -1.728570 19.222313
v -7.328571 -1.728570 19.073629
v -7.106588 -1.728570 18.986509
v -7.684681 -0.994772 19.647217
v -7.614709 -1.001454 19.419344
v -7.480985 -1.014223 19.222313
v -7.295387 -1.031945 19.073629
v -7.074409 -1.053046 18.986509
v -7.580132 -0.267619 19.647217
v -7.511113 -0.280922 19.419344
v -7.379207 -0.306345 19.222313
v -7.196135 -0.341629 19.073629
v -6.978163 -0.383640 18.986509
v -7.406937 0.446303 19.647217
v -7.339494 0.426500 19.419344
v -7.210602 0.388654 19.222313
v -7.031713 0.336127 19.073629
v -6.818722 0.273587 18.986509
v -7.166663 1.140529 19.647217
v -7.101408 1.114405 19.419344
v -6.976697 1.064478 19.222313
v -6.803611 0.995185 19.073629
v -6.861486 1.808772 19.647217
v -6.799011 1.776563 19.419344
v -6.679610 1.715008 19.222313
v -6.513894 1.629576 19.073629
v -6.316587 1.527857 18.986509
v -6.494171 2.444980 19.647217
v -6.435040 2.406979 19.419344
v -6.322031 2.334353 19.222313
v -6.165187 2.233555 19.073629
v -5.978443 2.113542 18.986509
v -6.068044 3.043392 19.647217
v -6.012793 2.999942 19.419344
v -5.907199 2.916903 19.222313
v -5.760646 2.801652 19.073629
v -5.586156 2.664431 18.986509
v -5.586963 3.598588 19.647217
v -5.536092 3.550083 19.419344
v -5.438871 3.457382 19.222313
v -5.303937 3.328723 19.073629
v -5.143280 3.175537 18.986509
v -5.055287 4.105541 19.647217
v -5.009257 4.052420 19.419344
v -4.921287 3.950897 19.222313
v -4.799194 3.809994 19.073629
v -4.653826 3.642231 18.986509
v 5.490000 0.000001 17.966452
v 5.454215 0.625814 17.966452
v 5.347326 1.243468 17.966452
v 5.170726 1.844912 17.966452
v 4.926717 2.422305 17.966452
v 4.618482 2.968119 17.966452
v 4.250038 3.475240 17.966452
v 3.826187 3.937055 17.966452
v 3.352457 4.347545 17.966452
v 2.835022 4.701357 17.966452
v 2.280628 4.993881 17.966452
v 1.696503 5.221301 17.966452
v 1.090262 5.380654 17.966452
v 0.469807 5.469862 17.966452
v -0.156773 5.487762 17.966452
v -0.781308 5.434121 17.966452
v -1.395659 5.309638 17.966452
v -1.991814 5.115935 17.966452
v -2.562004 4.855538 17.966452
v -3.098793 4.531842 17.966452
v -3.595186 4.149066 17.966452
v -4.044709 3.712201 17.966452
v -4.441503 3.226942 17.966452
v -4.780396 2.699615 17.966452
v -5.056969 2.137094 17.966452
v -5.267616 1.546713 17.966452
v -5.409593 0.936168 17.966452
v -5.481046 0.313419 17.966452
v -5.481046 -0.313416 17.966452
v -5.409593 -0.936166 17.966452
v -5.267616 -1.546711 17.966452
v -5.056969 -2.137092 17.966452
v -4.780396 -2.699613 17.966452
v -4.441503 -3.226940 17.966452
v -4.044709 -3.712199 17.966452
v -3.595186 -4.149064 17.966452
v -3.098793 -4.531840 17.966452
v -2.562004 -4.855536 17.966452
v -1.991814 -5.115932 17.966452
v -1.395659 -5.309635 17.966452
v -0.781308 -5.434119 17.966452
v -0.156773 -5.487761 17.966452
v 0.469807 -5.469860 17.966452
v 1.090262 -5.380652 17.966452
v 1.696503 -5.221299 17.966452
v 2.280628 -4.993879 17.966452
v 2.835022 -4.701355 17.966452
v 3.352457 -4.347542 17.966452
v 3.826187 -3.937053 17.966452
v 4.250038 -3.475237 17.966452
v 4.618482 -2.968117 17.966452
v 4.926717 -2.422302 17.966452
v 5.170726 -1.844910 17.966452
v 5.347326 -1.243466 17.966452
v 5.454215 -0.625812 17.966452
v 5.690000 0.000001 18.166451
v 5.654222 -0.637077 18.166451
v 5.547340 -1.266143 18.166451
v 5.370697 -1.879287 18.166451
v 5.126513 -2.468797 18.166451
v 4.817861 -3.027261 18.166451
v 4.448621 -3.547656 18.166451
v 4.023438 -4.023437 18.166451
v 3.547657 -4.448620 18.166451
v 3.027263 -4.817860 18.166451
v 2.468798 -5.126512 18.166451
v 1.879288 -5.370695 18.166451
v 1.266144 -5.547338 18.166451
v 0.637078 -5.654222 18.166451
v 0.000000 -5.689999 18.166451
v -0.637078 -5.654222 18.166451
v -1.266144 -5.547338 18.166451
v -1.879288 -5.370695 18.166451
v -2.468798 -5.126512 18.166451
v -3.027263 -4.817860 18.166451
v -3.547657 -4.448620 18.166451
v -4.023438 -4.023437 18.166451
v -4.448621 -3.547656 18.166451
v -4.817861 -3.027261 18.166451
v -5.126513 -2.468797 18.166451
v -5.370697 -1.879287 18.166451
v -5.547340 -1.266143 18.166451
v -5.654222 -0.637077 18.166451
v -5.690000 0.000001 18.166451
v -5.654222 0.637079 18.166451
v -5.547340 1.266145 18.166451
v -5.370697 1.879289 18.166451
v -5.126513 2.468800 18.166451
v -4.817861 3.027264 18.166451
v -4.448621 3.547658 18.166451
v -4.023438 4.023438 18.166451
v -3.547657 4.448623 18.166451
v -3.027263 4.817862 18.166451
v -2.468798 5.126514 18.166451
v -1.879288 5.370697 18.166451
v -1.266144 5.547341 18.166451
v -0.637078 5.654223 18.166451
v 0.000000 5.690001 18.166451
v 0.637078 5.654223 18.166451
v 1.266144 5.547341 18.166451
v 1.879288 5.370697 18.166451
v 2.468798 5.126514 18.166451
v 3.027263 4.817862 18.166451
v 3.547657 4.448623 18.166451
v 4.023438 4.023438 18.166451
v 4.448621 3.547658 18.166451
v 4.817861 3.027264 18.166451
v 5.126513 2.468800 18.166451
v 5.370697 1.879289 18.166451
v 5.547340 1.266145 18.166451
v 5.654222 0.637079 18.166451
v 5.090000 0.000001 17.966452
v 5.054274 -0.602009 17.966452
v 4.947597 -1.195569 17.966452
v 4.771466 -1.772345 17.966452
v 4.528355 -2.324242 17.966452
v 4.221675 -2.843511 17.966452
v 3.855732 -3.322864 17.966452
v 3.435663 -3.755570 17.966452
v 2.967366 -4.135557 17.966452
v 2.457412 -4.457490 17.966452
v 1.912962 -4.716849 17.966452
v 1.341659 -4.909994 17.966452
v 0.751521 -5.034214 17.966452
v 0.150834 -5.087764 17.966452
v -0.451971 -5.069893 17.966452
v -1.048431 -4.980852 17.966452
v -1.630174 -4.821890 17.966452
v -2.189032 -4.595240 17.966452
v -2.717161 -4.304083 17.966452
v -3.207147 -3.952505 17.966452
v -3.652112 -3.545444 17.966452
v -4.045809 -3.088612 17.966452
v -4.382712 -2.588422 17.966452
v -4.658092 -2.051897 17.966452
v -4.868081 -1.486568 17.966452
v -5.009734 -0.900370 17.966452
v -5.081060 -0.301534 17.966452
v -5.081060 0.301536 17.966452
v -5.009734 0.900373 17.966452
v -4.868081 1.486570 17.966452
v -4.658092 2.051899 17.966452
v -4.382712 2.588425 17.966452
v -4.045809 3.088614 17.966452
v -3.652112 3.545446 17.966452
v -3.207147 3.952507 17.966452
v -2.717161 4.304085 17.966452
v -2.189032 4.595243 17.966452
v -1.630174 4.821892 17.966452
v -1.048431 4.980854 17.966452
v -0.451971 5.069895 17.966452
v 0.150834 5.087766 17.966452
v 0.751521 5.034216 17.966452
v 1.341659 4.909997 17.966452
v 1.912962 4.716851 17.966452
v 2.457412 4.457492 17.966452
v 2.967366 4.135560 17.966452
v 3.435663 3.755573 17.966452
v 3.855732 3.322866 17.966452
v 4.221675 2.843513 17.966452
v 4.528355 2.324244 17.966452
v 4.771466 1.772347 17.966452
v 4.947597 1.195571 17.966452
v 5.054274 0.602012 17.966452
v 4.074248 -3.051000 18.966452
v 4.394293 -2.568713 18.966452
v 4.657513 -2.053209 18.966452
v 4.860506 -1.511154 18.966452
v 5.000644 -0.949557 18.966452
v 5.076117 -0.375681 18.966452
v 5.085948 0.203053 18.966452
v 5.030011 0.779161 18.966452
v 4.909029 1.345193 18.966452
v 4.724565 1.893830 18.966452
v 4.479005 2.417978 18.966452
v 4.175527 2.910857 18.966452
v 3.770132 3.419681 18.966452
v 3.721460 3.472585 18.966452
v 3.242852 3.923266 18.966452
v 2.770729 4.269797 18.966452
v 2.261925 4.559803 18.966452
v 1.723177 4.789443 18.966452
v 1.161617 4.955679 18.966452
v 0.584679 5.056309 18.966452
v 0.000000 5.090001 18.966452
v -0.584679 5.056309 18.966452
v -1.161617 4.955679 18.966452
v -1.723177 4.789443 18.966452
v -2.261925 4.559803 18.966452
v -2.770729 4.269797 18.966452
v -3.242852 3.923266 18.966452
v -3.721460 3.472585 18.966452
v -3.770132 3.419681 18.966452
v -4.175527 2.910857 18.966452
v -4.479005 2.417978 18.966452
v -4.724565 1.893830 18.966452
v -4.909029 1.345193 18.966452
v -5.030011 0.779161 18.966452
v -5.085948 0.203053 18.966452
v -5.076117 -0.375681 18.966452
v -5.000644 -0.949557 18.966452
v -4.860506 -1.511154 18.966452
v -4.657513 -2.053209 18.966452
v -4.394293 -2.568713 18.966452
v -4.074248 -3.051000 18.966452
v -3.541092 -3.656331 18.966452
v -3.373541 -3.811471 18.966452
v -2.731202 -4.295187 18.966452
v -2.228195 -4.576378 18.966452
v -1.696628 -4.798911 18.966452
v -1.143313 -4.959932 18.966452
v -0.575344 -5.057378 18.966452
v 0.000000 -5.089999 18.966452
v 0.575344 -5.057378 18.966452
v 1.143313 -4.959932 18.966452
v 1.696628 -4.798911 18.966452
v 2.228195 -4.576378 18.966452
v 2.731202 -4.295187 18.966452
v 3.373541 -3.811471 18.966452
v 3.541092 -3.656331 18.966452
v 4.359600 3.656501 18.966452
v 4.736764 3.152646 18.966452
v 5.055974 2.610217 18.966452
v 5.313323 2.035853 18.966452
v 5.505664 1.436580 18.966452
v 5.630643 0.819730 18.966452
v 5.686731 0.192851 18.966452
v 5.673241 -0.436388 18.966452
v 5.590339 -1.060288 18.966452
v 5.439039 -1.671214 18.966452
v 5.221191 -2.261694 18.966452
v 4.939462 -2.824501 18.966452
v 4.597299 -3.352751 18.966452
v 4.198887 -3.839979 18.966452
v 3.749101 -4.280226 18.966452
v 3.253445 -4.668103 18.966452
v 2.717984 -4.998865 18.966452
v 2.149267 -5.268467 18.966452
v 1.554254 -5.473608 18.966452
v 0.940225 -5.611779 18.966452
v 0.314692 -5.681290 18.966452
v -0.314692 -5.681290 18.966452
v -0.940225 -5.611779 18.966452
v -1.554254 -5.473608 18.966452
v -2.149267 -5.268467 18.966452
v -2.717984 -4.998865 18.966452
v -3.253445 -4.668103 18.966452
v -3.749101 -4.280226 18.966452
v -4.198887 -3.839979 18.966452
v -4.597299 -3.352751 18.966452
v -4.939462 -2.824501 18.966452
v -5.221191 -2.261694 18.966452
v -5.439039 -1.671214 18.966452
v -5.590339 -1.060288 18.966452
v -5.673241 -0.436388 18.966452
v -5.686731 0.192851 18.966452
v -5.630643 0.819730 18.966452
v -5.505664 1.436580 18.966452
v -5.313323 2.035853 18.966452
v -5.055974 2.610217 18.966452
v -4.736764 3.152646 18.966452
v -3.935502 4.109492 18.966452
v -3.464599 4.513608 18.966452
v -2.952491 4.864043 18.966452
v -2.405267 5.156627 18.966452
v -1.829436 5.387882 18.966452
v -1.231848 5.555058 18.966452
v -0.619608 5.656165 18.966452
v 0.000000 5.690001 18.966452
v 0.619608 5.656165 18.966452
v 1.231848 5.555058 18.966452
v 1.829436 5.387882 18.966452
v 2.405267 5.156627 18.966452
v 2.952491 4.864043 18.966452
v 3.464599 4.513608 18.966452
v 3.935502 4.109492 18.966452
v 4.000000 0.000001 18.966452
v 3.964310 -0.533147 18.966452
v 3.857877 -1.056780 18.966452
v 3.682600 -1.561556 18.966452
v 3.441607 -2.038465 18.966452
v 3.139198 -2.478998 18.966452
v 2.780770 -2.875294 18.966452
v 2.372719 -3.220279 18.966452
v 1.922327 -3.507799 18.966452
v 1.437631 -3.732722 18.966452
v 0.927281 -3.891034 18.966452
v 0.400383 -3.979910 18.966452
v -0.133660 -3.997765 18.966452
v -0.665317 -3.944280 18.966452
v -1.185102 -3.820409 18.966452
v -1.683739 -3.628362 18.966452
v -2.152329 -3.371568 18.966452
v -2.582511 -3.054608 18.966452
v -2.966609 -2.683138 18.966452
v -3.297766 -2.263787 18.966452
v -3.570075 -1.804039 18.966452
v -3.778676 -1.312098 18.966452
v -3.919847 -0.796743 18.966452
v -3.991068 -0.267169 18.966452
v -3.991068 0.267172 18.966452
v -3.919847 0.796745 18.966452
v -3.778676 1.312101 18.966452
v -3.570075 1.804042 18.966452
v -3.297766 2.263790 18.966452
v -2.966609 2.683140 18.966452
v -2.582511 3.054610 18.966452
v -2.152329 3.371570 18.966452
v -1.683739 3.628365 18.966452
v -1.185102 3.820411 18.966452
v -0.665317 3.944282 18.966452
v -0.133660 3.997767 18.966452
v 0.400383 3.979912 18.966452
v 0.927281 3.891036 18.966452
v 1.437631 3.732723 18.966452
v 1.922327 3.507801 18.966452
v 2.372719 3.220281 18.966452
v 2.780770 2.875296 18.966452
v 3.139198 2.479001 18.966452
v 3.441607 2.038468 18.966452
v 3.682600 1.561558 18.966452
v 3.857877 1.056783 18.966452
v 3.964310 0.533149 18.966452
v 4.000000 0.000001 19.966452
v 3.964310 0.533149 19.966452
v 3.857877 1.056783 19.966452
v 3.682600 1.561559 19.966452
v 3.441607 2.038468 19.966452
v 3.139198 2.479001 19.966452
v 2.780770 2.875296 19.966452
v 2.372719 3.220281 19.966452
v 1.922327 3.507801 19.966452
v 1.437631 3.732723 19.966452
v 0.927281 3.891036 19.966452
v 0.400383 3.979912 19.966452
v -0.133660 3.997767 19.966452
v -0.665317 3.944282 19.966452
v -1.185102 3.820411 19.966452
v -1.683739 3.628365 19.966452
v -2.152329 3.371570 19.966452
v -2.582511 3.054610 19.966452
v -2.966609 2.683140 19.966452
v -3.297766 2.263790 19.966452
v -3.570075 1.804042 19.966452
v -3.778676 1.312101 19.966452
v -3.919847 0.796745 19.966452
v -3.991068 0.267172 19.966452
v -3.991068 -0.267169 19.966452
v -3.919847 -0.796743 19.966452
v -3.778676 -1.312098 19.966452
v -3.570075 -1.804039 19.966452
v -3.297766 -2.263787 19.966452
v -2.966609 -2.683138 19.966452
v -2.582511 -3.054608 19.966452
v -2.152329 -3.371568 19.966452
v -1.683739 -3.628362 19.966452
v -1.185102 -3.820409 19.966452
v -0.665317 -3.944280 19.966452
v -0.133660 -3.997765 19.966452
v 0.400383 -3.979910 19.966452
v 0.927281 -3.891034 19.966452
v 1.437631 -3.732722 19.966452
v 1.922327 -3.507799 19.966452
v 2.372719 -3.220279 19.966452
v 2.780770 -2.875294 19.966452
v 3.139198 -2.478998 19.966452
v 3.441607 -2.038465 19.966452
v 3.682600 -1.561556 19.966452
v 3.857877 -1.056780 19.966452
v 3.964310 -0.533147 19.966452
v -6.187499 -6.359518 28.366449
v -6.603822 -5.743586 28.366449
v -6.959039 -5.090503 28.366449
v -7.249863 -4.406312 28.366449
v -7.473603 -3.697343 28.366449
v -7.628190 -2.970157 28.366449
v -7.712191 -2.231483 28.366449
v -7.724832 -1.488155 28.366449
v -7.665993 -0.747051 28.366449
v -7.536219 -0.015030 28.366449
v -7.336713 0.701136 28.366449
v -7.069318 1.394819 28.366449
v -6.736511 2.059602 28.366449
v -6.341370 2.689331 28.366449
v -5.887551 3.278182 28.366449
v -5.379255 3.820704 28.366449
v -4.821183 4.311878 28.366449
v -4.218500 4.747159 28.366449
v -3.576783 5.122520 28.366449
v -2.901970 5.434487 28.366449
v -2.200304 5.680173 28.366449
v -1.478279 5.857306 28.366449
v -0.742575 5.964245 28.366449
v 0.000000 6.000001 28.366449
v 0.742575 5.964245 28.366449
v 1.478279 5.857306 28.366449
v 2.200304 5.680173 28.366449
v 2.901970 5.434487 28.366449
v 3.576783 5.122520 28.366449
v 4.218500 4.747159 28.366449
v 4.821183 4.311878 28.366449
v 5.379255 3.820704 28.366449
v 5.887551 3.278182 28.366449
v 6.341370 2.689331 28.366449
v 6.736511 2.059602 28.366449
v 7.069318 1.394819 28.366449
v 7.336713 0.701136 28.366449
v 7.536219 -0.015030 28.366449
v 7.665993 -0.747051 28.366449
v 7.724832 -1.488155 28.366449
v 7.712191 -2.231483 28.366449
v 7.628190 -2.970157 28.366449
v 7.473603 -3.697343 28.366449
v 7.249863 -4.406312 28.366449
v 6.959039 -5.090503 28.366449
v 6.603822 -5.743586 28.366449
v 6.187499 -6.359518 28.366449
v 6.187499 -6.359518 19.766451
v 6.602080 -5.746450 19.766451
v 6.956120 -5.096538 19.766451
v 7.246374 -4.415742 19.766451
v 7.470178 -3.710304 19.766451
v 7.625480 -2.986695 19.766451
v 7.710857 -2.251547 19.766451
v 7.725526 -1.511605 19.766451
v 7.669351 -0.773652 19.766451
v 7.542849 -0.044456 19.766451
v 7.347179 0.669298 19.766451
v 7.084136 1.361063 19.766451
v 6.756132 2.024495 19.766451
v 6.366174 2.653513 19.766451
v 5.917838 3.242346 19.766451
v 5.415236 3.785597 19.766451
v 4.862976 4.278283 19.766451
v 4.332644 4.671416 19.759136
v 3.772330 5.016824 19.739786
v 3.182726 5.314233 19.712233
v 2.573905 5.558805 19.680803
v 1.949327 5.750184 19.649750
v 1.308804 5.888375 19.623182
v 0.653894 5.972289 19.605137
v -0.001238 6.000001 19.598827
v -0.653731 5.972354 19.605200
v -1.303592 5.889268 19.622999
v -1.948726 5.750285 19.649717
v -2.575598 5.558206 19.680891
v -3.182225 5.314517 19.712202
v -3.768664 5.018873 19.739632
v -4.331650 4.672026 19.759092
v 5.606119 -5.799999 18.966452
v 4.881456 3.188390 18.966452
v 5.353337 2.669940 18.966452
v 5.770412 2.106459 18.966452
v 6.128412 1.503716 18.966452
v 6.423670 0.867882 18.966452
v 6.653165 0.205467 18.966452
v 6.814547 -0.476749 18.966452
v 6.906163 -1.171780 18.966452
v 6.927076 -1.872512 18.966452
v 6.877072 -2.571770 18.966452
v 6.756662 -3.262396 18.966452
v 6.567080 -3.937319 18.966452
v 6.310266 -4.589629 18.966452
v 5.988848 -5.212648 18.966452
v -4.720775 -5.599999 19.966452
v 4.720775 -5.599999 19.966452
v 5.023155 -5.566954 19.966452
v 5.311262 -5.469379 19.966452
v 5.571493 -5.311880 19.966452
v 5.791564 -5.101892 19.966452
v -5.791564 -5.101892 19.966452
v -5.571493 -5.311880 19.966452
v -5.311262 -5.469379 19.966452
v -5.023155 -5.566954 19.966452
v -5.707139 -6.599998 28.366449
v -5.707139 -6.599998 19.766451
v 5.707139 -6.599998 19.766451
v 5.707139 -6.599998 28.366449
v 5.889849 -6.571503 19.766451
v 6.055205 -6.488721 19.766451
v 6.055205 -6.488720 28.366449
v 5.889849 -6.571502 28.366449
v 5.756686 -6.597950 22.099783
v 5.756686 -6.597949 25.233118
v 5.948156 -6.549462 22.099783
v 5.948156 -6.549462 25.233118
v 6.113508 -6.441433 22.099783
v 6.113508 -6.441432 25.233118
v -6.055205 -6.488721 19.766451
v -5.889849 -6.571503 19.766451
v -5.889849 -6.571502 28.366449
v -6.055205 -6.488720 28.366449
v -6.180623 -6.368526 22.099783
v -6.180623 -6.368526 25.233118
v -6.035307 -6.502298 22.099783
v -6.035307 -6.502298 25.233118
v -5.854430 -6.581638 22.099783
v -5.854430 -6.581638 25.233118
v 4.489883 3.817430 18.993711
v 4.611288 3.967392 19.073629
v 4.715540 4.096167 19.200766
v 4.795536 4.194980 19.366451
v 4.845824 4.257096 19.559395
v 6.176392 -6.348593 19.610044
v 6.143381 -6.316175 19.459364
v 6.089965 -6.263893 19.321192
v 6.017953 -6.193745 19.200077
v 5.930044 -6.108634 19.100771
v 5.830160 -6.012630 19.027426
v 5.720596 -5.908177 18.981853
v 7.719636 -1.728570 19.647217
v 7.649347 -1.728570 19.419344
v 7.515013 -1.728570 19.222313
v 7.328571 -1.728570 19.073629
v 7.106588 -1.728570 18.986509
v 6.597529 0.912682 18.986509
v 5.055287 4.105541 19.647217
v 5.009257 4.052420 19.419344
v 4.921287 3.950897 19.222313
v 4.799194 3.809994 19.073629
v 4.653826 3.642231 18.986509
v 5.586963 3.598588 19.647217
v 5.536092 3.550083 19.419344
v 5.438871 3.457382 19.222313
v 5.303937 3.328723 19.073629
v 5.143280 3.175537 18.986509
v 6.068044 3.043392 19.647217
v 6.012793 2.999942 19.419344
v 5.907199 2.916903 19.222313
v 5.760646 2.801652 19.073629
v 5.586156 2.664431 18.986509
v 6.494171 2.444980 19.647217
v 6.435040 2.406979 19.419344
v 6.322031 2.334353 19.222313
v 6.165187 2.233555 19.073629
v 5.978443 2.113542 18.986509
v 6.861486 1.808772 19.647217
v 6.799011 1.776563 19.419344
v 6.679610 1.715008 19.222313
v 6.513894 1.629576 19.073629
v 6.316587 1.527857 18.986509
v 7.166663 1.140529 19.647217
v 7.101408 1.114405 19.419344
v 6.976697 1.064478 19.222313
v 6.803611 0.995185 19.073629
v 7.406937 0.446303 19.647217
v 7.339494 0.426500 19.419344
v 7.210602 0.388654 19.222313
v 7.031713 0.336127 19.073629
v 6.818722 0.273587 18.986509
v 7.580132 -0.267619 19.647217
v 7.511113 -0.280922 19.419344
v 7.379207 -0.306345 19.222313
v 7.196135 -0.341629 19.073629
v 6.978163 -0.383640 18.986509
v 7.684681 -0.994772 19.647217
v 7.614709 -1.001454 19.419344
v 7.480985 -1.014223 19.222313
v 7.295387 -1.031945 19.073629
v 7.074409 -1.053046 18.986509
v 7.684681 -2.462368 19.647217
v 7.614709 -2.455687 19.419344
v 7.480985 -2.442918 19.222313
v 7.295387 -2.425195 19.073629
v 7.074409 -2.404094 18.986509
v 7.580132 -3.189521 19.647217
v 7.511113 -3.176219 19.419344
v 7.379207 -3.150796 19.222313
v 7.196135 -3.115511 19.073629
v 6.978163 -3.073501 18.986509
v 7.406937 -3.903443 19.647217
v 7.339494 -3.883641 19.419344
v 7.210602 -3.845794 19.222313
v 7.031713 -3.793267 19.073629
v 6.818722 -3.730727 18.986509
v 7.166663 -4.597670 19.647217
v 7.101408 -4.571546 19.419344
v 6.976697 -4.521618 19.222313
v 6.803611 -4.452325 19.073629
v 6.597529 -4.369823 18.986509
v 6.861486 -5.265913 19.647217
v 6.799011 -5.233704 19.419344
v 6.679610 -5.172149 19.222313
v 6.513894 -5.086716 19.073629
v 6.316587 -4.984998 18.986509
v 6.494171 -5.902121 19.647217
v 6.435040 -5.864120 19.419344
v 6.322031 -5.791493 19.222313
v 6.165187 -5.690695 19.073629
v 5.978443 -5.570682 18.986509
v 5.705202 -6.584527 19.609877
v 5.699445 -6.538574 19.459030
v 5.690132 -6.464317 19.320715
v 5.677578 -6.364427 19.199511
v 5.662259 -6.242823 19.100187
v 5.644864 -6.105141 19.026932
v 5.625869 -5.955280 18.981665
v 5.837461 -6.565341 19.591192
v 5.966500 -6.517877 19.587576
v 6.081797 -6.442974 19.591192
v 6.048320 -6.396448 19.427359
v 5.996830 -6.325335 19.284910
v 5.931768 -6.236202 19.168182
v 5.857084 -6.134794 19.078423
v 5.776649 -6.026562 19.015793
v 5.692210 -5.913924 18.978668
v 5.940013 -6.464464 19.421333
v 5.899768 -6.383473 19.278263
v 5.849653 -6.282929 19.162476
v 5.792950 -6.169614 19.074545
v 5.732622 -6.049615 19.013847
v 5.669839 -5.925385 18.978149
v 5.820717 -6.510561 19.427359
v 5.795175 -6.426615 19.284910
v 5.763208 -6.321056 19.168182
v 5.726847 -6.200534 19.078423
v 5.687980 -6.071455 19.015793
v 5.647390 -5.936689 18.978668
v 5.658620 -5.931058 18.978279
v 5.710349 -6.060701 19.014334
v 5.760053 -6.185606 19.075518
v 5.806772 -6.303162 19.163908
v 5.848067 -6.407076 19.279936
v 5.881237 -6.490474 19.422852
v 5.903073 -6.545309 19.588490
v 5.636154 -5.942275 18.979317
v 5.665572 -6.081851 19.018217
v 5.693519 -6.214324 19.083229
v 5.719375 -6.336477 19.175215
v 5.741815 -6.441912 19.293055
v 5.759517 -6.524535 19.434700
v 5.770998 -6.577799 19.595581
v 4.511245 4.531886 19.624704
v 4.153144 4.776374 19.622519
v 3.779226 5.001724 19.615339
v 3.489421 5.157285 19.607292
v 3.191866 5.300926 19.597448
v 2.583343 5.547880 19.574575
v 2.168321 5.682864 19.558537
v 1.745842 5.794158 19.543188
v 1.315857 5.881565 19.529646
v 0.988264 5.931219 19.521338
v 0.658551 5.966781 19.515085
v 0.329296 5.987991 19.511242
v 0.000681 5.995047 19.509935
v -0.436425 5.982669 19.512266
v -0.872258 5.945413 19.518923
v -1.306737 5.883144 19.529388
v -1.631700 5.819816 19.539347
v -1.953621 5.742605 19.550541
v -2.581319 5.548602 19.574497
v -2.987951 5.390494 19.590059
v -3.385132 5.209457 19.603992
v -3.772803 5.005347 19.615179
v -4.056825 4.837196 19.621077
v -4.332007 4.657934 19.624273
v -4.597896 4.468116 19.624350
v 4.490667 4.499337 19.483467
v 4.138001 4.745179 19.488695
v 3.768646 4.972346 19.488670
v 3.481701 5.129455 19.485769
v 3.186543 5.274748 19.480848
v 2.581473 5.525037 19.466902
v 2.167876 5.662098 19.456032
v 1.746237 5.775257 19.445133
v 1.316607 5.864233 19.435223
v 0.989018 5.914805 19.429033
v 0.659146 5.951043 19.424330
v 0.329621 5.972661 19.421419
v 0.000681 5.979856 19.420425
v -0.436847 5.967223 19.422205
v -0.872974 5.929253 19.427231
v -1.307489 5.865840 19.435032
v -1.632234 5.801376 19.442347
v -1.953676 5.722837 19.450403
v -2.579457 5.525770 19.466848
v -2.983987 5.365437 19.476622
v -3.378311 5.182187 19.484236
v -3.762292 4.976002 19.488630
v -4.042959 4.806452 19.489157
v -4.314291 4.626021 19.486822
v -4.575828 4.435334 19.481234
v 4.453731 4.444211 19.346983
v 4.109454 4.693194 19.358891
v 3.747216 4.923900 19.365389
v 3.464804 5.083795 19.367222
v 3.173526 5.231916 19.366867
v 2.574333 5.487648 19.361273
v 2.163439 5.627987 19.355286
v 1.743702 5.744025 19.348612
v 1.315315 5.835378 19.342161
v 0.988310 5.887338 19.338001
v 0.658801 5.924588 19.334778
v 0.329486 5.946818 19.332766
v 0.000681 5.954217 19.332073
v -0.436655 5.941215 19.333321
v -0.872416 5.902177 19.336782
v -1.306218 5.837029 19.342035
v -1.630092 5.770838 19.346827
v -1.950306 5.690262 19.351902
v -2.572333 5.488399 19.361246
v -2.973223 5.324484 19.365591
v -3.362858 5.137515 19.367323
v -3.740973 4.927617 19.365456
v -4.016394 4.755371 19.361078
v -4.281763 4.572438 19.353735
v -4.536598 4.379519 19.343069
v 4.335393 4.273520 19.119911
v 4.015132 4.533013 19.137718
v 3.673650 4.774901 19.150976
v 3.404706 4.943377 19.158258
v 3.125179 5.100061 19.163542
v 2.544468 5.371988 19.169136
v 2.142640 5.521979 19.170153
v 1.729806 5.646420 19.169786
v 1.306543 5.744665 19.168665
v 0.982446 5.800648 19.167685
v 0.655241 5.840832 19.166821
v 0.327810 5.864830 19.166241
v 0.000678 5.872822 19.166033
v -0.434397 5.858770 19.166418
v -0.867423 5.816642 19.167387
v -1.297537 5.746444 19.168638
v -1.617726 5.675235 19.169531
v -1.933285 5.588722 19.170094
v -2.542518 5.372787 19.169146
v -2.931836 5.198281 19.166098
v -3.307098 5.000132 19.160337
v -3.667728 4.778810 19.151165
v -3.927814 4.598065 19.141605
v -4.175996 4.406960 19.129530
v -4.411757 4.206364 19.114700
v -4.480992 4.301907 19.218357
v -4.234970 4.498298 19.232409
v -3.977491 4.684941 19.243269
v -3.709066 4.861054 19.251249
v -3.338868 5.076152 19.257912
v -2.955679 5.268215 19.260862
v -2.559922 5.436957 19.260977
v -1.943465 5.645223 19.257637
v -1.625228 5.728499 19.255140
v -1.302883 5.796970 19.252550
v -0.870557 5.864409 19.249538
v -0.435835 5.904851 19.247463
v 0.000680 5.918333 19.246691
v 0.328880 5.910663 19.247114
v 0.657493 5.887631 19.248333
v 0.986109 5.849048 19.250242
v 1.311943 5.795261 19.252621
v 1.738192 5.700774 19.256054
v 2.154969 5.580914 19.259104
v 2.561899 5.436184 19.260981
v 3.152869 5.173076 19.259769
v 3.438857 5.021053 19.256538
v 3.715163 4.857249 19.251101
v 4.067920 4.621454 19.239849
v 4.401136 4.367707 19.223366
v 4.260440 4.167253 19.041697
v 3.953897 4.432524 19.056997
v 3.624640 4.680683 19.068962
v 3.363832 4.854061 19.075941
v 3.091558 5.015700 19.081390
v 2.522629 5.297150 19.088335
v 2.126832 5.452909 19.090706
v 1.718781 5.582414 19.091816
v 1.299258 5.684834 19.092102
v 0.977414 5.743270 19.092026
v 0.652099 5.785248 19.091856
v 0.326302 5.810329 19.091709
v 0.000675 5.818685 19.091650
v -0.432376 5.803997 19.091768
v -0.863091 5.759976 19.091990
v -1.290320 5.686689 19.092104
v -1.607796 5.612434 19.091953
v -1.920065 5.522332 19.091398
v -2.520714 5.297979 19.088350
v -2.902589 5.117231 19.084276
v -3.268883 4.912574 19.078032
v -3.618910 4.684700 19.069138
v -3.869925 4.499167 19.060438
v -4.108169 4.303532 19.049879
v -4.333162 4.098754 19.037329
v 4.180903 4.055394 18.990829
v 3.887636 4.325474 18.999939
v 3.570606 4.579195 19.007315
v 3.318148 4.757114 19.011780
v 3.053467 4.923475 19.015411
v 2.497209 5.214303 19.020439
v 2.108095 5.375906 19.022465
v 1.705473 5.510619 19.023703
v 1.290309 5.617383 19.024372
v 0.971162 5.678396 19.024630
v 0.648158 5.722266 19.024754
v 0.324399 5.748495 19.024803
v 0.000671 5.757236 19.024817
v -0.429829 5.741876 19.024803
v -0.857689 5.695855 19.024694
v -1.281453 5.619319 19.024382
v -1.595752 5.541886 19.023926
v -1.904248 5.448072 19.023178
v -2.495330 5.215163 19.020452
v -2.869149 5.028232 19.017420
v -3.225966 4.817296 19.013153
v -3.565072 4.583313 19.007423
v -3.806974 4.393495 19.002031
v -4.035469 4.193982 18.995665
v -4.250179 3.985829 18.988277
v -5.705202 -6.584527 19.609877
v -5.699445 -6.538574 19.459030
v -5.690132 -6.464317 19.320715
v -5.677578 -6.364427 19.199511
v -5.662259 -6.242823 19.100187
v -5.644864 -6.105141 19.026932
v -5.625869 -5.955280 18.981665
v 1.902379 -5.919233 18.975386
v -1.902379 -5.919233 18.975386
v 1.902379 -6.147106 19.045675
v -1.902379 -6.147106 19.045675
v 1.902379 -6.344137 19.180010
v -1.902379 -6.344137 19.180010
v 1.902379 -6.492819 19.366451
v -1.902379 -6.492819 19.366451
v 1.902379 -6.579941 19.588434
v -1.902379 -6.579941 19.588434
v -6.081797 -6.442974 19.591192
v -5.966500 -6.517877 19.587576
v -5.837461 -6.565341 19.591192
v -5.820717 -6.510561 19.427359
v -5.795175 -6.426615 19.284910
v -5.763208 -6.321056 19.168182
v -5.726847 -6.200534 19.078423
v -5.687980 -6.071455 19.015793
v -5.647390 -5.936689 18.978668
v -5.940013 -6.464464 19.421333
v -5.899768 -6.383473 19.278263
v -5.849653 -6.282929 19.162476
v -5.792950 -6.169614 19.074545
v -5.732622 -6.049615 19.013847
v -5.669839 -5.925385 18.978149
v -6.048320 -6.396448 19.427359
v -5.996830 -6.325335 19.284910
v -5.931768 -6.236202 19.168182
v -5.857084 -6.134794 19.078423
v -5.776649 -6.026562 19.015793
v -5.692210 -5.913924 18.978668
v -5.681038 -5.919672 18.978279
v -5.754741 -6.038225 19.014334
v -5.825353 -6.152645 19.075518
v -5.891447 -6.260536 19.163908
v -5.949573 -6.356095 19.279936
v -5.996018 -6.432926 19.422852
v -6.026457 -6.483516 19.588490
v -5.703347 -5.908144 18.979317
v -5.798292 -6.014655 19.018217
v -5.887972 -6.116169 19.083229
v -5.970265 -6.210179 19.175215
v -6.040962 -6.291667 19.293055
v -6.096131 -6.355767 19.434700
v -6.131582 -6.397214 19.595581
v 4.720775 -6.199998 27.966450
v 4.720775 -6.199999 20.566450
v -4.720775 -6.199999 20.566450
v -4.720775 -6.199998 27.966450
v 6.296205 -5.432079 20.566450
v 6.048052 -5.696106 20.566450
v 5.756336 -5.911026 20.566450
v 5.430629 -6.069787 20.566450
v 5.081624 -6.167177 20.566450
v 5.081624 -6.167176 27.966450
v 5.430629 -6.069787 27.966450
v 5.756336 -5.911026 27.966450
v 6.048052 -5.696105 27.966450
v 6.296205 -5.432079 27.966450
v -5.081624 -6.167177 20.566450
v -5.430629 -6.069787 20.566450
v -5.756336 -5.911026 20.566450
v -6.048052 -5.696106 20.566450
v -6.296205 -5.432079 20.566450
v -6.296205 -5.432079 27.966450
v -6.048052 -5.696105 27.966450
v -5.756336 -5.911026 27.966450
v -5.430629 -6.069787 27.966450
v -5.081624 -6.167176 27.966450
v -4.720775 -6.170633 20.381041
v -4.720775 -6.085409 20.213779
v -4.720775 -5.952670 20.081041
v -4.720775 -5.785409 19.995817
v -5.366894 -5.497581 19.968500
v -6.414252 -5.248556 20.467695
v -6.359725 -5.214794 20.280882
v -6.256581 -5.150930 20.125017
v -6.115996 -5.063883 20.016987
v -5.953205 -4.963087 19.968500
v -6.192745 -5.541877 20.467695
v -6.145351 -5.498672 20.280882
v -6.055698 -5.416942 20.125017
v -5.933501 -5.305545 20.016987
v -5.792003 -5.176553 19.968500
v -5.921113 -5.789503 20.467695
v -5.882464 -5.738324 20.280882
v -5.809355 -5.641512 20.125017
v -5.709709 -5.509559 20.016987
v -5.594323 -5.356763 19.968500
v -5.608604 -5.983000 20.467695
v -5.580018 -5.925591 20.280882
v -5.525943 -5.816994 20.125017
v -5.452239 -5.668978 20.016987
v -5.265861 -6.115779 20.467695
v -5.248311 -6.054095 20.280882
v -5.215111 -5.937411 20.125017
v -5.169860 -5.778372 20.016987
v -5.117462 -5.594211 19.968500
v -4.904556 -6.183319 20.467695
v -4.898639 -6.119460 20.280882
v -4.887445 -5.998662 20.125017
v -4.872189 -5.834016 20.016987
v -4.854522 -5.643363 19.968500
v 4.720775 -6.170633 20.381041
v 4.720775 -6.085409 20.213779
v 4.720775 -5.952670 20.081041
v 4.720775 -5.785409 19.995817
v -1.573592 -5.698756 19.974634
v 1.573592 -5.698756 19.974634
v -1.573592 -5.885567 20.038767
v 1.573592 -5.885567 20.038767
v -1.573592 -6.041433 20.160082
v 1.573592 -6.041433 20.160082
v -1.573592 -6.149463 20.325434
v 1.573592 -6.149463 20.325434
v -1.573592 -6.197950 20.516903
v 1.573592 -6.197950 20.516903
v 5.366894 -5.497581 19.968500
v 4.904556 -6.183319 20.467695
v 4.898639 -6.119460 20.280882
v 4.887445 -5.998662 20.125017
v 4.872189 -5.834016 20.016987
v 4.854522 -5.643363 19.968500
v 5.265861 -6.115779 20.467695
v 5.248311 -6.054095 20.280882
v 5.215111 -5.937411 20.125017
v 5.169860 -5.778372 20.016987
v 5.117462 -5.594211 19.968500
v 5.608604 -5.983000 20.467695
v 5.580018 -5.925591 20.280882
v 5.525943 -5.816994 20.125017
v 5.452239 -5.668978 20.016987
v 5.921113 -5.789503 20.467695
v 5.882464 -5.738324 20.280882
v 5.809355 -5.641512 20.125017
v 5.709709 -5.509559 20.016987
v 5.594323 -5.356763 19.968500
v 6.192745 -5.541877 20.467695
v 6.145351 -5.498672 20.280882
v 6.055698 -5.416942 20.125017
v 5.933501 -5.305545 20.016987
v 5.792003 -5.176553 19.968500
v 6.414252 -5.248556 20.467695
v 6.359725 -5.214794 20.280882
v 6.256581 -5.150930 20.125017
v 6.115996 -5.063883 20.016987
v 5.953205 -4.963087 19.968500
v 1.915853 -5.685905 3.866450
v 2.081407 -5.627383 3.883773
v 2.238922 -5.566617 3.934967
v 2.382459 -5.506701 4.018122
v 2.507048 -5.451120 4.130074
v 2.608285 -5.403422 4.266424
v 2.682934 -5.366737 4.422057
v 2.728659 -5.343659 4.590959
v 2.744030 -5.335756 4.766472
v 2.728629 -5.343675 4.942062
v 2.682920 -5.366744 5.110885
v 2.608284 -5.403421 5.266442
v 2.507019 -5.451133 5.402859
v 2.382504 -5.506684 5.514766
v 2.238876 -5.566636 5.597949
v 2.081335 -5.627414 5.649175
v 1.915812 -5.685918 5.666450
v 1.820021 -5.401622 5.666450
v 1.977430 -5.346001 5.649141
v 2.126932 -5.288301 5.597951
v 2.264041 -5.231072 5.514261
v 2.381670 -5.178579 5.402859
v 2.478114 -5.133123 5.266007
v 2.548774 -5.098407 5.110885
v 2.592232 -5.076449 4.941797
v 2.606829 -5.068969 4.766472
v 2.592255 -5.076437 4.591190
v 2.548787 -5.098401 4.422057
v 2.478168 -5.133097 4.266953
v 2.381696 -5.178566 4.130074
v 2.264091 -5.231051 4.018697
v 2.126973 -5.288284 3.934969
v 1.977943 -5.345811 3.883906
v 1.820060 -5.401609 3.866450
v 2.012433 -5.439653 3.883862
v 2.164291 -5.381063 3.934967
v 2.303553 -5.322925 4.018505
v 2.423480 -5.269416 4.130074
v 2.521547 -5.223209 4.266777
v 2.593503 -5.187846 4.422057
v 2.614670 -5.177220 4.488504
v 2.643040 -5.162807 4.625693
v 2.637705 -5.165536 4.941885
v 2.652563 -5.157898 4.766472
v 2.593489 -5.187852 5.110885
v 2.521510 -5.223226 5.266152
v 2.423452 -5.269429 5.402859
v 2.328740 -5.311956 5.494593
v 2.164247 -5.381082 5.597949
v 2.012063 -5.439794 5.649152
v -1.915853 -5.685905 3.866450
v -1.748641 -5.739507 3.883773
v -1.586472 -5.786459 3.934967
v -1.435943 -5.825627 4.018122
v -1.303124 -5.856780 4.130074
v -1.193664 -5.880075 4.266424
v -1.112037 -5.896047 4.422057
v -1.061669 -5.905348 4.590959
v -1.044649 -5.908359 4.766472
v -1.061702 -5.905342 4.942062
v -1.112051 -5.896045 5.110885
v -1.193665 -5.880075 5.266442
v -1.303155 -5.856772 5.402859
v -1.435897 -5.825641 5.514766
v -1.586519 -5.786446 5.597949
v -1.748717 -5.739488 5.649175
v -1.915894 -5.685891 5.666450
v -1.820099 -5.401596 5.666450
v -1.661128 -5.452579 5.649141
v -1.507191 -5.497121 5.597951
v -1.363408 -5.534539 5.514261
v -1.237997 -5.563937 5.402859
v -1.133710 -5.586117 5.266007
v -1.056449 -5.601243 5.110885
v -1.008564 -5.610063 4.941797
v -0.992417 -5.612941 4.766472
v -1.008538 -5.610067 4.591190
v -1.056435 -5.601245 4.422057
v -1.133651 -5.586129 4.266953
v -1.237968 -5.563943 4.130074
v -1.363355 -5.534552 4.018697
v -1.507149 -5.497133 3.934969
v -1.660604 -5.452737 3.883906
v -1.820060 -5.401609 3.866450
v -1.689939 -5.548317 3.883862
v -1.533590 -5.593577 3.934967
v -1.387540 -5.631573 4.018505
v -1.259686 -5.661554 4.130074
v -1.153653 -5.684118 4.266777
v -1.074969 -5.699512 4.422057
v -1.051687 -5.703864 4.488504
v -1.020379 -5.709559 4.625693
v -1.026279 -5.708503 4.941885
v -1.009827 -5.711414 4.766472
v -1.074983 -5.699510 5.110885
v -1.153693 -5.684109 5.266152
v -1.259716 -5.661547 5.402859
v -1.360851 -5.638084 5.494593
v -1.533635 -5.593564 5.597949
v -1.690319 -5.548205 5.649152
v 0.000000 -6.000000 5.646451
v 0.122469 -5.998750 5.670814
v 0.226274 -5.995732 5.740176
v 0.295637 -5.992712 5.843981
v 0.320000 -5.991460 5.966450
v 0.295637 -5.992712 6.088920
v 0.226274 -5.995732 6.192724
v 0.122469 -5.998750 6.262088
v 0.000000 -6.000000 6.286451
v -0.122469 -5.998750 6.262088
v -0.226274 -5.995732 6.192724
v -0.295637 -5.992712 6.088920
v -0.320000 -5.991460 5.966450
v -0.295637 -5.992712 5.843981
v -0.226274 -5.995732 5.740176
v -0.122469 -5.998750 5.670814
v 0.000000 -5.700000 6.286451
v 0.122470 -5.698684 6.262087
v 0.226274 -5.695507 6.192724
v 0.295637 -5.692328 6.088921
v 0.320000 -5.691010 5.966450
v 0.295637 -5.692328 5.843980
v 0.226274 -5.695507 5.740176
v 0.122470 -5.698684 5.670814
v 0.000000 -5.700000 5.646451
v -0.122470 -5.698684 5.670814
v -0.226274 -5.695507 5.740176
v -0.295637 -5.692328 5.843980
v -0.320000 -5.691010 5.966450
v -0.295637 -5.692328 6.088921
v -0.226274 -5.695507 6.192724
v -0.122470 -5.698684 6.262087
v 0.000000 5.700000 6.286450
v -0.122470 5.698685 6.262086
v -0.226274 5.695507 6.192723
v -0.295637 5.692328 6.088920
v -0.320000 5.691010 5.966449
v -0.295637 5.692328 5.843979
v -0.226274 5.695507 5.740175
v -0.122470 5.698685 5.670813
v 0.000000 5.700000 5.646450
v 0.122470 5.698685 5.670813
v 0.226274 5.695507 5.740175
v 0.295637 5.692328 5.843979
v 0.320000 5.691010 5.966449
v 0.295637 5.692328 6.088920
v 0.226274 5.695507 6.192723
v 0.122470 5.698685 6.262086
v 0.000000 6.000000 5.646450
v -0.122469 5.998750 5.670813
v -0.226274 5.995732 5.740175
v -0.295637 5.992712 5.843980
v -0.320000 5.991461 5.966449
v -0.295637 5.992712 6.088919
v -0.226274 5.995732 6.192723
v -0.122469 5.998750 6.262087
v 0.000000 6.000000 6.286450
v 0.122469 5.998750 6.262087
v 0.226274 5.995732 6.192723
v 0.295637 5.992712 6.088919
v 0.320000 5.991461 5.966449
v 0.295637 5.992712 5.843980
v 0.226274 5.995732 5.740175
v 0.122469 5.998750 5.670813
v 0.000000 -6.000000 3.646451
v 0.122469 -5.998750 3.670814
v 0.226274 -5.995732 3.740176
v 0.295637 -5.992712 3.843981
v 0.320000 -5.991460 3.966450
v 0.295637 -5.992712 4.088920
v 0.226274 -5.995732 4.192725
v 0.122469 -5.998750 4.262087
v 0.000000 -6.000000 4.286450
v -0.122469 -5.998750 4.262087
v -0.226274 -5.995732 4.192725
v -0.295637 -5.992712 4.088920
v -0.320000 -5.991460 3.966450
v -0.295637 -5.992712 3.843981
v -0.226274 -5.995732 3.740176
v -0.122469 -5.998750 3.670814
v 0.000000 -5.700000 4.286450
v 0.122470 -5.698684 4.262087
v 0.226274 -5.695507 4.192725
v 0.295637 -5.692328 4.088921
v 0.320000 -5.691010 3.966450
v 0.295637 -5.692328 3.843980
v 0.226274 -5.695507 3.740176
v 0.122470 -5.698684 3.670814
v 0.000000 -5.700000 3.646451
v -0.122470 -5.698684 3.670814
v -0.226274 -5.695507 3.740176
v -0.295637 -5.692328 3.843980
v -0.320000 -5.691010 3.966450
v -0.295637 -5.692328 4.088921
v -0.226274 -5.695507 4.192725
v -0.122470 -5.698684 4.262087
v 0.000000 5.700000 4.286449
v -0.122470 5.698685 4.262086
v -0.226274 5.695507 4.192724
v -0.295637 5.692328 4.088920
v -0.320000 5.691010 3.966449
v -0.295637 5.692328 3.843979
v -0.226274 5.695507 3.740175
v -0.122470 5.698685 3.670813
v 0.000000 5.700000 3.646450
v 0.122470 5.698685 3.670813
v 0.226274 5.695507 3.740175
v 0.295637 5.692328 3.843979
v 0.320000 5.691010 3.966449
v 0.295637 5.692328 4.088920
v 0.226274 5.695507 4.192724
v 0.122470 5.698685 4.262086
v 0.000000 6.000000 3.646450
v -0.122469 5.998750 3.670813
v -0.226274 5.995732 3.740175
v -0.295637 5.992712 3.843980
v -0.320000 5.991461 3.966449
v -0.295637 5.992712 4.088919
v -0.226274 5.995732 4.192724
v -0.122469 5.998750 4.262086
v 0.000000 6.000000 4.286449
v 0.122469 5.998750 4.262086
v 0.226274 5.995732 4.192724
v 0.295637 5.992712 4.088919
v 0.320000 5.991461 3.966449
v 0.295637 5.992712 3.843980
v 0.226274 5.995732 3.740175
v 0.122469 5.998750 3.670813
v -5.700000 0.000001 18.966452
v -5.662846 -0.649750 18.966452
v -5.551868 -1.291030 18.966452
v -5.368513 -1.915480 18.966452
v -5.115171 -2.514959 18.966452
v -4.795145 -3.081651 18.966452
v -4.412607 -3.608170 18.966452
v -3.972544 -4.087650 18.966452
v -3.480693 -4.513842 18.966452
v -2.943466 -4.881188 18.966452
v -2.367866 -5.184902 18.966452
v -1.761397 -5.421021 18.966452
v -1.131966 -5.586470 18.966452
v -0.487778 -5.679090 18.966452
v 0.162769 -5.697674 18.966452
v 0.811195 -5.641981 18.966452
v 1.449045 -5.512736 18.966452
v 2.068004 -5.311624 18.966452
v 2.660004 -5.041267 18.966452
v 3.217326 -4.705189 18.966452
v 3.732706 -4.307772 18.966452
v 4.199424 -3.854196 18.966452
v 4.611397 -3.350375 18.966452
v 4.963253 -2.802876 18.966452
v 5.250405 -2.218838 18.966452
v 5.469110 -1.605874 18.966452
v 5.616517 -0.971975 18.966452
v 5.690704 -0.325405 18.966452
v 5.690704 0.325407 18.966452
v 5.616517 0.971978 18.966452
v 5.469110 1.605877 18.966452
v 5.250405 2.218841 18.966452
v 4.963253 2.802879 18.966452
v 4.611397 3.350377 18.966452
v 4.199424 3.854198 18.966452
v 3.732706 4.307774 18.966452
v 3.217326 4.705191 18.966452
v 2.660004 5.041269 18.966452
v 2.068004 5.311626 18.966452
v 1.449045 5.512738 18.966452
v 0.811195 5.641984 18.966452
v 0.162769 5.697677 18.966452
v -0.487778 5.679092 18.966452
v -1.131966 5.586472 18.966452
v -1.761397 5.421023 18.966452
v -2.367866 5.184904 18.966452
v -2.943466 4.881190 18.966452
v -3.480693 4.513844 18.966452
v -3.972544 4.087652 18.966452
v -4.412607 3.608172 18.966452
v -4.795145 3.081654 18.966452
v -5.115171 2.514961 18.966452
v -5.368513 1.915483 18.966452
v -5.551868 1.291033 18.966452
v -5.662846 0.649752 18.966452
v -3.952560 -4.106978 4.899549
v -3.968375 -4.091702 4.956368
v -4.114248 -3.945082 5.416642
v -4.282169 -3.762059 5.852857
v -4.467256 -3.540340 6.263434
v -4.662745 -3.278566 6.643346
v -4.859514 -2.979125 6.985401
v -5.051909 -2.639737 7.290057
v -5.230382 -2.265640 7.551763
v -5.389343 -1.856031 7.770610
v -5.520401 -1.419567 7.942384
v -5.618703 -0.959192 8.066552
v -5.679451 -0.483544 8.141479
v -5.700000 -0.000002 8.166450
v -5.679449 0.483571 8.141477
v -5.618704 0.959189 8.066552
v -5.520410 1.419533 7.942395
v -5.389344 1.856028 7.770612
v -5.230372 2.265663 7.551748
v -5.051911 2.639735 7.290059
v -4.859511 2.979129 6.985397
v -4.662746 3.278563 6.643349
v -4.467239 3.540361 6.263399
v -4.282156 3.762073 5.852828
v -4.114252 3.945079 5.416658
v -3.968377 4.091702 4.956371
v -3.952556 4.106982 4.899537
v -3.805911 4.243388 4.476115
v -3.605805 4.414591 4.090020
v -3.485130 4.510418 3.913257
v -3.351076 4.610888 3.749414
v -3.203967 4.714296 3.599613
v -3.043782 4.819273 3.464389
v -2.871842 4.923630 3.345089
v -2.689622 5.025446 3.242501
v -2.497449 5.123671 3.156410
v -2.295649 5.217256 3.086603
v -2.084663 5.305107 3.032889
v -1.867304 5.385441 2.995402
v -1.418737 5.520614 2.966449
v -0.857023 5.635202 2.966449
v -0.286641 5.692788 2.966449
v 0.286641 5.692788 2.966449
v 0.857023 5.635202 2.966449
v 1.418737 5.520614 2.966449
v 1.867324 5.385435 2.995405
v 2.084708 5.305089 3.032899
v 2.295669 5.217246 3.086608
v 2.497443 5.123673 3.156408
v 2.689610 5.025453 3.242495
v 2.871841 4.923632 3.345089
v 3.043808 4.819257 3.464409
v 3.203980 4.714287 3.599625
v 3.351084 4.610881 3.749424
v 3.485140 4.510410 3.913271
v 3.605811 4.414587 4.090030
v 3.805912 4.243388 4.476116
v 3.952556 4.106982 4.899537
v 3.968377 4.091702 4.956371
v 4.114252 3.945079 5.416658
v 4.282156 3.762073 5.852828
v 4.467239 3.540361 6.263400
v 4.662746 3.278563 6.643349
v 4.859511 2.979129 6.985397
v 5.051911 2.639735 7.290059
v 5.230372 2.265662 7.551749
v 5.389344 1.856028 7.770612
v 5.520410 1.419534 7.942395
v 5.618704 0.959189 8.066552
v 5.679449 0.483571 8.141477
v 5.700000 -0.000002 8.166450
v 5.679451 -0.483544 8.141479
v 5.618703 -0.959192 8.066552
v 5.520401 -1.419567 7.942384
v 5.389343 -1.856031 7.770610
v 5.230382 -2.265640 7.551763
v 5.051909 -2.639737 7.290057
v 4.859514 -2.979125 6.985401
v 4.662745 -3.278566 6.643346
v 4.467256 -3.540340 6.263433
v 4.282169 -3.762059 5.852856
v 4.114248 -3.945082 5.416641
v 3.968375 -4.091702 4.956368
v 3.952560 -4.106978 4.899549
v 3.805915 -4.243384 4.476126
v 3.605810 -4.414587 4.090029
v 3.485135 -4.510415 3.913264
v 3.351081 -4.610884 3.749420
v 3.203972 -4.714293 3.599618
v 3.043787 -4.819270 3.464394
v 2.871846 -4.923627 3.345093
v 2.689626 -5.025444 3.242504
v 2.497452 -5.123670 3.156413
v 2.295652 -5.217255 3.086605
v 2.084665 -5.305107 3.032891
v 1.867305 -5.385441 2.995403
v 1.418737 -5.520615 2.966450
v 0.857024 -5.635203 2.966450
v 0.286641 -5.692789 2.966450
v -0.286641 -5.692789 2.966450
v -0.857024 -5.635203 2.966450
v -1.418737 -5.520615 2.966450
v -1.867326 -5.385435 2.995406
v -2.084711 -5.305089 3.032901
v -2.295672 -5.217245 3.086610
v -2.497447 -5.123672 3.156410
v -2.689614 -5.025451 3.242498
v -2.871845 -4.923629 3.345093
v -3.043812 -4.819254 3.464413
v -3.203984 -4.714284 3.599630
v -3.351089 -4.610878 3.749430
v -3.485144 -4.510406 3.913278
v -3.605816 -4.414583 4.090038
v -3.805916 -4.243384 4.476127
v -1.977723 -5.345892 5.649054
v -2.127003 -5.288272 5.597917
v -2.264082 -5.231055 5.514205
v -2.381723 -5.178555 5.402797
v -2.478163 -5.133100 5.265947
v -2.548800 -5.098393 5.110803
v -2.592264 -5.076432 4.941689
v -2.606827 -5.068969 4.766386
v -2.592230 -5.076450 4.591051
v -2.548761 -5.098413 4.421976
v -2.478076 -5.133142 4.266838
v -2.381642 -5.178592 4.130013
v -2.264056 -5.231066 4.018662
v -2.126910 -5.288309 3.934929
v -1.977223 -5.346081 3.883730
v 1.660828 -5.452669 5.649054
v 1.507118 -5.497141 5.597917
v 1.363364 -5.534550 5.514205
v 1.237939 -5.563950 5.402797
v 1.133657 -5.586128 5.265947
v 1.056420 -5.601248 5.110803
v 1.008528 -5.610069 4.941689
v 0.992418 -5.612941 4.766386
v 1.008567 -5.610062 4.591051
v 1.056463 -5.601240 4.421976
v 1.133751 -5.586109 4.266838
v 1.238027 -5.563931 4.130013
v 1.363392 -5.534543 4.018662
v 1.507214 -5.497114 3.934929
v 1.661341 -5.452517 3.883730
v 5.700000 0.000001 10.966450
v 0.487778 -5.679090 10.966450
v -5.690704 0.325407 10.966450
v -5.690704 -0.325406 10.966450
v -5.616517 -0.971976 10.966450
v -5.469110 -1.605875 10.966450
v -5.250405 -2.218839 10.966450
v -4.963253 -2.802877 10.966450
v -4.611397 -3.350376 10.966450
v -4.199424 -3.854197 10.966450
v -3.732706 -4.307772 10.966450
v -3.217326 -4.705189 10.966450
v -2.660004 -5.041267 10.966450
v -2.068004 -5.311625 10.966450
v -1.449045 -5.512736 10.966450
v -0.811195 -5.641982 10.966450
v -0.162769 -5.697675 10.966450
v 1.132953 -5.586270 10.966450
v 1.761397 -5.421021 10.966450
v 2.367866 -5.184902 10.966450
v 2.630082 -5.056942 10.966450
v 2.943466 -4.881189 10.966450
v 3.483054 -4.512021 10.966450
v 3.970163 -4.089963 10.966450
v 4.412607 -3.608171 10.966450
v 4.795145 -3.081652 10.966450
v 5.115171 -2.514960 10.966450
v 5.368513 -1.915481 10.966450
v 5.551868 -1.291031 10.966450
v 5.662846 -0.649750 10.966450
v 5.662846 0.649752 10.966450
v 5.551868 1.291032 10.966450
v 5.368513 1.915482 10.966450
v 5.115171 2.514961 10.966450
v 4.795145 3.081653 10.966450
v 4.412607 3.608171 10.966450
v 3.970164 4.089964 10.966450
v 3.483056 4.512020 10.966450
v 2.943466 4.881190 10.966450
v 2.367866 5.184903 10.966450
v 1.761397 5.421023 10.966450
v 1.131966 5.586471 10.966450
v 0.487778 5.679091 10.966450
v -0.162769 5.697676 10.966450
v -0.384571 5.687013 10.966450
v -0.811195 5.641983 10.966450
v -1.449045 5.512738 10.966450
v -2.068004 5.311625 10.966450
v -2.660004 5.041268 10.966450
v -3.217326 4.705191 10.966450
v -3.732706 4.307773 10.966450
v -4.199424 3.854197 10.966450
v -4.611397 3.350377 10.966450
v -4.963253 2.802878 10.966450
v -5.250405 2.218840 10.966450
v -5.469110 1.605876 10.966450
v -5.616517 0.971977 10.966450
v -6.000000 0.000001 18.966452
v -5.963584 0.660051 18.966452
v -5.854778 1.312088 18.966452
v -5.674903 1.948198 18.966452
v -5.426143 2.560660 18.966452
v -5.111516 3.142039 18.966452
v -4.734843 3.685277 18.966452
v -4.300695 4.183782 18.966452
v -3.814342 4.631501 18.966452
v -3.281689 5.023000 18.966452
v -2.709200 5.353527 18.966452
v -2.103825 5.619069 18.966452
v -1.472913 5.816403 18.966452
v -0.824121 5.943134 18.966452
v -0.165326 5.997723 18.966452
v 0.495476 5.979508 18.966452
v 1.150264 5.888710 18.966452
v 1.791089 5.726431 18.966452
v 2.410173 5.494641 18.966452
v 3.000000 5.196154 18.966452
v 3.553411 4.834592 18.966452
v 4.063690 4.414344 18.966452
v 4.524640 3.940513 18.966452
v 4.930667 3.418849 18.966452
v 5.276843 2.855686 18.966452
v 5.558965 2.257858 18.966452
v 5.773608 1.632622 18.966452
v 5.918168 0.987569 18.966452
v 5.990889 0.330528 18.966452
v 5.990889 -0.330525 18.966452
v 5.918168 -0.987566 18.966452
v 5.773608 -1.632620 18.966452
v 5.558965 -2.257855 18.966452
v 5.276843 -2.855683 18.966452
v 4.930667 -3.418847 18.966452
v 4.524640 -3.940511 18.966452
v 4.063690 -4.414342 18.966452
v 3.553411 -4.834589 18.966452
v 3.000000 -5.196152 18.966452
v 2.410173 -5.494639 18.966452
v 1.791089 -5.726429 18.966452
v 1.150264 -5.888708 18.966452
v 0.495476 -5.979506 18.966452
v -0.165326 -5.997721 18.966452
v -0.824121 -5.943132 18.966452
v -1.472913 -5.816401 18.966452
v -2.103825 -5.619066 18.966452
v -2.709200 -5.353525 18.966452
v -3.281689 -5.022998 18.966452
v -3.814342 -4.631499 18.966452
v -4.300695 -4.183780 18.966452
v -4.734843 -3.685275 18.966452
v -5.111516 -3.142036 18.966452
v -5.426143 -2.560658 18.966452
v -5.674903 -1.948196 18.966452
v -5.854778 -1.312085 18.966452
v -5.963584 -0.660048 18.966452
v -2.081287 -5.627455 3.883734
v -2.238851 -5.566646 3.934936
v -2.382473 -5.506696 4.018123
v -2.506993 -5.451146 4.130011
v -2.608241 -5.403441 4.266398
v -2.682907 -5.366751 4.421976
v -2.728623 -5.343678 4.590767
v -2.744029 -5.335757 4.766386
v -2.728665 -5.343657 4.941941
v -2.682947 -5.366731 5.110803
v -2.608294 -5.403417 5.266449
v -2.507076 -5.451108 5.402797
v -2.382505 -5.506681 5.514740
v -2.238953 -5.566605 5.597919
v -2.081487 -5.627355 5.649121
v 1.748781 -5.739491 3.883734
v 1.586545 -5.786439 3.934936
v 1.435930 -5.825632 4.018123
v 1.303183 -5.856767 4.130011
v 1.193711 -5.880064 4.266398
v 1.112066 -5.896042 4.421976
v 1.061709 -5.905341 4.590767
v 1.044651 -5.908359 4.766386
v 1.061662 -5.905349 4.941941
v 1.112021 -5.896050 5.110803
v 1.193654 -5.880077 5.266449
v 1.303094 -5.856786 5.402797
v 1.435895 -5.825639 5.514740
v 1.586440 -5.786468 5.597919
v 1.748561 -5.739533 5.649121
v -6.000000 0.000001 8.166450
v -5.987405 -0.388388 8.151958
v -5.950078 -0.772323 8.108484
v -5.888754 -1.150021 8.036072
v -5.805276 -1.516141 7.935474
v -5.701710 -1.868285 7.806960
v -5.673004 -1.953718 7.770603
v -5.580554 -2.203955 7.651235
v -5.445400 -2.519447 7.469785
v -5.298936 -2.814473 7.262742
v -5.145418 -3.086218 7.032432
v -4.988194 -3.334355 6.779716
v -4.830280 -3.559263 6.505048
v -4.675825 -3.759876 6.210883
v -4.527436 -3.937299 5.897635
v -4.388460 -4.091628 5.567469
v -4.262586 -4.222601 5.224381
v -4.151763 -4.331616 4.868708
v -4.003791 -4.468875 4.452810
v -3.804100 -4.639959 4.073759
v -3.551815 -4.835762 3.739351
v -3.406726 -4.939049 3.592158
v -3.249127 -5.044123 3.459190
v -3.080269 -5.148934 3.341719
v -2.901537 -5.251682 3.240511
v -2.515773 -5.447070 3.086251
v -2.096652 -5.621732 2.995478
v -1.657461 -5.766527 2.966450
v -1.002851 -5.915597 2.966450
v -0.335685 -5.990602 2.966450
v 0.335685 -5.990602 2.966450
v 1.002851 -5.915597 2.966450
v 1.657461 -5.766527 2.966450
v 2.096674 -5.621725 2.995482
v 2.515787 -5.447062 3.086255
v 2.901522 -5.251691 3.240504
v 3.080266 -5.148936 3.341718
v 3.249153 -5.044106 3.459210
v 3.406739 -4.939040 3.592171
v 3.551823 -4.835755 3.739360
v 3.804107 -4.639955 4.073769
v 4.003793 -4.468875 4.452810
v 4.151762 -4.331616 4.868708
v 4.177235 -4.307054 4.956368
v 4.331516 -4.152110 5.418205
v 4.508876 -3.958986 5.855366
v 4.703139 -3.725913 6.264777
v 4.908130 -3.451125 6.643361
v 5.115736 -3.135193 6.986109
v 5.317799 -2.778671 7.290057
v 5.506186 -2.383685 7.552466
v 5.673005 -1.953718 7.770603
v 5.811107 -1.493638 7.942585
v 5.914437 -1.009673 8.066527
v 5.978351 -0.509091 8.141469
v 6.000000 -0.000020 8.166450
v 6.000000 0.000000 8.166450
v 5.978351 0.509086 8.141469
v 5.914438 1.009669 8.066528
v 5.811108 1.493635 7.942586
v 5.673006 1.953715 7.770605
v 5.506187 2.383682 7.552467
v 5.317801 2.778668 7.290059
v 5.115738 3.135190 6.986112
v 4.908132 3.451123 6.643363
v 4.703141 3.725911 6.264781
v 4.508878 3.958983 5.855373
v 4.331519 4.152107 5.418213
v 4.177236 4.307053 4.956372
v 4.151756 4.331623 4.868688
v 4.003785 4.468881 4.452793
v 3.804092 4.639966 4.073746
v 3.551807 4.835768 3.739341
v 3.406718 4.939054 3.592150
v 3.249120 5.044128 3.459183
v 3.080262 5.148938 3.341714
v 2.901531 5.251686 3.240507
v 2.515768 5.447071 3.086249
v 2.096649 5.621733 2.995477
v 1.657461 5.766526 2.966449
v 1.002851 5.915597 2.966449
v 0.335685 5.990602 2.966449
v -0.335685 5.990602 2.966449
v -1.002851 5.915597 2.966449
v -1.657461 5.766526 2.966449
v -2.096672 5.621725 2.995481
v -2.515782 5.447063 3.086252
v -2.901515 5.251694 3.240499
v -3.080259 5.148941 3.341712
v -3.249146 5.044111 3.459203
v -3.406731 4.939045 3.592163
v -3.551816 4.835762 3.739351
v -3.804099 4.639962 4.073756
v -4.003786 4.468882 4.452794
v -4.151757 4.331622 4.868687
v -4.177230 4.307047 4.956372
v -4.276987 4.208009 5.266461
v -4.387878 4.092252 5.565997
v -4.526460 3.938421 5.895457
v -4.675149 3.760715 6.209533
v -4.829969 3.559685 6.504483
v -4.987891 3.334808 6.779210
v -5.144792 3.087261 7.031461
v -5.298040 2.816161 7.261439
v -5.444821 2.520699 7.468989
v -5.580313 2.204565 7.650918
v -5.673006 1.953715 7.770605
v -5.701698 1.868323 7.806945
v -5.805298 1.516059 7.935500
v -5.888801 1.149784 8.036127
v -5.950105 0.772121 8.108516
v -5.987411 0.388349 8.151965
v 6.000000 0.000001 10.966450
v -2.606215 -5.404409 10.966450
v -6.000000 0.000001 10.966450
v -5.962273 0.671787 10.966450
v -5.849567 1.335126 10.966450
v -5.663300 1.981675 10.966450
v -5.405813 2.603303 10.966450
v -5.080345 3.192193 10.966450
v -4.690989 3.740939 10.966450
v -4.242641 4.242641 10.966450
v -3.740939 4.690989 10.966450
v -3.192193 5.080346 10.966450
v -2.603302 5.405814 10.966450
v -1.981674 5.663301 10.966450
v -1.335126 5.849568 10.966450
v -0.671787 5.962274 10.966450
v 0.000000 6.000000 10.966450
v 0.671787 5.962274 10.966450
v 1.335126 5.849568 10.966450
v 1.981674 5.663301 10.966450
v 2.603302 5.405814 10.966450
v 3.192193 5.080346 10.966450
v 3.740939 4.690989 10.966450
v 4.242641 4.242641 10.966450
v 4.690989 3.740939 10.966450
v 5.080345 3.192193 10.966450
v 5.405813 2.603303 10.966450
v 5.663300 1.981675 10.966450
v 5.849567 1.335126 10.966450
v 5.962273 0.671787 10.966450
v 5.962273 -0.671786 10.966450
v 5.849567 -1.335125 10.966450
v 5.663300 -1.981674 10.966450
v 5.405813 -2.603302 10.966450
v 5.080345 -3.192192 10.966450
v 4.690989 -3.740939 10.966450
v 4.242641 -4.242640 10.966450
v 3.740939 -4.690989 10.966450
v 3.192193 -5.080345 10.966450
v 2.606210 -5.404412 10.966450
v 1.981674 -5.663300 10.966450
v 1.335126 -5.849567 10.966450
v 0.671787 -5.962273 10.966450
v 0.000000 -6.000000 10.966450
v -0.671787 -5.962273 10.966450
v -1.335126 -5.849567 10.966450
v -1.981674 -5.663300 10.966450
v -3.192193 -5.080345 10.966450
v -3.740939 -4.690989 10.966450
v -4.242641 -4.242640 10.966450
v -4.690989 -3.740939 10.966450
v -5.080345 -3.192192 10.966450
v -5.405813 -2.603302 10.966450
v -5.663300 -1.981674 10.966450
v -5.849567 -1.335125 10.966450
v -5.962273 -0.671786 10.966450
v -1.498387 5.602511 2.966449
v -1.577962 5.684482 2.966449
v 1.577962 5.684482 2.966449
v 1.498387 5.602511 2.966449
v 1.498387 -5.602512 2.966450
v 1.577962 -5.684483 2.966450
v -1.577962 -5.684483 2.966450
v -1.498387 -5.602512 2.966450
v 4.085392 -4.256689 4.878843
v 4.018991 -4.181810 4.889123
v 4.018987 4.181814 4.889108
v 4.085387 4.256694 4.878825
v 4.072696 4.199265 4.956372
v 4.170180 4.102603 5.266857
v 4.278555 3.989654 5.566827
v 4.395491 3.860529 5.854098
v 4.520847 3.712847 6.131585
v 4.651195 3.547966 6.394551
v 4.987490 3.057091 6.985755
v 4.785300 3.364755 6.643363
v 5.184717 2.709129 7.290059
v 5.368130 2.324627 7.552110
v 5.531034 1.904821 7.770605
v 5.665602 1.456553 7.942491
v 5.766422 0.984401 8.066528
v 5.828739 0.496314 8.141472
v 5.849844 -0.000001 8.166450
v 5.828740 -0.496303 8.141474
v 5.766422 -0.984404 8.066527
v 5.665597 -1.456571 7.942484
v 5.531032 -1.904824 7.770603
v 5.368134 -2.324617 7.552116
v 5.184716 -2.709132 7.290057
v 4.987490 -3.057090 6.985755
v 4.785299 -3.364757 6.643361
v 4.585108 -3.633085 6.264112
v 4.395496 -3.860523 5.854109
v 4.222825 -4.048501 5.417402
v 4.072695 -4.199265 4.956368
v -4.018991 -4.181810 4.889123
v -4.085392 -4.256689 4.878843
v -4.085387 4.256694 4.878825
v -4.018987 4.181814 4.889108
v -4.072695 -4.199265 4.956368
v -4.072696 4.199264 4.956372
v -4.170110 4.102674 5.266651
v -4.278396 3.989825 5.566412
v -4.395492 3.860529 5.854100
v -4.520847 3.712847 6.131585
v -4.651195 3.547966 6.394551
v -4.987490 3.057091 6.985755
v -4.785300 3.364755 6.643363
v -5.184717 2.709129 7.290059
v -5.368130 2.324628 7.552110
v -5.531034 1.904821 7.770605
v -5.665602 1.456553 7.942491
v -5.766422 0.984401 8.066528
v -5.828739 0.496313 8.141472
v -5.849844 -0.000001 8.166450
v -5.828740 -0.496301 8.141474
v -5.766422 -0.984404 8.066527
v -5.665597 -1.456571 7.942484
v -5.531032 -1.904824 7.770603
v -5.368134 -2.324617 7.552116
v -5.184715 -2.709132 7.290057
v -4.987490 -3.057090 6.985755
v -4.785299 -3.364757 6.643361
v -4.585108 -3.633085 6.264112
v -4.395497 -3.860523 5.854111
v -4.222826 -4.048501 5.417402
v 2.235303 -5.418592 3.039334
v 2.550886 -5.113779 3.173825
v 2.076261 -5.572207 2.998323
v 2.393999 -5.265313 3.097774
v -2.076261 -5.572207 2.998323
v -2.393999 -5.265313 3.097774
v -2.235986 5.419328 3.039329
v -2.551562 5.114527 3.173810
v -2.394678 5.266055 3.097765
v -2.076947 5.572937 2.998321
v 2.394678 5.266055 3.097765
v 2.076947 5.572937 2.998321
v -2.012310 -5.439700 5.649076
v -2.164321 -5.381051 5.597919
v -2.328756 -5.311947 5.494554
v -2.521546 -5.223209 5.266114
v -2.423506 -5.269404 5.402797
v -2.593516 -5.187840 5.110803
v -2.637738 -5.165520 4.941773
v -2.652562 -5.157899 4.766386
v -2.643014 -5.162820 4.625513
v -2.614624 -5.177243 4.488337
v -2.521470 -5.223245 4.266691
v -2.593476 -5.187859 4.421976
v -2.423426 -5.269441 4.130011
v -2.303534 -5.322934 4.018482
v -2.164223 -5.381091 3.934936
v -2.011910 -5.439873 3.883734
v 1.690065 -5.548280 5.649076
v 1.533558 -5.593585 5.597919
v 1.360834 -5.638087 5.494554
v 1.153654 -5.684117 5.266114
v 1.259657 -5.661560 5.402797
v 1.074954 -5.699515 5.110803
v 1.026242 -5.708510 4.941773
v 1.009829 -5.711413 4.766386
v 1.020408 -5.709554 4.625513
v 1.051738 -5.703854 4.488337
v 1.153736 -5.684100 4.266691
v 1.074997 -5.699507 4.421976
v 1.259743 -5.661541 4.130011
v 1.387561 -5.631568 4.018482
v 1.533660 -5.593558 3.934936
v 1.690488 -5.548175 3.883734
v 1.800000 -4.400000 4.446451
v 1.684403 -4.400000 4.468060
v 1.584417 -4.400000 4.529968
v 1.513548 -4.400000 4.623814
v 1.481365 -4.400000 4.736925
v 1.492216 -4.400000 4.854023
v 1.544634 -4.400000 4.959293
v 1.631542 -4.400000 5.038520
v 1.741200 -4.400000 5.081002
v 1.858800 -4.400000 5.081002
v 1.968458 -4.400000 5.038520
v 2.055366 -4.400000 4.959293
v 2.107784 -4.400000 4.854023
v 2.118635 -4.400000 4.736925
v 2.086452 -4.400000 4.623814
v 2.015583 -4.400000 4.529968
v 1.915597 -4.400000 4.468060
v 1.800000 -4.700000 4.146451
v 1.967274 -4.700000 4.169442
v 2.122142 -4.700000 4.236711
v 2.253118 -4.700000 4.343267
v 2.350489 -4.700000 4.481210
v 2.407032 -4.700000 4.640307
v 2.418555 -4.700000 4.808761
v 2.384202 -4.700000 4.974076
v 2.306521 -4.700000 5.123992
v 2.191275 -4.700000 5.247391
v 2.047009 -4.700000 5.335122
v 1.884423 -4.700000 5.380676
v 1.715577 -4.700000 5.380676
v 1.552991 -4.700000 5.335122
v 1.408725 -4.700000 5.247391
v 1.293479 -4.700000 5.123992
v 1.215798 -4.700000 4.974076
v 1.181445 -4.700000 4.808761
v 1.192968 -4.700000 4.640307
v 1.249511 -4.700000 4.481210
v 1.346882 -4.700000 4.343267
v 1.477858 -4.700000 4.236711
v 1.632726 -4.700000 4.169442
v -1.800000 -4.400000 4.446451
v -1.915597 -4.400000 4.468060
v -2.015583 -4.400000 4.529968
v -2.086452 -4.400000 4.623814
v -2.118635 -4.400000 4.736925
v -2.107784 -4.400000 4.854023
v -2.055366 -4.400000 4.959293
v -1.968458 -4.400000 5.038520
v -1.858800 -4.400000 5.081002
v -1.741200 -4.400000 5.081002
v -1.631542 -4.400000 5.038520
v -1.544634 -4.400000 4.959293
v -1.492216 -4.400000 4.854023
v -1.481365 -4.400000 4.736925
v -1.513548 -4.400000 4.623814
v -1.584417 -4.400000 4.529968
v -1.684403 -4.400000 4.468060
v -1.800000 -4.700000 4.146451
v -1.632726 -4.700000 4.169442
v -1.477858 -4.700000 4.236711
v -1.346882 -4.700000 4.343267
v -1.249511 -4.700000 4.481210
v -1.192968 -4.700000 4.640307
v -1.181445 -4.700000 4.808761
v -1.215798 -4.700000 4.974076
v -1.293479 -4.700000 5.123992
v -1.408725 -4.700000 5.247391
v -1.552991 -4.700000 5.335122
v -1.715577 -4.700000 5.380676
v -1.884423 -4.700000 5.380676
v -2.047009 -4.700000 5.335122
v -2.191275 -4.700000 5.247391
v -2.306521 -4.700000 5.123992
v -2.384202 -4.700000 4.974076
v -2.418555 -4.700000 4.808761
v -2.407032 -4.700000 4.640307
v -2.350489 -4.700000 4.481210
v -2.253118 -4.700000 4.343267
v -2.122142 -4.700000 4.236711
v -1.967274 -4.700000 4.169442
v 1.800000 -4.700000 3.966450
v 1.608547 -4.700000 3.989697
v 1.428221 -4.700000 4.058086
v 1.269502 -4.700000 4.167642
v 1.141613 -4.700000 4.311998
v 1.051987 -4.700000 4.482767
v 1.005833 -4.700000 4.670021
v 1.005833 -4.700000 4.862880
v 1.051987 -4.700000 5.050135
v 1.141613 -4.700000 5.220902
v 1.269502 -4.700000 5.365259
v 1.428221 -4.700000 5.474815
v 1.608547 -4.700000 5.543204
v 1.800000 -4.700000 5.566450
v 1.991453 -4.700000 5.543204
v 2.171779 -4.700000 5.474815
v 2.330498 -4.700000 5.365259
v 2.458387 -4.700000 5.220902
v 2.548013 -4.700000 5.050135
v 2.594167 -4.700000 4.862880
v 2.594167 -4.700000 4.670021
v 2.548013 -4.700000 4.482767
v 2.458387 -4.700000 4.311998
v 2.330498 -4.700000 4.167642
v 2.171779 -4.700000 4.058086
v 1.991453 -4.700000 3.989697
v 1.800000 -5.408327 3.966450
v 1.949589 -5.356160 3.980768
v 2.097534 -5.300031 4.023845
v 2.234572 -5.243700 4.094997
v 2.353575 -5.191402 4.188940
v 2.452272 -5.145499 4.303598
v 2.530981 -5.107262 4.441422
v 2.581134 -5.082127 4.594736
v 2.599871 -5.072541 4.752494
v 2.586825 -5.079233 4.909817
v 2.542271 -5.101653 5.064834
v 2.468136 -5.137908 5.206072
v 2.372529 -5.182771 5.325209
v 2.257449 -5.233891 5.422523
v 2.123172 -5.289814 5.498266
v 1.976547 -5.346272 5.546524
v 1.826539 -5.399416 5.565990
v 1.676337 -5.447871 5.556631
v 1.524064 -5.492463 5.517328
v 1.380564 -5.530262 5.447433
v 1.255099 -5.560098 5.352138
v 1.151762 -5.582412 5.234918
v 1.070318 -5.598608 5.094376
v 1.019050 -5.608188 4.939016
v 1.000129 -5.611573 4.780413
v 1.013282 -5.609233 4.622482
v 1.058721 -5.600813 4.465611
v 1.135276 -5.585788 4.321712
v 1.235128 -5.564572 4.199954
v 1.356473 -5.536219 4.100930
v 1.497354 -5.499812 4.025907
v 1.648849 -5.456249 3.981079
v -1.800000 -4.700000 3.966450
v -1.991453 -4.700000 3.989697
v -2.171779 -4.700000 4.058086
v -2.330498 -4.700000 4.167642
v -2.458387 -4.700000 4.311998
v -2.548013 -4.700000 4.482767
v -2.594167 -4.700000 4.670021
v -2.594167 -4.700000 4.862880
v -2.548013 -4.700000 5.050135
v -2.458387 -4.700000 5.220902
v -2.330498 -4.700000 5.365259
v -2.171779 -4.700000 5.474815
v -1.991453 -4.700000 5.543204
v -1.800000 -4.700000 5.566450
v -1.608547 -4.700000 5.543204
v -1.428221 -4.700000 5.474815
v -1.269502 -4.700000 5.365259
v -1.141613 -4.700000 5.220902
v -1.051987 -4.700000 5.050135
v -1.005833 -4.700000 4.862880
v -1.005833 -4.700000 4.670021
v -1.051987 -4.700000 4.482767
v -1.141613 -4.700000 4.311998
v -1.269502 -4.700000 4.167642
v -1.428221 -4.700000 4.058086
v -1.608547 -4.700000 3.989697
v -1.800000 -5.408327 3.966450
v -1.648849 -5.456249 3.981079
v -1.497354 -5.499812 4.025907
v -1.356473 -5.536219 4.100930
v -1.235128 -5.564572 4.199954
v -1.135276 -5.585788 4.321712
v -1.058721 -5.600813 4.465611
v -1.013282 -5.609233 4.622482
v -1.000129 -5.611573 4.780413
v -1.019050 -5.608188 4.939016
v -1.070318 -5.598608 5.094376
v -1.151762 -5.582412 5.234918
v -1.255099 -5.560098 5.352138
v -1.380564 -5.530262 5.447433
v -1.524064 -5.492463 5.517328
v -1.676337 -5.447871 5.556631
v -1.826539 -5.399416 5.565990
v -1.976547 -5.346272 5.546524
v -2.123172 -5.289814 5.498266
v -2.257449 -5.233891 5.422523
v -2.372529 -5.182771 5.325209
v -2.468136 -5.137908 5.206072
v -2.542271 -5.101653 5.064834
v -2.586825 -5.079233 4.909817
v -2.599871 -5.072541 4.752494
v -2.581134 -5.082127 4.594736
v -2.530981 -5.107262 4.441422
v -2.452272 -5.145499 4.303598
v -2.353575 -5.191402 4.188940
v -2.234572 -5.243700 4.094997
v -2.097534 -5.300031 4.023845
v -1.949589 -5.356160 3.980768
v -4.141463 -3.060788 2.521931
v -4.342218 -3.060788 2.095162
v -4.499132 -3.060788 1.650401
v -4.610619 -3.060788 1.192138
v -4.675554 -3.060788 0.725000
v -4.693282 -3.060788 0.253704
v -4.663623 -3.060788 -0.216991
v -4.586877 -3.060788 -0.682334
v -4.463819 -3.060788 -1.137627
v -4.295690 -3.060788 -1.578271
v -4.084190 -3.060789 -1.999818
v -3.831453 -3.060789 -2.398011
v -3.540031 -3.060789 -2.768831
v -3.212866 -3.060789 -3.108533
v -2.853262 -3.060789 -3.413688
v -2.464850 -3.060789 -3.681214
v -2.051551 -3.060789 -3.908410
v -1.617537 -3.060789 -4.092982
v -1.167193 -3.060789 -4.233068
v -0.705063 -3.060789 -4.327250
v -0.235815 -3.060789 -4.374580
v 0.235815 -3.060789 -4.374580
v 0.705063 -3.060789 -4.327250
v 1.167193 -3.060789 -4.233068
v 1.617537 -3.060789 -4.092982
v 2.051551 -3.060789 -3.908410
v 2.464850 -3.060789 -3.681214
v 2.853262 -3.060789 -3.413688
v 3.212866 -3.060789 -3.108533
v 3.540031 -3.060789 -2.768831
v 3.831453 -3.060789 -2.398011
v 4.084190 -3.060789 -1.999818
v 4.295690 -3.060788 -1.578271
v 4.463819 -3.060788 -1.137627
v 4.586877 -3.060788 -0.682334
v 4.663623 -3.060788 -0.216991
v 4.693282 -3.060788 0.253704
v 4.675554 -3.060788 0.725000
v 4.610619 -3.060788 1.192138
v 4.499132 -3.060788 1.650401
v 4.342218 -3.060788 2.095162
v 4.141463 -3.060788 2.521931
v 4.235294 -3.260788 2.571974
v 4.440598 -3.260788 2.135536
v 4.601067 -3.260788 1.680698
v 4.715080 -3.260789 1.212053
v 4.781486 -3.260789 0.734331
v 4.799615 -3.260789 0.252358
v 4.769284 -3.260789 -0.229003
v 4.690799 -3.260789 -0.704889
v 4.564952 -3.260789 -1.170496
v 4.393015 -3.260789 -1.621123
v 4.176723 -3.260789 -2.052221
v 3.918260 -3.260789 -2.459437
v 3.620235 -3.260789 -2.838658
v 3.285658 -3.260789 -3.186057
v 2.917907 -3.260789 -3.498125
v 2.520694 -3.260789 -3.771712
v 2.098032 -3.260789 -4.004056
v 1.654185 -3.260789 -4.192809
v 1.193637 -3.260789 -4.336068
v 0.721037 -3.260789 -4.432385
v 0.241157 -3.260789 -4.480788
v -0.241157 -3.260789 -4.480788
v -0.721037 -3.260789 -4.432385
v -1.193637 -3.260789 -4.336068
v -1.654185 -3.260789 -4.192809
v -2.098032 -3.260789 -4.004056
v -2.520694 -3.260789 -3.771712
v -2.917907 -3.260789 -3.498125
v -3.285658 -3.260789 -3.186057
v -3.620235 -3.260789 -2.838658
v -3.918260 -3.260789 -2.459437
v -4.176723 -3.260789 -2.052221
v -4.393015 -3.260789 -1.621123
v -4.564952 -3.260789 -1.170496
v -4.690799 -3.260789 -0.704889
v -4.769284 -3.260789 -0.229003
v -4.799615 -3.260789 0.252358
v -4.781486 -3.260789 0.734331
v -4.715080 -3.260789 1.212053
v -4.601067 -3.260788 1.680698
v -4.440598 -3.260788 2.135536
v -4.235294 -3.260788 2.571974
v 0.000000 -4.007617 -0.733550
v -0.181173 -4.007617 -0.709698
v -0.350000 -4.007617 -0.639768
v -0.494975 -4.007617 -0.528525
v -0.606218 -4.007617 -0.383550
v -0.676148 -4.007617 -0.214723
v -0.700000 -4.007617 -0.033550
v -0.676148 -4.007617 0.147624
v -0.606218 -4.007617 0.316450
v -0.494975 -4.007617 0.461425
v -0.350000 -4.007617 0.572668
v -0.181173 -4.007617 0.642598
v 0.000000 -4.007617 0.666450
v 0.181173 -4.007617 0.642598
v 0.350000 -4.007617 0.572668
v 0.494975 -4.007617 0.461425
v 0.606218 -4.007617 0.316450
v 0.676148 -4.007617 0.147624
v 0.700000 -4.007617 -0.033550
v 0.676148 -4.007617 -0.214723
v 0.606218 -4.007617 -0.383550
v 0.494975 -4.007617 -0.528525
v 0.350000 -4.007617 -0.639768
v 0.181173 -4.007617 -0.709698
v 0.000000 -4.060789 -0.833550
v 0.191453 -4.060789 -0.810303
v 0.371779 -4.060789 -0.741915
v 0.530498 -4.060789 -0.632358
v 0.658387 -4.060789 -0.488002
v 0.748013 -4.060789 -0.317234
v 0.794167 -4.060789 -0.129979
v 0.794167 -4.060789 0.062880
v 0.748013 -4.060789 0.250134
v 0.658387 -4.060789 0.420902
v 0.530498 -4.060789 0.565259
v 0.371779 -4.060789 0.674815
v 0.191453 -4.060789 0.743204
v 0.000000 -4.060789 0.766450
v -0.191453 -4.060789 0.743204
v -0.371779 -4.060789 0.674815
v -0.530498 -4.060789 0.565259
v -0.658387 -4.060789 0.420902
v -0.748013 -4.060789 0.250134
v -0.794167 -4.060789 0.062880
v -0.794167 -4.060789 -0.129979
v -0.748013 -4.060789 -0.317234
v -0.658387 -4.060789 -0.488002
v -0.530498 -4.060789 -0.632358
v -0.371779 -4.060789 -0.741915
v -0.191453 -4.060789 -0.810303
v 0.000000 -5.700000 5.516450
v 0.086531 -5.699327 5.524972
v 0.172240 -5.697397 5.550718
v 0.251029 -5.694463 5.593120
v 0.318198 -5.691112 5.648252
v 0.373331 -5.687757 5.715422
v 0.415732 -5.684819 5.794210
v 0.441478 -5.682884 5.879919
v 0.450000 -5.682209 5.966450
v 0.441478 -5.682884 6.052982
v 0.415732 -5.684819 6.138691
v 0.373331 -5.687757 6.217479
v 0.318198 -5.691112 6.284648
v 0.251029 -5.694463 6.339781
v 0.172240 -5.697397 6.382183
v 0.086531 -5.699327 6.407929
v 0.000000 -5.700000 6.416451
v -0.086531 -5.699327 6.407929
v -0.172240 -5.697397 6.382183
v -0.251029 -5.694463 6.339781
v -0.318198 -5.691112 6.284648
v -0.373331 -5.687757 6.217479
v -0.415732 -5.684819 6.138691
v -0.441478 -5.682884 6.052982
v -0.450000 -5.682209 5.966450
v -0.441478 -5.682884 5.879919
v -0.415732 -5.684819 5.794210
v -0.373331 -5.687757 5.715422
v -0.318198 -5.691112 5.648252
v -0.251029 -5.694463 5.593120
v -0.172240 -5.697397 5.550718
v -0.086531 -5.699327 5.524972
v 0.000000 -3.060788 6.416450
v 0.139058 -3.060788 6.394425
v 0.264503 -3.060788 6.330508
v 0.364058 -3.060788 6.230953
v 0.427975 -3.060788 6.105508
v 0.450000 -3.060788 5.966450
v 0.427975 -3.060788 5.827393
v 0.364058 -3.060788 5.701946
v 0.264503 -3.060788 5.602393
v 0.139058 -3.060788 5.538475
v 0.000000 -3.060788 5.516450
v -0.139058 -3.060788 5.538475
v -0.264503 -3.060788 5.602393
v -0.364058 -3.060788 5.701946
v -0.427975 -3.060788 5.827393
v -0.450000 -3.060788 5.966450
v -0.427975 -3.060788 6.105508
v -0.364058 -3.060788 6.230953
v -0.264503 -3.060788 6.330508
v -0.139058 -3.060788 6.394425
v 0.000000 -5.700000 3.516450
v 0.086531 -5.699327 3.524972
v 0.172240 -5.697397 3.550719
v 0.251029 -5.694463 3.593120
v 0.318198 -5.691112 3.648253
v 0.373331 -5.687757 3.715422
v 0.415732 -5.684819 3.794211
v 0.441478 -5.682884 3.879919
v 0.450000 -5.682209 3.966450
v 0.441478 -5.682884 4.052982
v 0.415732 -5.684819 4.138690
v 0.373331 -5.687757 4.217479
v 0.318198 -5.691112 4.284648
v 0.251029 -5.694463 4.339781
v 0.172240 -5.697397 4.382183
v 0.086531 -5.699327 4.407928
v 0.000000 -5.700000 4.416451
v -0.086531 -5.699327 4.407928
v -0.172240 -5.697397 4.382183
v -0.251029 -5.694463 4.339781
v -0.318198 -5.691112 4.284648
v -0.373331 -5.687757 4.217479
v -0.415732 -5.684819 4.138690
v -0.441478 -5.682884 4.052982
v -0.450000 -5.682209 3.966450
v -0.441478 -5.682884 3.879919
v -0.415732 -5.684819 3.794211
v -0.373331 -5.687757 3.715422
v -0.318198 -5.691112 3.648253
v -0.251029 -5.694463 3.593120
v -0.172240 -5.697397 3.550719
v -0.086531 -5.699327 3.524972
v 0.000000 -3.060788 4.416450
v 0.139058 -3.060788 4.394425
v 0.264503 -3.060788 4.330508
v 0.364058 -3.060788 4.230953
v 0.427975 -3.060788 4.105508
v 0.450000 -3.060788 3.966450
v 0.427975 -3.060788 3.827393
v 0.364058 -3.060788 3.701947
v 0.264503 -3.060788 3.602392
v 0.139058 -3.060788 3.538475
v 0.000000 -3.060788 3.516450
v -0.139058 -3.060788 3.538475
v -0.264503 -3.060788 3.602392
v -0.364058 -3.060788 3.701947
v -0.427975 -3.060788 3.827393
v -0.450000 -3.060788 3.966450
v -0.427975 -3.060788 4.105508
v -0.364058 -3.060788 4.230953
v -0.264503 -3.060788 4.330508
v -0.139058 -3.060788 4.394425
v -1.800000 -3.760789 -2.153550
v -1.915597 -3.760789 -2.131941
v -2.015583 -3.760789 -2.070033
v -2.086452 -3.760789 -1.976186
v -2.118635 -3.760789 -1.863076
v -2.107784 -3.760789 -1.745978
v -2.055366 -3.760789 -1.640707
v -1.968458 -3.760789 -1.561480
v -1.858800 -3.760789 -1.518998
v -1.741200 -3.760789 -1.518998
v -1.631542 -3.760789 -1.561480
v -1.544634 -3.760789 -1.640707
v -1.492216 -3.760789 -1.745978
v -1.481365 -3.760789 -1.863076
v -1.513548 -3.760789 -1.976186
v -1.584417 -3.760789 -2.070033
v -1.684403 -3.760789 -2.131941
v -1.800000 -4.060789 -2.453550
v -1.632726 -4.060789 -2.430559
v -1.477858 -4.060789 -2.363290
v -1.346882 -4.060789 -2.256733
v -1.249511 -4.060789 -2.118790
v -1.192968 -4.060789 -1.959693
v -1.181445 -4.060789 -1.791239
v -1.215798 -4.060789 -1.625924
v -1.293479 -4.060789 -1.476008
v -1.408725 -4.060789 -1.352609
v -1.552991 -4.060789 -1.264879
v -1.715577 -4.060789 -1.219324
v -1.884423 -4.060789 -1.219324
v -2.047009 -4.060789 -1.264879
v -2.191275 -4.060789 -1.352609
v -2.306521 -4.060789 -1.476008
v -2.384202 -4.060789 -1.625924
v -2.418555 -4.060789 -1.791239
v -2.407032 -4.060789 -1.959693
v -2.350489 -4.060789 -2.118790
v -2.253118 -4.060789 -2.256733
v -2.122142 -4.060789 -2.363290
v -1.967274 -4.060789 -2.430559
v 1.800000 -3.760789 -2.153550
v 1.684403 -3.760789 -2.131941
v 1.584417 -3.760789 -2.070033
v 1.513548 -3.760789 -1.976186
v 1.481365 -3.760789 -1.863076
v 1.492216 -3.760789 -1.745978
v 1.544634 -3.760789 -1.640707
v 1.631542 -3.760789 -1.561480
v 1.741200 -3.760789 -1.518998
v 1.858800 -3.760789 -1.518998
v 1.968458 -3.760789 -1.561480
v 2.055366 -3.760789 -1.640707
v 2.107784 -3.760789 -1.745978
v 2.118635 -3.760789 -1.863076
v 2.086452 -3.760789 -1.976186
v 2.015583 -3.760789 -2.070033
v 1.915597 -3.760789 -2.131941
v 1.800000 -4.060789 -2.453550
v 1.967274 -4.060789 -2.430559
v 2.122142 -4.060789 -2.363290
v 2.253118 -4.060789 -2.256733
v 2.350489 -4.060789 -2.118790
v 2.407032 -4.060789 -1.959693
v 2.418555 -4.060789 -1.791239
v 2.384202 -4.060789 -1.625924
v 2.306521 -4.060789 -1.476008
v 2.191275 -4.060789 -1.352609
v 2.047009 -4.060789 -1.264879
v 1.884423 -4.060789 -1.219324
v 1.715577 -4.060789 -1.219324
v 1.552991 -4.060789 -1.264879
v 1.408725 -4.060789 -1.352609
v 1.293479 -4.060789 -1.476008
v 1.215798 -4.060789 -1.625924
v 1.181445 -4.060789 -1.791239
v 1.192968 -4.060789 -1.959693
v 1.249511 -4.060789 -2.118790
v 1.346882 -4.060789 -2.256733
v 1.477858 -4.060789 -2.363290
v 1.632726 -4.060789 -2.430559
v 1.800000 -3.560789 -1.513550
v 1.915597 -3.560789 -1.535159
v 2.015583 -3.560789 -1.597067
v 2.086452 -3.560789 -1.690914
v 2.118635 -3.560789 -1.804024
v 2.107784 -3.560789 -1.921122
v 2.055366 -3.560789 -2.026393
v 1.968458 -3.560789 -2.105619
v 1.858800 -3.560789 -2.148101
v 1.741200 -3.560789 -2.148101
v 1.631542 -3.560789 -2.105619
v 1.544634 -3.560789 -2.026393
v 1.492216 -3.560789 -1.921122
v 1.481365 -3.560789 -1.804024
v 1.513548 -3.560789 -1.690914
v 1.584417 -3.560789 -1.597067
v 1.684403 -3.560789 -1.535159
v -1.800000 -3.560789 -1.513550
v -1.684403 -3.560789 -1.535159
v -1.584417 -3.560789 -1.597067
v -1.513548 -3.560789 -1.690914
v -1.481365 -3.560789 -1.804024
v -1.492216 -3.560789 -1.921122
v -1.544634 -3.560789 -2.026393
v -1.631542 -3.560789 -2.105619
v -1.741200 -3.560789 -2.148101
v -1.858800 -3.560789 -2.148101
v -1.968458 -3.560789 -2.105619
v -2.055366 -3.560789 -2.026393
v -2.107784 -3.560789 -1.921122
v -2.118635 -3.560789 -1.804024
v -2.086452 -3.560789 -1.690914
v -2.015583 -3.560789 -1.597067
v -1.915597 -3.560789 -1.535159
v 0.000000 -3.560789 0.666450
v 0.181173 -3.560789 0.642598
v 0.350000 -3.560789 0.572668
v 0.494975 -3.560789 0.461425
v 0.606218 -3.560789 0.316450
v 0.676148 -3.560789 0.147624
v 0.700000 -3.560789 -0.033550
v 0.676148 -3.560789 -0.214723
v 0.606218 -3.560789 -0.383550
v 0.494975 -3.560789 -0.528525
v 0.350000 -3.560789 -0.639768
v 0.181173 -3.560789 -0.709698
v 0.000000 -3.560789 -0.733550
v -0.181173 -3.560789 -0.709698
v -0.350000 -3.560789 -0.639768
v -0.494975 -3.560789 -0.528525
v -0.606218 -3.560789 -0.383550
v -0.676148 -3.560789 -0.214723
v -0.700000 -3.560789 -0.033550
v -0.676148 -3.560789 0.147624
v -0.606218 -3.560789 0.316450
v -0.494975 -3.560789 0.461425
v -0.350000 -3.560789 0.572668
v -0.181173 -3.560789 0.642598
v 1.800000 -3.560789 -1.083550
v 1.613483 -3.560789 -1.107113
v 1.438685 -3.560789 -1.176320
v 1.286590 -3.560789 -1.286824
v 1.166754 -3.560789 -1.431680
v 1.086708 -3.560789 -1.601787
v 1.051480 -3.560789 -1.786457
v 1.063285 -3.560789 -1.974086
v 1.121380 -3.560789 -2.152884
v 1.222115 -3.560789 -2.311618
v 1.359161 -3.560789 -2.440313
v 1.523907 -3.560789 -2.530882
v 1.706000 -3.560789 -2.577636
v 1.894000 -3.560789 -2.577636
v 2.076093 -3.560789 -2.530882
v 2.240839 -3.560789 -2.440313
v 2.377885 -3.560789 -2.311618
v 2.478620 -3.560789 -2.152884
v 2.536715 -3.560789 -1.974086
v 2.548520 -3.560789 -1.786457
v 2.513292 -3.560789 -1.601787
v 2.433246 -3.560789 -1.431680
v 2.313411 -3.560789 -1.286824
v 2.161315 -3.560789 -1.176320
v 1.986517 -3.560789 -1.107113
v 1.800000 -3.060788 -1.083550
v 1.986517 -3.060788 -1.107113
v 2.161315 -3.060788 -1.176320
v 2.313411 -3.060788 -1.286824
v 2.433246 -3.060788 -1.431680
v 2.513292 -3.060789 -1.601787
v 2.548520 -3.060789 -1.786457
v 2.536715 -3.060789 -1.974086
v 2.478620 -3.060789 -2.152884
v 2.377885 -3.060789 -2.311618
v 2.240839 -3.060789 -2.440313
v 2.076093 -3.060789 -2.530882
v 1.894000 -3.060789 -2.577636
v 1.706000 -3.060789 -2.577636
v 1.523907 -3.060789 -2.530882
v 1.359161 -3.060789 -2.440313
v 1.222115 -3.060789 -2.311618
v 1.121380 -3.060789 -2.152884
v 1.063285 -3.060789 -1.974086
v 1.051480 -3.060789 -1.786457
v 1.086708 -3.060789 -1.601787
v 1.166754 -3.060788 -1.431680
v 1.286590 -3.060788 -1.286824
v 1.438685 -3.060788 -1.176320
v 1.613483 -3.060788 -1.107113
v 0.000000 -3.560789 1.266450
v -0.246027 -3.560789 1.242958
v -0.483161 -3.560789 1.173329
v -0.702833 -3.560789 1.060080
v -0.897103 -3.560789 0.907305
v -1.058949 -3.560789 0.720524
v -1.182522 -3.560789 0.506490
v -1.263355 -3.560789 0.272937
v -1.298528 -3.560789 0.028307
v -1.286768 -3.560789 -0.218559
v -1.228501 -3.560789 -0.458738
v -1.125833 -3.560789 -0.683550
v -0.982474 -3.560789 -0.884869
v -0.803607 -3.560789 -1.055419
v -0.595694 -3.560789 -1.189036
v -0.366252 -3.560789 -1.280891
v -0.123573 -3.560789 -1.327663
v 0.123573 -3.560789 -1.327663
v 0.366252 -3.560789 -1.280891
v 0.595694 -3.560789 -1.189036
v 0.803607 -3.560789 -1.055419
v 0.982474 -3.560789 -0.884869
v 1.125833 -3.560789 -0.683550
v 1.228501 -3.560789 -0.458738
v 1.286768 -3.560789 -0.218559
v 1.298528 -3.560789 0.028307
v 1.263355 -3.560789 0.272937
v 1.182522 -3.560789 0.506490
v 1.058949 -3.560789 0.720524
v 0.897103 -3.560789 0.907305
v 0.702833 -3.560789 1.060080
v 0.483161 -3.560789 1.173329
v 0.246027 -3.560789 1.242958
v 0.000000 -3.060788 1.266450
v 0.246027 -3.060788 1.242958
v 0.483161 -3.060788 1.173329
v 0.702833 -3.060788 1.060080
v 0.897103 -3.060788 0.907304
v 1.058949 -3.060788 0.720524
v 1.182522 -3.060788 0.506490
v 1.263355 -3.060788 0.272937
v 1.298528 -3.060788 0.028307
v 1.286768 -3.060788 -0.218559
v 1.228501 -3.060788 -0.458738
v 1.125833 -3.060788 -0.683550
v 0.982474 -3.060788 -0.884869
v 0.803607 -3.060788 -1.055419
v 0.595694 -3.060788 -1.189036
v 0.366252 -3.060788 -1.280891
v 0.123573 -3.060788 -1.327663
v -0.123573 -3.060788 -1.327663
v -0.366252 -3.060788 -1.280891
v -0.595694 -3.060788 -1.189036
v -0.803607 -3.060788 -1.055419
v -0.982474 -3.060788 -0.884869
v -1.125833 -3.060788 -0.683550
v -1.228501 -3.060788 -0.458738
v -1.286768 -3.060788 -0.218559
v -1.298528 -3.060788 0.028307
v -1.263355 -3.060788 0.272937
v -1.182522 -3.060788 0.506490
v -1.058949 -3.060788 0.720524
v -0.897103 -3.060788 0.907304
v -0.702833 -3.060788 1.060080
v -0.483161 -3.060788 1.173329
v -0.246027 -3.060788 1.242958
v -1.800000 -3.560789 -1.083550
v -1.986517 -3.560789 -1.107113
v -2.161315 -3.560789 -1.176320
v -2.313411 -3.560789 -1.286824
v -2.433246 -3.560789 -1.431680
v -2.513292 -3.560789 -1.601787
v -2.548520 -3.560789 -1.786457
v -2.536715 -3.560789 -1.974086
v -2.478620 -3.560789 -2.152884
v -2.377885 -3.560789 -2.311618
v -2.240839 -3.560789 -2.440313
v -2.076093 -3.560789 -2.530882
v -1.894000 -3.560789 -2.577636
v -1.706000 -3.560789 -2.577636
v -1.523907 -3.560789 -2.530882
v -1.359161 -3.560789 -2.440313
v -1.222115 -3.560789 -2.311618
v -1.121380 -3.560789 -2.152884
v -1.063285 -3.560789 -1.974086
v -1.051480 -3.560789 -1.786457
v -1.086708 -3.560789 -1.601787
v -1.166754 -3.560789 -1.431680
v -1.286590 -3.560789 -1.286824
v -1.438685 -3.560789 -1.176320
v -1.613483 -3.560789 -1.107113
v -1.800000 -3.060788 -1.083550
v -1.613483 -3.060788 -1.107113
v -1.438685 -3.060788 -1.176320
v -1.286590 -3.060788 -1.286824
v -1.166754 -3.060788 -1.431680
v -1.086708 -3.060789 -1.601787
v -1.051480 -3.060789 -1.786457
v -1.063285 -3.060789 -1.974086
v -1.121380 -3.060789 -2.152884
v -1.222115 -3.060789 -2.311618
v -1.359161 -3.060789 -2.440313
v -1.523907 -3.060789 -2.530882
v -1.706000 -3.060789 -2.577636
v -1.894000 -3.060789 -2.577636
v -2.076093 -3.060789 -2.530882
v -2.240839 -3.060789 -2.440313
v -2.377885 -3.060789 -2.311618
v -2.478620 -3.060789 -2.152884
v -2.536715 -3.060789 -1.974086
v -2.548520 -3.060789 -1.786457
v -2.513292 -3.060789 -1.601787
v -2.433246 -3.060788 -1.431680
v -2.313411 -3.060788 -1.286824
v -2.161315 -3.060788 -1.176320
v -1.986517 -3.060788 -1.107113
v 1.800000 -3.560788 5.516450
v 1.613483 -3.560788 5.492887
v 1.438685 -3.560788 5.423681
v 1.286590 -3.560788 5.313177
v 1.166754 -3.560788 5.168320
v 1.086708 -3.560788 4.998213
v 1.051480 -3.560788 4.813543
v 1.063285 -3.560789 4.625915
v 1.121380 -3.560789 4.447116
v 1.222115 -3.560789 4.288383
v 1.359161 -3.560789 4.159688
v 1.523907 -3.560789 4.069118
v 1.706000 -3.560789 4.022365
v 1.894000 -3.560789 4.022365
v 2.076093 -3.560789 4.069118
v 2.240839 -3.560789 4.159688
v 2.377885 -3.560789 4.288383
v 2.478620 -3.560789 4.447116
v 2.536715 -3.560789 4.625915
v 2.548520 -3.560788 4.813543
v 2.513292 -3.560788 4.998213
v 2.433246 -3.560788 5.168320
v 2.313411 -3.560788 5.313177
v 2.161315 -3.560788 5.423681
v 1.986517 -3.560788 5.492887
v 1.800000 -3.060788 5.516450
v 1.986517 -3.060788 5.492887
v 2.161315 -3.060788 5.423680
v 2.313411 -3.060788 5.313177
v 2.433246 -3.060788 5.168320
v 2.513292 -3.060788 4.998213
v 2.548520 -3.060788 4.813543
v 2.536715 -3.060788 4.625914
v 2.478620 -3.060788 4.447115
v 2.377885 -3.060788 4.288382
v 2.240839 -3.060788 4.159687
v 2.076093 -3.060788 4.069118
v 1.894000 -3.060788 4.022364
v 1.706000 -3.060788 4.022364
v 1.523907 -3.060788 4.069118
v 1.359161 -3.060788 4.159687
v 1.222115 -3.060788 4.288382
v 1.121380 -3.060788 4.447115
v 1.063285 -3.060788 4.625914
v 1.051480 -3.060788 4.813543
v 1.086708 -3.060788 4.998213
v 1.166754 -3.060788 5.168320
v 1.286590 -3.060788 5.313177
v 1.438685 -3.060788 5.423680
v 1.613483 -3.060788 5.492887
v -1.800000 -3.560788 5.516450
v -1.986517 -3.560788 5.492887
v -2.161315 -3.560788 5.423681
v -2.313411 -3.560788 5.313177
v -2.433246 -3.560788 5.168320
v -2.513292 -3.560788 4.998213
v -2.548520 -3.560788 4.813543
v -2.536715 -3.560789 4.625915
v -2.478620 -3.560789 4.447116
v -2.377885 -3.560789 4.288383
v -2.240839 -3.560789 4.159688
v -2.076093 -3.560789 4.069118
v -1.894000 -3.560789 4.022365
v -1.706000 -3.560789 4.022365
v -1.523907 -3.560789 4.069118
v -1.359161 -3.560789 4.159688
v -1.222115 -3.560789 4.288383
v -1.121380 -3.560789 4.447116
v -1.063285 -3.560789 4.625915
v -1.051480 -3.560788 4.813543
v -1.086708 -3.560788 4.998213
v -1.166754 -3.560788 5.168320
v -1.286590 -3.560788 5.313177
v -1.438685 -3.560788 5.423681
v -1.613483 -3.560788 5.492887
v -1.800000 -3.060788 5.516450
v -1.613483 -3.060788 5.492887
v -1.438685 -3.060788 5.423680
v -1.286590 -3.060788 5.313177
v -1.166754 -3.060788 5.168320
v -1.086708 -3.060788 4.998213
v -1.051480 -3.060788 4.813543
v -1.063285 -3.060788 4.625914
v -1.121380 -3.060788 4.447115
v -1.222115 -3.060788 4.288382
v -1.359161 -3.060788 4.159687
v -1.523907 -3.060788 4.069118
v -1.706000 -3.060788 4.022364
v -1.894000 -3.060788 4.022364
v -2.076093 -3.060788 4.069118
v -2.240839 -3.060788 4.159687
v -2.377885 -3.060788 4.288382
v -2.478620 -3.060788 4.447115
v -2.536715 -3.060788 4.625914
v -2.548520 -3.060788 4.813543
v -2.513292 -3.060788 4.998213
v -2.433246 -3.060788 5.168320
v -2.313411 -3.060788 5.313177
v -2.161315 -3.060788 5.423680
v -1.986517 -3.060788 5.492887
v 4.235294 -3.954446 2.571974
v 4.440598 -3.954446 2.135536
v 4.601067 -3.954446 1.680698
v 4.715080 -3.954447 1.212053
v 4.781486 -3.954447 0.734331
v 4.799615 -3.954447 0.252358
v 4.769284 -3.954447 -0.229003
v 4.690799 -3.954447 -0.704889
v 4.564952 -3.954447 -1.170496
v 4.393015 -3.954447 -1.621123
v 4.176723 -3.954447 -2.052221
v 3.918260 -3.954447 -2.459437
v 3.620235 -3.954447 -2.838658
v 3.285658 -3.954447 -3.186057
v 2.917907 -3.954447 -3.498125
v 2.520694 -3.954447 -3.771712
v 2.098032 -3.954447 -4.004056
v 1.654185 -3.954447 -4.192809
v 1.193637 -3.954447 -4.336068
v 0.721037 -3.954447 -4.432385
v 0.241157 -3.954447 -4.480788
v -0.241157 -3.954447 -4.480788
v -0.721037 -3.954447 -4.432385
v -1.193637 -3.954447 -4.336068
v -1.654185 -3.954447 -4.192809
v -2.098032 -3.954447 -4.004056
v -2.520694 -3.954447 -3.771712
v -2.917907 -3.954447 -3.498125
v -3.285658 -3.954447 -3.186057
v -3.620235 -3.954447 -2.838658
v -3.918260 -3.954447 -2.459437
v -4.176723 -3.954447 -2.052221
v -4.393015 -3.954447 -1.621123
v -4.564952 -3.954447 -1.170496
v -4.690799 -3.954447 -0.704889
v -4.769284 -3.954447 -0.229003
v -4.799615 -3.954447 0.252358
v -4.781486 -3.954447 0.734331
v -4.715080 -3.954447 1.212053
v -4.601067 -3.954446 1.680698
v -4.440598 -3.954446 2.135536
v -4.235294 -3.954446 2.571974
v -1.800000 -3.560788 5.086451
v -1.684403 -3.560788 5.064842
v -1.584417 -3.560788 5.002934
v -1.513548 -3.560788 4.909086
v -1.481365 -3.560788 4.795976
v -1.492216 -3.560789 4.678878
v -1.544634 -3.560789 4.573607
v -1.631542 -3.560789 4.494381
v -1.741200 -3.560789 4.451899
v -1.858800 -3.560789 4.451899
v -1.968458 -3.560789 4.494381
v -2.055366 -3.560789 4.573607
v -2.107784 -3.560789 4.678878
v -2.118635 -3.560788 4.795976
v -2.086452 -3.560788 4.909086
v -2.015583 -3.560788 5.002934
v -1.915597 -3.560788 5.064842
v 1.800000 -3.560788 5.086451
v 1.915597 -3.560788 5.064842
v 2.015583 -3.560788 5.002934
v 2.086452 -3.560788 4.909086
v 2.118635 -3.560788 4.795976
v 2.107784 -3.560789 4.678878
v 2.055366 -3.560789 4.573607
v 1.968458 -3.560789 4.494381
v 1.858800 -3.560789 4.451899
v 1.741200 -3.560789 4.451899
v 1.631542 -3.560789 4.494381
v 1.544634 -3.560789 4.573607
v 1.492216 -3.560789 4.678878
v 1.481365 -3.560788 4.795976
v 1.513548 -3.560788 4.909086
v 1.584417 -3.560788 5.002934
v 1.684403 -3.560788 5.064842
v -4.000000 -4.060788 6.966450
v -4.000000 -3.260788 6.966450
v -4.000000 -3.260788 3.513150
v -4.000000 -4.060788 3.513150
v 4.000000 -4.060788 6.966450
v 4.000000 -3.260788 6.966450
v 3.893658 -3.060788 6.966450
v -3.893658 -3.060788 6.966450
v -3.612168 -4.409336 6.966450
v -3.194107 -4.720984 6.966450
v -2.749314 -4.993123 6.966450
v -2.281514 -5.223475 6.966450
v -1.794621 -5.410114 6.966450
v -1.292708 -5.551478 6.966450
v -0.779978 -5.646382 6.966450
v -0.260720 -5.694034 6.966450
v 0.260720 -5.694034 6.966450
v 0.779978 -5.646382 6.966450
v 1.292708 -5.551478 6.966450
v 1.794621 -5.410114 6.966450
v 2.281514 -5.223475 6.966450
v 2.749314 -4.993123 6.966450
v 3.194107 -4.720984 6.966450
v 3.612168 -4.409336 6.966450
v 4.000000 -4.060788 3.513150
v 4.000000 -3.260788 3.513150
v 3.893658 -3.060788 3.513150
v 3.909440 -3.060788 3.255791
v 3.956548 -3.060788 3.002287
v 4.034278 -3.060788 2.756439
v -4.034278 -3.060788 2.756439
v -3.956548 -3.060788 3.002287
v -3.909440 -3.060788 3.255791
v -3.893658 -3.060788 3.513150
v -0.800000 -3.060788 3.166450
v -0.981173 -3.060788 3.142598
v -1.150000 -3.060788 3.072668
v -1.294975 -3.060788 2.961425
v -1.406218 -3.060788 2.816450
v -1.476148 -3.060788 2.647624
v -1.500000 -3.060788 2.466450
v -1.476148 -3.060788 2.285277
v -1.406218 -3.060788 2.116450
v -1.294975 -3.060788 1.971475
v -1.150000 -3.060788 1.860232
v -0.981173 -3.060788 1.790302
v -0.800000 -3.060788 1.766450
v 0.800000 -3.060788 1.766450
v 0.981173 -3.060788 1.790302
v 1.150000 -3.060788 1.860232
v 1.294975 -3.060788 1.971475
v 1.406218 -3.060788 2.116450
v 1.476148 -3.060788 2.285277
v 1.500000 -3.060788 2.466450
v 1.476148 -3.060788 2.647624
v 1.406218 -3.060788 2.816450
v 1.294975 -3.060788 2.961425
v 1.150000 -3.060788 3.072668
v 0.981173 -3.060788 3.142598
v 0.800000 -3.060788 3.166450
v -4.058824 -4.060789 2.477856
v -4.255573 -4.060789 2.059603
v -4.409356 -4.060789 1.623717
v -4.518618 -4.060789 1.174599
v -4.582257 -4.060789 0.716782
v -4.599631 -4.060789 0.254891
v -4.570564 -4.060789 -0.206413
v -4.495349 -4.060789 -0.662471
v -4.374746 -4.060789 -1.108678
v -4.209973 -4.060789 -1.540529
v -4.002693 -4.060789 -1.953664
v -3.754999 -4.060789 -2.343912
v -3.469392 -4.060789 -2.707333
v -3.148756 -4.060789 -3.040257
v -2.796328 -4.060789 -3.339322
v -2.415666 -4.060789 -3.601510
v -2.010613 -4.060789 -3.824172
v -1.585261 -4.060789 -4.005061
v -1.143902 -4.060789 -4.142350
v -0.690994 -4.060789 -4.234654
v -0.231109 -4.060789 -4.281041
v 0.231109 -4.060789 -4.281041
v 0.690994 -4.060789 -4.234654
v 1.143902 -4.060789 -4.142350
v 1.585261 -4.060789 -4.005061
v 2.010613 -4.060789 -3.824172
v 2.415666 -4.060789 -3.601510
v 2.796328 -4.060789 -3.339322
v 3.148756 -4.060789 -3.040257
v 3.469392 -4.060789 -2.707333
v 3.754999 -4.060789 -2.343912
v 4.002693 -4.060789 -1.953664
v 4.209973 -4.060789 -1.540529
v 4.374746 -4.060789 -1.108678
v 4.495349 -4.060789 -0.662471
v 4.570564 -4.060789 -0.206413
v 4.599631 -4.060789 0.254891
v 4.582257 -4.060789 0.716782
v 4.518618 -4.060789 1.174599
v 4.409356 -4.060789 1.623717
v 4.255573 -4.060789 2.059603
v 4.058824 -4.060789 2.477856
v 3.982640 -4.060789 2.635506
v 3.919235 -4.060789 2.798716
v 3.869010 -4.060789 2.966450
v -3.869010 -4.060789 2.966450
v -3.919235 -4.060789 2.798716
v -3.982640 -4.060789 2.635506
v -4.004861 -4.056017 3.374347
v -4.019321 -4.041689 3.236111
v -4.043196 -4.017782 3.099731
v -4.076171 -3.984323 2.966450
v -3.707925 -4.329122 2.966450
v -3.310636 -4.640010 2.966450
v -2.887415 -4.914554 2.966450
v -2.441577 -5.150603 2.966450
v -1.976614 -5.346307 2.966450
v -1.496169 -5.500135 2.966450
v -1.004005 -5.610880 2.966450
v -0.503976 -5.677677 2.966450
v 0.000000 -5.700000 2.966450
v 0.503976 -5.677677 2.966450
v 1.004005 -5.610880 2.966450
v 1.496169 -5.500135 2.966450
v 1.976614 -5.346307 2.966450
v 2.441577 -5.150603 2.966450
v 2.887415 -4.914554 2.966450
v 3.310636 -4.640010 2.966450
v 3.707925 -4.329122 2.966450
v 4.076171 -3.984323 2.966450
v 4.043196 -4.017782 3.099731
v 4.019321 -4.041689 3.236111
v 4.004861 -4.056017 3.374347
v -4.076171 -3.954446 2.966450
v 4.076171 -3.954446 2.966450
v -0.800000 -3.560789 3.166450
v -0.981173 -3.560789 3.142598
v -1.150000 -3.560789 3.072668
v -1.294975 -3.560789 2.961425
v -1.406218 -3.560789 2.816450
v -1.476148 -3.560789 2.647624
v -1.500000 -3.560789 2.466450
v -1.476148 -3.560789 2.285277
v -1.406218 -3.560789 2.116450
v -1.294975 -3.560789 1.971475
v -1.150000 -3.560789 1.860232
v -0.981173 -3.560789 1.790302
v -0.800000 -3.560789 1.766450
v 0.800000 -3.560789 1.766450
v 0.981173 -3.560789 1.790302
v 1.150000 -3.560789 1.860232
v 1.294975 -3.560789 1.971475
v 1.406218 -3.560789 2.116450
v 1.476148 -3.560789 2.285277
v 1.500000 -3.560789 2.466450
v 1.476148 -3.560789 2.647624
v 1.406218 -3.560789 2.816450
v 1.294975 -3.560789 2.961425
v 1.150000 -3.560789 3.072668
v 0.981173 -3.560789 3.142598
v 0.800000 -3.560789 3.166450
v -4.014985 -3.260788 3.268784
v -4.059715 -3.260788 3.028079
v -4.133520 -3.260788 2.794643
v -4.172950 -3.954446 2.699585
v -4.119820 -3.954446 2.831298
v 4.133520 -3.260788 2.794643
v 4.059715 -3.260788 3.028079
v 4.014985 -3.260788 3.268784
v 4.119820 -3.954446 2.831298
v 4.172950 -3.954446 2.699585
v 1.900000 3.899819 -0.033550
v 1.881509 3.899819 -0.297979
v 1.826397 3.899819 -0.557261
v 1.735736 3.899819 -0.806350
v 1.611291 3.899819 -1.040397
v 1.455484 3.899819 -1.254847
v 1.271348 3.899819 -1.445525
v 1.062467 3.899819 -1.608722
v 0.832905 3.899819 -1.741259
v 0.587132 3.899819 -1.840558
v 0.329932 3.899819 -1.904685
v 0.066309 3.899819 -1.932393
v -0.198604 3.899819 -1.923142
v -0.459652 3.899819 -1.877112
v -0.711753 3.899819 -1.795200
v -0.950000 3.899819 -1.678999
v -1.169757 3.899819 -1.530771
v -1.366746 3.899819 -1.353401
v -1.537132 3.899819 -1.150342
v -1.677601 3.899819 -0.925546
v -1.785416 3.899819 -0.683389
v -1.858480 3.899819 -0.428582
v -1.895372 3.899819 -0.166088
v -1.895372 3.899819 0.098987
v -1.858480 3.899819 0.361482
v -1.785416 3.899819 0.616288
v -1.677601 3.899819 0.858446
v -1.537132 3.899819 1.083242
v -1.366746 3.899819 1.286301
v -1.169757 3.899819 1.463670
v -0.950000 3.899819 1.611898
v -0.711753 3.899819 1.728099
v -0.459652 3.899819 1.810012
v -0.198604 3.899819 1.856041
v 0.066309 3.899819 1.865292
v 0.329932 3.899819 1.837584
v 0.587132 3.899819 1.773457
v 0.832905 3.899819 1.674158
v 1.062467 3.899819 1.541621
v 1.271348 3.899819 1.378425
v 1.455484 3.899819 1.187746
v 1.611291 3.899819 0.973296
v 1.735736 3.899819 0.739249
v 1.826397 3.899819 0.490161
v 1.881509 3.899819 0.230878
v 2.000000 3.846648 -0.033550
v 1.981372 3.846648 0.238783
v 1.925835 3.846648 0.506043
v 1.834423 3.846648 0.763252
v 1.708839 3.846648 1.005618
v 1.551423 3.846648 1.228625
v 1.365106 3.846648 1.428122
v 1.153361 3.846648 1.600390
v 0.920130 3.846648 1.742220
v 0.669759 3.846648 1.850971
v 0.406912 3.846648 1.924618
v 0.136485 3.846648 1.961787
v -0.136485 3.846648 1.961787
v -0.406912 3.846648 1.924618
v -0.669759 3.846648 1.850971
v -0.920130 3.846648 1.742220
v -1.153361 3.846648 1.600390
v -1.365106 3.846648 1.428122
v -1.551423 3.846648 1.228625
v -1.708839 3.846648 1.005618
v -1.834423 3.846648 0.763252
v -1.925835 3.846648 0.506043
v -1.981372 3.846648 0.238783
v -2.000000 3.846648 -0.033550
v -1.981372 3.846648 -0.305884
v -1.925835 3.846648 -0.573144
v -1.834423 3.846648 -0.830353
v -1.708839 3.846648 -1.072719
v -1.551423 3.846648 -1.295726
v -1.365106 3.846648 -1.495222
v -1.153361 3.846648 -1.667490
v -0.920130 3.846648 -1.809321
v -0.669759 3.846648 -1.918072
v -0.406912 3.846648 -1.991718
v -0.136485 3.846648 -2.028888
v 0.136485 3.846648 -2.028888
v 0.406912 3.846648 -1.991718
v 0.669759 3.846648 -1.918072
v 0.920130 3.846648 -1.809321
v 1.153361 3.846648 -1.667490
v 1.365106 3.846648 -1.495222
v 1.551423 3.846648 -1.295726
v 1.708839 3.846648 -1.072719
v 1.834423 3.846648 -0.830353
v 1.925835 3.846648 -0.573144
v 1.981372 3.846648 -0.305884
v -1.900000 4.793477 -0.033550
v -1.881509 4.793477 -0.297979
v -1.826397 4.793477 -0.557261
v -1.735736 4.793477 -0.806350
v -1.611291 4.793477 -1.040397
v -1.455484 4.793477 -1.254847
v -1.271348 4.793477 -1.445526
v -1.062467 4.793477 -1.608722
v -0.832905 4.793477 -1.741259
v -0.587132 4.793477 -1.840558
v -0.329932 4.793477 -1.904685
v -0.066309 4.793477 -1.932393
v 0.198604 4.793477 -1.923142
v 0.459652 4.793477 -1.877112
v 0.711753 4.793477 -1.795200
v 0.950000 4.793477 -1.678999
v 1.169757 4.793477 -1.530771
v 1.366746 4.793477 -1.353401
v 1.537132 4.793477 -1.150342
v 1.677601 4.793477 -0.925546
v 1.785416 4.793477 -0.683389
v 1.858480 4.793477 -0.428583
v 1.895372 4.793477 -0.166088
v 1.895372 4.793477 0.098987
v 1.858480 4.793477 0.361482
v 1.785416 4.793477 0.616288
v 1.677601 4.793477 0.858446
v 1.537132 4.793477 1.083241
v 1.366746 4.793477 1.286301
v 1.169757 4.793477 1.463670
v 0.950000 4.793477 1.611898
v 0.711753 4.793477 1.728099
v 0.459652 4.793477 1.810011
v 0.198604 4.793477 1.856041
v -0.066309 4.793477 1.865292
v -0.329932 4.793477 1.837584
v -0.587132 4.793477 1.773457
v -0.832905 4.793477 1.674158
v -1.062467 4.793477 1.541621
v -1.271348 4.793477 1.378425
v -1.455484 4.793477 1.187746
v -1.611291 4.793477 0.973296
v -1.735736 4.793477 0.739249
v -1.826397 4.793477 0.490161
v -1.881509 4.793477 0.230878
v -2.000000 4.846648 -0.033550
v -1.981372 4.846648 0.238783
v -1.925835 4.846648 0.506043
v -1.834423 4.846648 0.763252
v -1.708839 4.846648 1.005618
v -1.551423 4.846648 1.228625
v -1.365106 4.846648 1.428122
v -1.153361 4.846648 1.600389
v -0.920130 4.846648 1.742220
v -0.669759 4.846648 1.850971
v -0.406912 4.846648 1.924618
v -0.136485 4.846648 1.961787
v 0.136485 4.846648 1.961787
v 0.406912 4.846648 1.924618
v 0.669759 4.846648 1.850971
v 0.920130 4.846648 1.742220
v 1.153361 4.846648 1.600389
v 1.365106 4.846648 1.428122
v 1.551423 4.846648 1.228625
v 1.708839 4.846648 1.005618
v 1.834423 4.846648 0.763252
v 1.925835 4.846648 0.506043
v 1.981372 4.846648 0.238783
v 2.000000 4.846648 -0.033550
v 1.981372 4.846648 -0.305884
v 1.925835 4.846648 -0.573144
v 1.834423 4.846648 -0.830353
v 1.708839 4.846648 -1.072719
v 1.551423 4.846648 -1.295726
v 1.365106 4.846648 -1.495222
v 1.153361 4.846648 -1.667490
v 0.920130 4.846648 -1.809321
v 0.669759 4.846648 -1.918072
v 0.406912 4.846648 -1.991719
v 0.136485 4.846648 -2.028888
v -0.136485 4.846648 -2.028888
v -0.406912 4.846648 -1.991719
v -0.669759 4.846648 -1.918072
v -0.920130 4.846648 -1.809321
v -1.153361 4.846648 -1.667490
v -1.365106 4.846648 -1.495222
v -1.551423 4.846648 -1.295726
v -1.708839 4.846648 -1.072719
v -1.834423 4.846648 -0.830353
v -1.925835 4.846648 -0.573144
v -1.981372 4.846648 -0.305884
v -0.450000 5.682209 5.966449
v -0.441478 5.682884 6.052981
v -0.415732 5.684819 6.138690
v -0.373331 5.687757 6.217478
v -0.318198 5.691112 6.284647
v -0.251029 5.694464 6.339780
v -0.172240 5.697397 6.382182
v -0.086531 5.699327 6.407928
v 0.000000 5.700000 6.416450
v 0.086531 5.699327 6.407928
v 0.172240 5.697397 6.382182
v 0.251029 5.694464 6.339780
v 0.318198 5.691112 6.284647
v 0.373331 5.687757 6.217478
v 0.415732 5.684819 6.138690
v 0.441478 5.682884 6.052981
v 0.450000 5.682209 5.966449
v 0.441478 5.682884 5.879918
v 0.415732 5.684819 5.794209
v 0.373331 5.687757 5.715421
v 0.318198 5.691112 5.648252
v 0.251029 5.694464 5.593119
v 0.172240 5.697397 5.550717
v 0.086531 5.699327 5.524971
v 0.000000 5.700000 5.516449
v -0.086531 5.699327 5.524971
v -0.172240 5.697397 5.550717
v -0.251029 5.694464 5.593119
v -0.318198 5.691112 5.648252
v -0.373331 5.687757 5.715421
v -0.415732 5.684819 5.794209
v -0.441478 5.682884 5.879918
v 0.450000 3.846648 5.966449
v 0.431772 3.846648 6.093229
v 0.378564 3.846648 6.209738
v 0.294687 3.846648 6.306537
v 0.186937 3.846648 6.375784
v 0.064042 3.846648 6.411870
v -0.064042 3.846648 6.411870
v -0.186937 3.846648 6.375784
v -0.294687 3.846648 6.306537
v -0.378564 3.846648 6.209738
v -0.431772 3.846648 6.093229
v -0.450000 3.846648 5.966449
v -0.431772 3.846648 5.839670
v -0.378564 3.846648 5.723161
v -0.294687 3.846648 5.626362
v -0.186937 3.846648 5.557115
v -0.064042 3.846648 5.521030
v 0.064042 3.846648 5.521030
v 0.186937 3.846648 5.557115
v 0.294687 3.846648 5.626362
v 0.378564 3.846648 5.723161
v 0.431772 3.846648 5.839670
v -0.450000 5.682209 3.966449
v -0.441478 5.682884 4.052981
v -0.415732 5.684819 4.138690
v -0.373331 5.687757 4.217478
v -0.318198 5.691112 4.284647
v -0.251029 5.694464 4.339780
v -0.172240 5.697397 4.382182
v -0.086531 5.699327 4.407928
v 0.000000 5.700000 4.416450
v 0.086531 5.699327 4.407928
v 0.172240 5.697397 4.382182
v 0.251029 5.694464 4.339780
v 0.318198 5.691112 4.284647
v 0.373331 5.687757 4.217478
v 0.415732 5.684819 4.138690
v 0.441478 5.682884 4.052981
v 0.450000 5.682209 3.966449
v 0.441478 5.682884 3.879918
v 0.415732 5.684819 3.794210
v 0.373331 5.687757 3.715421
v 0.318198 5.691112 3.648252
v 0.251029 5.694464 3.593119
v 0.172240 5.697397 3.550718
v 0.086531 5.699327 3.524971
v 0.000000 5.700000 3.516449
v -0.086531 5.699327 3.524971
v -0.172240 5.697397 3.550718
v -0.251029 5.694464 3.593119
v -0.318198 5.691112 3.648252
v -0.373331 5.687757 3.715421
v -0.415732 5.684819 3.794210
v -0.441478 5.682884 3.879918
v 0.450000 3.846648 3.966449
v 0.431772 3.846648 4.093229
v 0.378564 3.846648 4.209738
v 0.294687 3.846648 4.306537
v 0.186937 3.846648 4.375784
v 0.064042 3.846648 4.411869
v -0.064042 3.846648 4.411869
v -0.186937 3.846648 4.375784
v -0.294687 3.846648 4.306537
v -0.378564 3.846648 4.209738
v -0.431772 3.846648 4.093229
v -0.450000 3.846648 3.966449
v -0.431772 3.846648 3.839670
v -0.378564 3.846648 3.723161
v -0.294687 3.846648 3.626362
v -0.186937 3.846648 3.557115
v -0.064042 3.846648 3.521030
v 0.064042 3.846648 3.521030
v 0.186937 3.846648 3.557115
v 0.294687 3.846648 3.626362
v 0.378564 3.846648 3.723161
v 0.431772 3.846648 3.839670
v 3.000000 3.846648 6.966449
v 3.000000 4.846649 6.966449
v 2.607243 5.068756 6.966449
v 2.198148 5.259102 6.966449
v 1.775279 5.416492 6.966449
v 1.341285 5.539942 6.966449
v 0.898887 5.628677 6.966449
v 0.450856 5.682141 6.966449
v 0.000000 5.700000 6.966449
v -0.450856 5.682141 6.966449
v -0.898887 5.628677 6.966449
v -1.341285 5.539942 6.966449
v -1.775279 5.416492 6.966449
v -2.198148 5.259102 6.966449
v -2.607243 5.068756 6.966449
v -3.000000 4.846649 6.966449
v -3.000000 3.846648 6.966449
v -3.000000 4.846648 2.966449
v -3.000000 4.846648 -0.033550
v -3.000000 3.846648 -0.033550
v 3.000000 3.846648 -0.033550
v 3.000000 4.846648 -0.033550
v 3.000000 4.846648 2.966449
v -2.981137 3.846648 -0.369444
v -2.924784 3.846648 -0.701113
v -2.831650 3.846648 -1.024387
v -2.702907 3.846648 -1.335202
v -2.540173 3.846648 -1.629646
v -2.345495 3.846648 -1.904020
v -2.121320 3.846648 -2.154871
v -1.870469 3.846648 -2.379045
v -1.596096 3.846648 -2.573723
v -1.301651 3.846648 -2.736457
v -0.990837 3.846648 -2.865201
v -0.667563 3.846648 -2.958334
v -0.335893 3.846648 -3.014687
v 0.000000 3.846648 -3.033550
v 0.335893 3.846648 -3.014687
v 0.667563 3.846648 -2.958334
v 0.990837 3.846648 -2.865201
v 1.301651 3.846648 -2.736457
v 1.596096 3.846648 -2.573723
v 1.870469 3.846648 -2.379045
v 2.121320 3.846648 -2.154871
v 2.345495 3.846648 -1.904020
v 2.540173 3.846648 -1.629646
v 2.702907 3.846648 -1.335202
v 2.831650 3.846648 -1.024387
v 2.924784 3.846648 -0.701113
v 2.981137 3.846648 -0.369444
v 2.981137 4.846648 -0.369444
v 2.924784 4.846648 -0.701113
v 2.831650 4.846648 -1.024388
v 2.702907 4.846648 -1.335202
v 2.540173 4.846648 -1.629647
v 2.345495 4.846648 -1.904020
v 2.121320 4.846648 -2.154871
v 1.870469 4.846648 -2.379045
v 1.596096 4.846648 -2.573723
v 1.301651 4.846648 -2.736457
v 0.990837 4.846648 -2.865201
v 0.667563 4.846648 -2.958334
v 0.335893 4.846648 -3.014687
v 0.000000 4.846648 -3.033551
v -0.335893 4.846648 -3.014687
v -0.667563 4.846648 -2.958334
v -0.990837 4.846648 -2.865201
v -1.301651 4.846648 -2.736457
v -1.596096 4.846648 -2.573723
v -1.870469 4.846648 -2.379045
v -2.121320 4.846648 -2.154871
v -2.345495 4.846648 -1.904020
v -2.540173 4.846648 -1.629647
v -2.702907 4.846648 -1.335202
v -2.831650 4.846648 -1.024388
v -2.924784 4.846648 -0.701113
v -2.981137 4.846648 -0.369444
v 2.607243 5.068756 2.966449
v 2.198148 5.259101 2.966449
v 1.775279 5.416492 2.966449
v 1.341285 5.539941 2.966449
v 0.898887 5.628677 2.966449
v 0.450856 5.682141 2.966449
v 0.000000 5.700000 2.966449
v -0.450856 5.682141 2.966449
v -0.898887 5.628677 2.966449
v -1.341285 5.539941 2.966449
v -1.775279 5.416492 2.966449
v -2.198148 5.259101 2.966449
v -2.607243 5.068756 2.966449
vn -0.8426 0.4411 0.3090
vn -0.8859 0.4638 -0.0000
vn -0.9113 0.3775 0.1646
vn -0.9270 0.3751 -0.0000
vn -0.9439 0.2863 0.1646
vn -0.9592 0.2828 -0.0000
vn -0.9674 0.1924 0.1646
vn -0.9822 0.1879 -0.0000
vn -0.9816 0.0967 0.1646
vn -0.9958 0.0911 -0.0000
vn -0.9864 -0.0000 0.1646
vn -1.0000 -0.0065 -0.0000
vn -0.9816 -0.0967 0.1646
vn -0.9946 -0.1041 -0.0000
vn -0.9674 -0.1924 0.1646
vn -0.9797 -0.2007 -0.0000
vn -0.9439 -0.2863 0.1646
vn -0.9554 -0.2954 -0.0000
vn -0.9113 -0.3775 0.1646
vn -0.9220 -0.3872 -0.0000
vn -0.8699 -0.4650 0.1646
vn -0.8798 -0.4754 -0.0000
vn -0.8201 -0.5480 0.1646
vn -0.8292 -0.5590 -0.0000
vn -0.7625 -0.6257 0.1646
vn -0.7707 -0.6372 -0.0000
vn -0.6975 -0.6975 0.1646
vn -0.7048 -0.7094 -0.0000
vn -0.6257 -0.7625 0.1646
vn -0.6322 -0.7748 -0.0000
vn -0.5480 -0.8201 0.1646
vn -0.5535 -0.8328 -0.0000
vn -0.4650 -0.8699 0.1646
vn -0.4696 -0.8829 -0.0000
vn -0.3775 -0.9113 0.1646
vn -0.3812 -0.9245 -0.0000
vn -0.2863 -0.9439 0.1646
vn -0.2891 -0.9573 -0.0000
vn -0.1917 -0.9676 0.1646
vn -0.1940 -0.9810 -0.0000
vn -0.0963 -0.9816 0.1646
vn -0.0974 -0.9952 -0.0000
vn -0.0000 -0.9864 0.1646
vn -0.0000 -1.0000 -0.0000
vn 0.0976 -0.9952 -0.0000
vn 0.0963 -0.9816 0.1646
vn 0.1943 -0.9809 -0.0000
vn 0.1917 -0.9676 0.1646
vn 0.2891 -0.9573 -0.0000
vn 0.2863 -0.9439 0.1646
vn 0.3812 -0.9245 -0.0000
vn 0.3775 -0.9113 0.1646
vn 0.4696 -0.8829 -0.0000
vn 0.4650 -0.8699 0.1646
vn 0.5535 -0.8328 -0.0000
vn 0.5480 -0.8201 0.1646
vn 0.6322 -0.7748 -0.0000
vn 0.6257 -0.7625 0.1646
vn 0.7048 -0.7094 -0.0000
vn 0.6975 -0.6975 0.1646
vn 0.7707 -0.6372 -0.0000
vn 0.7625 -0.6257 0.1646
vn 0.8292 -0.5590 -0.0000
vn 0.8201 -0.5480 0.1646
vn 0.8798 -0.4754 -0.0000
vn 0.8699 -0.4650 0.1646
vn 0.9220 -0.3872 -0.0000
vn 0.9113 -0.3775 0.1646
vn 0.9554 -0.2954 -0.0000
vn 0.9439 -0.2863 0.1646
vn 0.9797 -0.2007 -0.0000
vn 0.9674 -0.1924 0.1646
vn 0.9946 -0.1041 -0.0000
vn 0.9816 -0.0967 0.1646
vn 1.0000 -0.0065 -0.0000
vn 0.9864 -0.0000 0.1646
vn 0.9958 0.0911 -0.0000
vn 0.9816 0.0967 0.1646
vn 0.9822 0.1879 -0.0000
vn 0.9674 0.1924 0.1646
vn 0.9592 0.2828 -0.0000
vn 0.9439 0.2863 0.1646
vn 0.9270 0.3751 -0.0000
vn 0.9113 0.3775 0.1646
vn 0.8859 0.4638 -0.0000
vn 0.8426 0.4411 0.3090
vn 0.8125 0.3366 0.4759
vn 0.7167 0.3752 0.5878
vn 0.6257 0.2592 0.7357
vn 0.5208 0.2726 0.8090
vn 0.3711 0.1537 0.9158
vn 0.2738 0.1433 0.9511
vn 0.0763 0.0316 0.9966
vn -0.0000 -0.0000 1.0000
vn 0.0790 0.0240 0.9966
vn 0.0810 0.0161 0.9966
vn 0.0822 0.0081 0.9966
vn 0.0826 -0.0000 0.9966
vn 0.0822 -0.0081 0.9966
vn 0.0810 -0.0161 0.9966
vn 0.0790 -0.0240 0.9966
vn 0.0763 -0.0316 0.9966
vn 0.0728 -0.0389 0.9966
vn 0.0687 -0.0459 0.9966
vn 0.0638 -0.0524 0.9966
vn 0.0584 -0.0584 0.9966
vn 0.0524 -0.0638 0.9966
vn 0.0459 -0.0687 0.9966
vn 0.0389 -0.0729 0.9966
vn 0.0316 -0.0763 0.9966
vn 0.0240 -0.0791 0.9966
vn 0.0161 -0.0810 0.9966
vn 0.0081 -0.0822 0.9966
vn -0.0000 -0.0826 0.9966
vn -0.0081 -0.0822 0.9966
vn -0.0393 -0.3998 0.9158
vn -0.0783 -0.3940 0.9158
vn -0.1319 -0.6643 0.7357
vn -0.1966 -0.6481 0.7357
vn -0.2553 -0.8416 0.4759
vn -0.3366 -0.8125 0.4759
vn -0.0161 -0.0810 0.9966
vn -0.1166 -0.3844 0.9158
vn -0.2592 -0.6258 0.7357
vn -0.4146 -0.7756 0.4759
vn -0.0240 -0.0791 0.9966
vn -0.1537 -0.3711 0.9158
vn -0.3193 -0.5973 0.7357
vn -0.4886 -0.7313 0.4759
vn -0.0316 -0.0763 0.9966
vn -0.1894 -0.3543 0.9158
vn -0.3763 -0.5631 0.7357
vn -0.5579 -0.6799 0.4759
vn -0.0389 -0.0728 0.9966
vn -0.2232 -0.3340 0.9158
vn -0.4297 -0.5236 0.7357
vn -0.6219 -0.6219 0.4759
vn -0.0459 -0.0687 0.9966
vn -0.2548 -0.3105 0.9158
vn -0.4789 -0.4789 0.7357
vn -0.6798 -0.5579 0.4759
vn -0.0524 -0.0638 0.9966
vn -0.2841 -0.2841 0.9158
vn -0.5236 -0.4297 0.7357
vn -0.7313 -0.4886 0.4759
vn -0.0584 -0.0584 0.9966
vn -0.3105 -0.2548 0.9158
vn -0.5632 -0.3763 0.7357
vn -0.7756 -0.4146 0.4759
vn -0.0639 -0.0524 0.9966
vn -0.3340 -0.2232 0.9158
vn -0.5973 -0.3193 0.7357
vn -0.8125 -0.3366 0.4759
vn -0.0687 -0.0459 0.9966
vn -0.3543 -0.1894 0.9158
vn -0.6257 -0.2592 0.7357
vn -0.8416 -0.2553 0.4759
vn -0.0729 -0.0389 0.9966
vn -0.3711 -0.1537 0.9158
vn -0.6482 -0.1966 0.7357
vn -0.8626 -0.1716 0.4759
vn -0.0763 -0.0316 0.9966
vn -0.3844 -0.1166 0.9158
vn -0.6643 -0.1321 0.7357
vn -0.8752 -0.0862 0.4759
vn -0.0790 -0.0240 0.9966
vn -0.3940 -0.0784 0.9158
vn -0.6740 -0.0664 0.7357
vn -0.8795 -0.0000 0.4759
vn -0.0810 -0.0161 0.9966
vn -0.3997 -0.0394 0.9158
vn -0.6773 -0.0000 0.7357
vn -0.8753 0.0862 0.4759
vn -0.0822 -0.0081 0.9966
vn -0.4017 -0.0000 0.9158
vn -0.6740 0.0664 0.7357
vn -0.8626 0.1716 0.4759
vn -0.0826 -0.0000 0.9966
vn -0.3997 0.0394 0.9158
vn -0.6643 0.1321 0.7357
vn -0.8416 0.2553 0.4759
vn -0.0822 0.0081 0.9966
vn -0.3940 0.0784 0.9158
vn -0.6482 0.1966 0.7357
vn -0.8125 0.3366 0.4759
vn -0.0810 0.0161 0.9966
vn -0.3844 0.1166 0.9158
vn -0.6258 0.2592 0.7357
vn -0.7167 0.3752 0.5878
vn -0.0790 0.0240 0.9966
vn -0.3711 0.1537 0.9158
vn -0.5208 0.2726 0.8090
vn -0.0763 0.0316 0.9966
vn -0.2736 0.1433 0.9511
vn -0.1711 -0.8627 0.4760
vn -0.0663 -0.6741 0.7357
vn -0.0000 -0.4017 0.9158
vn 0.0393 -0.3998 0.9158
vn 0.0783 -0.3940 0.9158
vn 0.1166 -0.3844 0.9158
vn -0.0860 -0.8753 0.4759
vn -0.0000 -0.6773 0.7357
vn 0.0663 -0.6741 0.7357
vn 0.1319 -0.6643 0.7357
vn 0.1966 -0.6481 0.7357
vn 0.1537 -0.3711 0.9158
vn -0.0000 -0.8795 0.4759
vn 0.0860 -0.8753 0.4759
vn 0.1711 -0.8627 0.4759
vn 0.2553 -0.8416 0.4759
vn 0.2592 -0.6257 0.7357
vn 0.1894 -0.3543 0.9158
vn 0.3366 -0.8125 0.4759
vn 0.4146 -0.7756 0.4759
vn 0.4886 -0.7313 0.4759
vn 0.5579 -0.6798 0.4759
vn 0.6219 -0.6219 0.4759
vn 0.6798 -0.5579 0.4759
vn 0.7313 -0.4886 0.4759
vn 0.7756 -0.4146 0.4759
vn 0.8125 -0.3366 0.4759
vn 0.8416 -0.2553 0.4759
vn 0.8626 -0.1716 0.4759
vn 0.8753 -0.0862 0.4759
vn 0.8795 -0.0000 0.4759
vn 0.8753 0.0862 0.4759
vn 0.8626 0.1716 0.4759
vn 0.8416 0.2553 0.4759
vn 0.3193 -0.5973 0.7357
vn 0.2232 -0.3340 0.9158
vn 0.3763 -0.5631 0.7357
vn 0.4297 -0.5236 0.7357
vn 0.4789 -0.4789 0.7357
vn 0.5236 -0.4297 0.7357
vn 0.5632 -0.3763 0.7357
vn 0.5973 -0.3193 0.7357
vn 0.6257 -0.2592 0.7357
vn 0.6482 -0.1966 0.7357
vn 0.6643 -0.1321 0.7357
vn 0.6740 -0.0664 0.7357
vn 0.6773 -0.0000 0.7357
vn 0.6740 0.0664 0.7357
vn 0.6643 0.1321 0.7357
vn 0.6481 0.1966 0.7357
vn 0.2548 -0.3105 0.9158
vn 0.2841 -0.2841 0.9158
vn 0.3105 -0.2548 0.9158
vn 0.3340 -0.2232 0.9158
vn 0.3543 -0.1894 0.9158
vn 0.3711 -0.1537 0.9158
vn 0.3844 -0.1166 0.9158
vn 0.3940 -0.0784 0.9158
vn 0.3998 -0.0394 0.9158
vn 0.4017 -0.0000 0.9158
vn 0.3998 0.0394 0.9158
vn 0.3940 0.0784 0.9158
vn 0.3844 0.1166 0.9158
vn 0.1594 -0.9872 -0.0000
vn 0.2225 -0.9749 -0.0000
vn 0.5757 -0.8176 -0.0000
vn 0.6235 -0.7818 -0.0001
vn 0.8718 -0.4899 -0.0000
vn 0.9010 -0.4339 -0.0000
vn 0.9978 -0.0667 -0.0000
vn 1.0000 -0.0000 -0.0000
vn 0.9292 0.3696 -0.0000
vn 0.9010 0.4339 -0.0000
vn 0.6794 0.7338 -0.0000
vn 0.6235 0.7818 -0.0000
vn 0.2971 0.9548 -0.0000
vn 0.2225 0.9749 -0.0000
vn -0.1431 0.9897 -0.0000
vn -0.2225 0.9749 -0.0000
vn -0.5554 0.8316 -0.0000
vn -0.6235 0.7818 -0.0000
vn -0.8594 0.5113 -0.0000
vn -0.9010 0.4339 -0.0000
vn -0.9965 0.0831 -0.0000
vn -1.0000 -0.0000 -0.0000
vn -0.9322 -0.3619 -0.0000
vn -0.9010 -0.4339 -0.0000
vn -0.6794 -0.7338 -0.0000
vn -0.6235 -0.7818 -0.0000
vn -0.2893 -0.9573 -0.0000
vn -0.2225 -0.9749 -0.0000
vn -0.8718 -0.4899 -0.0000
vn -0.6235 -0.7818 -0.0001
vn -0.5757 -0.8176 -0.0000
vn -0.1594 -0.9872 -0.0000
vn 0.2893 -0.9573 -0.0000
vn 0.6235 -0.7818 -0.0000
vn 0.6794 -0.7338 -0.0000
vn 0.9322 -0.3619 -0.0000
vn 0.9965 0.0831 -0.0000
vn 0.8594 0.5113 -0.0000
vn 0.5554 0.8316 -0.0000
vn 0.1431 0.9897 -0.0000
vn -0.2971 0.9548 -0.0000
vn -0.6794 0.7338 -0.0000
vn -0.9292 0.3696 -0.0000
vn -0.9978 -0.0667 -0.0000
vn -1.0000 0.0048 -0.0000
vn -0.9087 -0.4174 0.0004
vn -0.8025 -0.5967 -0.0000
vn -0.6614 -0.7500 -0.0000
vn -0.4915 -0.8709 -0.0000
vn -0.0787 -0.9969 -0.0000
vn 0.3489 -0.9372 -0.0000
vn 0.7114 -0.7027 -0.0000
vn 0.9414 -0.3373 -0.0000
vn 0.9959 0.0909 -0.0000
vn 0.8647 0.5022 -0.0000
vn 0.5724 0.8200 -0.0000
vn 0.1734 0.9848 0.0001
vn -0.2579 0.9662 -0.0000
vn -0.6235 0.7818 -0.0001
vn -0.6411 0.7674 -0.0000
vn -0.9010 0.4338 -0.0001
vn -0.9050 0.4254 0.0001
vn 0.0786 -0.9969 -0.0000
vn 0.4915 -0.8709 -0.0000
vn 0.6614 -0.7500 -0.0000
vn 0.8024 -0.5967 -0.0000
vn 0.9087 -0.4174 -0.0000
vn 1.0000 0.0048 -0.0000
vn 0.9050 0.4254 0.0001
vn 0.9010 0.4338 -0.0001
vn 0.6411 0.7674 0.0001
vn 0.6235 0.7818 -0.0001
vn 0.2579 0.9662 -0.0000
vn -0.1734 0.9848 0.0001
vn -0.5724 0.8200 -0.0000
vn -0.8647 0.5022 -0.0000
vn -0.9959 0.0909 -0.0000
vn -0.9414 -0.3373 -0.0000
vn -0.7114 -0.7027 -0.0000
vn -0.3489 -0.9372 -0.0000
vn -0.1943 -0.9809 -0.0000
vn -0.0976 -0.9952 -0.0000
vn -0.7853 -0.5874 -0.1956
vn -0.8006 -0.5992 -0.0000
vn -0.8319 -0.5346 -0.1491
vn -0.8542 -0.5199 -0.0000
vn -0.8789 -0.4531 -0.1491
vn -0.9001 -0.4358 -0.0000
vn -0.9180 -0.3675 -0.1491
vn -0.9376 -0.3477 -0.0000
vn -0.9488 -0.2786 -0.1491
vn -0.9666 -0.2564 -0.0000
vn -0.9710 -0.1871 -0.1490
vn -0.9867 -0.1628 -0.0000
vn -0.9844 -0.0940 -0.1491
vn -0.9977 -0.0677 -0.0000
vn -0.9888 -0.0000 -0.1490
vn -0.9996 0.0281 -0.0000
vn -0.9844 0.0940 -0.1490
vn -0.9923 0.1236 -0.0000
vn -0.9710 0.1871 -0.1490
vn -0.9760 0.2179 -0.0000
vn -0.9488 0.2786 -0.1490
vn -0.9507 0.3103 -0.0000
vn -0.9180 0.3675 -0.1490
vn -0.9166 0.3998 -0.0000
vn -0.8789 0.4531 -0.1491
vn -0.8742 0.4856 -0.0000
vn -0.8319 0.5346 -0.1490
vn -0.8237 0.5670 -0.0000
vn -0.7773 0.6113 -0.1490
vn -0.7657 0.6432 -0.0000
vn -0.7157 0.6824 -0.1490
vn -0.7007 0.7135 -0.0000
vn -0.6475 0.7473 -0.1490
vn -0.6292 0.7772 -0.0000
vn -0.6078 0.7507 -0.2588
vn -0.5900 0.6809 -0.4339
vn -0.5449 0.6731 -0.5000
vn -0.4801 0.5540 -0.6802
vn -0.4449 0.5496 -0.7071
vn -0.3275 0.3779 -0.8660
vn -0.3146 0.3886 -0.8660
vn -0.1628 0.2012 -0.9659
vn -0.1457 0.1682 -0.9749
vn -0.0000 -0.0000 -1.0000
vn -0.1611 0.1536 -0.9749
vn -0.1749 0.1376 -0.9749
vn -0.1872 0.1203 -0.9749
vn -0.1978 0.1020 -0.9749
vn -0.2066 0.0827 -0.9749
vn -0.2135 0.0627 -0.9749
vn -0.2185 0.0421 -0.9749
vn -0.4910 0.0946 -0.8660
vn -0.4978 0.0475 -0.8660
vn -0.7298 0.0697 -0.6801
vn -0.7331 -0.0000 -0.6802
vn -0.9010 -0.0000 -0.4339
vn -0.8969 -0.0856 -0.4338
vn -0.2215 0.0212 -0.9749
vn -0.5000 -0.0000 -0.8660
vn -0.7297 -0.0697 -0.6802
vn -0.8847 -0.1705 -0.4339
vn -0.2225 -0.0000 -0.9749
vn -0.4977 -0.0475 -0.8660
vn -0.7198 -0.1387 -0.6801
vn -0.8645 -0.2538 -0.4338
vn -0.2215 -0.0211 -0.9749
vn -0.4910 -0.0946 -0.8660
vn -0.7034 -0.2065 -0.6802
vn -0.8364 -0.3349 -0.4339
vn -0.2185 -0.0421 -0.9749
vn -0.4798 -0.1409 -0.8660
vn -0.6806 -0.2725 -0.6802
vn -0.8008 -0.4129 -0.4339
vn -0.2135 -0.0627 -0.9749
vn -0.4642 -0.1858 -0.8660
vn -0.6516 -0.3359 -0.6802
vn -0.7579 -0.4871 -0.4339
vn -0.7399 -0.5526 -0.3837
vn -0.2066 -0.0827 -0.9749
vn -0.4444 -0.2291 -0.8660
vn -0.6167 -0.3963 -0.6802
vn -0.6663 -0.4962 -0.5566
vn -0.1978 -0.1020 -0.9749
vn -0.4206 -0.2703 -0.8660
vn -0.4462 -0.3296 -0.8320
vn -0.5671 -0.4208 -0.7081
vn -0.1872 -0.1203 -0.9749
vn -0.3085 -0.2267 -0.9238
vn -0.0023 -0.0030 -1.0000
vn -0.1577 -0.1153 -0.9807
vn -0.8969 0.0856 -0.4339
vn -0.7199 0.1387 -0.6801
vn -0.4798 0.1409 -0.8660
vn -0.8847 0.1705 -0.4338
vn -0.7034 0.2065 -0.6802
vn -0.4642 0.1858 -0.8660
vn -0.8645 0.2538 -0.4339
vn -0.6806 0.2725 -0.6802
vn -0.4444 0.2291 -0.8660
vn -0.8364 0.3349 -0.4339
vn -0.6516 0.3359 -0.6801
vn -0.4206 0.2703 -0.8660
vn -0.8008 0.4129 -0.4339
vn -0.6167 0.3963 -0.6802
vn -0.3930 0.3091 -0.8660
vn -0.7580 0.4871 -0.4338
vn -0.5762 0.4531 -0.6802
vn -0.3619 0.3450 -0.8660
vn -0.7082 0.5569 -0.4339
vn -0.5305 0.5059 -0.6802
vn -0.6521 0.6217 -0.4339
vn 0.7024 0.0807 -0.7072
vn 0.7027 0.0791 -0.7071
vn 0.7071 -0.0000 -0.7071
vn 0.7027 -0.0791 -0.7071
vn 0.6894 0.1573 -0.7071
vn 0.6887 0.1602 -0.7072
vn 0.6675 0.2335 -0.7071
vn 0.6660 0.2376 -0.7071
vn 0.6371 0.3068 -0.7071
vn 0.6345 0.3120 -0.7071
vn 0.5987 0.3762 -0.7071
vn 0.5948 0.3823 -0.7071
vn 0.5529 0.4408 -0.7071
vn 0.5474 0.4476 -0.7071
vn 0.5000 0.5000 -0.7071
vn 0.4928 0.5071 -0.7071
vn 0.4409 0.5528 -0.7071
vn 0.4318 0.5600 -0.7071
vn 0.3762 0.5987 -0.7071
vn 0.3651 0.6055 -0.7071
vn 0.3068 0.6371 -0.7071
vn 0.2937 0.6432 -0.7071
vn 0.2336 0.6674 -0.7071
vn 0.2185 0.6725 -0.7071
vn 0.1574 0.6894 -0.7071
vn 0.1404 0.6930 -0.7071
vn 0.0792 0.7027 -0.7071
vn 0.0605 0.7045 -0.7071
vn -0.0000 0.7071 -0.7071
vn -0.0202 0.7068 -0.7071
vn -0.0792 0.7027 -0.7071
vn -0.1006 0.6999 -0.7071
vn -0.1573 0.6894 -0.7071
vn -0.1798 0.6839 -0.7071
vn -0.2335 0.6674 -0.7071
vn -0.2566 0.6589 -0.7071
vn -0.3068 0.6371 -0.7071
vn -0.3300 0.6254 -0.7071
vn -0.3762 0.5987 -0.7071
vn -0.3991 0.5837 -0.7071
vn -0.4408 0.5529 -0.7071
vn -0.4631 0.5344 -0.7071
vn -0.5000 0.5000 -0.7071
vn -0.5210 0.4781 -0.7071
vn -0.5528 0.4409 -0.7071
vn -0.5721 0.4156 -0.7071
vn -0.5987 0.3762 -0.7071
vn -0.6158 0.3477 -0.7071
vn -0.6371 0.3068 -0.7071
vn -0.6514 0.2752 -0.7071
vn -0.6674 0.2335 -0.7071
vn -0.6785 0.1992 -0.7071
vn -0.6893 0.1574 -0.7071
vn -0.6968 0.1206 -0.7071
vn -0.7026 0.0792 -0.7071
vn -0.7059 0.0404 -0.7071
vn -0.7071 -0.0000 -0.7071
vn -0.7059 -0.0404 -0.7071
vn -0.7027 -0.0792 -0.7071
vn -0.6968 -0.1206 -0.7071
vn -0.6893 -0.1574 -0.7071
vn -0.6785 -0.1992 -0.7071
vn -0.6674 -0.2335 -0.7071
vn -0.6514 -0.2752 -0.7071
vn -0.6371 -0.3068 -0.7071
vn -0.6157 -0.3477 -0.7071
vn -0.5987 -0.3762 -0.7071
vn -0.5721 -0.4156 -0.7071
vn -0.5528 -0.4409 -0.7071
vn -0.5210 -0.4781 -0.7071
vn -0.5000 -0.5000 -0.7071
vn -0.4631 -0.5344 -0.7071
vn -0.4409 -0.5528 -0.7071
vn -0.3992 -0.5837 -0.7071
vn -0.3762 -0.5987 -0.7071
vn -0.3300 -0.6254 -0.7071
vn -0.3068 -0.6371 -0.7071
vn -0.2565 -0.6589 -0.7071
vn -0.2335 -0.6674 -0.7071
vn -0.1798 -0.6839 -0.7071
vn -0.1573 -0.6894 -0.7071
vn -0.1006 -0.6999 -0.7071
vn -0.0792 -0.7027 -0.7071
vn -0.0202 -0.7068 -0.7071
vn -0.0000 -0.7071 -0.7071
vn 0.0605 -0.7045 -0.7071
vn 0.0792 -0.7027 -0.7071
vn 0.1404 -0.6930 -0.7071
vn 0.1574 -0.6894 -0.7071
vn 0.2185 -0.6725 -0.7071
vn 0.2336 -0.6674 -0.7071
vn 0.2938 -0.6432 -0.7071
vn 0.3068 -0.6371 -0.7071
vn 0.3651 -0.6055 -0.7071
vn 0.3762 -0.5987 -0.7071
vn 0.4318 -0.5600 -0.7071
vn 0.4409 -0.5528 -0.7071
vn 0.4928 -0.5071 -0.7071
vn 0.5000 -0.5000 -0.7071
vn 0.5474 -0.4476 -0.7071
vn 0.5528 -0.4409 -0.7071
vn 0.5948 -0.3823 -0.7071
vn 0.5987 -0.3762 -0.7071
vn 0.6345 -0.3120 -0.7071
vn 0.6371 -0.3068 -0.7071
vn 0.6660 -0.2376 -0.7071
vn 0.6675 -0.2335 -0.7071
vn 0.6887 -0.1602 -0.7072
vn 0.6894 -0.1573 -0.7071
vn 0.7024 -0.0807 -0.7072
vn -0.9930 0.1183 -0.0000
vn -0.9973 0.0738 -0.0000
vn -0.9992 -0.0399 -0.0000
vn -0.9930 -0.1183 -0.0000
vn -0.9882 -0.1531 -0.0000
vn -0.9720 -0.2349 -0.0000
vn -0.9644 -0.2643 -0.0000
vn -0.9374 -0.3482 -0.0000
vn -0.9282 -0.3721 -0.0000
vn -0.8897 -0.4566 -0.0000
vn -0.8800 -0.4751 -0.0001
vn -0.8294 -0.5586 -0.0000
vn -0.8203 -0.5719 -0.0000
vn -0.7575 -0.6528 -0.0000
vn -0.7501 -0.6613 -0.0000
vn -0.7407 -0.6718 -0.0000
vn -0.9824 0.1866 -0.0000
vn -0.9720 0.2349 -0.0000
vn -0.9549 0.2969 -0.0000
vn -0.9374 0.3482 -0.0000
vn -0.9150 0.4034 -0.0000
vn -0.8897 0.4566 -0.0000
vn -0.8633 0.5047 -0.0000
vn -0.8294 0.5586 -0.0000
vn -0.8004 0.5994 -0.0000
vn -0.7575 0.6528 -0.0000
vn -0.7272 0.6864 -0.0000
vn -0.6750 0.7378 -0.0000
vn -0.6957 0.7183 -0.0000
vn -0.6628 0.7488 -0.0000
vn -0.6285 0.7778 -0.0000
vn -0.5830 0.8125 -0.0000
vn -0.5366 0.8438 -0.0000
vn -0.4828 0.8757 -0.0000
vn -0.4378 0.8991 -0.0000
vn -0.3758 0.9267 -0.0000
vn -0.3333 0.9428 -0.0000
vn -0.2636 0.9646 -0.0000
vn -0.2246 0.9744 -0.0000
vn -0.1477 0.9890 -0.0000
vn -0.1130 0.9936 -0.0000
vn -0.0296 0.9996 -0.0000
vn -0.0000 1.0000 -0.0000
vn 0.0888 0.9960 -0.0000
vn 0.1130 0.9936 -0.0000
vn 0.2060 0.9786 -0.0000
vn 0.2246 0.9744 -0.0000
vn 0.3203 0.9473 0.0001
vn 0.3333 0.9428 -0.0000
vn 0.4301 0.9028 -0.0000
vn 0.4379 0.8990 -0.0002
vn 0.5338 0.8456 0.0001
vn 0.5366 0.8438 -0.0000
vn 0.6301 0.7765 -0.0000
vn 0.6285 0.7778 0.0002
vn 0.6628 0.7488 -0.0000
vn 0.7175 0.6965 -0.0000
vn 0.6957 0.7183 -0.0000
vn 0.7272 0.6864 -0.0000
vn 0.7949 0.6068 -0.0000
vn 0.8005 0.5994 -0.0001
vn 0.8610 0.5085 -0.0000
vn 0.8634 0.5045 -0.0002
vn 0.9151 0.4031 -0.0000
vn 0.9150 0.4034 -0.0000
vn 0.9549 0.2970 -0.0001
vn 0.9564 0.2921 0.0001
vn 0.9824 0.1866 -0.0001
vn 0.9842 0.1769 -0.0000
vn 0.9973 0.0738 -0.0001
vn 0.9982 0.0592 -0.0000
vn 0.9992 -0.0399 -0.0000
vn 0.9982 -0.0592 -0.0000
vn 0.9882 -0.1531 -0.0000
vn 0.9842 -0.1769 -0.0000
vn 0.9644 -0.2643 -0.0000
vn 0.9564 -0.2921 -0.0000
vn 0.9282 -0.3721 -0.0000
vn 0.9151 -0.4031 -0.0000
vn 0.8800 -0.4750 -0.0000
vn 0.8610 -0.5085 -0.0000
vn 0.8203 -0.5719 -0.0000
vn 0.7949 -0.6068 -0.0000
vn 0.7501 -0.6613 -0.0000
vn 0.7175 -0.6966 -0.0000
vn 0.7407 -0.6718 -0.0000
vn 0.7311 -0.6822 -0.0000
vn 0.7214 -0.6925 -0.0000
vn 0.6371 -0.7708 -0.0000
vn 0.6301 -0.7765 -0.0000
vn 0.5443 -0.8389 -0.0000
vn 0.5338 -0.8456 -0.0000
vn 0.4444 -0.8958 -0.0000
vn 0.4301 -0.9028 -0.0000
vn 0.3385 -0.9410 -0.0000
vn 0.3203 -0.9473 -0.0000
vn 0.2282 -0.9736 -0.0000
vn 0.2060 -0.9786 -0.0000
vn 0.1149 -0.9934 -0.0000
vn 0.0888 -0.9960 -0.0000
vn -0.0296 -0.9996 -0.0000
vn -0.1149 -0.9934 -0.0000
vn -0.1477 -0.9890 -0.0000
vn -0.2282 -0.9736 -0.0000
vn -0.2636 -0.9646 -0.0000
vn -0.3385 -0.9410 -0.0000
vn -0.3758 -0.9267 -0.0000
vn -0.4444 -0.8958 -0.0000
vn -0.4828 -0.8757 -0.0000
vn -0.5443 -0.8389 -0.0000
vn -0.5830 -0.8125 -0.0000
vn -0.6371 -0.7708 -0.0000
vn -0.6750 -0.7378 -0.0000
vn -0.7214 -0.6925 -0.0000
vn -0.7311 -0.6822 -0.0000
vn 0.9937 0.1120 -0.0000
vn 0.9994 0.0339 -0.0000
vn 0.9971 -0.0767 -0.0000
vn 0.9937 -0.1120 -0.0000
vn 0.9825 -0.1863 -0.0000
vn 0.9749 -0.2225 -0.0000
vn 0.9559 -0.2937 -0.0000
vn 0.9439 -0.3303 -0.0000
vn 0.9176 -0.3975 -0.0000
vn 0.8681 -0.4964 -0.0000
vn 0.8467 -0.5320 -0.0000
vn 0.8080 -0.5892 -0.0000
vn 0.7818 -0.6235 -0.0000
vn 0.7379 -0.6749 -0.0000
vn 0.7071 -0.7071 -0.0000
vn 0.6589 -0.7522 -0.0000
vn 0.5718 -0.8204 -0.0000
vn 0.5320 -0.8467 -0.0000
vn 0.4777 -0.8785 -0.0000
vn 0.4339 -0.9010 -0.0000
vn 0.3777 -0.9259 -0.0000
vn 0.3303 -0.9439 -0.0000
vn 0.2732 -0.9620 -0.0000
vn 0.1652 -0.9863 -0.0000
vn 0.1120 -0.9937 -0.0000
vn 0.0553 -0.9985 -0.0000
vn -0.0553 -0.9985 -0.0000
vn -0.1120 -0.9937 -0.0000
vn -0.1652 -0.9863 -0.0000
vn -0.2732 -0.9620 -0.0000
vn -0.3303 -0.9439 -0.0000
vn -0.3777 -0.9259 -0.0000
vn -0.4339 -0.9010 -0.0000
vn -0.4777 -0.8785 -0.0000
vn -0.5320 -0.8467 -0.0000
vn -0.5718 -0.8204 -0.0000
vn -0.6589 -0.7522 -0.0000
vn -0.7071 -0.7071 -0.0000
vn -0.7379 -0.6749 -0.0000
vn -0.7818 -0.6235 -0.0000
vn -0.8080 -0.5892 -0.0000
vn -0.8467 -0.5320 -0.0000
vn -0.8681 -0.4964 -0.0000
vn -0.9176 -0.3975 -0.0000
vn -0.9439 -0.3303 -0.0000
vn -0.9559 -0.2937 -0.0000
vn -0.9749 -0.2225 -0.0000
vn -0.9825 -0.1863 -0.0000
vn -0.9937 -0.1120 -0.0000
vn -0.9971 -0.0767 -0.0000
vn -0.9994 0.0339 -0.0000
vn -0.9937 0.1120 -0.0000
vn -0.9896 0.1441 -0.0000
vn -0.9749 0.2225 -0.0000
vn -0.9676 0.2525 -0.0000
vn -0.9439 0.3303 -0.0000
vn -0.9338 0.3578 -0.0000
vn -0.8886 0.4587 -0.0000
vn -0.8467 0.5320 -0.0000
vn -0.8325 0.5541 -0.0000
vn -0.7818 0.6235 -0.0000
vn -0.7662 0.6426 -0.0000
vn -0.7071 0.7071 -0.0000
vn -0.6916 0.7222 0.0001
vn -0.6089 0.7933 -0.0000
vn -0.5320 0.8467 -0.0000
vn -0.5189 0.8548 -0.0000
vn -0.4339 0.9010 -0.0000
vn -0.4227 0.9063 0.0001
vn -0.3303 0.9439 -0.0000
vn -0.3215 0.9469 -0.0000
vn -0.2164 0.9763 0.0001
vn -0.1119 0.9937 -0.0001
vn -0.1087 0.9941 0.0001
vn 0.1087 0.9941 0.0001
vn 0.9896 0.1441 -0.0000
vn 0.9749 0.2225 -0.0000
vn 0.9676 0.2525 -0.0000
vn 0.9439 0.3303 -0.0000
vn 0.9338 0.3578 -0.0000
vn 0.8886 0.4587 -0.0000
vn 0.8467 0.5320 -0.0000
vn 0.8325 0.5541 -0.0000
vn 0.7818 0.6235 -0.0000
vn 0.7662 0.6426 -0.0000
vn 0.7071 0.7071 -0.0000
vn 0.6916 0.7222 0.0001
vn 0.6089 0.7933 -0.0000
vn 0.5320 0.8467 -0.0000
vn 0.5189 0.8548 -0.0000
vn 0.4339 0.9010 -0.0000
vn 0.4227 0.9063 -0.0000
vn 0.3303 0.9439 -0.0000
vn 0.3215 0.9469 -0.0000
vn 0.2225 0.9749 -0.0001
vn 0.2164 0.9763 0.0001
vn 0.1119 0.9937 -0.0001
vn -0.9911 0.1333 -0.0000
vn -0.9911 -0.1333 -0.0000
vn -0.9645 -0.2642 -0.0000
vn -0.9206 -0.3904 -0.0000
vn -0.8604 -0.5096 -0.0000
vn -0.7848 -0.6198 -0.0000
vn -0.7848 -0.6197 -0.0000
vn -0.6952 -0.7188 -0.0000
vn -0.5932 -0.8051 -0.0000
vn -0.4806 -0.8770 -0.0000
vn -0.4806 -0.8769 -0.0000
vn -0.3594 -0.9332 -0.0000
vn -0.2318 -0.9728 -0.0000
vn -0.1001 -0.9950 -0.0000
vn 0.0334 -0.9994 -0.0000
vn 0.1663 -0.9861 -0.0000
vn 0.2963 -0.9551 -0.0000
vn 0.4209 -0.9071 -0.0000
vn 0.5381 -0.8429 -0.0000
vn 0.6456 -0.7637 -0.0000
vn 0.7417 -0.6708 -0.0000
vn 0.8244 -0.5659 -0.0000
vn 0.8925 -0.4510 -0.0000
vn 0.9447 -0.3280 -0.0000
vn 0.9800 -0.1992 -0.0000
vn 0.9978 -0.0668 -0.0000
vn 0.9978 0.0668 -0.0000
vn 0.9800 0.1992 -0.0000
vn 0.9447 0.3280 -0.0000
vn 0.8925 0.4510 -0.0000
vn 0.8244 0.5659 -0.0000
vn 0.7417 0.6708 -0.0000
vn 0.6456 0.7637 -0.0000
vn 0.5381 0.8429 -0.0000
vn 0.4209 0.9071 -0.0000
vn 0.2963 0.9551 -0.0000
vn 0.1663 0.9861 -0.0000
vn 0.0334 0.9994 -0.0000
vn -0.1001 0.9950 -0.0000
vn -0.2318 0.9728 -0.0000
vn -0.3594 0.9332 -0.0000
vn -0.4806 0.8769 -0.0000
vn -0.4806 0.8770 -0.0000
vn -0.5932 0.8051 -0.0000
vn -0.6952 0.7188 -0.0000
vn -0.7848 0.6198 -0.0000
vn -0.8604 0.5096 -0.0000
vn -0.9206 0.3904 -0.0000
vn -0.9645 0.2642 -0.0000
vn -0.6960 0.7180 0.0003
vn -0.6239 0.7815 0.0004
vn -0.5605 0.8282 -0.0000
vn -0.5458 0.8379 0.0001
vn -0.4876 0.8731 -0.0000
vn -0.4628 0.8865 0.0001
vn -0.4117 0.9113 -0.0001
vn -0.3755 0.9268 -0.0000
vn -0.2847 0.9586 0.0001
vn -0.2521 0.9677 -0.0000
vn -0.1913 0.9815 -0.0000
vn -0.1687 0.9857 -0.0000
vn -0.0960 0.9954 0.0002
vn -0.0846 0.9964 -0.0001
vn -0.0000 1.0000 0.0001
vn -0.0002 1.0000 -0.0000
vn 0.0846 0.9964 -0.0000
vn 0.0961 0.9954 0.0001
vn 0.1693 0.9856 -0.0000
vn 0.1913 0.9815 -0.0000
vn 0.2522 0.9677 -0.0001
vn 0.2847 0.9586 -0.0000
vn 0.3330 0.9429 -0.0000
vn 0.3755 0.9268 -0.0000
vn 0.4118 0.9113 -0.0000
vn 0.4628 0.8865 0.0001
vn 0.4881 0.8728 -0.0000
vn 0.5458 0.8379 -0.0000
vn 0.5606 0.8281 -0.0001
vn 0.6239 0.7815 0.0004
vn 0.6292 0.7772 -0.0000
vn 0.6960 0.7180 0.0003
vn 0.7007 0.7135 -0.0000
vn 0.7618 0.6478 0.0002
vn 0.7657 0.6432 -0.0000
vn 0.8205 0.5716 0.0002
vn 0.8237 0.5670 -0.0000
vn 0.8716 0.4901 0.0002
vn 0.8742 0.4856 -0.0000
vn 0.9147 0.4041 0.0002
vn 0.9166 0.3998 -0.0000
vn 0.9493 0.3144 0.0002
vn 0.9506 0.3103 -0.0000
vn 0.9751 0.2217 0.0002
vn 0.9760 0.2179 -0.0000
vn 0.9919 0.1270 0.0001
vn 0.9923 0.1236 -0.0000
vn 0.9995 0.0311 0.0001
vn 0.9996 0.0281 -0.0000
vn 0.9979 -0.0651 -0.0002
vn 0.9977 -0.0677 -0.0000
vn 0.9870 -0.1607 0.0001
vn 0.9867 -0.1628 -0.0000
vn 0.9670 -0.2547 0.0001
vn 0.9666 -0.2564 -0.0000
vn 0.9381 -0.3465 0.0001
vn 0.9376 -0.3477 -0.0000
vn 0.9004 -0.4350 -0.0000
vn 0.9001 -0.4358 -0.0000
vn 0.8545 -0.5195 -0.0000
vn 0.8542 -0.5199 -0.0000
vn 0.8006 -0.5992 -0.0000
vn -0.7618 0.6478 0.0002
vn -0.8205 0.5716 0.0002
vn -0.8716 0.4901 0.0002
vn -0.9147 0.4041 0.0002
vn -0.9493 0.3144 0.0002
vn -0.9751 0.2217 0.0002
vn -0.9919 0.1270 0.0001
vn -0.9995 0.0311 0.0001
vn -0.9979 -0.0651 -0.0002
vn -0.9870 -0.1607 0.0001
vn -0.9670 -0.2547 0.0001
vn -0.9381 -0.3465 0.0001
vn -0.9004 -0.4350 -0.0000
vn -0.8545 -0.5195 -0.0000
vn -0.8006 -0.5992 0.0003
vn 0.0010 -0.0036 -1.0000
vn -0.0000 -1.0000 0.0009
vn 0.3045 -0.9525 -0.0000
vn 0.0826 -0.9966 -0.0000
vn 0.4017 -0.9158 -0.0000
vn 0.5801 -0.8145 -0.0000
vn 0.6773 -0.7357 -0.0000
vn 0.4017 -0.9158 -0.0001
vn -0.5801 -0.8145 0.0001
vn -0.7891 -0.6142 -0.0000
vn -0.5801 -0.8145 -0.0000
vn -0.5470 -0.8372 -0.0000
vn -0.3045 -0.9525 -0.0000
vn -0.2455 -0.9694 -0.0000
vn -0.5470 -0.8372 -0.0002
vn 0.1457 0.1682 -0.9749
vn 0.1629 0.2012 -0.9659
vn 0.3274 0.3779 -0.8660
vn 0.3146 0.3886 -0.8660
vn 0.4450 0.5496 -0.7071
vn 0.4801 0.5540 -0.6802
vn 0.5449 0.6731 -0.5000
vn 0.5900 0.6809 -0.4339
vn 0.6077 0.7508 -0.2588
vn 0.6476 0.7473 -0.1490
vn 0.7157 0.6824 -0.1491
vn 0.7773 0.6112 -0.1491
vn 0.8319 0.5346 -0.1491
vn 0.8789 0.4531 -0.1490
vn 0.9180 0.3675 -0.1491
vn 0.9488 0.2786 -0.1491
vn 0.9710 0.1871 -0.1490
vn 0.9844 0.0940 -0.1491
vn 0.9888 -0.0000 -0.1491
vn 0.9844 -0.0940 -0.1490
vn 0.9710 -0.1871 -0.1491
vn 0.9488 -0.2786 -0.1490
vn 0.9180 -0.3675 -0.1490
vn 0.8789 -0.4531 -0.1490
vn 0.8319 -0.5346 -0.1491
vn 0.7853 -0.5874 -0.1956
vn 0.7399 -0.5526 -0.3837
vn 0.7579 -0.4871 -0.4339
vn 0.8008 -0.4129 -0.4338
vn 0.8364 -0.3349 -0.4339
vn 0.8645 -0.2538 -0.4339
vn 0.8847 -0.1705 -0.4338
vn 0.8969 -0.0856 -0.4339
vn 0.9010 -0.0000 -0.4339
vn 0.8969 0.0856 -0.4339
vn 0.8847 0.1705 -0.4338
vn 0.8645 0.2538 -0.4338
vn 0.8364 0.3349 -0.4339
vn 0.8008 0.4129 -0.4339
vn 0.7579 0.4871 -0.4339
vn 0.7082 0.5570 -0.4338
vn 0.6521 0.6217 -0.4339
vn 0.6663 -0.4962 -0.5566
vn 0.6167 -0.3963 -0.6802
vn 0.6516 -0.3359 -0.6802
vn 0.6805 -0.2724 -0.6802
vn 0.7033 -0.2065 -0.6802
vn 0.7199 -0.1387 -0.6801
vn 0.7298 -0.0697 -0.6801
vn 0.7331 -0.0000 -0.6802
vn 0.7298 0.0697 -0.6801
vn 0.7198 0.1387 -0.6802
vn 0.7033 0.2065 -0.6802
vn 0.6806 0.2725 -0.6802
vn 0.6516 0.3359 -0.6802
vn 0.6167 0.3963 -0.6802
vn 0.5762 0.4531 -0.6802
vn 0.5306 0.5059 -0.6801
vn 0.5671 -0.4208 -0.7080
vn 0.4462 -0.3296 -0.8320
vn 0.4206 -0.2703 -0.8660
vn 0.3085 -0.2267 -0.9238
vn 0.1872 -0.1203 -0.9749
vn 0.1577 -0.1153 -0.9807
vn 0.1978 -0.1020 -0.9749
vn 0.4444 -0.2291 -0.8660
vn 0.4642 -0.1858 -0.8660
vn 0.2066 -0.0827 -0.9749
vn 0.4798 -0.1409 -0.8660
vn 0.2135 -0.0627 -0.9749
vn 0.4910 -0.0946 -0.8660
vn 0.2185 -0.0421 -0.9749
vn 0.4978 -0.0475 -0.8660
vn 0.2215 -0.0212 -0.9749
vn 0.5000 -0.0000 -0.8660
vn 0.2225 -0.0000 -0.9749
vn 0.4978 0.0475 -0.8660
vn 0.2215 0.0212 -0.9749
vn 0.4910 0.0946 -0.8660
vn 0.2185 0.0421 -0.9749
vn 0.4798 0.1409 -0.8660
vn 0.2135 0.0627 -0.9749
vn 0.4642 0.1858 -0.8660
vn 0.2066 0.0827 -0.9749
vn 0.1978 0.1020 -0.9749
vn 0.1872 0.1203 -0.9749
vn 0.1749 0.1376 -0.9749
vn 0.1611 0.1536 -0.9749
vn 0.3619 0.3450 -0.8660
vn 0.3930 0.3091 -0.8660
vn 0.4206 0.2703 -0.8660
vn 0.4444 0.2291 -0.8660
vn 0.2224 -0.2560 -0.9407
vn 0.1121 -0.1283 -0.9854
vn 0.3280 -0.3801 -0.8648
vn 0.4268 -0.4981 -0.7548
vn 0.5135 -0.6035 -0.6099
vn 0.5828 -0.6889 -0.4311
vn 0.6280 -0.7455 -0.2233
vn 0.4359 -0.8703 -0.2294
vn 0.4023 -0.8023 -0.4411
vn 0.3043 -0.8456 -0.4386
vn 0.2656 -0.7398 -0.6182
vn 0.1775 -0.7723 -0.6099
vn 0.1459 -0.6396 -0.7548
vn 0.0728 -0.6652 -0.7431
vn 0.0555 -0.5127 -0.8568
vn 0.0001 -0.5537 -0.8327
vn -0.0000 -0.3814 -0.9244
vn 0.3301 -0.9160 -0.2279
vn 0.2034 -0.8791 -0.4311
vn 0.0885 -0.7978 -0.5964
vn -0.0001 -0.7055 -0.7088
vn 0.2208 -0.9494 -0.2234
vn -0.0000 -0.9807 -0.1958
vn 0.1100 -0.9702 -0.2160
vn 0.0001 -0.9233 -0.3841
vn 0.1014 -0.9024 -0.4188
vn -0.0000 -0.8304 -0.5572
vn 0.0373 -0.3481 -0.9367
vn -0.0000 -0.1941 -0.9810
vn 0.0187 -0.1755 -0.9843
vn 0.0373 -0.1662 -0.9854
vn 0.0562 -0.1568 -0.9860
vn 0.0749 -0.1474 -0.9862
vn 0.3518 -0.7004 -0.6210
vn 0.2900 -0.5760 -0.7643
vn 0.2212 -0.4381 -0.8713
vn 0.1491 -0.2944 -0.9440
vn 0.2185 -0.6097 -0.7619
vn 0.1663 -0.4648 -0.8696
vn 0.1119 -0.3129 -0.9432
vn 0.1110 -0.4897 -0.8648
vn 0.0747 -0.3308 -0.9407
vn 0.5779 0.7975 -0.1732
vn 0.5522 0.7569 -0.3497
vn 0.5059 0.6880 -0.5202
vn 0.4402 0.5924 -0.6747
vn 0.3581 0.4747 -0.8040
vn 0.3620 0.5248 -0.7704
vn 0.2855 0.3993 -0.8712
vn 0.2954 0.4572 -0.8389
vn 0.2278 0.3303 -0.9160
vn 0.2384 0.3789 -0.8942
vn 0.1621 0.2112 -0.9639
vn 0.1929 0.3178 -0.9283
vn 0.2645 0.3418 -0.9018
vn 0.2027 0.2654 -0.9426
vn 0.1650 0.2020 -0.9654
vn 0.0984 0.1027 -0.9898
vn 0.1937 0.4153 -0.8888
vn 0.2300 0.5148 -0.8259
vn 0.2421 0.4265 -0.8715
vn 0.2955 0.5001 -0.8140
vn 0.3566 0.5750 -0.7364
vn 0.4280 0.6354 -0.6427
vn 0.2090 0.5667 -0.7970
vn 0.1690 0.4979 -0.8506
vn 0.1790 0.6113 -0.7709
vn 0.1242 0.5603 -0.8189
vn 0.1413 0.6477 -0.7487
vn 0.1089 0.6688 -0.7354
vn 0.1525 0.7320 -0.6640
vn 0.1167 0.7499 -0.6512
vn 0.1616 0.8068 -0.5683
vn 0.1230 0.8217 -0.5565
vn 0.1684 0.8700 -0.4634
vn 0.1276 0.8821 -0.4534
vn 0.1726 0.9202 -0.3515
vn 0.1302 0.9300 -0.3437
vn 0.1742 0.9562 -0.2352
vn 0.1312 0.9643 -0.2302
vn 0.1732 0.9779 -0.1171
vn 0.1303 0.9848 -0.1145
vn 0.0869 0.9898 -0.1126
vn 0.0435 0.9928 -0.1115
vn 0.0438 0.9736 -0.2241
vn 0.0001 0.9748 -0.2230
vn 0.0001 0.9428 -0.3334
vn -0.0582 0.9402 -0.3357
vn -0.0569 0.8948 -0.4428
vn -0.1129 0.8856 -0.4505
vn -0.1090 0.8260 -0.5531
vn -0.1605 0.8072 -0.5680
vn -0.1515 0.7325 -0.6636
vn -0.1847 0.7101 -0.6794
vn -0.1696 0.6219 -0.7645
vn -0.1948 0.5904 -0.7833
vn -0.1690 0.4978 -0.8507
vn -0.1937 0.4153 -0.8888
vn 0.0656 0.5993 -0.7978
vn 0.0740 0.6843 -0.7255
vn 0.0788 0.7630 -0.6416
vn 0.0827 0.8324 -0.5479
vn 0.0856 0.8908 -0.4463
vn 0.0872 0.9371 -0.3381
vn 0.0877 0.9701 -0.2264
vn 0.0373 0.6935 -0.7195
vn -0.0000 0.6125 -0.7905
vn 0.0001 0.6965 -0.7175
vn -0.0494 0.6912 -0.7210
vn 0.0001 0.7734 -0.6340
vn -0.0527 0.7689 -0.6372
vn 0.0001 0.8410 -0.5410
vn -0.0552 0.8373 -0.5439
vn 0.0001 0.8979 -0.4402
vn -0.0657 0.5995 -0.7977
vn -0.0968 0.6750 -0.7314
vn -0.1035 0.7551 -0.6473
vn -0.1243 0.5603 -0.8189
vn -0.1404 0.6483 -0.7483
vn -0.1929 0.3178 -0.9283
vn -0.2409 0.4576 -0.8559
vn -0.2300 0.5151 -0.8257
vn -0.2145 0.6832 -0.6980
vn -0.1972 0.7886 -0.5824
vn -0.1672 0.8704 -0.4631
vn -0.1155 0.9327 -0.3417
vn -0.0583 0.9726 -0.2249
vn 0.0001 0.9938 -0.1111
vn -0.2405 0.3959 -0.8862
vn -0.1622 0.2113 -0.9639
vn -0.2281 0.3314 -0.9155
vn -0.2104 0.2823 -0.9360
vn -0.2954 0.4582 -0.8383
vn -0.2891 0.4144 -0.8629
vn -0.3564 0.5758 -0.7358
vn -0.3616 0.5380 -0.7614
vn -0.4081 0.6786 -0.6107
vn -0.4237 0.6466 -0.6344
vn -0.4479 0.7618 -0.4680
vn -0.4722 0.7346 -0.4872
vn -0.4746 0.8223 -0.3140
vn -0.5054 0.7984 -0.3271
vn -0.4877 0.8590 -0.1558
vn -0.5228 0.8369 -0.1622
vn -0.5563 0.8137 -0.1687
vn -0.5882 0.7895 -0.1753
vn -0.5606 0.7485 -0.3542
vn -0.5116 0.6787 -0.5269
vn -0.4421 0.5817 -0.6827
vn -0.3556 0.4623 -0.8123
vn -0.4350 0.6142 -0.6585
vn -0.3612 0.5000 -0.7871
vn -0.0984 0.1028 -0.9898
vn -0.1856 0.2338 -0.9544
vn -0.2765 0.3707 -0.8866
vn -0.1536 0.1866 -0.9704
vn -0.2573 0.3278 -0.9090
vn -0.4395 0.8860 -0.1478
vn -0.3893 0.9104 -0.1403
vn -0.3374 0.9319 -0.1332
vn -0.2565 0.9586 -0.1241
vn -0.3351 0.9033 -0.2677
vn -0.2565 0.9339 -0.2492
vn -0.3262 0.8566 -0.3997
vn -0.2523 0.8931 -0.3724
vn -0.3107 0.7923 -0.5251
vn -0.2437 0.8368 -0.4902
vn -0.2889 0.7121 -0.6398
vn -0.2311 0.7662 -0.5996
vn -0.2617 0.6186 -0.7408
vn -0.2145 0.9693 -0.1203
vn -0.2153 0.9462 -0.2417
vn -0.2129 0.9079 -0.3612
vn -0.2069 0.8551 -0.4754
vn -0.1720 0.9781 -0.1170
vn -0.1730 0.9565 -0.2350
vn -0.1714 0.9205 -0.3512
vn -0.1150 0.9868 -0.1139
vn -0.0576 0.9920 -0.1120
vn 0.2294 0.9657 -0.1217
vn 0.2843 0.9503 -0.1271
vn 0.3377 0.9318 -0.1332
vn 0.4151 0.8983 -0.1439
vn 0.4525 0.8791 -0.1498
vn 0.4085 0.8656 -0.2897
vn 0.4429 0.8443 -0.3017
vn 0.3922 0.8120 -0.4322
vn 0.4218 0.7872 -0.4499
vn 0.3664 0.7385 -0.5660
vn 0.3893 0.7088 -0.5882
vn 0.3318 0.6472 -0.6863
vn 0.3466 0.6117 -0.7111
vn 0.2897 0.5418 -0.7890
vn 0.4886 0.8585 -0.1559
vn 0.4754 0.8217 -0.3143
vn 0.4486 0.7612 -0.4684
vn 0.4085 0.6779 -0.6112
vn 0.5345 0.8290 -0.1645
vn 0.5159 0.7898 -0.3318
vn 0.4800 0.7251 -0.4938
vn 0.3354 0.9032 -0.2678
vn 0.3265 0.8565 -0.3998
vn 0.3109 0.7922 -0.5252
vn 0.2891 0.7119 -0.6400
vn 0.2618 0.6184 -0.7410
vn 0.2837 0.9244 -0.2550
vn 0.2782 0.8817 -0.3811
vn 0.2676 0.8230 -0.5011
vn 0.2522 0.7493 -0.6124
vn 0.2324 0.6630 -0.7116
vn 0.2299 0.9420 -0.2444
vn 0.2266 0.9031 -0.3647
vn 0.2199 0.8490 -0.4805
vn 0.2094 0.7811 -0.5882
vn 0.1956 0.7011 -0.6857
vn -0.1162 0.9665 -0.2290
vn -0.3844 0.8790 -0.2821
vn -0.3711 0.8277 -0.4209
vn -0.3490 0.7575 -0.5516
vn -0.3193 0.6702 -0.6700
vn -0.2827 0.5689 -0.7723
vn -0.4310 0.8519 -0.2975
vn -0.4117 0.7960 -0.4436
vn -0.3816 0.7194 -0.5803
vn -0.3419 0.6244 -0.7023
vn -0.2942 0.5150 -0.8051
vn -0.5341 0.7738 -0.3406
vn -0.4935 0.7068 -0.5069
vn 0.0436 0.9413 -0.3347
vn 0.0428 0.8963 -0.4415
vn 0.0416 0.8389 -0.5427
vn 0.0397 0.7707 -0.6359
vn -0.0000 -0.1490 -0.9888
vn -0.0000 -0.1491 -0.9888
vn -0.0000 -0.1942 -0.9810
vn 0.0001 -0.4339 -0.9010
vn -0.0001 -0.5537 -0.8327
vn -0.0000 -0.6802 -0.7331
vn -0.0000 -0.7055 -0.7087
vn -0.0000 -0.8660 -0.5000
vn -0.0001 -0.9233 -0.3841
vn -0.0000 -0.9749 -0.2226
vn -0.0000 -0.9749 -0.2225
vn -0.0001 -0.8660 -0.5000
vn -0.0001 -0.4339 -0.9010
vn -0.2208 -0.9494 -0.2234
vn -0.4358 -0.8703 -0.2294
vn -0.5358 -0.8130 -0.2279
vn -0.6280 -0.7454 -0.2233
vn -0.5827 -0.6889 -0.4311
vn -0.6624 -0.6211 -0.4188
vn -0.5873 -0.5472 -0.5963
vn -0.7110 -0.6692 -0.2160
vn -0.4910 -0.4548 -0.7431
vn -0.3795 -0.3491 -0.8568
vn -0.2585 -0.2362 -0.9367
vn -0.1307 -0.1187 -0.9843
vn -0.0746 -0.3308 -0.9407
vn -0.0374 -0.1662 -0.9854
vn -0.1110 -0.4897 -0.8648
vn -0.1459 -0.6395 -0.7548
vn -0.1775 -0.7723 -0.6099
vn -0.2034 -0.8791 -0.4311
vn -0.1122 -0.1281 -0.9854
vn -0.0938 -0.1380 -0.9860
vn -0.0748 -0.1474 -0.9862
vn -0.4022 -0.8023 -0.4411
vn -0.4956 -0.7497 -0.4385
vn -0.3518 -0.7004 -0.6210
vn -0.4348 -0.6548 -0.6182
vn -0.5135 -0.6035 -0.6099
vn -0.2899 -0.5760 -0.7643
vn -0.3596 -0.5387 -0.7619
vn -0.4268 -0.4982 -0.7548
vn -0.2212 -0.4381 -0.8713
vn -0.2752 -0.4099 -0.8697
vn -0.3281 -0.3801 -0.8648
vn -0.1491 -0.2944 -0.9440
vn -0.1859 -0.2755 -0.9432
vn -0.2224 -0.2560 -0.9407
vn -0.7877 0.6160 -0.0000
vn -0.6636 0.7480 -0.0000
vn -0.6636 0.7481 -0.0000
vn -0.5178 0.8555 -0.0000
vn -0.3549 0.9349 -0.0000
vn -0.1804 0.9836 -0.0000
vn 0.1804 0.9836 -0.0000
vn 0.3549 0.9349 -0.0000
vn 0.5178 0.8555 -0.0000
vn 0.6636 0.7480 -0.0000
vn 0.6636 0.7481 -0.0000
vn 0.7877 0.6160 -0.0000
vn 0.0702 0.0435 0.9966
vn 0.3415 0.2115 0.9158
vn 0.5758 0.3565 0.7357
vn 0.7477 0.4630 0.4759
vn 0.8386 0.5193 0.1646
vn 0.7289 0.6645 0.1646
vn 0.5944 0.7871 0.1646
vn 0.4397 0.8830 0.1646
vn 0.2699 0.9487 0.1646
vn 0.0910 0.9822 0.1646
vn -0.0000 0.9511 0.3090
vn 0.0812 0.8757 0.4759
vn -0.0000 0.8090 0.5878
vn 0.0625 0.6744 0.7357
vn -0.0000 0.5878 0.8090
vn 0.0370 0.4000 0.9158
vn -0.0000 0.3090 0.9511
vn 0.0076 0.0823 0.9966
vn 0.0226 0.0795 0.9966
vn 0.0368 0.0739 0.9966
vn 0.0498 0.0659 0.9966
vn 0.0610 0.0556 0.9966
vn 0.2969 0.2706 0.9158
vn 0.6499 0.5925 0.4759
vn 0.5300 0.7018 0.4760
vn 0.3920 0.7873 0.4759
vn 0.2407 0.8459 0.4759
vn 0.5005 0.4563 0.7357
vn 0.4082 0.5405 0.7357
vn 0.3019 0.6063 0.7357
vn 0.1854 0.6514 0.7357
vn 0.2421 0.3206 0.9158
vn 0.1791 0.3596 0.9158
vn 0.1099 0.3864 0.9158
vn -0.0000 0.1646 0.9864
vn 0.0001 0.4760 0.8795
vn 0.0001 0.7357 0.6773
vn -0.0000 0.9158 0.4017
vn -0.0000 0.9966 0.0826
vn -0.0001 0.9158 0.4017
vn -0.0001 0.7357 0.6773
vn -0.0001 0.4760 0.8795
vn -0.0076 0.0823 0.9966
vn -0.0371 0.4000 0.9158
vn -0.0625 0.6744 0.7357
vn -0.0812 0.8757 0.4759
vn -0.0910 0.9822 0.1646
vn -0.2699 0.9487 0.1646
vn -0.4397 0.8830 0.1646
vn -0.5944 0.7871 0.1646
vn -0.7289 0.6645 0.1646
vn -0.8386 0.5193 0.1646
vn -0.7477 0.4630 0.4760
vn -0.5758 0.3566 0.7357
vn -0.3415 0.2115 0.9158
vn -0.0705 0.0430 0.9966
vn -0.0611 0.0557 0.9966
vn -0.0498 0.0659 0.9966
vn -0.0368 0.0739 0.9966
vn -0.1791 0.3596 0.9158
vn -0.1099 0.3864 0.9158
vn -0.1854 0.6514 0.7357
vn -0.0226 0.0795 0.9966
vn -0.2407 0.8459 0.4759
vn -0.3920 0.7873 0.4759
vn -0.5300 0.7018 0.4759
vn -0.6499 0.5925 0.4759
vn -0.3019 0.6063 0.7357
vn -0.2421 0.3206 0.9158
vn -0.4082 0.5405 0.7357
vn -0.5005 0.4563 0.7357
vn -0.2969 0.2706 0.9158
vn -0.0002 -0.0000 1.0000
vn -0.0001 -0.0000 1.0000
vn -0.1895 -0.0701 0.9794
vn -0.1829 -0.0677 0.9808
vn -0.3551 -0.1428 0.9239
vn -0.3654 -0.1470 0.9192
vn -0.5099 -0.2206 0.8315
vn -0.5224 -0.2261 0.8222
vn -0.6424 -0.2955 0.7071
vn -0.6532 -0.3004 0.6950
vn -0.7488 -0.3614 0.5556
vn -0.7567 -0.3653 0.5422
vn -0.8264 -0.4131 0.3826
vn -0.8304 -0.4151 0.3716
vn -0.8517 -0.4301 0.2994
vn -0.8324 -0.4161 0.3661
vn -0.8752 -0.4469 0.1854
vn -0.8799 -0.4504 0.1514
vn -0.8893 -0.4573 0.0001
vn -0.8893 -0.4573 -0.0000
vn -0.8751 -0.4469 -0.1856
vn -0.8748 -0.4464 -0.1885
vn -0.8324 -0.4161 -0.3661
vn -0.8303 -0.4152 -0.3717
vn -0.7606 -0.3672 -0.5355
vn -0.7566 -0.3653 -0.5423
vn -0.6587 -0.3029 -0.6887
vn -0.6532 -0.3004 -0.6950
vn -0.5503 -0.2412 -0.7994
vn -0.6425 -0.2954 -0.7071
vn -0.5099 -0.2206 -0.8315
vn -0.8735 -0.4460 0.1950
vn -0.8735 -0.4460 -0.1952
vn -0.8264 -0.4131 -0.3826
vn -0.7488 -0.3614 -0.5556
vn -0.3654 -0.1470 -0.9192
vn -0.3550 -0.1428 -0.9239
vn -0.1891 -0.0700 -0.9795
vn -0.1830 -0.0677 -0.9808
vn 0.0001 -0.0000 -1.0000
vn -0.1923 -0.0712 -0.9787
vn -0.3707 -0.1491 -0.9167
vn -0.5288 -0.2289 -0.8173
vn -0.7606 -0.3672 0.5354
vn -0.6587 -0.3029 0.6888
vn -0.5288 -0.2289 0.8173
vn -0.3708 -0.1492 0.9167
vn -0.1929 -0.0714 0.9786
vn -0.0001 0.0001 1.0000
vn -0.1932 0.0588 0.9794
vn -0.1866 0.0568 0.9808
vn -0.3691 0.1012 0.9239
vn -0.3798 0.1041 0.9192
vn -0.5394 0.1330 0.8315
vn -0.5527 0.1362 0.8222
vn -0.6902 0.1536 0.7071
vn -0.7018 0.1561 0.6951
vn -0.8148 0.1654 0.5556
vn -0.8234 0.1670 0.5423
vn -0.9079 0.1713 0.3826
vn -0.9123 0.1721 0.3716
vn -0.9383 0.1730 0.2994
vn -0.9145 0.1725 0.3661
vn -0.9672 0.1739 0.1853
vn -0.9731 0.1739 0.1513
vn -0.9847 0.1741 0.0001
vn -0.9671 0.1739 -0.1854
vn -0.9665 0.1741 -0.1885
vn -0.9145 0.1725 -0.3661
vn -0.9123 0.1720 -0.3717
vn -0.8277 0.1680 -0.5355
vn -0.8234 0.1671 -0.5424
vn -0.7077 0.1575 -0.6887
vn -0.7019 0.1562 -0.6950
vn -0.5840 0.1410 -0.7994
vn -0.6902 0.1536 -0.7071
vn -0.5394 0.1330 -0.8315
vn -0.9653 0.1736 0.1950
vn -0.9653 0.1736 -0.1951
vn -0.9079 0.1712 -0.3826
vn -0.8148 0.1654 -0.5556
vn -0.3798 0.1041 -0.9192
vn -0.3690 0.1012 -0.9239
vn -0.1929 0.0587 -0.9795
vn -0.1866 0.0569 -0.9808
vn -0.1962 0.0598 -0.9787
vn -0.3854 0.1057 -0.9167
vn -0.5594 0.1378 -0.8173
vn -0.8277 0.1679 0.5354
vn -0.7077 0.1575 0.6888
vn -0.5595 0.1378 0.8173
vn -0.3854 0.1057 0.9167
vn -0.1968 0.0599 0.9786
vn 0.3827 -0.0000 0.9239
vn -0.3827 -0.0000 0.9239
vn -0.7071 -0.0000 0.7071
vn -0.9239 -0.0000 0.3827
vn -0.9239 -0.0000 -0.3827
vn -0.3827 -0.0000 -0.9239
vn 0.3827 -0.0000 -0.9239
vn 0.9239 -0.0000 -0.3827
vn 0.9239 -0.0000 0.3827
vn 0.7071 -0.0000 0.7071
vn -0.3828 -0.0000 0.9238
vn 0.9935 0.1140 -0.0000
vn 0.9984 0.0571 -0.0001
vn 0.9984 -0.0571 -0.0001
vn 0.9935 -0.1140 -0.0000
vn 0.9854 -0.1705 -0.0002
vn 0.9740 -0.2265 -0.0000
vn 0.9595 -0.2817 -0.0000
vn 0.9418 -0.3361 -0.0000
vn 0.9211 -0.3894 -0.0006
vn 0.8974 -0.4412 -0.0000
vn 0.8707 -0.4917 -0.0004
vn 0.8413 -0.5406 -0.0001
vn 0.8090 -0.5878 -0.0004
vn 0.7741 -0.6330 -0.0000
vn 0.7368 -0.6762 0.0001
vn 0.6969 -0.7171 0.0001
vn 0.6548 -0.7558 -0.0001
vn 0.6107 -0.7919 -0.0000
vn 0.5644 -0.8255 -0.0000
vn 0.5164 -0.8563 -0.0000
vn 0.4667 -0.8844 -0.0000
vn 0.4154 -0.9096 -0.0001
vn 0.3628 -0.9319 -0.0000
vn 0.3090 -0.9511 -0.0000
vn 0.2541 -0.9672 0.0002
vn 0.1986 -0.9801 -0.0001
vn 0.1423 -0.9898 -0.0000
vn 0.0856 -0.9963 -0.0000
vn 0.0675 -0.9977 -0.0000
vn 0.0285 -0.9996 -0.0000
vn 0.0397 -0.9992 -0.0000
vn 0.0215 -0.9998 -0.0000
vn 0.9854 0.1705 -0.0001
vn 0.9740 0.2265 -0.0000
vn 0.9595 0.2817 -0.0000
vn 0.9418 0.3361 -0.0000
vn 0.9211 0.3893 -0.0001
vn 0.8974 0.4412 -0.0000
vn 0.8707 0.4917 -0.0004
vn 0.8413 0.5406 -0.0001
vn 0.8090 0.5878 -0.0004
vn 0.7741 0.6330 -0.0000
vn 0.7367 0.6762 -0.0003
vn 0.6969 0.7171 0.0001
vn 0.6548 0.7558 -0.0001
vn 0.6107 0.7919 -0.0000
vn 0.5644 0.8255 -0.0000
vn 0.5164 0.8563 -0.0000
vn 0.4668 0.8844 -0.0001
vn 0.4154 0.9096 -0.0001
vn 0.3628 0.9319 0.0002
vn 0.3090 0.9511 -0.0000
vn 0.2542 0.9671 -0.0003
vn 0.1986 0.9801 -0.0001
vn 0.1423 0.9898 -0.0002
vn 0.0856 0.9963 -0.0001
vn 0.0285 0.9996 0.0001
vn -0.0286 0.9996 -0.0001
vn -0.0857 0.9963 -0.0002
vn -0.1423 0.9898 -0.0000
vn -0.1986 0.9801 -0.0001
vn -0.2542 0.9671 -0.0001
vn -0.3090 0.9511 0.0002
vn -0.3628 0.9319 -0.0001
vn -0.4154 0.9096 -0.0000
vn -0.4667 0.8844 -0.0000
vn -0.4614 0.8872 -0.0000
vn -0.5164 0.8563 -0.0000
vn -0.5038 0.8638 -0.0000
vn -0.5340 0.8455 -0.0000
vn -0.5621 0.8271 -0.0000
vn -0.6107 0.7918 -0.0001
vn -0.5879 0.8089 -0.0000
vn -0.6114 0.7913 -0.0000
vn -0.6326 0.7745 -0.0000
vn -0.6677 0.7444 -0.0000
vn -0.6968 0.7173 -0.0001
vn -0.6934 0.7205 -0.0000
vn -0.6963 0.7178 -0.0000
vn -0.7218 0.6921 -0.0000
vn -0.7740 0.6332 -0.0003
vn -0.7513 0.6600 -0.0000
vn -0.7837 0.6211 -0.0000
vn -0.8180 0.5752 -0.0000
vn -0.8413 0.5406 -0.0003
vn -0.8525 0.5227 -0.0000
vn -0.8863 0.4631 -0.0000
vn -0.8974 0.4412 -0.0000
vn -0.9176 0.3975 -0.0000
vn -0.9418 0.3361 0.0001
vn -0.9455 0.3256 -0.0000
vn -0.9685 0.2491 -0.0000
vn -0.9740 0.2265 -0.0000
vn -0.9857 0.1683 -0.0000
vn -0.9935 0.1140 0.0001
vn -0.9964 0.0849 -0.0000
vn -0.9964 -0.0849 -0.0000
vn -0.9935 -0.1140 0.0001
vn -0.9857 -0.1683 -0.0000
vn -0.9740 -0.2265 -0.0000
vn -0.9685 -0.2490 -0.0000
vn -0.9418 -0.3360 -0.0001
vn -0.9455 -0.3256 -0.0000
vn -0.8974 -0.4412 0.0001
vn -0.8863 -0.4631 -0.0000
vn -0.8413 -0.5406 -0.0003
vn -0.8525 -0.5227 -0.0000
vn -0.8180 -0.5752 -0.0000
vn -0.7741 -0.6330 -0.0000
vn -0.7837 -0.6211 -0.0000
vn -0.7512 -0.6600 -0.0000
vn -0.6968 -0.7173 -0.0001
vn -0.7218 -0.6921 -0.0000
vn -0.6962 -0.7178 -0.0000
vn -0.6934 -0.7205 -0.0000
vn -0.6677 -0.7444 -0.0000
vn -0.6110 -0.7916 -0.0000
vn -0.6326 -0.7745 -0.0000
vn -0.6114 -0.7913 -0.0000
vn -0.5879 -0.8089 -0.0000
vn -0.5621 -0.8271 -0.0000
vn -0.5165 -0.8563 -0.0000
vn -0.5340 -0.8455 -0.0000
vn -0.5038 -0.8638 -0.0000
vn -0.4719 -0.8817 -0.0000
vn -0.4154 -0.9096 -0.0000
vn -0.4382 -0.8989 -0.0000
vn -0.4028 -0.9153 -0.0000
vn -0.3657 -0.9307 -0.0000
vn -0.3090 -0.9511 -0.0000
vn -0.3276 -0.9448 -0.0000
vn -0.2489 -0.9685 -0.0000
vn -0.1986 -0.9801 -0.0000
vn -0.1504 -0.9886 0.0001
vn -0.0857 -0.9963 -0.0002
vn -0.0561 -0.9984 -0.0000
vn -0.0519 -0.9987 -0.0000
vn -0.0397 -0.9992 -0.0000
vn -0.0214 -0.9998 -0.0000
vn -0.0215 -0.9998 -0.0000
vn -0.5644 0.8255 -0.0001
vn -0.6549 0.7558 -0.0000
vn -0.7367 0.6762 -0.0001
vn -0.8090 0.5878 -0.0001
vn -0.8707 0.4917 -0.0000
vn -0.9211 0.3893 -0.0001
vn -0.9595 0.2817 -0.0001
vn -0.9854 0.1705 -0.0000
vn -0.9984 0.0571 -0.0001
vn -0.9984 -0.0571 -0.0001
vn -0.9854 -0.1705 -0.0000
vn -0.9595 -0.2817 -0.0001
vn -0.9211 -0.3893 -0.0001
vn -0.8707 -0.4917 -0.0000
vn -0.8090 -0.5878 -0.0001
vn -0.7367 -0.6762 -0.0001
vn -0.6549 -0.7558 -0.0000
vn -0.5644 -0.8255 -0.0001
vn -0.4667 -0.8844 -0.0000
vn -0.3628 -0.9319 -0.0001
vn -0.2542 -0.9671 -0.0001
vn -0.1423 -0.9898 -0.0000
vn -0.0286 -0.9996 -0.0001
vn -0.0001 -1.0000 -0.0001
vn -0.0503 -0.9987 -0.0000
vn 0.0503 -0.9987 -0.0000
vn 0.0519 -0.9987 -0.0000
vn 0.0561 -0.9984 -0.0000
vn 0.1504 -0.9886 -0.0000
vn 0.0520 -0.9986 -0.0000
vn 0.0398 -0.9992 -0.0000
vn 0.6677 0.7444 -0.0000
vn 0.6934 0.7205 -0.0000
vn 0.6962 0.7178 -0.0000
vn 0.7218 0.6921 -0.0000
vn 0.7513 0.6600 -0.0000
vn 0.7837 0.6211 -0.0000
vn 0.8180 0.5752 -0.0000
vn 0.8525 0.5227 -0.0000
vn 0.8863 0.4631 -0.0000
vn 0.9176 0.3975 -0.0000
vn 0.9455 0.3256 -0.0000
vn 0.9685 0.2490 -0.0000
vn 0.9857 0.1683 -0.0000
vn 0.9964 0.0848 -0.0000
vn 0.9964 -0.0848 -0.0000
vn 0.9857 -0.1683 -0.0000
vn 0.9685 -0.2490 -0.0000
vn 0.9455 -0.3256 -0.0000
vn 0.8863 -0.4631 -0.0000
vn 0.8525 -0.5227 -0.0000
vn 0.8180 -0.5752 -0.0000
vn 0.7837 -0.6211 -0.0000
vn 0.7512 -0.6600 -0.0000
vn 0.7218 -0.6921 -0.0000
vn 0.6962 -0.7178 -0.0000
vn 0.6934 -0.7205 -0.0000
vn 0.6677 -0.7444 -0.0000
vn 0.6326 -0.7745 -0.0000
vn 0.6114 -0.7913 -0.0000
vn 0.5879 -0.8089 -0.0000
vn 0.5621 -0.8271 -0.0000
vn 0.5340 -0.8455 -0.0000
vn 0.5038 -0.8638 -0.0000
vn 0.4719 -0.8817 -0.0000
vn 0.4381 -0.8989 -0.0000
vn 0.4028 -0.9153 -0.0000
vn 0.3657 -0.9307 -0.0000
vn 0.3276 -0.9448 -0.0000
vn 0.2489 -0.9685 -0.0000
vn -0.4719 0.8817 -0.0000
vn -0.4573 0.8893 -0.0000
vn -0.4548 0.8906 -0.0000
vn -0.4381 0.8989 -0.0000
vn -0.4472 0.8945 -0.0000
vn -0.4027 0.9153 -0.0000
vn -0.4179 0.9085 -0.0000
vn -0.4348 0.9005 -0.0000
vn -0.3657 0.9307 -0.0000
vn -0.3731 0.9278 -0.0000
vn -0.3972 0.9177 -0.0000
vn -0.3470 0.9379 -0.0000
vn -0.3276 0.9448 -0.0000
vn -0.3193 0.9477 -0.0000
vn -0.2915 0.9566 -0.0000
vn -0.2489 0.9685 -0.0000
vn -0.2644 0.9644 -0.0000
vn -0.2392 0.9710 -0.0000
vn -0.2172 0.9761 -0.0000
vn -0.1989 0.9800 -0.0000
vn -0.1504 0.9886 -0.0000
vn -0.1853 0.9827 -0.0000
vn -0.1770 0.9842 -0.0000
vn -0.1741 0.9847 -0.0000
vn -0.1769 0.9842 -0.0000
vn -0.2914 0.9566 -0.0000
vn -0.3194 0.9476 -0.0001
vn -0.3469 0.9379 -0.0000
vn -0.3732 0.9278 -0.0000
vn -0.4178 0.9085 -0.0000
vn -0.4348 0.9006 -0.0000
vn -0.4472 0.8944 -0.0000
vn -0.0503 0.9987 -0.0000
vn -0.0561 0.9984 -0.0000
vn 0.0503 0.9987 -0.0000
vn -0.0215 0.9998 -0.0000
vn -0.0397 0.9992 -0.0000
vn 0.1504 0.9886 -0.0000
vn 0.0562 0.9984 -0.0000
vn 0.0519 0.9987 -0.0000
vn 0.0397 0.9992 -0.0000
vn 0.2489 0.9685 -0.0000
vn 0.2172 0.9761 -0.0000
vn 0.1989 0.9800 -0.0000
vn 0.1853 0.9827 -0.0000
vn 0.3276 0.9448 -0.0000
vn 0.2913 0.9566 -0.0000
vn 0.2644 0.9644 -0.0000
vn 0.2392 0.9710 -0.0000
vn 0.3657 0.9307 -0.0000
vn 0.3469 0.9379 -0.0000
vn 0.3193 0.9477 -0.0000
vn 0.3731 0.9278 -0.0000
vn 0.4027 0.9153 -0.0000
vn 0.3972 0.9177 -0.0000
vn 0.4179 0.9085 -0.0000
vn 0.4381 0.8989 -0.0000
vn 0.4348 0.9005 -0.0000
vn 0.4472 0.8945 -0.0000
vn 0.4548 0.8906 -0.0000
vn 0.4719 0.8817 -0.0000
vn 0.4573 0.8893 -0.0000
vn 0.4472 0.8944 -0.0000
vn 0.3732 0.9278 -0.0000
vn 0.3470 0.9379 -0.0000
vn 0.3193 0.9477 -0.0001
vn 0.2913 0.9566 -0.0001
vn 0.1769 0.9842 -0.0000
vn 0.1741 0.9847 -0.0000
vn 0.1770 0.9842 -0.0000
vn 0.5038 0.8638 -0.0000
vn 0.5340 0.8455 -0.0000
vn 0.5621 0.8271 -0.0000
vn 0.5879 0.8090 -0.0000
vn 0.6114 0.7913 -0.0000
vn 0.6326 0.7745 -0.0000
vn 0.0215 0.9998 -0.0000
vn 0.0214 0.9998 -0.0000
vn -0.0214 0.9998 -0.0000
vn -0.0519 0.9987 -0.0000
vn -0.0520 0.9986 -0.0000
vn -0.0001 1.0000 -0.0001
vn -0.9939 -0.1100 -0.0000
vn -0.9939 0.1100 -0.0000
vn -0.9758 0.2187 0.0001
vn -0.9749 0.2225 0.0001
vn -0.9458 0.3247 0.0002
vn -0.9439 0.3303 0.0002
vn -0.9044 0.4268 0.0003
vn -0.9010 0.4339 0.0001
vn -0.8519 0.5237 0.0003
vn -0.8467 0.5320 0.0001
vn -0.7891 0.6142 -0.0001
vn -0.7818 0.6235 0.0002
vn -0.7168 0.6973 -0.0000
vn -0.7071 0.7071 -0.0001
vn -0.6357 0.7719 0.0002
vn -0.6235 0.7819 0.0004
vn -0.5469 0.8372 -0.0000
vn -0.5320 0.8467 0.0003
vn -0.4515 0.8923 0.0001
vn -0.4338 0.9010 0.0001
vn -0.3506 0.9365 0.0002
vn -0.3304 0.9439 0.0001
vn -0.2455 0.9694 -0.0000
vn -0.2225 0.9749 0.0002
vn -0.1374 0.9905 0.0001
vn -0.1121 0.9937 0.0003
vn -0.0275 0.9996 -0.0000
vn -0.0000 1.0000 -0.0001
vn 0.0826 0.9966 -0.0000
vn 0.1121 0.9937 0.0003
vn 0.1917 0.9815 -0.0000
vn 0.2225 0.9749 0.0001
vn 0.2985 0.9544 0.0002
vn 0.4017 0.9158 -0.0000
vn 0.4338 0.9010 -0.0000
vn 0.5000 0.8660 0.0001
vn 0.5320 0.8467 0.0001
vn 0.5922 0.8058 -0.0000
vn 0.6235 0.7819 0.0001
vn 0.6773 0.7357 -0.0000
vn 0.7071 0.7071 -0.0002
vn 0.7541 0.6567 -0.0001
vn 0.7818 0.6235 0.0004
vn 0.8218 0.5698 0.0001
vn 0.8795 0.4760 0.0001
vn 0.9010 0.4339 0.0002
vn 0.9265 0.3763 0.0001
vn 0.9439 0.3302 0.0005
vn 0.9623 0.2721 -0.0000
vn 0.9749 0.2226 0.0002
vn 0.9864 0.1646 0.0001
vn 0.9937 0.1119 0.0001
vn 0.9985 0.0551 0.0001
vn 1.0000 -0.0000 -0.0001
vn 0.9985 -0.0551 0.0001
vn 0.9937 -0.1119 0.0001
vn 0.9864 -0.1646 0.0001
vn 0.9749 -0.2225 0.0001
vn 0.9623 -0.2721 -0.0000
vn 0.9439 -0.3302 0.0005
vn 0.9265 -0.3763 0.0001
vn 0.9010 -0.4339 0.0001
vn 0.8795 -0.4760 0.0001
vn 0.8467 -0.5320 0.0001
vn 0.8218 -0.5698 0.0001
vn 0.7818 -0.6235 0.0001
vn 0.7541 -0.6567 -0.0000
vn 0.7071 -0.7071 -0.0002
vn 0.6235 -0.7819 0.0001
vn 0.5922 -0.8058 -0.0000
vn 0.5321 -0.8467 -0.0000
vn 0.5000 -0.8660 -0.0000
vn 0.4342 -0.9008 0.0002
vn 0.4017 -0.9158 0.0001
vn 0.3304 -0.9438 0.0003
vn 0.2985 -0.9544 0.0002
vn 0.1917 -0.9815 -0.0000
vn 0.1120 -0.9937 0.0003
vn -0.0000 -1.0000 -0.0001
vn -0.0275 -0.9996 -0.0000
vn -0.1120 -0.9937 0.0004
vn -0.1374 -0.9905 0.0001
vn -0.2225 -0.9749 0.0004
vn -0.3304 -0.9438 0.0005
vn -0.3506 -0.9365 0.0002
vn -0.4342 -0.9008 0.0004
vn -0.4515 -0.8923 -0.0000
vn -0.5322 -0.8466 0.0003
vn -0.5469 -0.8372 -0.0000
vn -0.6235 -0.7819 0.0004
vn -0.6357 -0.7719 0.0005
vn -0.7071 -0.7071 -0.0001
vn -0.7168 -0.6973 -0.0000
vn -0.7818 -0.6235 -0.0001
vn -0.7891 -0.6142 -0.0001
vn -0.8467 -0.5320 -0.0001
vn -0.8519 -0.5237 0.0003
vn -0.9044 -0.4268 0.0003
vn -0.9439 -0.3303 0.0002
vn -0.9458 -0.3247 0.0002
vn -0.9749 -0.2225 0.0001
vn -0.9758 -0.2187 0.0001
vn -0.0204 -0.9998 -0.0000
vn -0.0560 -0.9984 -0.0000
vn 0.0559 -0.9984 -0.0000
vn 0.0204 -0.9998 -0.0000
vn 0.0377 -0.9993 -0.0000
vn 0.0493 -0.9988 -0.0000
vn 0.0533 -0.9986 -0.0000
vn -0.0377 -0.9993 -0.0000
vn -0.0493 -0.9988 -0.0000
vn -0.0534 -0.9986 -0.0000
vn -0.1671 -0.9859 -0.0000
vn -0.1741 -0.9847 -0.0000
vn -0.1769 -0.9842 -0.0000
vn -0.0492 -0.9988 -0.0000
vn 0.0492 -0.9988 -0.0000
vn -0.3469 -0.9379 -0.0000
vn -0.3192 -0.9477 0.0001
vn -0.2914 -0.9566 -0.0000
vn -0.2644 -0.9644 -0.0000
vn -0.2393 -0.9709 -0.0000
vn -0.2172 -0.9761 -0.0000
vn -0.1989 -0.9800 -0.0000
vn -0.1853 -0.9827 -0.0000
vn -0.2762 -0.9611 -0.0000
vn -0.3193 -0.9477 -0.0000
vn -0.3494 -0.9370 -0.0000
vn -0.3732 -0.9278 -0.0000
vn -0.4193 -0.9078 -0.0000
vn -0.3971 -0.9178 -0.0000
vn -0.4178 -0.9085 -0.0000
vn -0.4347 -0.9006 -0.0000
vn -0.4472 -0.8945 -0.0000
vn -0.4548 -0.8906 -0.0000
vn -0.4836 -0.8753 -0.0000
vn -0.4573 -0.8893 -0.0000
vn -0.4179 -0.9085 -0.0000
vn 0.2914 -0.9566 -0.0000
vn 0.3192 -0.9477 0.0001
vn 0.3469 -0.9379 -0.0000
vn 0.3732 -0.9278 -0.0000
vn 0.3971 -0.9178 -0.0000
vn 0.4179 -0.9085 -0.0000
vn 0.4347 -0.9006 -0.0000
vn 0.4472 -0.8944 -0.0000
vn 0.4548 -0.8906 -0.0000
vn 0.4574 -0.8893 -0.0000
vn 0.4836 -0.8753 -0.0000
vn 0.4193 -0.9079 -0.0000
vn 0.4178 -0.9085 -0.0000
vn 0.3495 -0.9370 -0.0000
vn 0.3193 -0.9477 -0.0000
vn 0.2762 -0.9611 -0.0000
vn 0.2915 -0.9566 -0.0000
vn 0.2644 -0.9644 -0.0000
vn 0.2393 -0.9709 -0.0000
vn 0.2172 -0.9761 -0.0000
vn 0.1671 -0.9859 -0.0000
vn 0.1989 -0.9800 -0.0000
vn 0.1853 -0.9827 -0.0000
vn 0.1770 -0.9842 -0.0000
vn 0.1741 -0.9847 -0.0000
vn 0.1769 -0.9842 -0.0000
vn 0.1854 -0.9827 -0.0000
vn -0.9979 0.0648 -0.0000
vn -0.9979 -0.0648 -0.0000
vn -0.9917 -0.1287 -0.0000
vn -0.9815 -0.1917 -0.0000
vn -0.9675 -0.2527 -0.0000
vn -0.9503 -0.3114 -0.0000
vn -0.9301 -0.3674 -0.0000
vn -0.9076 -0.4199 -0.0000
vn -0.8831 -0.4691 -0.0000
vn -0.8576 -0.5144 -0.0000
vn -0.8314 -0.5557 -0.0000
vn -0.8050 -0.5932 -0.0000
vn -0.7793 -0.6266 -0.0000
vn -0.7546 -0.6562 -0.0000
vn -0.7314 -0.6820 -0.0000
vn -0.7104 -0.7038 -0.0000
vn -0.6920 -0.7219 -0.0000
vn -0.6673 -0.7448 -0.0000
vn -0.6340 -0.7733 -0.0000
vn -0.5919 -0.8060 -0.0000
vn -0.5678 -0.8232 -0.0000
vn -0.5415 -0.8407 -0.0000
vn -0.5134 -0.8582 -0.0000
vn 0.5134 -0.8582 -0.0000
vn 0.5415 -0.8407 -0.0000
vn 0.5678 -0.8232 -0.0000
vn 0.5920 -0.8060 -0.0000
vn 0.6340 -0.7733 -0.0000
vn 0.6673 -0.7448 -0.0000
vn 0.6920 -0.7219 -0.0000
vn 0.6959 -0.7182 0.0001
vn 0.7219 -0.6920 -0.0000
vn 0.7514 -0.6598 -0.0000
vn 0.7838 -0.6210 -0.0000
vn 0.8526 -0.5225 -0.0000
vn 0.9177 -0.3973 -0.0000
vn 0.9964 -0.0849 -0.0000
vn 0.9177 0.3973 -0.0000
vn 0.8526 0.5225 -0.0000
vn 0.7838 0.6210 -0.0000
vn 0.7514 0.6598 -0.0000
vn 0.7219 0.6920 -0.0000
vn 0.6959 0.7182 0.0001
vn 0.6920 0.7219 -0.0000
vn 0.6673 0.7448 -0.0000
vn 0.6340 0.7733 -0.0000
vn 0.5919 0.8060 -0.0000
vn 0.5678 0.8232 -0.0000
vn 0.5415 0.8407 -0.0000
vn 0.5134 0.8582 -0.0000
vn 0.4836 0.8753 -0.0000
vn 0.4193 0.9078 -0.0000
vn 0.3494 0.9370 -0.0000
vn 0.2762 0.9611 -0.0000
vn 0.1671 0.9859 -0.0000
vn 0.0534 0.9986 -0.0000
vn 0.0493 0.9988 -0.0000
vn 0.0377 0.9993 -0.0000
vn 0.0560 0.9984 -0.0000
vn 0.0492 0.9988 -0.0000
vn 0.0204 0.9998 -0.0000
vn -0.0204 0.9998 -0.0000
vn -0.0377 0.9993 -0.0000
vn -0.0492 0.9988 -0.0000
vn -0.0533 0.9986 -0.0000
vn -0.0559 0.9984 -0.0000
vn -0.1671 0.9859 -0.0000
vn -0.2762 0.9611 -0.0000
vn -0.3495 0.9369 -0.0000
vn -0.4193 0.9078 -0.0000
vn -0.4836 0.8753 -0.0000
vn -0.5134 0.8582 -0.0000
vn -0.5415 0.8407 -0.0000
vn -0.5678 0.8232 -0.0000
vn -0.5920 0.8060 -0.0000
vn -0.6340 0.7733 -0.0000
vn -0.6673 0.7448 -0.0000
vn -0.6919 0.7220 -0.0000
vn -0.6962 0.7178 -0.0000
vn -0.7128 0.7013 -0.0000
vn -0.7313 0.6820 -0.0000
vn -0.7544 0.6564 -0.0000
vn -0.7792 0.6268 -0.0000
vn -0.8050 0.5933 -0.0000
vn -0.8313 0.5558 -0.0000
vn -0.8575 0.5145 -0.0000
vn -0.8830 0.4694 -0.0000
vn -0.9075 0.4201 -0.0000
vn -0.9301 0.3674 -0.0000
vn -0.9503 0.3114 -0.0000
vn -0.9675 0.2527 -0.0000
vn -0.9815 0.1917 -0.0000
vn -0.9917 0.1287 -0.0000
vn -0.0493 0.9988 -0.0000
vn 0.6724 -0.6453 -0.3626
vn 0.6719 -0.6440 -0.3659
vn 0.6656 -0.6455 -0.3745
vn 0.6632 -0.6432 -0.3827
vn 0.6319 -0.6423 -0.4338
vn 0.6101 -0.6364 -0.4719
vn 0.5941 -0.6372 -0.4909
vn 0.5486 -0.6248 -0.5556
vn 0.5530 -0.6296 -0.5457
vn 0.5084 -0.6190 -0.5987
vn 0.5574 -0.6345 -0.5354
vn 0.4902 -0.6185 -0.6142
vn 0.4612 -0.6046 -0.6495
vn 0.4170 -0.5930 -0.6888
vn 0.4118 -0.5857 -0.6981
vn 0.3418 -0.5575 -0.7566
vn 0.3366 -0.5491 -0.7650
vn 0.2664 -0.5099 -0.8179
vn 0.2619 -0.5010 -0.8248
vn 0.1950 -0.4502 -0.8714
vn 0.1912 -0.4411 -0.8769
vn 0.1302 -0.3779 -0.9167
vn 0.1275 -0.3695 -0.9204
vn 0.0758 -0.2947 -0.9526
vn 0.0740 -0.2878 -0.9548
vn 0.0345 -0.2020 -0.9788
vn 0.0336 -0.1971 -0.9798
vn 0.0086 -0.1002 -0.9949
vn 0.0084 -0.0977 -0.9952
vn 0.4802 -0.6062 -0.6340
vn 0.4067 -0.5785 -0.7071
vn 0.3315 -0.5409 -0.7730
vn 0.2573 -0.4924 -0.8315
vn 0.1873 -0.4326 -0.8819
vn 0.1246 -0.3619 -0.9239
vn 0.0723 -0.2811 -0.9569
vn 0.0328 -0.1922 -0.9808
vn 0.0087 0.1003 -0.9949
vn 0.0084 0.0977 -0.9952
vn 0.0336 0.1970 -0.9798
vn 0.0328 0.1922 -0.9808
vn 0.0723 0.2811 -0.9569
vn 0.0742 0.2875 -0.9549
vn 0.1246 0.3619 -0.9239
vn 0.1275 0.3695 -0.9204
vn 0.1873 0.4326 -0.8819
vn 0.1910 0.4413 -0.8768
vn 0.2573 0.4924 -0.8315
vn 0.2616 0.5010 -0.8249
vn 0.3315 0.5409 -0.7730
vn 0.3366 0.5491 -0.7650
vn 0.4067 0.5784 -0.7071
vn 0.4120 0.5859 -0.6978
vn 0.4802 0.6062 -0.6340
vn 0.4852 0.6123 -0.6242
vn 0.5486 0.6248 -0.5556
vn 0.5530 0.6299 -0.5455
vn 0.6101 0.6365 -0.4719
vn 0.6135 0.6401 -0.4624
vn 0.6632 0.6432 -0.3827
vn 0.6656 0.6455 -0.3745
vn 0.6724 0.6453 -0.3625
vn 0.6729 0.6467 -0.3591
vn 0.6719 0.6440 -0.3659
vn 0.6734 0.6481 -0.3556
vn 0.6680 0.6479 -0.3662
vn 0.6170 0.6435 -0.4530
vn 0.5574 0.6345 -0.5355
vn 0.4902 0.6185 -0.6142
vn 0.4170 0.5931 -0.6887
vn 0.3418 0.5575 -0.7566
vn 0.2664 0.5099 -0.8179
vn 0.1950 0.4502 -0.8714
vn 0.1302 0.3779 -0.9167
vn 0.0758 0.2947 -0.9526
vn 0.0345 0.2020 -0.9788
vn 0.0088 0.1028 -0.9947
vn 0.0088 -0.1028 -0.9947
vn 0.6170 -0.6435 -0.4530
vn 0.6680 -0.6479 -0.3662
vn 0.6734 -0.6481 -0.3557
vn 0.6729 -0.6467 -0.3591
vn -0.6734 -0.6481 -0.3556
vn -0.6680 -0.6478 -0.3662
vn -0.6729 -0.6467 -0.3591
vn -0.6656 -0.6456 -0.3745
vn -0.6724 -0.6453 -0.3625
vn -0.6632 -0.6432 -0.3827
vn -0.6719 -0.6440 -0.3659
vn -0.6319 -0.6423 -0.4338
vn -0.6170 -0.6435 -0.4530
vn -0.5942 -0.6371 -0.4909
vn -0.5574 -0.6345 -0.5354
vn -0.5530 -0.6298 -0.5455
vn -0.5084 -0.6190 -0.5987
vn -0.5424 -0.6234 -0.5632
vn -0.4901 -0.6093 -0.6233
vn -0.4612 -0.6046 -0.6495
vn -0.4349 -0.5901 -0.6802
vn -0.4118 -0.5857 -0.6981
vn -0.3780 -0.5654 -0.7331
vn -0.3366 -0.5491 -0.7650
vn -0.3209 -0.5347 -0.7818
vn -0.2618 -0.5010 -0.8249
vn -0.2646 -0.4977 -0.8260
vn -0.2102 -0.4541 -0.8658
vn -0.1911 -0.4413 -0.8768
vn -0.1595 -0.4036 -0.9009
vn -0.1274 -0.3697 -0.9204
vn -0.1246 -0.3619 -0.9239
vn -0.1138 -0.3473 -0.9308
vn -0.0740 -0.2877 -0.9548
vn -0.0745 -0.2852 -0.9556
vn -0.0426 -0.2182 -0.9750
vn -0.0336 -0.1970 -0.9798
vn -0.0192 -0.1478 -0.9888
vn -0.0086 -0.1001 -0.9949
vn -0.0048 -0.0745 -0.9972
vn -0.0048 0.0745 -0.9972
vn -0.0086 0.1001 -0.9949
vn -0.0192 0.1479 -0.9888
vn -0.0336 0.1970 -0.9798
vn -0.0426 0.2183 -0.9750
vn -0.0741 0.2877 -0.9548
vn -0.0745 0.2852 -0.9556
vn -0.1138 0.3473 -0.9308
vn -0.1273 0.3697 -0.9204
vn -0.1246 0.3619 -0.9239
vn -0.1594 0.4035 -0.9010
vn -0.1911 0.4413 -0.8768
vn -0.2100 0.4539 -0.8660
vn -0.2618 0.5010 -0.8249
vn -0.2642 0.4975 -0.8262
vn -0.3207 0.5346 -0.7819
vn -0.3366 0.5491 -0.7650
vn -0.3779 0.5653 -0.7332
vn -0.4118 0.5857 -0.6981
vn -0.4348 0.5901 -0.6803
vn -0.4852 0.6123 -0.6242
vn -0.4899 0.6092 -0.6236
vn -0.5420 0.6233 -0.5636
vn -0.5530 0.6296 -0.5456
vn -0.5904 0.6332 -0.5005
vn -0.6134 0.6401 -0.4626
vn -0.6338 0.6398 -0.4346
vn -0.6656 0.6456 -0.3745
vn -0.6724 0.6453 -0.3626
vn -0.6729 0.6467 -0.3591
vn -0.6680 0.6479 -0.3662
vn -0.6734 0.6481 -0.3557
vn -0.4902 -0.6185 -0.6142
vn -0.4170 -0.5930 -0.6888
vn -0.3418 -0.5575 -0.7566
vn -0.2664 -0.5099 -0.8179
vn -0.1950 -0.4502 -0.8714
vn -0.1302 -0.3779 -0.9167
vn -0.0758 -0.2947 -0.9526
vn -0.0345 -0.2020 -0.9788
vn -0.0087 -0.1027 -0.9947
vn -0.0088 0.1027 -0.9947
vn -0.0345 0.2020 -0.9788
vn -0.0758 0.2947 -0.9526
vn -0.1302 0.3779 -0.9167
vn -0.1950 0.4502 -0.8714
vn -0.2664 0.5099 -0.8179
vn -0.3418 0.5575 -0.7566
vn -0.4170 0.5931 -0.6887
vn -0.4902 0.6185 -0.6142
vn -0.5574 0.6345 -0.5355
vn -0.6170 0.6435 -0.4530
vn -0.6719 0.6440 -0.3659
vn -0.5906 -0.6332 -0.5002
vn -0.6289 -0.6392 -0.4427
vn 0.0995 0.0965 -0.9903
vn 0.0999 0.0964 -0.9903
vn 0.1046 0.1010 -0.9894
vn 0.1576 0.1522 -0.9757
vn 0.1503 0.1456 -0.9779
vn 0.2014 0.1948 -0.9599
vn 0.2105 0.2033 -0.9562
vn 0.2519 0.2434 -0.9367
vn 0.2016 0.1941 -0.9601
vn 0.2628 0.2538 -0.9309
vn 0.3011 0.2894 -0.9086
vn 0.3014 0.2911 -0.9080
vn 0.3500 0.3376 -0.8738
vn 0.3493 0.3355 -0.8749
vn 0.3972 0.3829 -0.8340
vn 0.3962 0.3803 -0.8357
vn 0.4425 0.4263 -0.7889
vn 0.4411 0.4232 -0.7914
vn 0.4852 0.4673 -0.7390
vn 0.4836 0.4638 -0.7423
vn 0.5252 0.5057 -0.6844
vn 0.5601 0.5369 -0.6309
vn 0.5621 0.5411 -0.6255
vn 0.6253 0.6018 -0.4968
vn 0.6233 0.5974 -0.5046
vn -0.0995 0.0965 -0.9903
vn -0.0999 0.0964 -0.9903
vn -0.1046 0.1010 -0.9894
vn -0.2016 0.1941 -0.9601
vn -0.1503 0.1456 -0.9779
vn -0.2014 0.1948 -0.9599
vn -0.2105 0.2033 -0.9562
vn -0.2519 0.2434 -0.9367
vn -0.3011 0.2894 -0.9086
vn -0.3015 0.2911 -0.9080
vn -0.3493 0.3355 -0.8749
vn -0.3500 0.3376 -0.8738
vn -0.3961 0.3803 -0.8357
vn -0.3972 0.3829 -0.8340
vn -0.4411 0.4232 -0.7914
vn -0.4425 0.4263 -0.7890
vn -0.4836 0.4638 -0.7424
vn -0.4852 0.4673 -0.7390
vn -0.5252 0.5057 -0.6844
vn -0.5601 0.5369 -0.6309
vn -0.5621 0.5411 -0.6255
vn -0.6233 0.5974 -0.5046
vn -0.6253 0.6018 -0.4968
vn -0.6233 -0.5974 -0.5046
vn -0.6253 -0.6018 -0.4968
vn -0.5601 -0.5369 -0.6309
vn -0.5621 -0.5411 -0.6255
vn -0.5252 -0.5057 -0.6844
vn -0.4835 -0.4638 -0.7424
vn -0.4852 -0.4673 -0.7390
vn -0.4411 -0.4232 -0.7914
vn -0.4425 -0.4263 -0.7890
vn -0.3962 -0.3803 -0.8357
vn -0.3972 -0.3829 -0.8340
vn -0.3493 -0.3355 -0.8749
vn -0.3500 -0.3376 -0.8738
vn -0.3011 -0.2894 -0.9086
vn -0.3015 -0.2911 -0.9080
vn -0.2628 -0.2538 -0.9309
vn -0.2518 -0.2433 -0.9367
vn -0.2016 -0.1941 -0.9601
vn -0.2105 -0.2033 -0.9562
vn -0.1576 -0.1522 -0.9757
vn -0.2014 -0.1948 -0.9599
vn -0.1503 -0.1456 -0.9779
vn -0.1046 -0.1010 -0.9894
vn -0.0995 -0.0965 -0.9903
vn -0.0999 -0.0964 -0.9903
vn 0.6253 -0.6019 -0.4968
vn 0.6233 -0.5974 -0.5046
vn 0.5621 -0.5411 -0.6255
vn 0.5601 -0.5369 -0.6309
vn 0.5252 -0.5057 -0.6844
vn 0.4836 -0.4638 -0.7424
vn 0.4852 -0.4673 -0.7390
vn 0.4425 -0.4264 -0.7889
vn 0.4411 -0.4232 -0.7914
vn 0.3972 -0.3829 -0.8340
vn 0.3962 -0.3803 -0.8357
vn 0.3500 -0.3376 -0.8738
vn 0.3493 -0.3355 -0.8749
vn 0.3015 -0.2910 -0.9080
vn 0.3011 -0.2894 -0.9086
vn 0.2519 -0.2434 -0.9367
vn 0.2016 -0.1941 -0.9601
vn 0.2105 -0.2033 -0.9562
vn 0.2014 -0.1948 -0.9599
vn 0.1503 -0.1456 -0.9779
vn 0.1046 -0.1010 -0.9894
vn 0.0999 -0.0964 -0.9903
vn 0.0995 -0.0965 -0.9903
vn 0.1927 -0.0713 -0.9787
vn 0.1893 -0.0701 -0.9794
vn 0.1830 -0.0677 -0.9808
vn 0.3550 -0.1428 -0.9239
vn 0.3654 -0.1470 -0.9192
vn 0.3708 -0.1492 -0.9166
vn 0.5289 -0.2289 -0.8173
vn 0.5503 -0.2412 -0.7994
vn 0.6587 -0.3029 -0.6887
vn 0.6532 -0.3004 -0.6950
vn 0.7568 -0.3653 -0.5421
vn 0.7488 -0.3614 -0.5555
vn 0.8264 -0.4131 -0.3826
vn 0.5100 -0.2207 -0.8314
vn 0.6424 -0.2955 -0.7071
vn 0.8304 -0.4152 -0.3716
vn 0.8735 -0.4460 -0.1950
vn 0.8746 -0.4466 -0.1886
vn 0.8893 -0.4573 -0.0000
vn 0.8799 -0.4504 0.1516
vn 0.8751 -0.4469 0.1855
vn 0.8516 -0.4301 0.2996
vn 0.8323 -0.4161 0.3662
vn 0.8304 -0.4151 0.3717
vn 0.7605 -0.3672 0.5355
vn 0.7565 -0.3653 0.5424
vn 0.6587 -0.3029 0.6887
vn 0.6531 -0.3005 0.6951
vn 0.5287 -0.2289 0.8173
vn 0.5224 -0.2261 0.8222
vn 0.3708 -0.1491 0.9167
vn 0.3653 -0.1470 0.9192
vn 0.1919 -0.0710 0.9788
vn 0.1887 -0.0699 0.9795
vn 0.1827 -0.0676 0.9808
vn 0.8735 -0.4460 0.1952
vn 0.8264 -0.4131 0.3827
vn 0.7487 -0.3614 0.5557
vn 0.6424 -0.2955 0.7071
vn 0.5099 -0.2206 0.8315
vn 0.3550 -0.1428 0.9239
vn 0.8752 -0.4469 -0.1853
vn 0.8323 -0.4161 -0.3661
vn 0.7606 -0.3672 -0.5353
vn 0.1966 0.0599 -0.9787
vn 0.1932 0.0588 -0.9794
vn 0.1867 0.0569 -0.9808
vn 0.3690 0.1012 -0.9239
vn 0.3799 0.1041 -0.9192
vn 0.3855 0.1057 -0.9166
vn 0.5595 0.1378 -0.8173
vn 0.5840 0.1410 -0.7994
vn 0.7077 0.1575 -0.6887
vn 0.7018 0.1561 -0.6950
vn 0.8235 0.1671 -0.5422
vn 0.8149 0.1654 -0.5556
vn 0.9079 0.1712 -0.3826
vn 0.5395 0.1330 -0.8314
vn 0.6902 0.1536 -0.7071
vn 0.9123 0.1720 -0.3716
vn 0.9653 0.1736 -0.1950
vn 0.9666 0.1738 -0.1885
vn 0.9847 0.1741 -0.0000
vn 0.9730 0.1739 0.1516
vn 0.9671 0.1739 0.1855
vn 0.9383 0.1730 0.2996
vn 0.9144 0.1725 0.3662
vn 0.9123 0.1721 0.3717
vn 0.8276 0.1680 0.5355
vn 0.8233 0.1671 0.5424
vn 0.7077 0.1574 0.6888
vn 0.7018 0.1561 0.6951
vn 0.5594 0.1378 0.8173
vn 0.5526 0.1361 0.8222
vn 0.3854 0.1057 0.9167
vn 0.3798 0.1041 0.9192
vn 0.1957 0.0596 0.9788
vn 0.1925 0.0585 0.9795
vn 0.1864 0.0568 0.9808
vn 0.9653 0.1736 0.1952
vn 0.9079 0.1713 0.3827
vn 0.8148 0.1654 0.5557
vn 0.6902 0.1536 0.7071
vn 0.5394 0.1329 0.8315
vn 0.3690 0.1012 0.9239
vn 0.9672 0.1738 -0.1855
vn 0.9145 0.1725 -0.3661
vn 0.8278 0.1680 -0.5353
vn 0.2554 -0.7071 0.6593
vn 0.1907 -0.7071 0.6809
vn -0.0000 -0.7071 0.7071
vn -0.1908 -0.7071 0.6809
vn 0.3674 -0.7071 0.6042
vn 0.4764 -0.7071 0.5226
vn 0.5168 -0.7071 0.4826
vn 0.6330 -0.7071 0.3152
vn 0.6279 -0.7071 0.3252
vn 0.6923 -0.7071 0.1439
vn 0.7041 -0.7071 0.0652
vn 0.7055 -0.7071 -0.0483
vn 0.6801 -0.7071 -0.1935
vn 0.6663 -0.7071 -0.2368
vn 0.5643 -0.7071 -0.4261
vn 0.5777 -0.7071 -0.4077
vn 0.4463 -0.7071 -0.5485
vn 0.3722 -0.7071 -0.6012
vn 0.2817 -0.7071 -0.6486
vn 0.1299 -0.7071 -0.6950
vn 0.0963 -0.7071 -0.7005
vn -0.1299 -0.7071 -0.6951
vn -0.0963 -0.7071 -0.7005
vn -0.2817 -0.7071 -0.6486
vn -0.3722 -0.7071 -0.6012
vn -0.4462 -0.7071 -0.5485
vn -0.5643 -0.7071 -0.4261
vn -0.5777 -0.7071 -0.4078
vn -0.6663 -0.7071 -0.2368
vn -0.6801 -0.7071 -0.1935
vn -0.7055 -0.7071 -0.0483
vn -0.7041 -0.7071 0.0652
vn -0.6923 -0.7071 0.1439
vn -0.6330 -0.7071 0.3152
vn -0.6278 -0.7071 0.3253
vn -0.5168 -0.7071 0.4826
vn -0.4764 -0.7071 0.5225
vn -0.3674 -0.7071 0.6042
vn -0.2554 -0.7071 0.6594
vn 0.2554 -0.7071 0.6594
vn 0.4764 -0.7071 0.5225
vn 0.6278 -0.7071 0.3253
vn 0.5777 -0.7071 -0.4078
vn -0.0962 -0.7071 -0.7005
vn -0.4463 -0.7071 -0.5485
vn -0.5777 -0.7071 -0.4077
vn -0.6278 -0.7071 0.3254
vn 0.2393 -0.0000 0.9709
vn 0.1890 -0.0000 0.9820
vn -0.1870 -0.0000 0.9824
vn 0.3783 -0.0000 0.9257
vn 0.4647 -0.0000 0.8855
vn 0.5546 -0.0000 0.8321
vn 0.6631 -0.0000 0.7485
vn 0.7061 -0.0000 0.7081
vn 0.8230 -0.0000 0.5681
vn 0.8311 -0.0000 0.5561
vn 0.9266 -0.0000 0.3760
vn 0.9350 -0.0000 0.3546
vn 0.9837 0.0001 0.1800
vn 0.9927 -0.0000 0.1205
vn 0.9998 -0.0000 -0.0174
vn 0.9927 -0.0000 -0.1205
vn 0.9764 -0.0000 -0.2158
vn 0.9350 -0.0000 -0.3546
vn 0.9121 -0.0000 -0.4099
vn 0.8230 -0.0000 -0.5681
vn 0.8105 -0.0000 -0.5857
vn 0.6812 -0.0000 -0.7321
vn 0.6631 -0.0000 -0.7485
vn 0.5244 0.0001 -0.8515
vn 0.4647 -0.0000 -0.8855
vn 0.3449 -0.0000 -0.9386
vn 0.2393 -0.0000 -0.9709
vn 0.1546 -0.0000 -0.9880
vn -0.0332 -0.0000 -0.9994
vn -0.2393 -0.0000 -0.9709
vn -0.2207 -0.0000 -0.9753
vn -0.4040 -0.0000 -0.9148
vn -0.4647 -0.0000 -0.8855
vn -0.5720 -0.0000 -0.8203
vn -0.6631 -0.0000 -0.7485
vn -0.7157 -0.0000 -0.6985
vn -0.8230 -0.0000 -0.5681
vn -0.8354 -0.0000 -0.5497
vn -0.9350 -0.0000 -0.3546
vn -0.9278 -0.0000 -0.3730
vn -0.9838 -0.0000 -0.1793
vn -0.9927 -0.0000 -0.1205
vn -0.9998 -0.0000 0.0175
vn -0.9927 -0.0000 0.1205
vn -0.9767 -0.0000 0.2147
vn -0.9350 -0.0000 0.3546
vn -0.9137 -0.0000 0.4063
vn -0.8230 -0.0000 0.5681
vn -0.8155 -0.0000 0.5787
vn -0.6631 -0.0000 0.7485
vn -0.6920 -0.0000 0.7219
vn -0.5433 -0.0000 0.8395
vn -0.4647 -0.0000 0.8855
vn -0.3719 -0.0000 0.9283
vn -0.2393 -0.0000 0.9709
vn 0.1870 -0.0000 0.9824
vn -0.1890 -0.0000 0.9820
vn 0.3719 -0.0000 0.9283
vn 0.5433 -0.0000 0.8395
vn 0.6920 -0.0000 0.7219
vn 0.8155 -0.0000 0.5787
vn 0.9137 0.0001 0.4063
vn 0.9767 -0.0000 0.2147
vn 0.9998 -0.0000 0.0175
vn 0.9838 -0.0000 -0.1793
vn 0.9278 -0.0000 -0.3730
vn 0.8354 -0.0000 -0.5497
vn 0.7157 -0.0000 -0.6985
vn 0.5720 -0.0000 -0.8203
vn 0.4040 -0.0000 -0.9148
vn 0.2208 -0.0000 -0.9753
vn 0.0332 -0.0000 -0.9994
vn -0.1546 -0.0000 -0.9880
vn -0.3450 -0.0000 -0.9386
vn -0.5244 -0.0000 -0.8514
vn -0.6812 -0.0000 -0.7321
vn -0.8105 -0.0000 -0.5857
vn -0.9121 -0.0000 -0.4099
vn -0.9764 -0.0000 -0.2158
vn -0.9998 -0.0000 -0.0174
vn -0.9837 0.0001 0.1800
vn -0.9266 -0.0000 0.3760
vn -0.8311 -0.0000 0.5561
vn -0.7061 -0.0000 0.7081
vn -0.5546 -0.0000 0.8321
vn -0.3783 -0.0000 0.9257
vn -0.7791 0.4695 0.4155
vn -0.8168 0.4695 0.3352
vn -0.8464 0.4695 0.2516
vn -0.8673 0.4695 0.1653
vn -0.8673 0.4695 0.1654
vn -0.8795 0.4695 0.0775
vn -0.8829 0.4695 -0.0112
vn -0.8773 0.4695 -0.0997
vn -0.8629 0.4695 -0.1873
vn -0.8397 0.4695 -0.2729
vn -0.8081 0.4695 -0.3558
vn -0.7683 0.4695 -0.4351
vn -0.7208 0.4695 -0.5100
vn -0.6659 0.4695 -0.5798
vn -0.6044 0.4695 -0.6437
vn -0.5367 0.4695 -0.7011
vn -0.4637 0.4695 -0.7514
vn -0.3859 0.4695 -0.7941
vn -0.3043 0.4695 -0.8289
vn -0.2196 0.4695 -0.8552
vn -0.1326 0.4695 -0.8729
vn -0.0444 0.4695 -0.8818
vn 0.0444 0.4695 -0.8818
vn 0.1326 0.4695 -0.8729
vn 0.2196 0.4695 -0.8552
vn 0.3043 0.4695 -0.8289
vn 0.3859 0.4695 -0.7941
vn 0.4637 0.4695 -0.7514
vn 0.5367 0.4695 -0.7011
vn 0.6044 0.4695 -0.6437
vn 0.6659 0.4695 -0.5798
vn 0.7208 0.4695 -0.5100
vn 0.7683 0.4695 -0.4351
vn 0.8081 0.4695 -0.3558
vn 0.8397 0.4695 -0.2729
vn 0.8629 0.4695 -0.1873
vn 0.8773 0.4695 -0.0997
vn 0.8829 0.4695 -0.0112
vn 0.8795 0.4695 0.0775
vn 0.8673 0.4695 0.1654
vn 0.8673 0.4695 0.1653
vn 0.8464 0.4695 0.2516
vn 0.8168 0.4695 0.3352
vn 0.7791 0.4695 0.4155
vn 0.1215 -0.8829 0.4535
vn 0.1123 -0.8829 0.4558
vn -0.0000 -0.8830 0.4694
vn -0.0000 -0.8829 0.4695
vn -0.1123 -0.8829 0.4558
vn 0.2181 -0.8829 0.4157
vn 0.2347 -0.8829 0.4066
vn 0.3113 -0.8829 0.3514
vn 0.3320 -0.8830 0.3320
vn 0.3864 -0.8829 0.2667
vn 0.4066 -0.8829 0.2347
vn 0.4390 -0.8829 0.1665
vn 0.4535 -0.8830 0.1215
vn 0.4661 -0.8829 0.0566
vn 0.4695 -0.8829 -0.0000
vn 0.4660 -0.8830 -0.0566
vn 0.4535 -0.8830 -0.1215
vn 0.4390 -0.8829 -0.1665
vn 0.4066 -0.8829 -0.2347
vn 0.3864 -0.8829 -0.2667
vn 0.3320 -0.8830 -0.3320
vn 0.3113 -0.8830 -0.3514
vn 0.2347 -0.8829 -0.4066
vn 0.2182 -0.8829 -0.4157
vn 0.1215 -0.8830 -0.4535
vn 0.1123 -0.8829 -0.4558
vn -0.0000 -0.8830 -0.4694
vn -0.0000 -0.8829 -0.4695
vn -0.1123 -0.8829 -0.4558
vn -0.1215 -0.8829 -0.4535
vn -0.2181 -0.8829 -0.4157
vn -0.2347 -0.8829 -0.4066
vn -0.3113 -0.8830 -0.3514
vn -0.3320 -0.8830 -0.3320
vn -0.3864 -0.8829 -0.2667
vn -0.4066 -0.8829 -0.2347
vn -0.4390 -0.8829 -0.1665
vn -0.4535 -0.8830 -0.1215
vn -0.4661 -0.8829 -0.0566
vn -0.4695 -0.8829 -0.0000
vn -0.4660 -0.8830 0.0566
vn -0.4535 -0.8830 0.1215
vn -0.4390 -0.8829 0.1665
vn -0.4066 -0.8829 0.2347
vn -0.3864 -0.8829 0.2667
vn -0.3320 -0.8830 0.3320
vn -0.3113 -0.8830 0.3514
vn -0.2347 -0.8829 0.4066
vn -0.2182 -0.8829 0.4157
vn -0.1215 -0.8829 0.4535
vn 0.1924 0.0001 0.9813
vn -0.1923 -0.0000 0.9813
vn -0.3090 -0.0001 0.9511
vn -0.5878 -0.0000 0.8090
vn -0.5580 -0.0000 0.8299
vn -0.8090 -0.0000 0.5878
vn -0.8298 -0.0000 0.5580
vn -0.9511 -0.0000 0.3090
vn -0.9813 -0.0000 0.1923
vn -0.9813 -0.0000 -0.1924
vn -0.9511 -0.0001 -0.3090
vn -0.9238 -0.0000 -0.3828
vn -0.8090 -0.0000 -0.5878
vn -0.8296 -0.0001 -0.5583
vn -0.5878 -0.0000 -0.8090
vn -0.5580 -0.0000 -0.8298
vn -0.3828 -0.0000 -0.9238
vn -0.3090 -0.0000 -0.9511
vn -0.1923 -0.0000 -0.9813
vn 0.1923 -0.0000 -0.9813
vn 0.3090 -0.0000 -0.9511
vn 0.3828 -0.0000 -0.9238
vn 0.5878 -0.0000 -0.8090
vn 0.5580 -0.0000 -0.8298
vn 0.8090 -0.0000 -0.5878
vn 0.8296 -0.0001 -0.5583
vn 0.9238 -0.0000 -0.3828
vn 0.9511 -0.0001 -0.3090
vn 0.9813 -0.0000 -0.1924
vn 0.9813 -0.0000 0.1923
vn 0.9511 -0.0000 0.3090
vn 0.8090 -0.0000 0.5878
vn 0.8298 -0.0000 0.5580
vn 0.5878 -0.0000 0.8090
vn 0.5580 -0.0000 0.8299
vn 0.3090 -0.0001 0.9511
vn -0.1924 0.0001 0.9813
vn -0.5580 -0.0000 0.8298
vn -0.8296 -0.0001 0.5583
vn -0.9511 -0.0000 -0.3090
vn -0.8298 -0.0000 -0.5580
vn 0.8298 -0.0000 -0.5580
vn 0.9511 -0.0000 -0.3090
vn 0.8296 -0.0001 0.5583
vn 0.5580 -0.0000 0.8298
vn 0.3828 -0.0000 0.9238
vn -0.1907 -0.7071 0.6809
vn 0.0962 -0.7071 -0.7005
vn -0.5776 -0.7071 -0.4078
vn -0.2554 -0.7071 0.6593
vn 0.1908 -0.7071 0.6809
vn -0.4764 -0.7071 0.5226
vn -0.3612 -0.0000 0.9325
vn -0.1837 -0.0000 0.9830
vn 0.1837 -0.0000 0.9830
vn 0.3612 -0.0000 0.9325
vn 0.5264 -0.0000 0.8502
vn 0.6737 -0.0000 0.7390
vn 0.7980 -0.0000 0.6026
vn 0.8952 -0.0000 0.4457
vn 0.9618 -0.0000 0.2737
vn 0.9957 -0.0000 0.0923
vn 0.9957 -0.0000 -0.0923
vn 0.9618 -0.0000 -0.2737
vn 0.8952 -0.0000 -0.4457
vn 0.7980 -0.0000 -0.6026
vn 0.6737 -0.0000 -0.7390
vn 0.5264 -0.0000 -0.8502
vn 0.3612 -0.0000 -0.9325
vn 0.1837 -0.0000 -0.9830
vn -0.1837 -0.0000 -0.9830
vn -0.3612 -0.0000 -0.9325
vn -0.5264 -0.0000 -0.8502
vn -0.6737 -0.0000 -0.7390
vn -0.7980 -0.0000 -0.6026
vn -0.8952 -0.0000 -0.4457
vn -0.9618 -0.0000 -0.2737
vn -0.9957 -0.0000 -0.0923
vn -0.9957 -0.0000 0.0923
vn -0.9618 -0.0000 0.2737
vn -0.8952 -0.0000 0.4457
vn -0.7980 -0.0000 0.6026
vn -0.6737 -0.0000 0.7390
vn -0.5264 -0.0000 0.8502
vn -0.2588 -0.0000 0.9659
vn 0.2588 -0.0000 0.9659
vn 0.5000 -0.0000 0.8660
vn 0.8660 -0.0000 0.5000
vn 0.9659 -0.0000 0.2588
vn 0.9659 -0.0000 -0.2588
vn 0.8660 -0.0000 -0.5000
vn 0.2588 -0.0000 -0.9659
vn -0.2588 -0.0000 -0.9659
vn -0.8660 -0.0000 -0.5000
vn -0.9659 -0.0000 -0.2588
vn -0.9659 -0.0000 0.2588
vn -0.8660 -0.0000 0.5000
vn -0.5000 -0.0000 0.8660
vn 0.2487 -0.0000 -0.9686
vn -0.2487 -0.0000 -0.9686
vn -0.4818 -0.0000 -0.8763
vn -0.6845 -0.0000 -0.7290
vn -0.8443 -0.0000 -0.5358
vn -0.9980 -0.0000 -0.0628
vn -0.9823 -0.0000 0.1874
vn -0.9048 -0.0000 0.4258
vn -0.7705 -0.0000 0.6374
vn -0.3681 -0.0000 0.9298
vn -0.1253 -0.0000 0.9921
vn 0.1253 -0.0000 0.9921
vn 0.3681 -0.0000 0.9298
vn 0.7705 -0.0000 0.6374
vn 0.9048 -0.0000 0.4258
vn 0.9823 -0.0000 0.1874
vn 0.9980 -0.0000 -0.0628
vn 0.8443 -0.0000 -0.5358
vn 0.6845 -0.0000 -0.7290
vn 0.4818 -0.0000 -0.8763
vn 0.1893 -0.0000 -0.9819
vn -0.1893 -0.0000 -0.9819
vn -0.3717 -0.0000 -0.9284
vn -0.5406 -0.0000 -0.8413
vn -0.6901 -0.0000 -0.7237
vn -0.8146 -0.0000 -0.5801
vn -0.9096 -0.0000 -0.4154
vn -0.9718 -0.0000 -0.2358
vn -0.9989 -0.0000 -0.0476
vn -0.9898 -0.0000 0.1423
vn -0.9450 -0.0000 0.3271
vn -0.7557 -0.0000 0.6549
vn -0.7558 -0.0000 0.6549
vn -0.6182 -0.0000 0.7861
vn -0.4582 -0.0000 0.8888
vn -0.2817 -0.0000 0.9595
vn -0.0951 -0.0000 0.9955
vn 0.0951 -0.0000 0.9955
vn 0.2817 -0.0000 0.9595
vn 0.4582 -0.0000 0.8888
vn 0.6182 -0.0000 0.7861
vn 0.7558 -0.0000 0.6549
vn 0.7557 -0.0000 0.6549
vn 0.9450 -0.0000 0.3271
vn 0.9898 -0.0000 0.1423
vn 0.9989 -0.0000 -0.0476
vn 0.9718 -0.0000 -0.2358
vn 0.9096 -0.0000 -0.4154
vn 0.8146 -0.0000 -0.5801
vn 0.6901 -0.0000 -0.7237
vn 0.5406 -0.0000 -0.8413
vn 0.3717 -0.0000 -0.9284
vn -0.8824 -0.0000 0.4706
vn -0.9251 -0.0000 0.3797
vn -0.9586 -0.0000 0.2849
vn -0.9823 -0.0000 0.1873
vn -0.9961 -0.0000 0.0877
vn -0.9999 -0.0000 -0.0127
vn -0.9936 -0.0000 -0.1129
vn -0.9772 -0.0000 -0.2121
vn -0.9510 -0.0000 -0.3091
vn -0.9152 -0.0000 -0.4030
vn -0.8702 -0.0000 -0.4928
vn -0.8163 -0.0000 -0.5776
vn -0.7542 -0.0000 -0.6566
vn -0.6079 -0.0000 -0.7940
vn -0.5251 -0.0000 -0.8510
vn -0.4371 -0.0000 -0.8994
vn -0.3446 -0.0000 -0.9387
vn -0.1502 -0.0000 -0.9887
vn -0.0502 -0.0000 -0.9987
vn 0.0502 -0.0000 -0.9987
vn 0.1502 -0.0000 -0.9887
vn 0.3446 -0.0000 -0.9387
vn 0.4371 -0.0000 -0.8994
vn 0.5251 -0.0000 -0.8510
vn 0.6079 -0.0000 -0.7940
vn 0.7542 -0.0000 -0.6566
vn 0.8163 -0.0000 -0.5776
vn 0.8702 -0.0000 -0.4928
vn 0.9152 -0.0000 -0.4030
vn 0.9510 -0.0000 -0.3091
vn 0.9772 -0.0000 -0.2121
vn 0.9936 -0.0000 -0.1129
vn 0.9999 -0.0000 -0.0127
vn 0.9961 -0.0000 0.0877
vn 0.9823 -0.0000 0.1873
vn 0.9586 -0.0000 0.2849
vn 0.9251 -0.0000 0.3797
vn 0.8823 -0.0000 0.4706
vn 0.8824 -0.0000 0.4706
vn -0.1838 -0.0000 0.9830
vn 0.1838 -0.0000 0.9830
vn 0.1838 -0.0000 -0.9830
vn -0.1838 -0.0000 -0.9830
vn 0.7017 -0.7124 -0.0000
vn 0.7018 -0.7124 -0.0000
vn 0.6505 -0.7595 -0.0000
vn 0.6337 -0.7736 0.0001
vn 0.5808 -0.8140 -0.0000
vn 0.5604 -0.8282 0.0001
vn 0.5066 -0.8622 -0.0000
vn 0.4823 -0.8760 -0.0000
vn 0.4561 -0.8899 -0.0000
vn 0.4539 -0.8911 -0.0000
vn 0.4460 -0.8950 -0.0000
vn 0.4003 -0.9164 -0.0000
vn 0.4330 -0.9014 -0.0000
vn 0.4163 -0.9092 -0.0000
vn 0.3960 -0.9182 -0.0000
vn 0.3725 -0.9280 -0.0000
vn 0.3468 -0.9379 -0.0000
vn 0.3149 -0.9491 -0.0000
vn 0.3207 -0.9472 -0.0000
vn 0.2941 -0.9558 -0.0000
vn 0.2674 -0.9636 -0.0000
vn 0.2268 -0.9739 0.0001
vn 0.2422 -0.9702 -0.0000
vn 0.2202 -0.9755 -0.0000
vn 0.2020 -0.9794 -0.0000
vn 0.1878 -0.9822 -0.0000
vn 0.1368 -0.9906 -0.0000
vn 0.1788 -0.9839 -0.0000
vn 0.1755 -0.9845 -0.0000
vn 0.1761 -0.9844 -0.0000
vn 0.1778 -0.9841 -0.0000
vn 0.1857 -0.9826 -0.0000
vn 0.1992 -0.9800 -0.0000
vn 0.2167 -0.9762 -0.0000
vn 0.2625 -0.9649 -0.0000
vn 0.2380 -0.9713 -0.0000
vn 0.2627 -0.9649 -0.0000
vn 0.2893 -0.9572 -0.0000
vn 0.3158 -0.9488 -0.0000
vn 0.3468 -0.9380 -0.0000
vn 0.3421 -0.9397 -0.0000
vn 0.3680 -0.9298 -0.0000
vn 0.3921 -0.9199 -0.0000
vn 0.4284 -0.9036 -0.0000
vn 0.4129 -0.9108 -0.0000
vn 0.4302 -0.9027 -0.0000
vn 0.4440 -0.8960 -0.0000
vn 0.4528 -0.8916 -0.0000
vn 0.0457 -0.9990 -0.0000
vn 0.0775 -0.9970 -0.0000
vn 0.0790 -0.9969 -0.0000
vn 0.0884 -0.9961 -0.0000
vn 0.0774 -0.9970 -0.0000
vn -0.0457 -0.9990 -0.0000
vn 0.0152 -0.9999 -0.0000
vn 0.0303 -0.9995 -0.0000
vn -0.1368 -0.9906 -0.0000
vn -0.0729 -0.9973 -0.0000
vn -0.0655 -0.9979 -0.0000
vn -0.0558 -0.9984 -0.0000
vn -0.2268 -0.9739 -0.0000
vn -0.1788 -0.9839 -0.0000
vn -0.1755 -0.9845 -0.0000
vn -0.1761 -0.9844 -0.0000
vn -0.1778 -0.9841 -0.0000
vn -0.1857 -0.9826 -0.0000
vn -0.3149 -0.9491 -0.0000
vn -0.2674 -0.9636 -0.0000
vn -0.2422 -0.9702 -0.0000
vn -0.2202 -0.9755 -0.0000
vn -0.4003 -0.9164 -0.0000
vn -0.3468 -0.9379 -0.0000
vn -0.3205 -0.9472 -0.0000
vn -0.2941 -0.9558 -0.0000
vn -0.4823 -0.8760 -0.0000
vn -0.4330 -0.9014 -0.0000
vn -0.4163 -0.9092 -0.0000
vn -0.3960 -0.9182 -0.0000
vn -0.5604 -0.8282 0.0001
vn -0.5066 -0.8622 -0.0000
vn -0.4561 -0.8899 -0.0000
vn -0.4539 -0.8911 -0.0000
vn -0.5808 -0.8140 -0.0000
vn -0.6337 -0.7736 -0.0000
vn -0.6505 -0.7595 -0.0000
vn -0.7018 -0.7124 -0.0000
vn -0.7017 -0.7124 -0.0000
vn -0.7026 -0.7116 -0.0000
vn -0.7051 -0.7091 -0.0000
vn -0.7093 -0.7049 -0.0000
vn -0.7151 -0.6990 -0.0000
vn -0.4528 -0.8916 -0.0000
vn -0.4284 -0.9036 -0.0000
vn -0.4440 -0.8960 -0.0000
vn -0.4302 -0.9027 -0.0000
vn -0.4129 -0.9108 -0.0000
vn -0.3921 -0.9199 -0.0000
vn -0.3468 -0.9380 -0.0000
vn -0.3680 -0.9298 -0.0000
vn -0.3421 -0.9397 -0.0000
vn -0.3158 -0.9488 -0.0000
vn -0.2625 -0.9649 -0.0000
vn -0.2893 -0.9572 -0.0000
vn -0.2627 -0.9649 -0.0000
vn -0.2380 -0.9713 -0.0000
vn -0.2167 -0.9762 -0.0000
vn -0.1991 -0.9800 -0.0000
vn -0.0884 -0.9961 -0.0000
vn -0.0789 -0.9969 -0.0000
vn -0.0775 -0.9970 -0.0000
vn -0.0441 -0.9990 -0.0000
vn 0.0440 -0.9990 -0.0000
vn 0.0302 -0.9995 -0.0000
vn 0.7151 -0.6990 -0.0000
vn 0.7093 -0.7049 -0.0000
vn 0.7051 -0.7091 -0.0000
vn 0.7026 -0.7116 -0.0000
vn -0.4460 -0.8950 -0.0000
vn -0.3725 -0.9280 -0.0000
vn -0.2020 -0.9794 -0.0000
vn -0.1878 -0.9822 -0.0000
vn -0.0152 -0.9999 -0.0000
vn -0.0153 -0.9999 -0.0000
vn 0.0153 -0.9999 -0.0000
vn 0.0441 -0.9990 -0.0000
vn 0.0655 -0.9979 -0.0000
vn 0.0730 -0.9973 -0.0000
vn -0.0302 -0.9995 -0.0000
vn -0.0559 -0.9984 -0.0000
vn -0.0730 -0.9973 -0.0000
vn -0.0790 -0.9969 -0.0000
vn -0.0303 -0.9995 -0.0000
vn 0.0558 -0.9984 -0.0000
vn -0.0774 -0.9970 -0.0000
vn -0.9976 -0.0000 0.0694
vn -0.9925 -0.0000 0.1222
vn -0.9904 -0.0000 0.1385
vn -0.9784 -0.0000 0.2067
vn -0.9701 -0.0000 0.2425
vn -0.9619 -0.0000 0.2734
vn -0.9332 -0.0000 0.3592
vn -0.9401 -0.0000 0.3409
vn -0.9133 0.0001 0.4072
vn -0.9619 -0.0000 0.2733
vn 0.9135 -0.0000 0.4068
vn 0.9332 -0.0000 0.3592
vn 0.9401 -0.0000 0.3409
vn 0.9619 -0.0000 0.2734
vn 0.9701 -0.0000 0.2425
vn 0.9784 -0.0000 0.2067
vn 0.9925 -0.0000 0.1222
vn 0.9904 -0.0000 0.1385
vn 0.9976 -0.0000 0.0694
vn -0.8829 0.4695 -0.0000
vn -0.8763 0.4695 0.1079
vn -0.8566 0.4695 0.2141
vn -0.8240 0.4695 0.3172
vn 0.8240 0.4695 0.3172
vn 0.8566 0.4695 0.2141
vn 0.8763 0.4695 0.1079
vn 0.8829 0.4695 -0.0000
vn -0.4547 -0.8829 0.1166
vn -0.4516 -0.8829 0.1284
vn -0.4442 -0.8829 0.1525
vn -0.4413 -0.8830 0.1601
vn -0.4305 -0.8829 0.1873
vn -0.4287 -0.8830 0.1911
vn -0.4142 -0.8829 0.2209
vn -0.4343 -0.8829 0.1782
vn -0.4500 -0.8829 0.1338
vn -0.4612 -0.8829 0.0879
vn -0.4677 -0.8829 0.0412
vn -0.4694 -0.8829 -0.0059
vn -0.4665 -0.8829 -0.0530
vn -0.4588 -0.8829 -0.0996
vn -0.4465 -0.8829 -0.1451
vn -0.4297 -0.8829 -0.1892
vn -0.4085 -0.8829 -0.2314
vn -0.4085 -0.8829 -0.2313
vn -0.3832 -0.8829 -0.2712
vn -0.3541 -0.8829 -0.3083
vn -0.3214 -0.8829 -0.3422
vn -0.2854 -0.8829 -0.3728
vn -0.2465 -0.8829 -0.3995
vn -0.2052 -0.8829 -0.4223
vn -0.1618 -0.8829 -0.4407
vn -0.1167 -0.8829 -0.4547
vn -0.0705 -0.8829 -0.4641
vn -0.0236 -0.8829 -0.4689
vn 0.0236 -0.8829 -0.4689
vn 0.0705 -0.8829 -0.4641
vn 0.1167 -0.8829 -0.4547
vn 0.1618 -0.8829 -0.4407
vn 0.2052 -0.8829 -0.4223
vn 0.2465 -0.8829 -0.3995
vn 0.2854 -0.8829 -0.3728
vn 0.3214 -0.8829 -0.3422
vn 0.3541 -0.8829 -0.3083
vn 0.3832 -0.8829 -0.2712
vn 0.4085 -0.8829 -0.2313
vn 0.4085 -0.8829 -0.2314
vn 0.4297 -0.8829 -0.1892
vn 0.4465 -0.8829 -0.1451
vn 0.4588 -0.8829 -0.0996
vn 0.4665 -0.8829 -0.0530
vn 0.4694 -0.8829 -0.0059
vn 0.4677 -0.8829 0.0412
vn 0.4612 -0.8829 0.0879
vn 0.4500 -0.8829 0.1338
vn 0.4343 -0.8829 0.1782
vn 0.4142 -0.8829 0.2209
vn 0.4287 -0.8830 0.1911
vn 0.4306 -0.8829 0.1873
vn 0.4412 -0.8830 0.1601
vn 0.4441 -0.8829 0.1525
vn 0.4516 -0.8829 0.1284
vn 0.4547 -0.8829 0.1166
vn -0.4649 -0.8829 0.0653
vn -0.4651 -0.8829 0.0639
vn -0.4691 -0.8831 -0.0000
vn -0.4651 -0.8829 -0.0639
vn -0.4521 -0.8829 0.1266
vn -0.4512 -0.8830 0.1294
vn -0.4306 -0.8829 0.1870
vn -0.4289 -0.8830 0.1910
vn -0.4011 -0.8830 0.2439
vn -0.3981 -0.8830 0.2488
vn -0.3642 -0.8829 0.2963
vn -0.3596 -0.8829 0.3018
vn -0.3204 -0.8829 0.3431
vn -0.3141 -0.8830 0.3489
vn -0.2707 -0.8829 0.3835
vn -0.2625 -0.8829 0.3892
vn -0.2160 -0.8829 0.4168
vn -0.2057 -0.8830 0.4220
vn -0.1573 -0.8829 0.4423
vn -0.1451 -0.8829 0.4465
vn -0.0956 -0.8829 0.4596
vn -0.0815 -0.8829 0.4624
vn -0.0321 -0.8829 0.4684
vn -0.0164 -0.8829 0.4692
vn 0.0320 -0.8829 0.4684
vn 0.0491 -0.8829 0.4669
vn 0.0955 -0.8829 0.4596
vn 0.1136 -0.8829 0.4555
vn 0.1572 -0.8830 0.4424
vn 0.1759 -0.8829 0.4353
vn 0.2160 -0.8830 0.4168
vn 0.2347 -0.8830 0.4066
vn 0.2707 -0.8830 0.3835
vn 0.2891 -0.8829 0.3699
vn 0.3204 -0.8830 0.3431
vn 0.3377 -0.8829 0.3261
vn 0.3641 -0.8830 0.2963
vn 0.3798 -0.8829 0.2759
vn 0.4011 -0.8830 0.2439
vn 0.4145 -0.8829 0.2204
vn 0.4306 -0.8829 0.1870
vn 0.4412 -0.8829 0.1606
vn 0.4521 -0.8830 0.1267
vn 0.4593 -0.8829 0.0976
vn 0.4651 -0.8829 0.0639
vn 0.4683 -0.8829 0.0327
vn 0.4694 -0.8830 -0.0000
vn 0.4683 -0.8829 -0.0327
vn 0.4651 -0.8829 -0.0639
vn 0.4592 -0.8829 -0.0976
vn 0.4521 -0.8830 -0.1267
vn 0.4412 -0.8829 -0.1606
vn 0.4306 -0.8830 -0.1870
vn 0.4145 -0.8829 -0.2204
vn 0.4011 -0.8829 -0.2439
vn 0.3798 -0.8829 -0.2759
vn 0.3642 -0.8830 -0.2963
vn 0.3377 -0.8829 -0.3261
vn 0.3204 -0.8830 -0.3431
vn 0.2890 -0.8829 -0.3699
vn 0.2707 -0.8830 -0.3835
vn 0.2347 -0.8830 -0.4066
vn 0.2160 -0.8830 -0.4168
vn 0.1759 -0.8829 -0.4353
vn 0.1572 -0.8830 -0.4424
vn 0.1136 -0.8829 -0.4555
vn 0.0955 -0.8829 -0.4596
vn 0.0491 -0.8829 -0.4669
vn 0.0320 -0.8829 -0.4684
vn -0.0164 -0.8829 -0.4692
vn -0.0321 -0.8829 -0.4684
vn -0.0815 -0.8829 -0.4623
vn -0.0956 -0.8829 -0.4596
vn -0.1451 -0.8830 -0.4465
vn -0.1572 -0.8829 -0.4424
vn -0.2058 -0.8829 -0.4220
vn -0.2160 -0.8829 -0.4168
vn -0.2625 -0.8829 -0.3892
vn -0.2708 -0.8829 -0.3835
vn -0.3141 -0.8830 -0.3489
vn -0.3204 -0.8829 -0.3431
vn -0.3596 -0.8830 -0.3018
vn -0.3642 -0.8829 -0.2963
vn -0.3981 -0.8830 -0.2488
vn -0.4011 -0.8829 -0.2439
vn -0.4289 -0.8830 -0.1910
vn -0.4306 -0.8830 -0.1871
vn -0.4512 -0.8830 -0.1294
vn -0.4521 -0.8829 -0.1266
vn -0.4649 -0.8829 -0.0653
vn 0.4649 0.8830 0.0654
vn 0.4651 0.8829 0.0638
vn 0.4694 0.8830 -0.0000
vn 0.4695 0.8829 -0.0000
vn 0.4651 0.8829 -0.0639
vn 0.4521 0.8829 0.1266
vn 0.4512 0.8830 0.1295
vn 0.4306 0.8830 0.1871
vn 0.4289 0.8830 0.1910
vn 0.4011 0.8829 0.2439
vn 0.3981 0.8830 0.2488
vn 0.3642 0.8829 0.2963
vn 0.3596 0.8829 0.3018
vn 0.3205 0.8829 0.3431
vn 0.3141 0.8830 0.3489
vn 0.2707 0.8829 0.3835
vn 0.2625 0.8829 0.3892
vn 0.2160 0.8829 0.4168
vn 0.2057 0.8830 0.4220
vn 0.1573 0.8829 0.4423
vn 0.1451 0.8830 0.4465
vn 0.0956 0.8829 0.4596
vn 0.0815 0.8829 0.4624
vn 0.0320 0.8829 0.4684
vn 0.0164 0.8829 0.4692
vn -0.0321 0.8829 0.4684
vn -0.0491 0.8829 0.4669
vn -0.0955 0.8829 0.4596
vn -0.1136 0.8829 0.4555
vn -0.1572 0.8830 0.4424
vn -0.1759 0.8829 0.4353
vn -0.2160 0.8829 0.4168
vn -0.2347 0.8830 0.4066
vn -0.2708 0.8829 0.3835
vn -0.2891 0.8829 0.3699
vn -0.3205 0.8829 0.3431
vn -0.3377 0.8829 0.3261
vn -0.3642 0.8830 0.2963
vn -0.3798 0.8829 0.2759
vn -0.4011 0.8829 0.2439
vn -0.4145 0.8829 0.2204
vn -0.4306 0.8830 0.1870
vn -0.4412 0.8829 0.1606
vn -0.4521 0.8829 0.1267
vn -0.4592 0.8829 0.0976
vn -0.4651 0.8830 0.0639
vn -0.4683 0.8830 0.0328
vn -0.4694 0.8830 -0.0000
vn -0.4684 0.8829 -0.0327
vn -0.4651 0.8830 -0.0639
vn -0.4592 0.8829 -0.0976
vn -0.4520 0.8830 -0.1267
vn -0.4412 0.8829 -0.1606
vn -0.4306 0.8830 -0.1870
vn -0.4145 0.8830 -0.2204
vn -0.4011 0.8829 -0.2439
vn -0.3798 0.8830 -0.2760
vn -0.3641 0.8830 -0.2963
vn -0.3377 0.8829 -0.3261
vn -0.3204 0.8830 -0.3431
vn -0.2891 0.8829 -0.3699
vn -0.2707 0.8830 -0.3835
vn -0.2347 0.8829 -0.4066
vn -0.2160 0.8829 -0.4168
vn -0.1759 0.8829 -0.4353
vn -0.1572 0.8830 -0.4424
vn -0.1136 0.8829 -0.4555
vn -0.0955 0.8829 -0.4596
vn -0.0491 0.8829 -0.4669
vn -0.0321 0.8829 -0.4684
vn 0.0164 0.8829 -0.4692
vn 0.0321 0.8829 -0.4684
vn 0.0815 0.8829 -0.4623
vn 0.0956 0.8829 -0.4596
vn 0.1451 0.8830 -0.4465
vn 0.1572 0.8829 -0.4424
vn 0.2058 0.8829 -0.4220
vn 0.2160 0.8829 -0.4168
vn 0.2625 0.8829 -0.3892
vn 0.2707 0.8829 -0.3835
vn 0.3141 0.8830 -0.3489
vn 0.3204 0.8829 -0.3431
vn 0.3596 0.8830 -0.3018
vn 0.3642 0.8829 -0.2962
vn 0.3981 0.8830 -0.2488
vn 0.4011 0.8829 -0.2439
vn 0.4288 0.8830 -0.1910
vn 0.4306 0.8829 -0.1870
vn 0.4512 0.8830 -0.1295
vn 0.4521 0.8829 -0.1265
vn 0.4649 0.8830 -0.0654
vn 0.9813 -0.0000 0.1924
vn 0.9595 -0.0000 -0.2817
vn 0.8413 -0.0000 -0.5406
vn 0.8298 -0.0000 -0.5581
vn 0.6549 -0.0000 -0.7557
vn 0.5580 -0.0000 -0.8299
vn 0.4154 -0.0000 -0.9096
vn 0.1423 -0.0000 -0.9898
vn -0.1423 -0.0000 -0.9898
vn -0.4154 -0.0000 -0.9096
vn -0.5580 -0.0000 -0.8299
vn -0.6549 -0.0000 -0.7557
vn -0.8413 -0.0000 -0.5406
vn -0.8298 -0.0000 -0.5581
vn -0.9595 -0.0000 -0.2817
vn -0.9813 -0.0000 0.1924
vn -0.9595 -0.0000 0.2817
vn -0.9238 -0.0000 0.3828
vn -0.8413 -0.0000 0.5406
vn -0.6549 -0.0000 0.7557
vn -0.4154 -0.0000 0.9096
vn -0.1924 -0.0000 0.9813
vn -0.1423 -0.0000 0.9898
vn -0.0000 -0.0001 1.0000
vn 0.1423 -0.0000 0.9898
vn 0.1924 -0.0000 0.9813
vn 0.4154 -0.0000 0.9096
vn 0.6549 -0.0000 0.7557
vn 0.8413 -0.0000 0.5406
vn 0.9238 -0.0000 0.3828
vn 0.9595 -0.0000 0.2817
vn -0.8299 -0.0000 0.5580
vn -0.1423 0.0001 0.9898
vn 0.1423 0.0001 0.9898
vn 0.8299 -0.0000 0.5580
vn 0.9903 -0.0000 -0.1392
vn 0.9976 -0.0000 -0.0698
vn 0.9976 -0.0000 0.0698
vn 0.9903 -0.0000 0.1392
vn 0.9781 -0.0000 0.2079
vn 0.9613 -0.0000 0.2756
vn 0.9397 -0.0000 0.3420
vn 0.9135 -0.0000 0.4067
vn 0.8829 -0.0000 0.4695
vn 0.8480 -0.0000 0.5299
vn 0.7660 -0.0000 0.6428
vn 0.7193 -0.0000 0.6947
vn 0.6691 -0.0000 0.7431
vn 0.6157 -0.0000 0.7880
vn 0.5592 -0.0000 0.8290
vn 0.4384 -0.0000 0.8988
vn 0.3746 -0.0000 0.9272
vn 0.3090 -0.0000 0.9511
vn 0.2419 -0.0000 0.9703
vn 0.1736 -0.0000 0.9848
vn 0.1045 -0.0000 0.9945
vn 0.0349 -0.0000 0.9994
vn -0.0349 -0.0000 0.9994
vn -0.1045 -0.0000 0.9945
vn -0.1736 -0.0000 0.9848
vn -0.2419 -0.0000 0.9703
vn -0.3090 -0.0000 0.9511
vn -0.3746 -0.0000 0.9272
vn -0.4384 -0.0000 0.8988
vn -0.5592 -0.0000 0.8290
vn -0.6157 -0.0000 0.7880
vn -0.6691 -0.0000 0.7431
vn -0.7193 -0.0000 0.6947
vn -0.7660 -0.0000 0.6428
vn -0.8480 -0.0000 0.5299
vn -0.8829 -0.0000 0.4695
vn -0.9135 -0.0000 0.4067
vn -0.9397 -0.0000 0.3420
vn -0.9613 -0.0000 0.2756
vn -0.9781 -0.0000 0.2079
vn -0.9903 -0.0000 0.1392
vn -0.9976 -0.0000 0.0698
vn -0.9976 -0.0000 -0.0698
vn -0.9903 -0.0000 -0.1392
vn -0.9781 -0.0000 -0.2079
vn -0.9613 0.0001 -0.2756
vn -0.9397 -0.0000 -0.3420
vn -0.9135 -0.0000 -0.4067
vn -0.8829 -0.0000 -0.4695
vn -0.8480 -0.0000 -0.5299
vn -0.7660 -0.0000 -0.6428
vn -0.7193 -0.0000 -0.6947
vn -0.6691 -0.0000 -0.7431
vn -0.6157 -0.0000 -0.7880
vn -0.5592 -0.0000 -0.8290
vn -0.4384 -0.0000 -0.8988
vn -0.3746 -0.0000 -0.9272
vn -0.2419 -0.0000 -0.9703
vn -0.1736 -0.0000 -0.9848
vn -0.1045 -0.0000 -0.9945
vn -0.0349 -0.0000 -0.9994
vn 0.0349 -0.0000 -0.9994
vn 0.1045 -0.0000 -0.9945
vn 0.1736 -0.0000 -0.9848
vn 0.2419 -0.0000 -0.9703
vn 0.3746 -0.0000 -0.9272
vn 0.4384 -0.0000 -0.8988
vn 0.5592 -0.0000 -0.8290
vn 0.6157 -0.0000 -0.7880
vn 0.6691 -0.0000 -0.7431
vn 0.7193 -0.0000 -0.6947
vn 0.7660 -0.0000 -0.6428
vn 0.8480 -0.0000 -0.5299
vn 0.8829 -0.0000 -0.4695
vn 0.9135 -0.0000 -0.4067
vn 0.9397 -0.0000 -0.3420
vn 0.9613 -0.0000 -0.2756
vn 0.9781 -0.0000 -0.2079
vn 0.9937 -0.0000 -0.1120
vn 0.9749 -0.0000 -0.2225
vn 0.9439 -0.0000 -0.3303
vn 0.8467 -0.0000 -0.5320
vn 0.7818 -0.0000 -0.6235
vn 0.6235 -0.0000 -0.7818
vn 0.5320 -0.0000 -0.8467
vn 0.4339 -0.0000 -0.9010
vn 0.3303 -0.0000 -0.9439
vn 0.1120 -0.0000 -0.9937
vn -0.1120 -0.0000 -0.9937
vn -0.3303 -0.0000 -0.9439
vn -0.4339 -0.0000 -0.9010
vn -0.5320 -0.0000 -0.8467
vn -0.6235 -0.0000 -0.7818
vn -0.7818 -0.0000 -0.6235
vn -0.8467 -0.0000 -0.5320
vn -0.9439 -0.0000 -0.3303
vn -0.9749 -0.0000 -0.2225
vn -0.9937 -0.0000 -0.1120
vn -0.5263 0.8503 -0.0000
vn -0.4574 0.8893 -0.0000
vn -0.3856 0.9226 -0.0000
vn -0.3115 0.9503 -0.0000
vn -0.2353 0.9719 -0.0000
vn -0.1577 0.9875 -0.0000
vn -0.0791 0.9969 -0.0000
vn -0.0774 0.9970 -0.0000
vn -0.0441 0.9990 -0.0000
vn -0.0558 0.9984 -0.0000
vn -0.0655 0.9979 -0.0000
vn 0.0791 0.9969 -0.0000
vn 0.0302 0.9995 -0.0000
vn 0.0152 0.9999 -0.0000
vn 0.1577 0.9875 -0.0000
vn 0.0774 0.9970 -0.0000
vn 0.2353 0.9719 -0.0000
vn 0.3115 0.9503 -0.0000
vn 0.3856 0.9226 -0.0000
vn 0.4574 0.8893 -0.0000
vn 0.5263 0.8503 -0.0000
vn 0.0441 0.9990 -0.0000
vn 0.0558 0.9984 -0.0000
vn 0.0655 0.9979 -0.0000
vn -0.0302 0.9995 -0.0000
vn -0.0152 0.9999 -0.0000
vn -0.0775 0.9970 -0.0000
vn -0.0729 0.9973 -0.0000
vn -0.0730 0.9973 -0.0000
vn -0.0153 0.9999 -0.0000
vn 0.0153 0.9999 -0.0000
vn 0.0559 0.9984 -0.0000
vn 0.0730 0.9973 -0.0000
vn 0.0775 0.9970 -0.0000
vn 0.0440 0.9990 -0.0000
vn -0.0440 0.9990 -0.0000
vt 0.094248 -9.510786
vt 0.000000 -9.510786
vt 0.049604 -9.831192
vt 0.000000 -9.860438
vt 0.049604 -10.182306
vt 0.000000 -10.210090
vt 0.049604 -10.533420
vt 0.000000 -10.559741
vt 0.049604 -10.884534
vt 0.000000 -10.909393
vt 0.049604 -11.235648
vt 0.049604 11.235648
vt 0.000000 11.561903
vt 0.000000 11.212251
vt 0.049604 10.884534
vt 0.000000 10.862599
vt 0.049604 10.533420
vt 0.000000 10.512947
vt 0.049604 10.182306
vt 0.000000 10.163296
vt 0.049604 9.831192
vt 0.000000 9.813644
vt 0.049604 9.480078
vt 0.000000 9.463992
vt 0.049604 9.128964
vt 0.000000 9.114341
vt 0.049604 8.777850
vt 0.000000 8.764689
vt 0.049604 8.426736
vt 0.000000 8.415037
vt 0.049604 8.075622
vt 0.000000 8.065386
vt 0.049604 7.724508
vt 0.000000 7.715734
vt 0.049604 7.373394
vt 0.000000 7.366082
vt 0.049604 7.022280
vt 0.000000 7.016431
vt 0.049604 6.671166
vt 0.000000 6.666779
vt 0.049604 6.317435
vt 0.000000 6.317127
vt 0.049604 5.967629
vt 0.000000 5.967476
vt 0.049604 5.617824
vt 0.000000 5.617824
vt 0.000000 5.268172
vt 0.049604 5.268018
vt 0.000000 4.918520
vt 0.049604 4.918213
vt 0.000000 4.568869
vt 0.049604 4.564482
vt 0.000000 4.219217
vt 0.049604 4.213368
vt 0.000000 3.869565
vt 0.049604 3.862254
vt 0.000000 3.519914
vt 0.049604 3.511140
vt 0.000000 3.170262
vt 0.049604 3.160026
vt 0.000000 2.820610
vt 0.049604 2.808912
vt 0.000000 2.470959
vt 0.049604 2.457798
vt 0.000000 2.121307
vt 0.049604 2.106684
vt 0.000000 1.771655
vt 0.049604 1.755570
vt 0.000000 1.422004
vt 0.049604 1.404456
vt 0.000000 1.072352
vt 0.049604 1.053342
vt 0.000000 0.722700
vt 0.049604 0.702228
vt 0.000000 0.373049
vt 0.049604 0.351114
vt 0.000000 0.023397
vt 0.049604 0.000000
vt 0.000000 -0.326255
vt 0.049604 -0.351114
vt 0.000000 -0.675907
vt 0.049604 -0.702228
vt 0.000000 -1.025558
vt 0.049604 -1.053342
vt 0.000000 -1.375210
vt 0.049604 -1.404456
vt 0.000000 -1.724862
vt 0.094248 -1.724862
vt 0.148812 -1.404456
vt 0.188496 -1.724862
vt 0.248020 -1.404456
vt 0.282743 -1.724862
vt 0.347229 -1.404456
vt 0.376991 -1.724862
vt 0.446437 -1.404456
vt 0.471239 -1.724862
vt 0.471239 -1.357727
vt 0.446437 -1.053342
vt 0.471239 -0.990593
vt 0.446437 -0.702228
vt 0.471239 -0.623459
vt 0.446437 -0.351114
vt 0.471239 -0.256325
vt 0.446437 0.000000
vt 0.471239 0.110810
vt 0.446437 0.351114
vt 0.471239 0.477944
vt 0.446437 0.702228
vt 0.471239 0.845078
vt 0.446437 1.053342
vt 0.471239 1.212213
vt 0.446437 1.404456
vt 0.471239 1.579347
vt 0.446437 1.755570
vt 0.471239 1.946481
vt 0.446437 2.106684
vt 0.471239 2.313615
vt 0.446437 2.457798
vt 0.471239 2.680750
vt 0.446437 2.808912
vt 0.471239 3.047884
vt 0.446437 3.160026
vt 0.471239 3.415018
vt 0.446437 3.511140
vt 0.471239 3.782152
vt 0.446437 3.862254
vt 0.471239 4.149287
vt 0.446437 4.213368
vt 0.471239 4.516421
vt 0.446437 4.564482
vt 0.471239 4.883555
vt 0.446437 4.915750
vt 0.471239 5.250690
vt 0.446437 5.266787
vt 0.471239 5.617824
vt 0.446437 5.617824
vt 0.446437 5.968861
vt 0.347229 5.968553
vt 0.347229 6.319282
vt 0.248020 6.318667
vt 0.248020 6.671166
vt 0.148812 6.671166
vt 0.148812 7.022280
vt 0.471239 5.984958
vt 0.446437 6.319898
vt 0.347229 6.671166
vt 0.248020 7.022280
vt 0.148812 7.373394
vt 0.471239 6.352092
vt 0.446437 6.671166
vt 0.347229 7.022280
vt 0.248020 7.373394
vt 0.148812 7.724508
vt 0.471239 6.719227
vt 0.446437 7.022280
vt 0.347229 7.373394
vt 0.248020 7.724508
vt 0.148812 8.075622
vt 0.471239 7.086361
vt 0.446437 7.373394
vt 0.347229 7.724508
vt 0.248020 8.075622
vt 0.148812 8.426736
vt 0.471239 7.453495
vt 0.446437 7.724508
vt 0.347229 8.075622
vt 0.248020 8.426736
vt 0.148812 8.777850
vt 0.471239 7.820629
vt 0.446437 8.075622
vt 0.347229 8.426736
vt 0.248020 8.777850
vt 0.148812 9.128964
vt 0.471239 8.187764
vt 0.446437 8.426736
vt 0.347229 8.777850
vt 0.248020 9.128964
vt 0.148812 9.480078
vt 0.471239 8.554898
vt 0.446437 8.777850
vt 0.347229 9.128964
vt 0.248020 9.480078
vt 0.148812 9.831192
vt 0.471239 8.922032
vt 0.446437 9.128964
vt 0.347229 9.480078
vt 0.248020 9.831192
vt 0.148812 10.182306
vt 0.471239 9.289167
vt 0.446437 9.480078
vt 0.347229 9.831192
vt 0.248020 10.182306
vt 0.148812 10.533420
vt 0.471239 9.656301
vt 0.446437 9.831192
vt 0.347229 10.182306
vt 0.248020 10.533420
vt 0.148812 10.884534
vt 0.471239 10.023435
vt 0.446437 10.182306
vt 0.347229 10.533420
vt 0.248020 10.884534
vt 0.148812 11.235648
vt 0.148812 -11.235648
vt 0.471239 10.390569
vt 0.446437 10.533420
vt 0.347229 10.884534
vt 0.248020 11.235648
vt 0.248020 -11.235648
vt 0.148812 -10.884534
vt 0.471239 10.757704
vt 0.446437 10.884534
vt 0.347229 11.235648
vt 0.347229 -11.235648
vt 0.248020 -10.884534
vt 0.148812 -10.533420
vt 0.471239 11.124838
vt 0.446437 11.235648
vt 0.446437 -11.235648
vt 0.347229 -10.884534
vt 0.248020 -10.533420
vt 0.148812 -10.182306
vt 0.471239 -11.346457
vt 0.471239 -10.979323
vt 0.446437 -10.884534
vt 0.347229 -10.533420
vt 0.248020 -10.182306
vt 0.148812 -9.831192
vt 0.471239 -10.612189
vt 0.446437 -10.533420
vt 0.347229 -10.182306
vt 0.248020 -9.831192
vt 0.188496 -9.510786
vt 0.471239 -10.245055
vt 0.446437 -10.182306
vt 0.347229 -9.831192
vt 0.282743 -9.510786
vt 0.471239 -9.877920
vt 0.446437 -9.831192
vt 0.376991 -9.510786
vt 0.471239 -9.510786
vt 0.148812 6.318051
vt 0.248020 5.968245
vt 0.347229 5.617824
vt 0.347229 5.267095
vt 0.347229 4.916366
vt 0.347229 4.564482
vt 0.148812 5.967937
vt 0.248020 5.617824
vt 0.248020 5.267403
vt 0.248020 4.916981
vt 0.248020 4.564482
vt 0.347229 4.213368
vt 0.148812 5.617824
vt 0.148812 5.267710
vt 0.148812 4.917597
vt 0.148812 4.564482
vt 0.248020 4.213368
vt 0.347229 3.862254
vt 0.148812 4.213368
vt 0.148812 3.862254
vt 0.148812 3.511140
vt 0.148812 3.160026
vt 0.148812 2.808912
vt 0.148812 2.457798
vt 0.148812 2.106684
vt 0.148812 1.755570
vt 0.148812 1.404456
vt 0.148812 1.053342
vt 0.148812 0.702228
vt 0.148812 0.351114
vt 0.148812 0.000000
vt 0.148812 -0.351114
vt 0.148812 -0.702228
vt 0.148812 -1.053342
vt 0.248020 3.862254
vt 0.347229 3.511140
vt 0.248020 3.511140
vt 0.248020 3.160026
vt 0.248020 2.808912
vt 0.248020 2.457798
vt 0.248020 2.106684
vt 0.248020 1.755570
vt 0.248020 1.404456
vt 0.248020 1.053342
vt 0.248020 0.702228
vt 0.248020 0.351114
vt 0.248020 0.000000
vt 0.248020 -0.351114
vt 0.248020 -0.702228
vt 0.248020 -1.053342
vt 0.347229 3.160026
vt 0.347229 2.808912
vt 0.347229 2.457798
vt 0.347229 2.106684
vt 0.347229 1.755570
vt 0.347229 1.404456
vt 0.347229 1.053342
vt 0.347229 0.702228
vt 0.347229 0.351114
vt 0.347229 0.000000
vt 0.347229 -0.351114
vt 0.347229 -0.702228
vt 0.347229 -1.053342
vt 0.000000 0.302896
vt 0.500000 0.314159
vt -0.000000 0.382258
vt 0.500000 0.392699
vt -0.000000 0.460181
vt 0.500000 0.471239
vt -0.000000 0.538104
vt 0.500000 0.549779
vt 0.000000 0.616028
vt 0.000000 -0.483530
vt 0.500000 -0.549779
vt 0.500000 -0.471239
vt 0.000000 -0.405607
vt 0.500000 -0.392699
vt 0.000000 -0.327683
vt 0.500000 -0.314159
vt 0.000000 -0.249760
vt 0.500000 -0.235619
vt 0.000000 -0.171837
vt 0.500000 -0.157080
vt 0.000000 -0.093914
vt 0.500000 -0.078540
vt 0.000000 -0.014552
vt 0.500000 0.000000
vt 0.000000 0.064810
vt 0.500000 0.078540
vt 0.000000 0.144172
vt 0.500000 0.157080
vt 0.000000 0.223534
vt 0.500000 0.235619
vt 0.000000 0.089597
vt 0.000000 0.167521
vt 0.000000 0.246883
vt 0.000000 0.326245
vt -0.000000 0.405607
vt -0.000000 0.484969
vt 0.000000 0.564331
vt 0.000000 -0.535227
vt 0.000000 -0.455865
vt 0.000000 -0.377942
vt 0.000000 -0.300019
vt 0.000000 -0.222095
vt 0.000000 -0.144172
vt 0.000000 -0.066249
vt 0.000000 0.011674
vt 0.000000 -0.000796
vt 0.000000 0.075354
vt 0.000000 0.111889
vt 0.000000 0.148425
vt 0.000000 0.184961
vt 0.000000 0.261111
vt 0.000000 0.337261
vt 0.000000 0.413411
vt -0.000000 0.489561
vt 0.000000 0.565711
vt 0.000000 -0.533846
vt 0.000000 -0.457696
vt 0.000000 -0.381546
vt 0.000000 -0.305396
vt 0.000000 -0.229246
vt 0.000000 -0.153096
vt 0.000000 -0.076946
vt 0.000000 0.288668
vt -0.000000 0.364818
vt -0.000000 0.401354
vt 0.000000 0.437889
vt -0.000000 0.474425
vt 0.000000 0.550575
vt 0.000000 -0.548982
vt 0.000000 -0.472832
vt 0.000000 -0.396682
vt 0.000000 -0.320532
vt 0.000000 -0.244382
vt 0.000000 -0.168232
vt 0.000000 -0.092082
vt 0.000000 -0.015932
vt 0.000000 0.060218
vt 0.000000 0.136368
vt 0.000000 0.212518
vt 0.000000 -9.744454
vt 0.000000 -10.102696
vt 3.700000 -9.744454
vt 3.700000 -10.102696
vt 0.000000 -10.460938
vt 3.700000 -10.460938
vt 0.000000 -10.819180
vt 3.700000 -10.819180
vt 0.000000 -11.177423
vt 3.700000 -11.177423
vt 0.000000 -11.535665
vt 3.700000 -11.535665
vt 3.700000 11.487721
vt 0.000000 11.487721
vt 0.000000 11.129479
vt 3.700000 11.129479
vt 0.000000 10.771237
vt 3.700000 10.771237
vt 0.000000 10.412995
vt 3.700000 10.412995
vt 0.000000 10.054753
vt 3.700000 10.054753
vt 0.000000 9.696511
vt 3.700000 9.696511
vt 0.000000 9.338268
vt 3.700000 9.338268
vt 0.000000 8.980026
vt 3.700000 8.980026
vt 0.000000 8.621784
vt 3.700000 8.621784
vt 0.000000 8.263542
vt 3.700000 8.263542
vt 0.000000 7.905300
vt 3.700000 7.905300
vt 0.000000 7.547057
vt 3.700000 7.547057
vt 0.000000 7.188815
vt 3.700000 7.188815
vt 0.000000 6.830573
vt 3.700000 6.830573
vt 3.700000 6.472331
vt 0.000000 6.472331
vt 3.700000 6.114089
vt 0.000000 6.114089
vt 3.700000 5.755847
vt 0.000000 5.755847
vt 3.700000 5.397604
vt 0.000000 5.397604
vt 3.700000 5.039362
vt 0.000000 5.039362
vt 3.700000 4.681120
vt 0.000000 4.681120
vt 0.000000 4.322878
vt 3.700000 4.322878
vt 0.000000 3.964636
vt 3.700000 3.964636
vt 0.000000 3.606393
vt 3.700000 3.606393
vt 0.000000 3.248151
vt 3.700000 3.248151
vt 0.000000 2.889909
vt 3.700000 2.889909
vt 0.000000 2.531667
vt 3.700000 2.531667
vt 0.000000 2.173425
vt 3.700000 2.173425
vt 0.000000 1.815183
vt 3.700000 1.815183
vt 0.000000 1.456940
vt 3.700000 1.456940
vt 0.000000 1.098698
vt 3.700000 1.098698
vt 0.000000 0.740456
vt 3.700000 0.740456
vt 0.000000 0.382214
vt 3.700000 0.382214
vt 0.000000 0.023972
vt 3.700000 0.023972
vt 0.000000 -0.334270
vt 3.700000 -0.334270
vt 0.000000 -0.692513
vt 3.700000 -0.692513
vt 0.000000 -1.050755
vt 3.700000 -1.050755
vt 0.000000 -1.408997
vt 3.700000 -1.408997
vt 0.000000 -1.767239
vt 3.700000 -1.767239
vt -0.078711 -2.406512
vt -0.000000 -2.407528
vt -0.059840 -2.140355
vt -0.000000 -2.048566
vt -0.059840 -1.783629
vt -0.000000 -1.689604
vt -0.059840 -1.426903
vt -0.000000 -1.330641
vt -0.059840 -1.070177
vt -0.000000 -0.971679
vt -0.059840 -0.713452
vt -0.000000 -0.612717
vt -0.059840 -0.356726
vt -0.000000 -0.253755
vt -0.059840 0.000000
vt -0.000000 0.105208
vt -0.059840 0.356726
vt -0.000000 0.464170
vt -0.059840 0.713452
vt -0.000000 0.823132
vt -0.059840 1.070177
vt -0.000000 1.182094
vt -0.059840 1.426903
vt -0.000000 1.541056
vt -0.059840 1.783629
vt -0.000000 1.900019
vt -0.059840 2.140355
vt -0.000000 2.258981
vt -0.059840 2.497081
vt -0.000000 2.617943
vt -0.059840 2.853806
vt -0.000000 2.976905
vt -0.059840 3.210532
vt -0.000000 3.335868
vt -0.104720 3.335868
vt -0.179520 3.210532
vt -0.209440 3.335868
vt -0.299199 3.210532
vt -0.314159 3.335868
vt -0.418879 3.210532
vt -0.418879 3.335868
vt -0.523599 3.335868
vt -0.538559 3.210532
vt -0.628319 3.335868
vt -0.628319 2.956565
vt -0.538559 2.853806
vt -0.628319 2.577263
vt -0.538559 2.497081
vt -0.628319 2.197961
vt -0.538559 2.140355
vt -0.628319 1.818659
vt -0.538559 1.783629
vt -0.628319 1.439356
vt -0.538559 1.426903
vt -0.628319 1.060054
vt -0.538559 1.070177
vt -0.538559 0.713452
vt -0.418879 0.713452
vt -0.418879 0.356726
vt -0.299199 0.356726
vt -0.299199 0.000000
vt -0.179520 0.000000
vt -0.179520 -0.356726
vt -0.628319 0.680752
vt -0.538559 0.356726
vt -0.418879 0.000000
vt -0.299199 -0.356726
vt -0.179520 -0.713452
vt -0.628319 0.301450
vt -0.538559 0.000000
vt -0.418879 -0.356726
vt -0.299199 -0.713452
vt -0.179520 -1.070177
vt -0.628319 -0.077853
vt -0.538559 -0.356726
vt -0.418879 -0.713452
vt -0.299199 -1.070177
vt -0.179520 -1.426903
vt -0.628319 -0.457155
vt -0.538559 -0.713452
vt -0.418879 -1.070177
vt -0.299199 -1.426903
vt -0.179520 -1.783629
vt -0.628319 -0.836457
vt -0.538559 -1.070177
vt -0.418879 -1.426903
vt -0.299199 -1.783629
vt -0.179520 -2.140355
vt -0.157592 -2.403489
vt -0.628319 -1.215759
vt -0.538559 -1.426903
vt -0.418879 -1.783629
vt -0.299199 -2.140355
vt -0.236107 -2.398588
vt -0.628319 -1.595061
vt -0.538559 -1.783629
vt -0.418879 -2.140355
vt -0.393161 -2.383846
vt -0.314652 -2.391963
vt -0.628319 -1.974364
vt -0.538559 -2.140355
vt -0.471144 -2.374586
vt -0.628319 -2.353666
vt -0.549712 -2.364380
vt -0.179520 0.356726
vt -0.299199 0.713452
vt -0.418879 1.070177
vt -0.179520 0.713452
vt -0.299199 1.070177
vt -0.418879 1.426903
vt -0.179520 1.070177
vt -0.299199 1.426903
vt -0.418879 1.783629
vt -0.179520 1.426903
vt -0.299199 1.783629
vt -0.418879 2.140355
vt -0.179520 1.783629
vt -0.299199 2.140355
vt -0.418879 2.497081
vt -0.179520 2.140355
vt -0.299199 2.497081
vt -0.418879 2.853806
vt -0.179520 2.497081
vt -0.299199 2.853806
vt -0.179520 2.853806
vt -0.000000 0.319300
vt -0.141421 0.313598
vt -0.000000 0.000000
vt -0.141421 0.000000
vt -0.141421 -0.313598
vt -0.141421 0.627197
vt 0.000000 0.638600
vt -0.141421 0.940795
vt -0.000000 0.957900
vt -0.141421 1.254393
vt -0.000000 1.277200
vt -0.141421 1.567991
vt -0.000000 1.596500
vt -0.141421 1.881590
vt -0.000000 1.915800
vt -0.141421 2.195188
vt -0.000000 2.235100
vt -0.141421 2.508786
vt -0.000000 2.554400
vt -0.141421 2.822384
vt 0.000000 2.873700
vt -0.141421 3.135983
vt -0.000000 3.193001
vt -0.141421 3.449581
vt -0.000000 3.512301
vt -0.141421 3.763179
vt -0.000000 3.831601
vt -0.141421 4.076777
vt -0.000000 4.150901
vt -0.141421 4.390376
vt -0.000000 4.470201
vt -0.141421 4.703974
vt -0.000000 4.789501
vt -0.141421 5.017572
vt -0.000000 5.108801
vt -0.141421 5.331171
vt -0.000000 5.428101
vt -0.141421 5.644769
vt -0.000000 5.747401
vt -0.141421 5.958367
vt -0.000000 6.066701
vt -0.141421 6.271965
vt -0.000000 6.386001
vt -0.141421 6.585564
vt 0.000000 6.705301
vt -0.141421 6.899162
vt -0.000000 7.024601
vt -0.141421 7.212760
vt -0.000000 7.343901
vt -0.141421 7.526358
vt -0.000000 7.663201
vt -0.141421 7.839957
vt -0.000000 7.982501
vt -0.141421 8.153555
vt -0.000000 8.301801
vt -0.141421 8.467153
vt -0.000000 8.621101
vt -0.141421 8.780751
vt -0.141421 -8.780751
vt 0.000000 -8.940401
vt -0.000000 -8.621101
vt -0.141421 -8.467153
vt -0.000000 -8.301801
vt -0.141421 -8.153555
vt -0.000000 -7.982501
vt -0.141421 -7.839957
vt -0.000000 -7.663201
vt -0.141421 -7.526358
vt -0.000000 -7.343901
vt -0.141421 -7.212760
vt -0.000000 -7.024601
vt -0.141421 -6.899162
vt -0.000000 -6.705301
vt -0.141421 -6.585564
vt -0.000000 -6.386001
vt -0.141421 -6.271965
vt -0.000000 -6.066701
vt -0.141421 -5.958367
vt -0.000000 -5.747401
vt -0.141421 -5.644769
vt -0.000000 -5.428101
vt -0.141421 -5.331171
vt -0.000000 -5.108801
vt -0.141421 -5.017572
vt -0.000000 -4.789501
vt -0.141421 -4.703974
vt -0.000000 -4.470201
vt -0.141421 -4.390376
vt 0.000000 -4.150901
vt -0.141421 -4.076777
vt 0.000000 -3.831601
vt -0.141421 -3.763179
vt 0.000000 -3.512301
vt -0.141421 -3.449581
vt 0.000000 -3.193001
vt -0.141421 -3.135983
vt 0.000000 -2.873700
vt -0.141421 -2.822384
vt 0.000000 -2.554400
vt -0.141421 -2.508786
vt 0.000000 -2.235100
vt -0.141421 -2.195188
vt 0.000000 -1.915800
vt -0.141421 -1.881590
vt 0.000000 -1.596500
vt -0.141421 -1.567991
vt 0.000000 -1.277200
vt -0.141421 -1.254393
vt 0.000000 -0.957900
vt -0.141421 -0.940795
vt 0.000000 -0.638600
vt -0.141421 -0.627197
vt 0.000000 -0.319300
vt 0.000000 -0.301711
vt 0.500000 -0.188012
vt 0.500000 0.101553
vt 0.000000 0.301711
vt 0.500000 0.391117
vt 0.000000 0.603423
vt 0.500000 0.680682
vt 0.000000 0.905134
vt 0.500000 0.970247
vt 0.000000 1.206846
vt 0.500000 1.259812
vt 0.000000 1.508557
vt 0.500000 1.549377
vt 0.000000 1.810269
vt 0.500000 1.838942
vt 0.500000 1.874886
vt 0.500000 -0.477577
vt 0.000000 -0.603423
vt 0.500000 -0.767142
vt 0.000000 -0.905134
vt 0.500000 -1.056707
vt 0.000000 -1.206846
vt 0.500000 -1.346272
vt 0.000000 -1.508557
vt 0.500000 -1.635836
vt 0.000000 -1.810269
vt 0.500000 -1.925401
vt 0.000000 -2.111980
vt 0.500000 -2.039584
vt 0.500000 -2.153766
vt 0.500000 -2.267948
vt 0.000000 -2.413692
vt 0.500000 -2.556236
vt 0.000000 -2.715403
vt 0.500000 -2.844524
vt 0.000000 -3.017114
vt 0.500000 -3.132812
vt 0.000000 -3.318826
vt 0.500000 -3.421101
vt 0.000000 -3.620537
vt 0.500000 -3.709389
vt 0.000000 -3.922249
vt 0.500000 -3.997677
vt 0.000000 -4.223960
vt 0.500000 -4.285965
vt 0.000000 -4.525672
vt 0.500000 -4.574253
vt 0.000000 -4.827383
vt 0.500000 -4.862541
vt 0.000000 -5.129095
vt 0.500000 -5.150829
vt 0.000000 -5.430806
vt 0.500000 -5.439117
vt 0.000000 -5.732517
vt 0.500000 -5.727405
vt 0.500000 -5.841587
vt 0.000000 -6.034229
vt 0.500000 -5.955770
vt 0.500000 -6.069952
vt 0.000000 -6.335940
vt 0.500000 -6.359517
vt 0.000000 -6.637652
vt 0.500000 -6.649082
vt 0.000000 -6.939363
vt 0.500000 -6.938647
vt 0.500000 -7.228211
vt 0.000000 -7.241075
vt 0.500000 -7.517776
vt 0.000000 -7.542786
vt 0.500000 -7.807341
vt 0.000000 -7.844498
vt 0.500000 -8.096906
vt 0.000000 -8.146209
vt 0.500000 7.893801
vt -0.000000 7.844498
vt 0.500000 7.604236
vt 0.000000 7.542786
vt 0.500000 7.314671
vt -0.000000 7.241075
vt 0.500000 7.025106
vt -0.000000 6.939363
vt 0.500000 6.735541
vt -0.000000 6.637652
vt 0.500000 6.445977
vt -0.000000 6.335940
vt 0.500000 6.156412
vt -0.000000 6.034229
vt 0.500000 6.120467
vt 0.500000 6.084523
vt 0.500000 6.048579
vt 0.500000 5.755593
vt -0.000000 5.732517
vt 0.500000 5.462607
vt -0.000000 5.430806
vt 0.500000 5.169621
vt -0.000000 5.129095
vt 0.500000 4.876635
vt -0.000000 4.827383
vt 0.500000 4.583649
vt -0.000000 4.525672
vt 0.500000 4.290663
vt 0.000000 4.223960
vt 0.500000 3.997677
vt 0.000000 3.922249
vt 0.500000 3.704691
vt 0.000000 3.620537
vt 0.500000 3.411705
vt 0.000000 3.318826
vt 0.500000 3.118719
vt 0.000000 3.017114
vt 0.500000 2.825732
vt 0.000000 2.715403
vt 0.500000 2.532746
vt 0.000000 2.413692
vt 0.500000 2.239760
vt 0.000000 2.111980
vt 0.500000 1.946774
vt 0.500000 1.910830
vt -0.100000 0.319208
vt -0.500000 0.096443
vt -0.100000 0.000000
vt -0.500000 -0.218409
vt -0.100000 -0.319208
vt -0.500000 -0.533261
vt -0.100000 -0.638417
vt -0.500000 -0.848114
vt -0.100000 -0.957625
vt -0.500000 -1.162966
vt -0.100000 -1.276833
vt -0.500000 -1.477818
vt -0.100000 -1.596041
vt -0.500000 -1.792671
vt -0.100000 -1.915250
vt -0.500000 -2.107523
vt -0.100000 -2.234458
vt -0.500000 -2.422375
vt -0.100000 -2.553666
vt -0.500000 -2.737228
vt -0.100000 -2.872874
vt -0.500000 -3.052080
vt -0.100000 -3.192083
vt -0.500000 -3.366932
vt -0.100000 -3.511291
vt -0.500000 -3.681785
vt -0.100000 -3.830499
vt -0.500000 -3.996637
vt -0.100000 -4.149707
vt -0.500000 -4.311489
vt -0.100000 -4.468916
vt -0.500000 -4.626342
vt -0.100000 -4.788124
vt -0.500000 -4.941194
vt -0.100000 -5.107332
vt -0.500000 -5.256046
vt -0.100000 -5.426540
vt -0.500000 -5.570899
vt -0.100000 -5.745749
vt -0.500000 -5.885751
vt -0.100000 -6.064957
vt -0.500000 -6.200603
vt -0.100000 -6.384165
vt -0.500000 -6.515456
vt -0.100000 -6.703373
vt -0.500000 -6.830308
vt -0.100000 -7.022582
vt -0.500000 -7.145160
vt -0.100000 -7.341790
vt -0.500000 -7.460013
vt -0.100000 -7.660998
vt -0.500000 -7.774865
vt -0.100000 -7.980206
vt -0.500000 -8.089717
vt -0.100000 -8.299415
vt -0.500000 -8.404570
vt -0.100000 -8.618623
vt -0.500000 -8.719422
vt -0.100000 -8.937831
vt -0.100000 8.937831
vt -0.500000 9.156240
vt -0.500000 8.841388
vt -0.100000 8.618623
vt -0.500000 8.526536
vt -0.100000 8.299415
vt -0.500000 8.211683
vt -0.100000 7.980206
vt -0.500000 7.896831
vt -0.100000 7.660998
vt -0.500000 7.581979
vt -0.100000 7.341790
vt -0.500000 7.267126
vt -0.100000 7.022582
vt -0.500000 6.952274
vt -0.100000 6.703373
vt -0.500000 6.641854
vt -0.100000 6.384165
vt -0.500000 6.331434
vt -0.100000 6.064957
vt -0.500000 6.021015
vt -0.100000 5.745749
vt -0.500000 5.710595
vt -0.100000 5.426540
vt -0.500000 5.400175
vt -0.100000 5.107332
vt -0.500000 5.089755
vt -0.100000 4.788124
vt -0.500000 4.779335
vt -0.100000 4.468916
vt -0.500000 4.468916
vt -0.500000 4.158496
vt -0.500000 0.411296
vt -0.100000 0.638417
vt -0.500000 0.726148
vt -0.100000 0.957625
vt -0.500000 1.041000
vt -0.100000 1.276833
vt -0.500000 1.355853
vt -0.100000 1.596041
vt -0.500000 1.670705
vt -0.100000 1.915250
vt -0.500000 1.985557
vt -0.100000 2.234458
vt -0.500000 2.295977
vt -0.100000 2.553666
vt -0.500000 2.606397
vt -0.100000 2.872874
vt -0.500000 2.916817
vt -0.100000 3.192083
vt -0.500000 3.227236
vt -0.100000 3.511291
vt -0.500000 3.537656
vt -0.100000 3.830499
vt -0.500000 3.848076
vt -0.100000 4.149707
vt 0.000000 -0.267370
vt 0.500000 0.267370
vt 0.000000 0.267370
vt 0.500000 0.534739
vt 0.000000 0.534739
vt 0.500000 0.802109
vt 0.000000 0.802109
vt 0.500000 1.069478
vt 0.000000 1.069478
vt 0.500000 1.336848
vt 0.000000 1.336848
vt 0.500000 1.604218
vt 0.000000 1.604218
vt 0.500000 1.871587
vt 0.000000 1.871587
vt 0.500000 2.138957
vt 0.000000 2.138957
vt 0.500000 2.406326
vt 0.000000 2.406326
vt 0.500000 2.673696
vt 0.000000 2.673696
vt 0.500000 2.941065
vt 0.000000 2.941065
vt 0.500000 3.208435
vt -0.000000 3.208435
vt 0.500000 3.475805
vt -0.000000 3.475805
vt 0.500000 3.743174
vt -0.000000 3.743174
vt 0.500000 4.010544
vt -0.000000 4.010544
vt 0.500000 4.277913
vt -0.000000 4.277913
vt 0.500000 4.545283
vt -0.000000 4.545283
vt 0.500000 4.812653
vt -0.000000 4.812653
vt 0.500000 5.080022
vt -0.000000 5.080022
vt 0.500000 5.347392
vt -0.000000 5.347392
vt 0.500000 5.614761
vt -0.000000 5.614761
vt 0.500000 5.882131
vt -0.000000 5.882131
vt 0.500000 6.149501
vt -0.000000 6.149501
vt 0.000000 -6.416870
vt 0.500000 -6.416870
vt 0.500000 -6.149501
vt 0.000000 -6.149501
vt 0.500000 -5.882131
vt 0.000000 -5.882131
vt 0.500000 -5.614761
vt 0.000000 -5.614761
vt 0.500000 -5.347392
vt 0.000000 -5.347392
vt 0.500000 -5.080022
vt 0.000000 -5.080022
vt 0.500000 -4.812653
vt 0.000000 -4.812653
vt 0.500000 -4.545283
vt 0.000000 -4.545283
vt 0.500000 -4.277913
vt 0.000000 -4.277913
vt 0.500000 -4.010544
vt 0.000000 -4.010544
vt 0.500000 -3.743174
vt 0.000000 -3.743174
vt 0.500000 -3.475805
vt 0.000000 -3.475805
vt 0.500000 -3.208435
vt 0.000000 -3.208435
vt 0.500000 -2.941065
vt 0.000000 -2.941065
vt 0.500000 -2.673696
vt 0.000000 -2.673696
vt 0.500000 -2.406326
vt 0.000000 -2.406326
vt 0.500000 -2.138957
vt 0.000000 -2.138957
vt 0.500000 -1.871587
vt 0.000000 -1.871587
vt 0.500000 -1.604218
vt 0.000000 -1.604218
vt 0.500000 -1.336848
vt 0.000000 -1.336848
vt 0.500000 -1.069478
vt 0.000000 -1.069478
vt 0.500000 -0.802109
vt 0.000000 -0.802109
vt 0.500000 -0.534739
vt 0.000000 -0.534739
vt 0.500000 -0.267370
vt -0.400000 9.070031
vt -4.700000 9.044895
vt -0.400000 8.699845
vt -4.700000 8.673034
vt -0.396320 8.369085
vt -4.700000 8.301173
vt -0.386591 8.038358
vt -4.700000 7.929312
vt -0.372876 7.709887
vt -4.700000 7.557451
vt -0.357220 7.382919
vt -4.700000 7.185589
vt -0.341634 7.055001
vt -4.700000 6.813728
vt -0.328274 6.724933
vt -4.700000 6.441867
vt -0.319374 6.397260
vt -4.700000 6.070006
vt -0.316188 6.070625
vt -0.319343 5.742668
vt -4.700000 5.698145
vt -0.328366 5.412435
vt -4.700000 5.326283
vt -0.341650 5.084708
vt -4.700000 4.954422
vt -0.357176 4.757991
vt -4.700000 4.582561
vt -0.372891 4.429838
vt -4.700000 4.210700
vt -0.386667 4.099554
vt -4.700000 3.838839
vt -0.396343 3.770344
vt -4.700000 3.466977
vt -0.400000 3.440166
vt -4.700000 3.095116
vt -0.400000 3.069981
vt -4.700000 2.723255
vt -0.400000 2.699795
vt -4.700000 2.351394
vt -0.400000 2.329610
vt -4.700000 1.979533
vt -0.400000 1.959424
vt -4.700000 1.607672
vt -0.400000 1.589239
vt -4.700000 1.235810
vt -0.400000 1.219053
vt -4.700000 0.863949
vt -0.400000 0.848868
vt -4.700000 0.492088
vt -0.400000 0.478682
vt -4.700000 0.120227
vt -0.400000 0.108497
vt -4.700000 -0.251634
vt -0.400000 -0.261689
vt -4.700000 -0.623496
vt -0.400000 -0.631874
vt -4.700000 -0.995357
vt -0.400000 -1.002060
vt -4.700000 -1.367218
vt -0.400000 -1.372245
vt -4.700000 -1.739079
vt -0.400000 -1.742431
vt -4.700000 -2.110940
vt -0.400000 -2.112616
vt -4.700000 -2.482802
vt -0.400000 -2.482802
vt -4.700000 9.416757
vt -0.400000 9.440216
vt -4.700000 9.788618
vt -0.400000 9.810402
vt -4.700000 10.160479
vt -0.400000 10.180587
vt -4.700000 10.532340
vt -0.400000 10.550773
vt -4.700000 10.904201
vt -0.400000 10.920958
vt -4.700000 11.276062
vt -0.400000 11.291144
vt -4.700000 11.647924
vt -0.400000 11.661329
vt -4.700000 12.019785
vt -0.400000 12.031515
vt -4.700000 12.391646
vt -0.400000 12.401700
vt -4.700000 -11.888377
vt -0.400000 -11.878323
vt -4.700000 -11.516516
vt -0.400000 -11.508138
vt -4.700000 -11.144655
vt -0.400000 -11.137952
vt -4.700000 -10.772794
vt -0.400000 -10.767767
vt -4.700000 -10.400932
vt -0.400000 -10.397581
vt -4.700000 -10.029071
vt -0.400000 -10.027396
vt -4.700000 -9.657210
vt -0.400000 -9.657210
vt 1.599600 -1.115185
vt 1.575605 -1.040249
vt 1.365601 -1.283308
vt 1.076165 -0.821499
vt 0.841870 -0.949896
vt 1.586864 -0.962376
vt 1.291256 -0.663019
vt 1.631104 -0.897306
vt 1.699379 -0.858196
vt 1.483304 -0.477284
vt 1.777887 -0.852951
vt 2.037124 -0.661215
vt 1.850758 -0.882631
vt 1.648883 -0.267608
vt 2.197146 -0.420071
vt 1.785038 -0.037735
vt 2.328757 -0.162319
vt 1.889338 0.208236
vt 2.430253 0.108708
vt 1.959923 0.465914
vt 2.500322 0.389507
vt 2.538058 0.676444
vt 1.995534 0.730700
vt 2.542974 0.965811
vt 1.995534 0.997871
vt 2.515005 1.253865
vt 1.959923 1.262658
vt 2.454514 1.536882
vt 1.889338 1.520335
vt 2.362282 1.811200
vt 1.785038 1.766306
vt 2.239503 2.073274
vt 1.648883 1.996180
vt 1.795127 2.305204
vt 1.719647 2.301938
vt 2.087763 2.319713
vt 1.862196 2.339984
vt 1.908354 2.399795
vt 1.924998 2.473489
vt 1.909026 2.547332
vt 1.483304 2.205855
vt 1.649824 2.330794
vt 1.598672 2.386394
vt 1.291256 2.391590
vt 1.575725 2.458375
vt 1.585259 2.533322
vt 1.076165 2.550070
vt 1.625497 2.597266
vt 1.621426 2.825918
vt 1.688941 2.638288
vt 1.763764 2.648744
vt 1.836022 2.626684
vt 1.385364 2.999184
vt 0.841870 2.678468
vt 1.130963 3.144187
vt 0.861589 3.259007
vt 0.592551 2.774491
vt 0.580808 3.342125
vt 0.332659 2.836426
vt 0.292339 3.392440
vt 0.066830 2.863169
vt 0.000000 3.409286
vt -0.200191 2.854241
vt -0.292339 3.392440
vt -0.580808 3.342125
vt -0.463640 2.809803
vt -0.861589 3.259007
vt -0.718816 2.730647
vt -1.130963 3.144187
vt -0.961164 2.618186
vt -1.385364 2.999184
vt -1.186359 2.474426
vt -1.621426 2.825918
vt -1.625497 2.597266
vt -1.688941 2.638288
vt -1.763764 2.648744
vt -1.836022 2.626684
vt -1.585259 2.533322
vt -1.575725 2.458375
vt -1.390385 2.301933
vt -1.598672 2.386394
vt -1.649824 2.330794
vt -1.569599 2.103785
vt -1.719647 2.301938
vt -1.795127 2.305204
vt -1.862196 2.339984
vt -2.087763 2.319713
vt -1.720803 1.883519
vt -1.908354 2.399795
vt -1.924998 2.473489
vt -1.909026 2.547332
vt -2.239503 2.073274
vt -1.841300 1.645064
vt -2.362282 1.811200
vt -2.454514 1.536882
vt -1.928938 1.392677
vt -2.515005 1.253865
vt -1.982155 1.130860
vt -2.542974 0.965811
vt -2.000000 0.864286
vt -2.538058 0.676444
vt -1.982155 0.597712
vt -2.500322 0.389507
vt -1.928938 0.335895
vt -2.430253 0.108708
vt -1.841300 0.083507
vt -2.328757 -0.162319
vt -1.720803 -0.154948
vt -2.197146 -0.420071
vt -1.569599 -0.375214
vt -2.037124 -0.661215
vt -1.777887 -0.852951
vt -1.850758 -0.882631
vt -1.699379 -0.858196
vt -1.390385 -0.573362
vt -1.631104 -0.897306
vt -1.186359 -0.745854
vt -1.586864 -0.962376
vt -1.575605 -1.040249
vt -1.599600 -1.115185
vt -1.365601 -1.283308
vt -0.961164 -0.889614
vt -1.114098 -1.423904
vt -0.718816 -1.002076
vt -0.848314 -1.535170
vt -0.463640 -1.081232
vt -0.571657 -1.615681
vt -0.200191 -1.125670
vt -0.287672 -1.664404
vt -0.000000 -1.680714
vt 0.066830 -1.134597
vt 0.287672 -1.664404
vt 0.332659 -1.107855
vt 0.571657 -1.615681
vt 0.592551 -1.045919
vt 0.848314 -1.535170
vt 1.114098 -1.423904
vt 2.803060 -2.035714
vt -0.157346 -1.976360
vt -2.803060 -2.035714
vt -0.470112 -1.941604
vt -0.777127 -1.872519
vt 2.994424 -1.742039
vt 1.626723 -1.469766
vt 1.358992 -1.635147
vt 1.074634 -1.769948
vt 1.874551 -1.275827
vt 3.155133 -1.430529
vt 2.099443 -1.055704
vt 3.283540 -1.104374
vt 2.298649 -0.812090
vt 3.378331 -0.766913
vt 2.469731 -0.547966
vt 3.438536 -0.421600
vt 2.610595 -0.266562
vt 3.463538 -0.071971
vt 2.719519 0.028678
vt 3.453081 0.278395
vt 2.795169 0.334141
vt 3.407273 0.625911
vt 2.836621 0.646091
vt 3.326582 0.967019
vt 2.843365 0.960710
vt 3.211835 1.298226
vt 2.815322 1.274150
vt 3.064206 1.616143
vt 2.752832 1.582575
vt 2.885206 1.917515
vt 2.656662 1.882212
vt 2.676668 2.199255
vt 2.527987 2.169394
vt 2.440728 2.458480
vt 2.368382 2.440608
vt 2.179800 2.692536
vt 0.777127 -1.872519
vt 0.470112 -1.941604
vt 0.157346 -1.976360
vt -1.074634 -1.769948
vt -1.358992 -1.635147
vt -1.626723 -1.469766
vt -2.994424 -1.742039
vt -1.874551 -1.275827
vt -3.155133 -1.430529
vt -2.099443 -1.055704
vt -3.283540 -1.104374
vt -2.298649 -0.812090
vt -3.378331 -0.766913
vt -2.469731 -0.547966
vt -3.438536 -0.421600
vt -2.610595 -0.266562
vt -3.463538 -0.071971
vt -2.719519 0.028678
vt -3.453081 0.278395
vt -2.795169 0.334141
vt -3.407273 0.625911
vt -2.836621 0.646091
vt -3.326582 0.967019
vt -2.843365 0.960710
vt -3.211835 1.298226
vt -2.815322 1.274150
vt -3.064206 1.616143
vt -2.752832 1.582575
vt -2.885206 1.917515
vt -2.656662 1.882212
vt -2.676668 2.199255
vt -2.527987 2.169394
vt -2.440728 2.458480
vt -2.368382 2.440608
vt -2.179800 2.692536
vt 2.360387 -1.935714
vt -0.066830 -1.134597
vt -2.360387 -1.935714
vt -0.332659 -1.107855
vt -0.592551 -1.045919
vt 2.511578 -1.919192
vt 1.859111 -1.162535
vt 1.788941 -1.196327
vt 1.711059 -1.196327
vt 2.655631 -1.870404
vt 2.785746 -1.791655
vt 2.895782 -1.686661
vt 2.980543 -1.560379
vt 1.907670 -1.101644
vt 3.124751 -1.246737
vt 1.925000 -1.025714
vt 3.236059 -0.919968
vt 1.907670 -0.949785
vt 3.313296 -0.583513
vt 1.859111 -0.888894
vt 1.720803 -0.154948
vt 1.569599 -0.375214
vt 3.355649 -0.240914
vt 1.841300 0.083507
vt 3.362671 0.104221
vt 1.928938 0.335895
vt 3.334289 0.448258
vt 1.982155 0.597712
vt 3.270801 0.787576
vt 2.000000 0.864286
vt 3.172877 1.118602
vt 1.982155 1.130860
vt 3.041546 1.437851
vt 1.928938 1.392677
vt 2.878192 1.741961
vt 1.841300 1.645064
vt 2.684535 2.027731
vt 1.720803 1.883519
vt 2.462613 2.292151
vt 1.859111 2.337465
vt 1.907670 2.398356
vt 2.214763 2.532438
vt 1.925000 2.474286
vt 1.907670 2.550215
vt 1.943595 2.746062
vt 1.859111 2.611106
vt 1.788941 2.644898
vt 1.651963 2.930774
vt 1.711059 2.644898
vt 1.640889 2.611106
vt 1.186359 2.474426
vt 1.592330 2.550215
vt 1.575000 2.474286
vt 1.390385 2.301933
vt 1.592330 2.398356
vt 1.640889 2.337465
vt 1.569599 2.103785
vt 1.711059 2.303673
vt 1.788941 2.303673
vt 0.961164 2.618186
vt 1.342938 3.084629
vt 0.718816 2.730647
vt 1.019775 3.206007
vt 0.685874 3.293630
vt 0.463640 2.809803
vt 0.344752 3.346575
vt 0.200191 2.854241
vt -0.000000 3.364286
vt -0.066830 2.863169
vt -0.344752 3.346575
vt -0.332659 2.836426
vt -0.685874 3.293630
vt -0.592551 2.774491
vt -1.019775 3.206007
vt -0.841870 2.678468
vt -1.342938 3.084629
vt -1.076165 2.550070
vt -1.651963 2.930774
vt -1.640889 2.611106
vt -1.711059 2.644898
vt -1.788941 2.644898
vt -1.943595 2.746062
vt -1.859111 2.611106
vt -1.907670 2.550215
vt -2.214763 2.532438
vt -1.925000 2.474286
vt -1.907670 2.398356
vt -2.462613 2.292151
vt -1.859111 2.337465
vt -1.648883 1.996180
vt -1.788941 2.303673
vt -1.711059 2.303673
vt -1.483304 2.205855
vt -1.640889 2.337465
vt -1.592330 2.398356
vt -1.291256 2.391590
vt -1.575000 2.474286
vt -1.592330 2.550215
vt -1.785038 1.766306
vt -2.684535 2.027731
vt -1.889338 1.520335
vt -2.878192 1.741961
vt -1.959923 1.262658
vt -3.041546 1.437851
vt -1.995534 0.997871
vt -3.172877 1.118602
vt -3.270801 0.787576
vt -1.995534 0.730700
vt -3.334289 0.448258
vt -1.959923 0.465914
vt -3.362671 0.104221
vt -1.889338 0.208236
vt -3.355649 -0.240914
vt -1.785038 -0.037735
vt -3.313296 -0.583513
vt -1.648883 -0.267608
vt -1.859111 -0.888894
vt -1.788941 -0.855102
vt -1.907670 -0.949785
vt -3.236059 -0.919968
vt -1.925000 -1.025714
vt -3.124751 -1.246737
vt -1.907670 -1.101644
vt -2.980543 -1.560379
vt -1.859111 -1.162535
vt -2.895782 -1.686661
vt -2.785746 -1.791655
vt -2.655631 -1.870404
vt -2.511578 -1.919192
vt -1.592330 -1.101644
vt -0.841870 -0.949896
vt -1.575000 -1.025714
vt -1.076165 -0.821499
vt -1.592330 -0.949785
vt -1.291256 -0.663019
vt -1.640889 -0.888894
vt -1.711059 -0.855102
vt -1.483304 -0.477284
vt -1.640889 -1.162535
vt -1.711059 -1.196327
vt -1.788941 -1.196327
vt 0.463640 -1.081232
vt 1.640889 -1.162535
vt 0.718816 -1.002076
vt 1.592330 -1.101644
vt 0.961164 -0.889614
vt 1.575000 -1.025714
vt 1.186359 -0.745854
vt 1.592330 -0.949785
vt 1.640889 -0.888894
vt 1.390385 -0.573362
vt 1.711059 -0.855102
vt 1.788941 -0.855102
vt 0.200191 -1.125670
vt 4.700000 -0.146431
vt 0.400000 -0.146431
vt 4.700000 -5.853569
vt 0.400000 -5.853569
vt -4.700000 -0.378409
vt -4.700000 -0.471239
vt -3.133333 -0.446437
vt -0.400000 -0.471239
vt -1.566667 -0.446437
vt -0.400000 -0.378409
vt -1.566667 -0.347229
vt -0.400000 -0.285580
vt -1.566667 -0.248020
vt -0.400000 -0.192750
vt -3.133333 -0.248020
vt -4.700000 -0.192750
vt -4.700000 -0.285580
vt -3.133333 -0.347229
vt -4.700000 -0.656898
vt -4.700000 -0.749728
vt -3.133333 -0.744061
vt -0.400000 -0.749728
vt -1.566667 -0.744061
vt -0.400000 -0.656898
vt -1.566667 -0.644853
vt -0.400000 -0.564069
vt -1.566667 -0.545645
vt -3.133333 -0.545645
vt -4.700000 -0.564069
vt -3.133333 -0.644853
vt -2.727107 0.312906
vt -2.745000 0.000000
vt -2.545000 0.000000
vt -2.727107 -0.312906
vt -2.527137 -0.301005
vt -2.673663 -0.621734
vt -2.473798 -0.597785
vt -2.585363 -0.922456
vt -2.385733 -0.886173
vt -2.463359 -1.211152
vt -2.264177 -1.162121
vt -2.309241 -1.484059
vt -2.110837 -1.421756
vt -2.125019 -1.737619
vt -1.927866 -1.661432
vt -1.913094 -1.968527
vt -1.717832 -1.877786
vt -1.676228 -2.173772
vt -1.483683 -2.067779
vt -1.417511 -2.350678
vt -1.228706 -2.228745
vt -1.140314 -2.496940
vt -0.956481 -2.358425
vt -0.848252 -2.610650
vt -0.670829 -2.454998
vt -0.545131 -2.690327
vt -0.375761 -2.517107
vt -0.234903 -2.734931
vt -0.075417 -2.543882
vt 0.078386 -2.743881
vt 0.225986 -2.534947
vt 0.390654 -2.717060
vt 0.524216 -2.490426
vt 0.697829 -2.654818
vt 0.815087 -2.410946
vt 0.995907 -2.557967
vt 1.094516 -2.297620
vt 1.281002 -2.427768
vt 1.358580 -2.152042
vt 1.549397 -2.265920
vt 1.603574 -1.976253
vt 1.797593 -2.074533
vt 1.826056 -1.772722
vt 2.022354 -1.856100
vt 2.022905 -1.544306
vt 2.220752 -1.613471
vt 2.191356 -1.294212
vt 2.390198 -1.349807
vt 2.329046 -1.025949
vt 2.528484 -1.068546
vt 2.434041 -0.743284
vt 2.633808 -0.773356
vt 2.504867 -0.450186
vt 2.704796 -0.468083
vt 2.540530 -0.150767
vt 2.740523 -0.156709
vt 2.540530 0.150767
vt 2.740523 0.156709
vt 2.704796 0.468083
vt 2.504867 0.450186
vt 2.633808 0.773356
vt 2.434041 0.743284
vt 2.528484 1.068546
vt 2.329046 1.025949
vt 2.390198 1.349807
vt 2.191356 1.294212
vt 2.220752 1.613471
vt 2.022905 1.544306
vt 2.022354 1.856100
vt 1.826056 1.772722
vt 1.797593 2.074533
vt 1.603574 1.976253
vt 1.549397 2.265920
vt 1.358580 2.152042
vt 1.281002 2.427768
vt 1.094516 2.297620
vt 0.995907 2.557967
vt 0.815087 2.410946
vt 0.697829 2.654818
vt 0.524216 2.490426
vt 0.390654 2.717060
vt 0.225986 2.534947
vt 0.078386 2.743881
vt -0.075417 2.543882
vt -0.234903 2.734931
vt -0.375761 2.517107
vt -0.545131 2.690327
vt -0.670829 2.454998
vt -0.848252 2.610650
vt -0.956481 2.358425
vt -1.140314 2.496940
vt -1.228706 2.228745
vt -1.417511 2.350678
vt -1.483683 2.067779
vt -1.676228 2.173772
vt -1.717832 1.877786
vt -1.913094 1.968527
vt -1.927866 1.661432
vt -2.125019 1.737619
vt -2.110837 1.421756
vt -2.309241 1.484059
vt -2.264177 1.162121
vt -2.463359 1.211152
vt -2.385733 0.886173
vt -2.585363 0.922456
vt -2.473798 0.597785
vt -2.673663 0.621734
vt -2.527137 0.301005
vt -0.628319 8.149978
vt -0.628319 7.799307
vt -0.538559 7.915181
vt -0.523599 7.799307
vt -0.418879 7.915181
vt -0.418879 7.799307
vt -0.314159 7.799307
vt -0.299199 7.915181
vt -0.209440 7.799307
vt -0.179520 7.915181
vt -0.104720 7.799307
vt -0.059840 7.915181
vt -0.000000 7.799307
vt -0.000000 8.131174
vt -0.059840 8.244981
vt -0.000000 8.463040
vt -0.059840 8.574780
vt -0.000000 8.794907
vt -0.059840 8.904579
vt -0.000000 9.126774
vt -0.059840 9.234378
vt -0.000000 9.458641
vt -0.059840 9.564178
vt -0.000000 9.790508
vt -0.059840 9.893977
vt -0.000000 10.122375
vt -0.059840 10.223776
vt -0.000000 10.454242
vt -0.059840 10.553575
vt -0.000000 10.786108
vt -0.059840 10.883375
vt -0.059840 -10.883375
vt 0.000000 -10.980641
vt -0.000000 -10.648774
vt -0.059840 -10.553575
vt -0.000000 -10.316907
vt -0.059840 -10.223776
vt -0.000000 -9.985040
vt -0.059840 -9.893977
vt -0.000000 -9.653173
vt -0.059840 -9.564178
vt -0.000000 -9.321306
vt -0.059840 -9.234378
vt -0.000000 -8.989440
vt -0.059840 -8.904579
vt -0.000000 -8.657573
vt -0.078710 -8.658512
vt -0.157589 -8.661307
vt -0.179520 -8.904579
vt -0.179520 -9.234378
vt -0.179520 -9.564178
vt -0.179520 -9.893977
vt -0.179520 -10.223776
vt -0.179520 -10.553575
vt -0.179520 -10.883375
vt -0.179520 10.883375
vt -0.179520 10.553575
vt -0.179520 10.223776
vt -0.179520 9.893977
vt -0.179520 9.564178
vt -0.179520 9.234378
vt -0.179520 8.904579
vt -0.179520 8.574780
vt -0.179520 8.244981
vt -0.236103 -8.665838
vt -0.299199 -8.904579
vt -0.299199 -9.234378
vt -0.299199 -9.564178
vt -0.299199 -9.893977
vt -0.299199 -10.223776
vt -0.299199 -10.553575
vt -0.299199 -10.883375
vt -0.299199 10.883375
vt -0.299199 10.553575
vt -0.299199 10.223776
vt -0.299199 9.893977
vt -0.299199 9.564178
vt -0.299199 9.234378
vt -0.299199 8.904579
vt -0.299199 8.574780
vt -0.299199 8.244981
vt -0.314647 -8.671963
vt -0.393154 -8.679466
vt -0.418879 -8.904579
vt -0.471135 -8.688028
vt -0.538559 -8.904579
vt -0.549701 -8.697462
vt -0.628319 -8.707369
vt -0.628319 -9.058041
vt -0.538559 -9.234378
vt -0.418879 -9.234378
vt -0.418879 -9.564178
vt -0.628319 -9.408712
vt -0.538559 -9.564178
vt -0.418879 -9.893977
vt -0.628319 -9.759384
vt -0.538559 -9.893977
vt -0.418879 -10.223776
vt -0.628319 -10.110055
vt -0.538559 -10.223776
vt -0.418879 -10.553575
vt -0.628319 -10.460727
vt -0.538559 -10.553575
vt -0.418879 -10.883375
vt -0.418879 10.883375
vt -0.628319 -10.811399
vt -0.538559 -10.883375
vt -0.538559 10.883375
vt -0.418879 10.553575
vt -0.628319 10.955351
vt -0.628319 10.604679
vt -0.538559 10.553575
vt -0.418879 10.223776
vt -0.628319 10.254007
vt -0.538559 10.223776
vt -0.418879 9.893977
vt -0.628319 9.903336
vt -0.538559 9.893977
vt -0.418879 9.564178
vt -0.538559 9.564178
vt -0.628319 9.552664
vt -0.538559 9.234378
vt -0.628319 9.201993
vt -0.538559 8.904579
vt -0.628319 8.851321
vt -0.538559 8.574780
vt -0.628319 8.500650
vt -0.538559 8.244981
vt -0.418879 8.244981
vt -0.418879 8.574780
vt -0.418879 8.904579
vt -0.418879 9.234378
vt 0.460444 0.189895
vt 0.468515 0.142421
vt 0.542103 0.189895
vt 0.546601 0.142421
vt 0.624687 0.142421
vt 0.390429 0.142421
vt 0.380250 0.189895
vt 0.312343 0.142421
vt 0.301447 0.189895
vt 0.234257 0.142421
vt 0.224247 0.189895
vt 0.156172 0.142421
vt 0.148516 0.189895
vt 0.078086 0.142421
vt 0.073959 0.189895
vt -0.000000 0.189895
vt -0.000000 0.126089
vt 0.078086 0.094948
vt 0.156172 0.094948
vt 0.156172 0.071211
vt 0.234257 0.071211
vt 0.234257 0.047474
vt 0.312343 0.047474
vt 0.312343 0.023737
vt 0.390429 0.023737
vt 0.380784 0.000000
vt 0.461114 0.000000
vt -0.000000 0.063806
vt 0.078086 0.071211
vt 0.156172 0.047474
vt 0.234257 0.023737
vt 0.301847 0.000000
vt 0.078086 0.047474
vt 0.074041 0.000000
vt 0.078086 0.023737
vt 0.148688 0.000000
vt 0.156172 0.023737
vt 0.224525 0.000000
vt 0.468515 0.023737
vt 0.542607 0.000000
vt 0.546601 0.023737
vt 0.624687 0.000000
vt 0.624687 0.023737
vt 0.546601 0.047474
vt 0.624687 0.047474
vt 0.546601 0.071211
vt 0.624687 0.071211
vt 0.546601 0.094948
vt 0.624687 0.094948
vt 0.234257 0.094948
vt 0.312343 0.094948
vt 0.390429 0.094948
vt 0.468515 0.094948
vt 0.312343 0.071211
vt 0.390429 0.071211
vt 0.468515 0.071211
vt 0.390429 0.047474
vt 0.468515 0.047474
vt 6.998659 -0.000002
vt 7.329468 0.000000
vt 7.111035 0.046383
vt 7.329468 0.065516
vt 7.111035 0.092768
vt 7.329468 0.126568
vt 7.111035 0.139152
vt 7.329468 0.185539
vt 7.111035 0.185539
vt 7.111035 0.231922
vt 6.892603 0.231922
vt 6.892603 0.278308
vt 6.673608 0.278308
vt 6.673608 0.324693
vt 6.509644 0.324693
vt 6.639622 0.371077
vt 6.308304 0.371077
vt 7.329468 0.244510
vt 7.111035 0.278308
vt 6.892603 0.324693
vt 7.329468 0.305561
vt 7.111035 0.324693
vt 6.980244 0.371078
vt 7.329468 0.371077
vt 5.980564 0.371077
vt 6.017749 0.324693
vt 6.345679 0.324693
vt 6.509644 0.278308
vt 6.673608 0.231922
vt 6.892603 0.185539
vt 5.799129 0.324693
vt 5.656286 0.371078
vt 5.580509 0.324693
vt 5.336693 0.371076
vt 5.361889 0.324693
vt 5.197924 0.324693
vt 5.361889 0.278308
vt 5.197924 0.278308
vt 5.361889 0.231922
vt 5.197924 0.231922
vt 5.361889 0.185539
vt 5.197924 0.185539
vt 5.361889 0.139152
vt 5.197924 0.139152
vt 5.361889 0.092768
vt 5.197924 0.092768
vt 5.361889 0.046383
vt 5.197924 0.046383
vt 5.359675 0.000000
vt 5.032374 0.000000
vt 5.033959 0.046383
vt 4.869994 0.046383
vt 4.869994 0.092768
vt 4.706030 0.092768
vt 4.706030 0.139152
vt 4.487410 0.139152
vt 4.487410 0.185539
vt 4.268790 0.185539
vt 4.268790 0.231922
vt 4.050170 0.231922
vt 4.050170 0.278308
vt 3.886205 0.278308
vt 3.886205 0.324693
vt 3.722240 0.324693
vt 3.753272 0.371076
vt 3.430406 0.371077
vt 5.021742 0.371077
vt 5.033959 0.324693
vt 5.033959 0.278308
vt 5.033959 0.231922
vt 5.033959 0.185539
vt 5.033959 0.139152
vt 5.033959 0.092768
vt 4.869994 0.324693
vt 4.705690 0.371077
vt 4.706030 0.324693
vt 4.487410 0.324693
vt 4.706030 0.278308
vt 4.487410 0.278308
vt 4.706030 0.231922
vt 4.487410 0.231922
vt 4.706030 0.185539
vt 4.388382 0.371078
vt 4.268790 0.324693
vt 4.268790 0.278308
vt 4.070799 0.371077
vt 4.050170 0.324693
vt 3.101709 0.371078
vt 3.175690 0.324693
vt 3.394310 0.324693
vt 3.722240 0.278308
vt 3.886205 0.231922
vt 4.050170 0.185539
vt 4.268790 0.139152
vt 4.487410 0.092768
vt 4.706030 0.046383
vt 4.705070 0.000000
vt 2.957070 0.324693
vt 2.768629 0.371077
vt 2.738451 0.324693
vt 2.574486 0.324693
vt 2.738451 0.278308
vt 2.574486 0.278308
vt 2.738451 0.231922
vt 2.574486 0.231922
vt 2.738451 0.185539
vt 2.574486 0.185539
vt 2.738451 0.139152
vt 2.574486 0.139152
vt 2.738451 0.092768
vt 2.574486 0.092768
vt 2.738451 0.046383
vt 2.574486 0.046383
vt 2.741000 0.000000
vt 2.413022 0.000000
vt 2.410521 0.046383
vt 2.246556 0.046383
vt 2.246556 0.092768
vt 2.082591 0.065516
vt 2.082591 0.126568
vt 2.246556 0.139152
vt 2.082591 0.185539
vt 2.246556 0.185539
vt 2.246556 0.231922
vt 2.410521 0.185539
vt 2.410521 0.231922
vt 2.430746 0.371077
vt 2.410521 0.324693
vt 2.410521 0.278308
vt 2.246556 0.324693
vt 2.082591 0.371077
vt 2.082591 0.305561
vt 2.246556 0.278308
vt 2.082591 0.244510
vt 2.082591 0.000000
vt 2.957070 0.046383
vt 3.068344 0.000000
vt 3.175690 0.046383
vt 3.395709 -0.000000
vt 3.394310 0.046383
vt 3.722240 0.046383
vt 3.394310 0.092768
vt 3.722240 0.092768
vt 3.394310 0.139152
vt 3.722240 0.139152
vt 3.394310 0.185539
vt 3.722240 0.185539
vt 3.394310 0.231922
vt 3.722240 0.231922
vt 3.394310 0.278308
vt 3.723074 0.000000
vt 3.886205 0.046383
vt 3.886205 0.092768
vt 3.886205 0.139152
vt 3.886205 0.185539
vt 4.050419 0.000000
vt 4.050170 0.046383
vt 4.050170 0.092768
vt 4.050170 0.139152
vt 4.268790 0.046383
vt 4.377751 0.000000
vt 4.487410 0.046383
vt 5.580509 0.046383
vt 5.687013 -0.000000
vt 5.799129 0.046383
vt 6.014375 0.000000
vt 6.017749 0.046383
vt 6.341739 0.000000
vt 6.345679 0.046383
vt 6.509644 0.046383
vt 6.345679 0.092768
vt 6.509644 0.092768
vt 6.345679 0.139152
vt 6.509644 0.139152
vt 6.345679 0.185539
vt 6.509644 0.185539
vt 6.345679 0.231922
vt 6.509644 0.231922
vt 6.345679 0.278308
vt 6.669453 -0.000000
vt 6.673608 0.046383
vt 6.673608 0.092768
vt 6.673608 0.139152
vt 6.673608 0.185539
vt 6.892603 0.046383
vt 6.892603 0.092768
vt 6.892603 0.139152
vt 6.017749 0.092768
vt 6.017749 0.139152
vt 6.017749 0.185539
vt 6.017749 0.231922
vt 6.017749 0.278308
vt 5.799129 0.092768
vt 5.799129 0.139152
vt 5.799129 0.185539
vt 5.799129 0.231922
vt 5.799129 0.278308
vt 5.580509 0.092768
vt 5.580509 0.139152
vt 5.580509 0.185539
vt 5.580509 0.231922
vt 5.580509 0.278308
vt 4.268790 0.092768
vt 3.175690 0.092768
vt 3.175690 0.139152
vt 3.175690 0.185539
vt 3.175690 0.231922
vt 3.175690 0.278308
vt 2.957070 0.092768
vt 2.957070 0.139152
vt 2.957070 0.185539
vt 2.957070 0.231922
vt 2.957070 0.278308
vt 2.410521 0.092768
vt 2.410521 0.139152
vt 4.869994 0.139152
vt 4.869994 0.185539
vt 4.869994 0.231922
vt 4.869994 0.278308
vt -2.812935 -0.078137
vt -0.951190 -0.059840
vt -2.803060 -0.000000
vt 0.951190 -0.059840
vt 2.803060 0.000000
vt 2.812935 -0.078137
vt 2.822432 -0.156536
vt 0.951190 -0.179520
vt 2.831130 -0.234639
vt 0.951190 -0.299199
vt 2.838789 -0.313271
vt 2.845066 -0.391929
vt 0.951190 -0.418879
vt 2.849723 -0.470549
vt 0.951190 -0.538559
vt 2.852601 -0.549522
vt 2.853569 -0.628319
vt -0.951190 -0.538559
vt -2.852601 -0.549522
vt -2.849723 -0.470549
vt -0.951190 -0.418879
vt -2.845066 -0.391929
vt -0.951190 -0.299199
vt -2.838789 -0.313271
vt -2.831130 -0.234639
vt -0.951190 -0.179520
vt -2.822432 -0.156536
vt -2.853569 -0.628319
vt 0.074041 0.189895
vt 0.224251 0.000000
vt 0.301453 0.000000
vt 0.073961 0.000000
vt 0.148519 0.000000
vt 0.380257 0.000000
vt 0.460453 0.000000
vt 0.542114 0.000000
vt 0.461114 0.189895
vt 0.542607 0.189895
vt 0.380784 0.189895
vt 0.301847 0.189895
vt 0.224525 0.189895
vt 0.148688 0.189895
vt 0.000000 -5.213957
vt 3.700000 -5.213957
vt 0.000000 -0.493182
vt 3.700000 -0.493182
vt -0.086022 0.152398
vt -0.115741 0.131259
vt -0.110730 0.126292
vt -0.135066 0.099840
vt -0.140433 0.104420
vt -0.159026 0.073046
vt 0.159026 0.073046
vt 0.140433 0.104420
vt 0.135066 0.099840
vt 0.115741 0.131259
vt 0.110730 0.126292
vt 0.086022 0.152398
vt -0.150400 -0.089470
vt -0.097199 -0.145524
vt -0.063229 -0.015736
vt -0.025043 -0.173199
vt 0.051997 -0.167097
vt 0.118896 -0.128408
vt 0.020546 0.061834
vt 0.162609 -0.064678
vt 0.174611 0.011666
vt 0.152560 0.085734
vt 0.100758 0.143083
vt -0.100758 0.143083
vt -0.152560 0.085734
vt -0.020546 0.061834
vt -0.174611 0.011666
vt -0.162609 -0.064678
vt -0.118896 -0.128408
vt 0.063229 -0.015736
vt -0.051997 -0.167097
vt 0.025043 -0.173199
vt 0.097199 -0.145524
vt 0.150400 -0.089470
vt 3.700000 -2.659305
vt 3.700000 -2.477887
vt 0.000000 -2.659305
vt 0.000000 -2.477887
vt 3.700000 -2.296469
vt 0.000000 -2.296469
vt 3.700000 -2.115051
vt 0.000000 -2.115051
vt 3.700000 -1.933633
vt 0.000000 -1.933633
vt 3.700000 -1.752214
vt 0.000000 -1.752214
vt 3.700000 -1.570796
vt 0.000000 -1.570796
vt 3.700000 -1.389378
vt 0.000000 -1.389378
vt 3.700000 -1.207960
vt 0.000000 -1.207960
vt 3.700000 -1.026542
vt 0.000000 -1.026542
vt 3.700000 -0.845124
vt 0.000000 -0.845124
vt 3.700000 -0.663706
vt 0.000000 -0.663706
vt 3.700000 -0.482288
vt 0.000000 -0.482288
vt 0.471239 -0.638483
vt 0.471239 -0.439910
vt 0.446437 -0.505685
vt 0.376991 -0.439910
vt 0.347229 -0.505685
vt 0.282743 -0.439910
vt 0.248020 -0.505685
vt 0.188496 -0.439910
vt 0.148812 -0.505685
vt 0.094248 -0.439910
vt 0.049604 -0.505685
vt 0.000000 -0.439910
vt 0.000000 -0.605387
vt 0.049604 -0.674246
vt 0.000000 -0.770864
vt 0.049604 -0.842808
vt 0.000000 -0.936342
vt 0.049604 -1.011370
vt 0.000000 -1.101819
vt 0.049604 -1.179931
vt 0.000000 -1.267296
vt 0.049604 -1.348493
vt 0.000000 -1.432774
vt 0.094248 -1.432774
vt 0.148812 -1.348493
vt 0.188496 -1.432774
vt 0.248020 -1.348493
vt 0.282743 -1.432774
vt 0.347229 -1.348493
vt 0.376991 -1.432774
vt 0.446437 -1.348493
vt 0.471239 -1.432774
vt 0.471239 -1.234201
vt 0.446437 -1.179931
vt 0.471239 -1.035628
vt 0.446437 -1.011370
vt 0.471239 -0.837055
vt 0.446437 -0.842808
vt 0.446437 -0.674246
vt 0.347229 -0.674246
vt 0.148812 -0.674246
vt 0.148812 -0.842808
vt 0.148812 -1.011370
vt 0.148812 -1.179931
vt 0.248020 -0.674246
vt 0.248020 -0.842808
vt 0.248020 -1.011370
vt 0.248020 -1.179931
vt 0.347229 -0.842808
vt 0.347229 -1.011370
vt 0.347229 -1.179931
vt -2.360387 -0.094248
vt -0.786796 -0.049604
vt -2.360387 0.000000
vt 0.786796 -0.049604
vt 2.360387 0.000000
vt 2.360387 -0.094248
vt 0.786796 -0.148812
vt 2.360387 -0.188496
vt 0.786796 -0.248020
vt 2.360387 -0.282743
vt 0.786796 -0.347229
vt 2.360387 -0.376991
vt 0.786796 -0.446437
vt 2.360387 -0.471239
vt -0.786796 -0.446437
vt -2.360387 -0.471239
vt -2.360387 -0.376991
vt -0.786796 -0.347229
vt -2.360387 -0.282743
vt -0.786796 -0.248020
vt -2.360387 -0.188496
vt -0.786796 -0.148812
vt 0.471239 -1.631346
vt 0.446437 -1.517054
vt 0.347229 -1.517054
vt 0.248020 -1.517054
vt 0.148812 -1.517054
vt 0.049604 -1.517054
vt 0.000000 -1.598251
vt 0.049604 -1.685616
vt 0.000000 -1.763728
vt 0.049604 -1.854178
vt 0.000000 -1.929206
vt 0.049604 -2.022739
vt 0.000000 -2.094683
vt 0.049604 -2.191301
vt 0.000000 -2.260160
vt 0.049604 -2.359862
vt 0.000000 -2.425637
vt 0.094248 -2.425637
vt 0.148812 -2.359862
vt 0.188496 -2.425637
vt 0.248020 -2.359862
vt 0.282743 -2.425637
vt 0.347229 -2.359862
vt 0.376991 -2.425637
vt 0.446437 -2.359862
vt 0.471239 -2.425637
vt 0.471239 -2.227065
vt 0.446437 -2.191301
vt 0.471239 -2.028492
vt 0.446437 -2.022739
vt 0.446437 -1.854178
vt 0.347229 -1.854178
vt 0.347229 -1.685616
vt 0.248020 -1.685616
vt 0.471239 -1.829919
vt 0.446437 -1.685616
vt 0.148812 -1.685616
vt 0.148812 -1.854178
vt 0.148812 -2.022739
vt 0.148812 -2.191301
vt 0.248020 -1.854178
vt 0.347229 -2.022739
vt 0.248020 -2.022739
vt 0.248020 -2.191301
vt 0.347229 -2.191301
vt 3.148102 -1.851754
vt 3.246324 -1.699521
vt 2.360387 -2.235714
vt 3.396712 -1.374531
vt 3.514660 -1.036414
vt 3.599041 -0.688398
vt 3.649050 -0.333807
vt -3.649050 -0.333807
vt -3.664207 0.023972
vt 3.664207 0.023972
vt -3.644370 0.381521
vt 3.644370 0.381521
vt -3.589727 0.735427
vt 3.589727 0.735427
vt -3.500799 1.082309
vt 3.500799 1.082309
vt -3.378438 1.418855
vt 3.378438 1.418855
vt -3.223810 1.741849
vt 3.223810 1.741849
vt -3.038393 2.048208
vt 3.038393 2.048208
vt -2.823958 2.335006
vt 2.823958 2.335006
vt -2.582552 2.599503
vt 2.582552 2.599503
vt -2.316482 2.839173
vt 2.316482 2.839173
vt -2.028288 3.051727
vt 2.028288 3.051727
vt -1.720722 3.235136
vt 1.720722 3.235136
vt -1.396723 3.387647
vt 1.396723 3.387647
vt -1.059384 3.507805
vt 1.059384 3.507805
vt -0.711928 3.594461
vt 0.711928 3.594461
vt -0.357672 3.646788
vt 0.357672 3.646788
vt -0.000000 3.664286
vt -2.360387 -2.235714
vt -3.599041 -0.688398
vt -3.514660 -1.036414
vt -3.396712 -1.374531
vt -3.246324 -1.699521
vt -3.148102 -1.851754
vt -3.024026 -1.983768
vt -2.878168 -2.091228
vt -2.715315 -2.170608
vt -2.540812 -2.219303
vt 2.540812 -2.219303
vt 2.715315 -2.170608
vt 2.878168 -2.091228
vt 3.024026 -1.983768
vt 3.027602 -2.380076
vt 3.093749 -2.315474
vt 2.853569 -2.435714
vt 3.301911 -2.007508
vt 3.479519 -1.680967
vt -3.624931 -1.338871
vt 3.624931 -1.338871
vt -3.736802 -0.984387
vt 3.736802 -0.984387
vt -3.814095 -0.620794
vt 3.814095 -0.620794
vt -3.856096 -0.251457
vt 3.856096 -0.251457
vt -3.862416 0.120207
vt 3.862416 0.120207
vt -3.832996 0.490759
vt 3.832996 0.490759
vt -3.768110 0.856770
vt 3.768110 0.856770
vt -3.668356 1.214853
vt 3.668356 1.214853
vt -3.534659 1.561694
vt 3.534659 1.561694
vt -3.368255 1.894085
vt 3.368255 1.894085
vt -3.170685 2.208950
vt 3.170685 2.208950
vt -2.943776 2.503376
vt 2.943776 2.503376
vt -2.689627 2.774637
vt 2.689627 2.774637
vt -2.410591 3.020224
vt 2.410591 3.020224
vt -2.109250 3.237865
vt 2.109250 3.237865
vt -1.788392 3.425545
vt 1.788392 3.425545
vt -1.450985 3.581529
vt 1.450985 3.581529
vt -1.100152 3.704372
vt 1.100152 3.704372
vt -0.739140 3.792938
vt 0.739140 3.792938
vt -0.371288 3.846407
vt 0.371288 3.846407
vt 0.000000 3.864286
vt -3.479519 -1.680967
vt -2.853569 -2.435714
vt -3.301911 -2.007508
vt -3.093749 -2.315474
vt -3.027602 -2.380076
vt -2.944925 -2.421466
vt 2.944925 -2.421466
vt -0.150000 0.000000
vt -0.100000 0.088803
vt -0.000000 0.088574
vt -0.000000 0.177147
vt -0.100000 0.177147
vt -0.000000 0.265721
vt -0.100000 0.266067
vt -0.000000 0.354294
vt -0.100000 0.354294
vt -0.000000 0.442868
vt -0.100000 0.443080
vt -0.000000 0.531441
vt -0.100000 0.531441
vt -0.100000 0.566871
vt -0.150000 0.531441
vt -0.150011 0.620133
vt -0.100000 0.637729
vt -0.150000 0.708588
vt -0.100000 0.708588
vt -0.150011 0.797026
vt -0.100000 0.797071
vt -0.150000 0.885735
vt -0.100000 0.885735
vt -0.150004 0.974047
vt -0.100000 0.974134
vt -0.149999 1.062882
vt -0.100000 1.062882
vt -0.100000 1.133741
vt -0.000000 1.062882
vt -0.000000 1.151456
vt -0.000000 0.620015
vt -0.000000 0.708588
vt -0.000000 0.797162
vt -0.000000 0.885735
vt -0.000000 0.974309
vt -0.100000 1.240029
vt -0.000000 1.240029
vt -0.100000 1.328543
vt -0.000000 1.328603
vt -0.150000 1.417176
vt -0.000000 1.417176
vt -0.149992 1.328513
vt -0.150002 1.240029
vt -0.149996 1.151000
vt -0.150005 0.443187
vt -0.149999 0.354294
vt -0.149995 0.266240
vt -0.150001 0.177147
vt -0.149990 0.088918
vt 0.000625 -0.439817
vt 0.000000 -0.502655
vt 0.150000 -0.502655
vt 0.150000 0.502655
vt 0.000000 0.502655
vt 0.000625 0.439817
vt 0.150658 0.439817
vt 0.002134 0.376991
vt 0.152247 0.376991
vt 0.003644 0.314165
vt 0.153836 0.314166
vt 0.004270 0.251327
vt 0.154495 0.251327
vt 0.153836 0.188489
vt 0.003644 0.188490
vt 0.152247 0.125664
vt 0.002134 0.125664
vt 0.150658 0.062838
vt 0.000625 0.062838
vt 0.150000 0.000000
vt 0.000625 -0.062838
vt 0.150658 -0.062838
vt 0.002134 -0.125664
vt 0.152247 -0.125664
vt 0.003644 -0.188490
vt 0.153836 -0.188489
vt 0.004270 -0.251327
vt 0.154495 -0.251327
vt 0.153836 -0.314166
vt 0.003644 -0.314165
vt 0.152247 -0.376991
vt 0.002134 -0.376991
vt 0.150658 -0.439817
vt 5.849342 -0.062838
vt 5.999375 -0.062838
vt 5.850000 -0.000000
vt 6.000000 -0.000000
vt 5.999375 0.062838
vt 5.997866 -0.125664
vt 5.847754 -0.125664
vt 5.996356 -0.188490
vt 5.846164 -0.188489
vt 5.995730 -0.251327
vt 5.845505 -0.251327
vt 5.846164 -0.314166
vt 5.996356 -0.314165
vt 5.847754 -0.376991
vt 5.997866 -0.376991
vt 5.849342 -0.439817
vt 5.999375 -0.439817
vt 5.850000 -0.502655
vt 6.000000 -0.502655
vt 6.000000 0.502655
vt 5.850000 0.502655
vt 5.999375 0.439817
vt 5.849342 0.439817
vt 5.997866 0.376991
vt 5.847754 0.376991
vt 5.996356 0.314165
vt 5.846164 0.314166
vt 5.995730 0.251327
vt 5.845505 0.251327
vt 5.846164 0.188489
vt 5.996356 0.188490
vt 5.847754 0.125664
vt 5.997866 0.125664
vt 5.849342 0.062838
vt 0.000000 -0.325583
vt 4.000000 -0.162792
vt 4.000000 0.162792
vt 0.000000 0.325583
vt 4.000000 0.488375
vt 0.000000 0.651166
vt 4.000000 0.813958
vt 0.000000 0.976750
vt 4.000000 1.139541
vt 0.000000 1.302333
vt 4.000000 1.465125
vt 0.000000 1.627916
vt 4.000000 1.790708
vt 0.000000 1.953499
vt 4.000000 2.116291
vt 0.000000 2.279083
vt 4.000000 2.441874
vt 0.000000 2.604666
vt 4.000000 2.767458
vt 0.000000 2.930249
vt 4.000000 3.093041
vt 0.000000 3.255832
vt 4.000000 3.418624
vt 0.000000 3.581416
vt 4.000000 3.744207
vt 0.000000 3.906999
vt 4.000000 4.069790
vt 0.000000 4.232582
vt 4.000000 4.284338
vt 4.000000 4.395374
vt 6.386863 4.363603
vt 6.352182 4.415530
vt 4.000000 -0.488375
vt 0.000000 -0.651166
vt 4.000000 -0.813958
vt 0.000000 -0.976750
vt 4.000000 -1.139541
vt 0.000000 -1.302333
vt 4.000000 -1.465125
vt 0.000000 -1.627916
vt 4.000000 -1.790708
vt 0.000000 -1.953499
vt 4.000000 -2.116291
vt 0.000000 -2.279083
vt 4.000000 -2.441874
vt 0.000000 -2.604666
vt 4.000000 -2.767458
vt 0.000000 -2.930249
vt 4.000000 -3.093041
vt 0.000000 -3.255832
vt 4.000000 -3.418624
vt 0.000000 -3.581416
vt 4.000000 -3.744207
vt 0.000000 -3.906999
vt 4.000000 -4.069790
vt 0.000000 -4.232582
vt 4.000000 -4.395374
vt 0.000000 -4.558165
vt 4.000000 -4.720957
vt 0.000000 -4.883749
vt 4.000000 -5.047044
vt 0.000000 -5.209332
vt 4.000000 -5.372123
vt 0.000000 -5.534915
vt 4.000000 -5.697707
vt 0.000000 -5.860498
vt 4.000000 -5.843609
vt 4.000000 -6.023290
vt 7.810679 -5.981665
vt 7.751028 -6.082237
vt 7.683416 -6.178001
vt 4.000000 -6.350364
vt 7.608515 -6.267913
vt 7.526593 -6.351679
vt 7.438211 -6.428729
vt 7.245162 -6.560413
vt 4.000000 -6.672797
vt 7.033451 -6.660556
vt 7.005041 -6.671550
vt 6.774905 -6.774967
vt 4.000000 -7.000040
vt 6.556797 -6.899168
vt 6.351508 -7.043593
vt 6.161552 -7.206972
vt 4.000000 -7.325623
vt 5.990525 -7.386153
vt 5.838197 -7.581255
vt 4.000000 -7.651206
vt 5.707343 -7.788546
vt 4.000000 -7.976789
vt 5.597920 -8.008286
vt 5.512033 -8.236205
vt 4.000000 -8.302373
vt 5.449949 -8.471649
vt 4.000000 -8.627956
vt 5.412485 -8.711476
vt 4.000000 -8.953539
vt 5.400000 -8.953539
vt 5.400000 8.953539
vt 4.000000 8.953539
vt 5.412487 8.711463
vt 4.000000 8.627956
vt 5.449949 8.471651
vt 4.000000 8.302373
vt 5.512027 8.236223
vt 4.000000 7.976789
vt 5.597919 8.008288
vt 5.707351 7.788534
vt 4.000000 7.651206
vt 5.838196 7.581257
vt 4.000000 7.325623
vt 5.990527 7.386151
vt 6.161550 7.206973
vt 4.000000 7.000040
vt 6.351525 7.043580
vt 6.556811 6.899159
vt 4.000000 6.672797
vt 6.774896 6.774969
vt 7.005039 6.671551
vt 7.033457 6.660553
vt 7.245167 6.560410
vt 4.000000 6.350366
vt 7.438210 6.428729
vt 7.526589 6.351682
vt 7.608513 6.267915
vt 7.683412 6.178005
vt 4.000000 6.023290
vt 7.751020 6.082249
vt 7.810680 5.981662
vt 7.861977 5.877281
vt 4.000000 5.697707
vt 7.905021 5.769367
vt 7.939920 5.658151
vt 7.966775 5.543884
vt 4.000000 5.372123
vt 7.985522 5.427997
vt 8.000000 5.193674
vt 4.000000 5.046540
vt 8.000000 4.906912
vt 4.000000 4.720957
vt 7.500000 4.636854
vt 6.500000 4.636854
vt 7.438765 4.624654
vt 6.561235 4.624654
vt 7.386863 4.589936
vt 6.613137 4.589936
vt 7.352182 4.538009
vt 6.647818 4.538009
vt 7.340000 4.476770
vt 6.660000 4.476770
vt 7.352182 4.415530
vt 6.647818 4.415530
vt 6.613137 4.363603
vt 0.000000 -6.186082
vt 0.000000 -6.511665
vt 0.000000 -6.837248
vt 0.000000 -7.162831
vt 0.000000 -7.488414
vt 0.000000 -7.813998
vt 0.000000 -8.139581
vt 0.000000 -8.465164
vt 0.000000 -8.790747
vt 0.000000 9.116331
vt -0.000000 8.790747
vt -0.000000 8.465164
vt -0.000000 8.139581
vt -0.000000 7.813998
vt -0.000000 7.488414
vt -0.000000 7.162831
vt -0.000000 6.837248
vt -0.000000 6.511665
vt -0.000000 6.186082
vt -0.000000 5.860498
vt -0.000000 5.534915
vt -0.000000 5.209332
vt -0.000000 4.883749
vt -0.000000 4.558165
vt 6.352182 4.538009
vt 6.340000 4.476770
vt 8.000000 4.620150
vt 7.561235 4.624654
vt 7.613137 4.589936
vt 7.647818 4.538009
vt 7.660000 4.476770
vt 8.000000 4.333389
vt 7.647818 4.415530
vt 7.613137 4.363603
vt 7.561235 4.328885
vt 7.500000 4.316685
vt 8.000000 4.046627
vt 7.438765 4.328885
vt 6.561235 4.328885
vt 6.500000 4.316685
vt 6.438765 4.328885
vt 7.386863 4.363603
vt 6.386863 4.589936
vt 6.438765 4.624654
vt 7.245162 -2.393126
vt 7.033451 -2.292983
vt 7.005041 -2.281989
vt 6.774904 -2.178572
vt 6.556797 -2.054371
vt 6.351508 -1.909946
vt 6.161552 -1.746567
vt 5.990525 -1.567386
vt 5.838197 -1.372284
vt 5.707343 -1.164993
vt 5.597920 -0.945253
vt 5.512033 -0.717334
vt 5.449949 -0.481890
vt 5.412485 -0.242063
vt 5.400000 -0.000001
vt 5.412487 0.242076
vt 5.449949 0.481888
vt 5.512027 0.717316
vt 5.597919 0.945251
vt 5.707351 1.165006
vt 5.838196 1.372282
vt 5.990527 1.567388
vt 6.161550 1.746566
vt 6.351525 1.909959
vt 6.556811 2.054380
vt 6.774896 2.178570
vt 7.005039 2.281988
vt 7.033457 2.292986
vt 7.245167 2.393129
vt 7.438215 2.524814
vt 7.526596 2.601864
vt 7.608518 2.685629
vt 7.683418 2.775541
vt 7.751030 2.871305
vt 7.810680 2.971876
vt 7.861974 3.076251
vt 7.905019 3.184169
vt 7.939923 3.295399
vt 7.966780 3.409680
vt 7.985524 3.525553
vt 8.000000 3.759865
vt 7.861973 -5.877290
vt 7.099989 -5.830519
vt 7.012327 -5.822319
vt 7.905019 -5.769372
vt 7.272197 -5.797980
vt 7.187630 -5.822331
vt 7.939923 -5.658142
vt 7.418188 -5.705313
vt 7.349749 -5.758639
vt 7.966780 -5.543861
vt 7.515741 -5.566626
vt 7.473877 -5.640919
vt 7.541272 -5.486749
vt 7.985524 -5.427987
vt 7.550000 -5.403020
vt 7.541360 -5.319675
vt 8.000000 -5.193674
vt 7.515761 -5.239447
vt 7.473894 -5.165139
vt 7.418219 -5.100756
vt 7.349806 -5.047451
vt 8.000000 -4.906912
vt 7.272238 -5.008073
vt 7.187700 -4.983722
vt 7.100033 -4.975520
vt 7.012381 -4.983702
vt 6.927824 -5.008051
vt 6.850252 -5.047403
vt 6.781827 -5.100711
vt 6.726123 -5.165125
vt 6.684267 -5.239397
vt 6.658698 -5.319408
vt 6.650000 -5.402999
vt 6.658655 -5.486475
vt 6.684249 -5.566604
vt 6.726095 -5.640892
vt 6.781796 -5.705298
vt 6.850222 -5.758609
vt 6.927783 -5.797973
vt 8.000000 -4.620151
vt 7.500000 -4.636854
vt 8.000000 -4.333389
vt 7.660000 -4.476770
vt 7.647818 -4.538009
vt 7.613137 -4.589936
vt 8.000000 -4.046627
vt 7.500000 -4.316685
vt 7.561235 -4.328885
vt 7.613137 -4.363603
vt 8.000000 -3.759865
vt 7.418188 -3.852813
vt 7.349749 -3.906139
vt 7.272197 -3.945480
vt 7.985522 -3.525541
vt 7.541272 -3.634249
vt 7.515741 -3.714126
vt 7.473877 -3.788419
vt 7.966775 -3.409654
vt 7.541360 -3.467175
vt 7.550000 -3.550520
vt 7.515761 -3.386947
vt 7.939920 -3.295387
vt 7.473894 -3.312639
vt 7.418219 -3.248256
vt 7.905020 -3.184170
vt 7.349806 -3.194951
vt 7.272238 -3.155573
vt 7.187700 -3.131222
vt 7.861976 -3.076256
vt 7.100033 -3.123020
vt 7.012381 -3.131202
vt 6.927824 -3.155551
vt 6.850252 -3.194903
vt 6.781827 -3.248211
vt 6.726123 -3.312625
vt 6.684267 -3.386897
vt 6.658698 -3.466908
vt 6.650000 -3.550499
vt 6.658655 -3.633975
vt 6.684249 -3.714104
vt 6.726095 -3.788392
vt 6.781796 -3.852798
vt 6.850222 -3.906109
vt 6.927783 -3.945473
vt 7.012327 -3.969819
vt 7.099989 -3.978019
vt 7.187630 -3.969831
vt 7.810679 -2.971875
vt 7.751019 -2.871287
vt 7.683410 -2.775531
vt 7.608510 -2.685621
vt 7.526586 -2.601854
vt 7.438206 -2.524807
vt 7.352182 -4.415530
vt 6.647818 -4.415530
vt 7.340000 -4.476770
vt 6.660000 -4.476770
vt 7.352182 -4.538009
vt 6.647818 -4.538009
vt 7.386863 -4.589936
vt 6.613137 -4.589936
vt 7.438765 -4.624654
vt 6.561235 -4.624654
vt 6.500000 -4.636854
vt 6.438765 -4.624654
vt 6.386863 -4.589936
vt 7.386863 -4.363603
vt 6.613137 -4.363603
vt 6.561235 -4.328885
vt 7.438765 -4.328885
vt 6.500000 -4.316685
vt 7.647818 -4.415530
vt 7.561235 -4.624654
vt 6.352182 -4.538009
vt 6.340000 -4.476770
vt 6.352182 -4.415530
vt 6.386863 -4.363603
vt 6.438765 -4.328885
vt -0.000000 -0.330694
vt -4.000000 0.000000
vt -0.000000 0.330694
vt -4.000000 0.336599
vt -0.000000 0.661388
vt -4.000000 0.673198
vt -0.000000 0.992082
vt -4.000000 1.009798
vt -0.000000 1.322776
vt -4.000000 1.346397
vt -0.000000 1.653470
vt -4.000000 1.682996
vt -0.000000 1.984164
vt -4.000000 2.019595
vt -0.000000 2.314858
vt -4.000000 2.356194
vt -0.000000 2.645552
vt -4.000000 2.692794
vt -0.000000 2.976246
vt -4.000000 3.029393
vt -0.000000 3.306940
vt -4.000000 3.365992
vt -0.000000 3.637634
vt -4.000000 3.702591
vt -0.000000 3.968328
vt -4.000000 4.039191
vt -0.000000 4.299022
vt -4.000000 4.375790
vt -0.000000 4.629715
vt -4.000000 4.712389
vt -0.000000 4.960409
vt -4.000000 5.048988
vt 0.000000 5.291103
vt -4.000000 5.385587
vt 0.000000 5.621797
vt -4.000000 5.722187
vt 0.000000 5.952491
vt -4.000000 6.058786
vt 0.000000 6.283185
vt -4.000000 6.395385
vt 0.000000 6.613879
vt -4.000000 6.731984
vt 0.000000 6.944573
vt -4.000000 7.068583
vt 0.000000 7.275267
vt -4.000000 7.405183
vt 0.000000 7.605961
vt -4.000000 7.741782
vt 0.000000 7.936655
vt -4.000000 8.078381
vt 0.000000 8.267349
vt -4.000000 8.414980
vt -0.000000 8.598043
vt -4.000000 8.751580
vt -0.000000 8.928737
vt -4.000000 9.088179
vt 0.000000 9.259431
vt -4.000000 9.424778
vt -4.000000 -9.424778
vt 0.000000 -9.590125
vt -0.000000 -9.259431
vt -4.000000 -9.088179
vt -0.000000 -8.928737
vt -4.000000 -8.751580
vt -0.000000 -8.598043
vt -4.000000 -8.414980
vt -0.000000 -8.267349
vt -4.000000 -8.078381
vt -0.000000 -7.936655
vt -4.000000 -7.741782
vt -0.000000 -7.605961
vt -4.000000 -7.405183
vt -0.000000 -7.275267
vt -4.000000 -7.068583
vt -0.000000 -6.944573
vt -4.000000 -6.731984
vt -0.000000 -6.613879
vt -4.000000 -6.395385
vt -0.000000 -6.283185
vt -4.000000 -6.060399
vt -0.000000 -5.952491
vt -4.000000 -5.722187
vt -0.000000 -5.621797
vt -4.000000 -5.385587
vt -0.000000 -5.291103
vt -4.000000 -5.048988
vt -0.000000 -4.960409
vt -4.000000 -4.712389
vt -0.000000 -4.629715
vt -4.000000 -4.375790
vt -0.000000 -4.299022
vt -4.000000 -4.039191
vt -0.000000 -3.968328
vt -4.000000 -3.702591
vt -0.000000 -3.637634
vt -4.000000 -3.364375
vt -0.000000 -3.306940
vt -4.000000 -3.029393
vt -0.000000 -2.976246
vt -4.000000 -2.692794
vt -0.000000 -2.645552
vt -4.000000 -2.356194
vt -0.000000 -2.314858
vt -4.000000 -2.019595
vt -0.000000 -1.984164
vt -4.000000 -1.682996
vt -0.000000 -1.653470
vt -4.000000 -1.346397
vt -0.000000 -1.322776
vt -4.000000 -1.009798
vt -0.000000 -0.992082
vt -4.000000 -0.673198
vt -0.000000 -0.661388
vt -4.000000 -0.336599
vt -7.647819 -4.651150
vt -8.000000 -4.544459
vt -7.660000 -4.712389
vt -8.000000 -4.880319
vt -7.647819 -4.773628
vt -7.613137 -4.825553
vt -7.561235 -4.860267
vt -7.500000 -4.872465
vt -6.500000 -4.872465
vt -6.438765 -4.860267
vt -6.386863 -4.825553
vt -6.352181 -4.773628
vt -6.340000 -4.712389
vt -6.352181 -4.651150
vt -6.386863 -4.599225
vt -6.438765 -4.564511
vt -6.500000 -4.552313
vt -8.000000 -4.208599
vt -7.099989 -4.187389
vt -7.187746 -4.178747
vt -7.613137 -4.599225
vt -7.561235 -4.564511
vt -7.500000 -4.552313
vt -7.438765 -4.564511
vt -6.561235 -4.564511
vt -6.613137 -4.599225
vt -7.386863 -4.599225
vt -6.647819 -4.651150
vt -7.352181 -4.651150
vt -6.660000 -4.712389
vt -7.340000 -4.712389
vt -6.647819 -4.773628
vt -7.352181 -4.773628
vt -6.613137 -4.825553
vt -7.386863 -4.825553
vt -6.561235 -4.860267
vt -7.438765 -4.860267
vt -6.658665 -3.649547
vt -6.650000 -3.737367
vt -6.658638 -3.825150
vt -6.684251 -3.909582
vt -6.725842 -3.987403
vt -6.781796 -4.055577
vt -6.850004 -4.111549
vt -6.927783 -4.153130
vt -7.012194 -4.178730
vt -7.272197 -4.153137
vt -7.350013 -4.111549
vt -7.418188 -4.055593
vt -7.474164 -3.987379
vt -8.000000 -3.872739
vt -7.515742 -3.909606
vt -7.541339 -3.825189
vt -7.550000 -3.737389
vt -7.985486 -3.641460
vt -7.541358 -3.649658
vt -7.515757 -3.565209
vt -7.940100 -3.414375
vt -7.474164 -3.487392
vt -7.418220 -3.419215
vt -7.350026 -3.363253
vt -7.272238 -3.321656
vt -7.187842 -3.296051
vt -7.862970 -3.198115
vt -7.100033 -3.287390
vt -7.012255 -3.296028
vt -6.927824 -3.321633
vt -6.850001 -3.363223
vt -6.781827 -3.419170
vt -6.725855 -3.487374
vt -6.684266 -3.565155
vt -6.658665 -5.599547
vt -6.650000 -5.687367
vt -6.658638 -5.775150
vt -6.684251 -5.859582
vt -6.725842 -5.937403
vt -6.781796 -6.005577
vt -6.850004 -6.061549
vt -6.927783 -6.103130
vt -7.012194 -6.128730
vt -7.099989 -6.137389
vt -7.862974 -6.226654
vt -7.187746 -6.128747
vt -7.272197 -6.103137
vt -7.940098 -6.010411
vt -7.350013 -6.061549
vt -7.418188 -6.005593
vt -7.474164 -5.937379
vt -7.515742 -5.859606
vt -7.985484 -5.783330
vt -7.541339 -5.775189
vt -7.550000 -5.687389
vt -8.000000 -5.552039
vt -7.541358 -5.599658
vt -7.515757 -5.515209
vt -7.474164 -5.437392
vt -7.418220 -5.369215
vt -8.000000 -5.216179
vt -7.350026 -5.313253
vt -7.272238 -5.271656
vt -7.187842 -5.246051
vt -7.100033 -5.237390
vt -7.012255 -5.246028
vt -6.927824 -5.271633
vt -6.850001 -5.313223
vt -6.781827 -5.369170
vt -6.725855 -5.437374
vt -6.684266 -5.515155
vt -5.407243 0.194310
vt -5.400000 0.000000
vt -5.407246 -0.194330
vt -5.428983 -0.387236
vt -5.465189 -0.578591
vt -5.515488 -0.766380
vt -5.579745 -0.949938
vt -5.597923 -0.995001
vt -5.657608 -1.128397
vt -5.748332 -1.300032
vt -5.851854 -1.464743
vt -5.967009 -1.620816
vt -6.093367 -1.767707
vt -6.230701 -1.905124
vt -6.377784 -2.031726
vt -6.534407 -2.147381
vt -6.699491 -2.251227
vt -6.871035 -2.342058
vt -7.048871 -2.419787
vt -7.256820 -2.520706
vt -7.446346 -2.652194
vt -7.613550 -2.811889
vt -7.687146 -2.900941
vt -7.753630 -2.995652
vt -7.812366 -3.095028
vt -7.812366 -6.329748
vt -7.753620 -6.429141
vt -7.687140 -6.523845
vt -7.613545 -6.612895
vt -7.446341 -6.772588
vt -7.256820 -6.904072
vt -7.048871 -7.004991
vt -7.005041 -7.022684
vt -6.774123 -7.132016
vt -6.555542 -7.263126
vt -6.350837 -7.414844
vt -6.161545 -7.586278
vt -5.990170 -7.775328
vt -5.838197 -7.980269
vt -5.706992 -8.199123
vt -5.597923 -8.429777
vt -5.511933 -8.670021
vt -5.449961 -8.917528
vt -5.412491 -9.169925
vt -5.400000 -9.424768
vt -5.400000 -9.424778
vt -5.400000 9.424778
vt -5.412491 9.169928
vt -5.449961 8.917530
vt -5.511932 8.670023
vt -5.597922 8.429779
vt -5.706991 8.199125
vt -5.838196 7.980271
vt -5.990169 7.775330
vt -6.161543 7.586279
vt -6.350835 7.414845
vt -6.555538 7.263128
vt -6.774118 7.132018
vt -7.005039 7.022685
vt -7.048881 7.004987
vt -7.256828 6.904067
vt -7.446352 6.772579
vt -7.613554 6.612884
vt -7.687150 6.523832
vt -7.753633 6.429121
vt -7.812368 6.329745
vt -7.862971 6.226659
vt -7.940100 6.010400
vt -7.985486 5.783317
vt -8.000000 5.552039
vt -8.000000 5.216179
vt -6.500000 4.872465
vt -6.438765 4.860267
vt -6.386863 4.825553
vt -8.000000 4.880319
vt -7.500000 4.872465
vt -6.561235 4.860267
vt -7.438765 4.860267
vt -6.613137 4.825553
vt -7.386863 4.825553
vt -6.647819 4.773628
vt -7.352181 4.773628
vt -6.660000 4.712389
vt -7.340000 4.712389
vt -6.647819 4.651150
vt -7.352181 4.651150
vt -6.613137 4.599225
vt -7.386863 4.599225
vt -6.561235 4.564511
vt -7.438765 4.564511
vt -6.500000 4.552313
vt -7.500000 4.552313
vt -8.000000 4.544459
vt -8.000000 4.208599
vt -7.660000 4.712389
vt -7.647819 4.773628
vt -7.613137 4.825553
vt -8.000000 3.872739
vt -7.985484 3.641449
vt -7.940098 3.414370
vt -7.862975 3.198127
vt -7.812368 3.095034
vt -7.753623 2.995642
vt -7.687143 2.900938
vt -7.613550 2.811888
vt -7.446347 2.652195
vt -7.256828 2.520711
vt -7.048881 2.419791
vt -7.005039 2.402093
vt -6.849994 2.331807
vt -6.700226 2.251653
vt -6.535496 2.148124
vt -6.378458 2.032264
vt -6.230983 1.905386
vt -6.093620 1.767980
vt -5.967494 1.621424
vt -5.852506 1.465698
vt -5.748731 1.300721
vt -5.657766 1.128724
vt -5.597922 0.994999
vt -5.579753 0.949957
vt -5.515475 0.766337
vt -5.465162 0.578470
vt -5.428967 0.387134
vt -7.561235 4.860267
vt -7.561235 4.564511
vt -7.613137 4.599225
vt -7.647819 4.651150
vt -6.352181 4.773628
vt -6.340000 4.712389
vt -6.352181 4.651150
vt -6.386863 4.599225
vt -6.438765 4.564511
vt -0.709368 2.760307
vt -0.428512 2.817601
vt -0.749194 2.801256
vt -0.788981 2.842241
vt -0.828730 2.883263
vt -0.501425 2.957799
vt -0.143320 2.846394
vt -0.167842 2.995301
vt 0.143320 2.846394
vt 0.167842 2.995301
vt 0.501425 2.957799
vt 0.428512 2.817601
vt 0.828730 2.883263
vt 0.788981 2.842241
vt 0.749194 2.801256
vt 0.709368 2.760307
vt -2.981792 0.330025
vt -3.000000 0.000000
vt -2.850000 0.000000
vt -2.981792 -0.330025
vt -2.831423 -0.324876
vt -2.927389 -0.656043
vt -2.775934 -0.645516
vt -2.837452 -0.974098
vt -2.684256 -0.957741
vt -2.713071 -1.280329
vt -2.557586 -1.257480
vt -2.555758 -1.571019
vt -2.397573 -1.540826
vt -2.367422 -1.842638
vt -2.206304 -1.804085
vt -2.150348 -2.091890
vt -1.986272 -2.043826
vt -1.907171 -2.315750
vt -1.740346 -2.256921
vt -1.640844 -2.511499
vt -1.471733 -2.440595
vt -1.354600 -2.676763
vt -1.183933 -2.592451
vt -1.051913 -2.809534
vt -0.880698 -2.710511
vt -0.736456 -2.908201
vt -0.565983 -2.793235
vt -0.412061 -2.971566
vt -0.243889 -2.839545
vt -0.082663 -2.998861
vt 0.081385 -2.848838
vt 0.247738 -2.989753
vt 0.405597 -2.820991
vt 0.575132 -2.944354
vt 0.724522 -2.756369
vt 0.895544 -2.863215
vt 1.034002 -2.655812
vt 1.205086 -2.747320
vt 1.330002 -2.520634
vt 1.500000 -2.598076
vt 1.608663 -2.352595
vt 1.776706 -2.417295
vt 1.866353 -2.153886
vt 2.031845 -2.207172
vt 2.099712 -1.927098
vt 2.262320 -1.970256
vt 2.305698 -1.675188
vt 2.465333 -1.709424
vt 2.481626 -1.401439
vt 2.638421 -1.427842
vt 2.625202 -1.109420
vt 2.779482 -1.128928
vt 2.734555 -0.802938
vt 2.886804 -0.816310
vt 2.808258 -0.485988
vt 2.959084 -0.493784
vt 2.845352 -0.162703
vt 2.995445 -0.165263
vt 2.845352 0.162703
vt 2.995445 0.165263
vt 2.959084 0.493784
vt 2.808258 0.485988
vt 2.886804 0.816310
vt 2.734555 0.802938
vt 2.779482 1.128928
vt 2.625202 1.109420
vt 2.638421 1.427842
vt 2.481626 1.401439
vt 2.465333 1.709424
vt 2.305698 1.675188
vt 2.262320 1.970256
vt 2.099712 1.927098
vt 2.031845 2.207172
vt 1.866353 2.153886
vt 1.776706 2.417295
vt 1.608663 2.352595
vt 1.500000 2.598076
vt 1.330002 2.520634
vt 1.205086 2.747320
vt 1.034002 2.655812
vt 0.895544 2.863215
vt 0.724522 2.756369
vt 0.575132 2.944354
vt 0.405597 2.820991
vt 0.247738 2.989753
vt 0.081385 2.848838
vt -0.082663 2.998861
vt -0.243889 2.839545
vt -0.412061 2.971566
vt -0.565983 2.793235
vt -0.736456 2.908201
vt -0.880698 2.710511
vt -1.051913 2.809534
vt -1.183933 2.592451
vt -1.354600 2.676763
vt -1.471733 2.440595
vt -1.640844 2.511499
vt -1.740346 2.256921
vt -1.907171 2.315750
vt -1.986272 2.043826
vt -2.150348 2.091890
vt -2.206304 1.804085
vt -2.367422 1.842638
vt -2.397573 1.540826
vt -2.555758 1.571019
vt -2.557586 1.257480
vt -2.713071 1.280329
vt -2.684256 0.957741
vt -2.837452 0.974098
vt -2.775934 0.645516
vt -2.927389 0.656043
vt -2.831423 0.324876
vt 0.709368 -2.760307
vt 0.428512 -2.817601
vt 0.749194 -2.801256
vt 0.788981 -2.842241
vt 0.828730 -2.883263
vt 0.501425 -2.957799
vt 0.143321 -2.846394
vt 0.167842 -2.995301
vt -0.143321 -2.846394
vt -0.167842 -2.995301
vt -0.501425 -2.957799
vt -0.428512 -2.817601
vt -0.828730 -2.883263
vt -0.788981 -2.842241
vt -0.749194 -2.801256
vt -0.709368 -2.760307
vt -0.050009 0.957854
vt -0.000001 0.952534
vt -0.075078 0.998670
vt -0.000000 0.998670
vt -0.075078 1.165114
vt -0.000000 1.248337
vt -0.075078 1.331559
vt -0.000000 1.498004
vt -0.075078 1.497253
vt -0.075078 1.664449
vt -0.150137 1.496502
vt -0.150061 1.746807
vt -0.075078 1.830894
vt -0.149992 1.997339
vt -0.075078 1.997339
vt -0.150005 2.246455
vt -0.075078 2.246730
vt -0.150000 2.496674
vt -0.075078 2.496674
vt -0.150001 2.745598
vt -0.075078 2.745969
vt -0.150006 2.996009
vt -0.075078 2.996009
vt -0.149997 3.245354
vt -0.075078 3.245515
vt -0.150005 3.495343
vt -0.075078 3.495343
vt -0.075078 3.745026
vt -0.000000 3.745010
vt -0.000000 3.994677
vt -0.000000 1.747672
vt -0.000000 1.997339
vt -0.000000 2.247006
vt -0.000000 2.496674
vt -0.000000 2.746341
vt -0.000000 2.996009
vt -0.000000 3.245676
vt -0.000000 3.495343
vt -0.075078 3.994677
vt -0.000000 3.994687
vt -0.075078 4.244322
vt 0.000000 4.244347
vt -0.075078 4.494013
vt -0.000000 4.494013
vt -0.000000 4.743680
vt -0.075078 4.743850
vt -0.000000 4.993348
vt -0.075078 4.993348
vt -0.000000 5.243015
vt -0.075078 5.243379
vt -0.000000 5.492682
vt -0.075078 5.492682
vt -0.000000 5.742350
vt -0.075078 5.742623
vt -0.000000 5.992017
vt -0.075078 5.992017
vt -0.000000 6.241684
vt -0.075078 6.242105
vt -0.000000 6.491352
vt -0.075078 6.492093
vt -0.000000 6.741019
vt -0.075078 6.741465
vt -0.000000 6.990687
vt -0.075078 6.990687
vt -0.050009 7.031490
vt -0.100009 7.026091
vt -0.000001 7.036809
vt -0.150001 7.020612
vt -0.149999 6.990687
vt -0.150049 6.741909
vt -0.150137 6.492833
vt -0.150061 6.242526
vt -0.149992 5.992017
vt -0.150005 5.742896
vt -0.150000 5.492682
vt -0.150001 5.243742
vt -0.150006 4.993348
vt -0.149997 4.744019
vt -0.150006 4.494013
vt -0.149995 4.244298
vt -0.150000 3.994678
vt -0.149995 3.745042
vt -0.150049 1.247451
vt -0.149999 0.998670
vt -0.150001 0.968735
vt -0.100009 0.963255
vt 0.150001 0.968735
vt 0.149999 0.998669
vt 0.100009 0.963255
vt 0.075078 0.998669
vt 0.050009 0.957854
vt 0.000004 0.998669
vt 0.000001 0.952533
vt 0.075078 1.165002
vt 0.150049 1.247451
vt 0.075078 1.331324
vt 0.150137 1.496502
vt 0.075078 1.497254
vt 0.075078 1.664449
vt 0.000146 1.521692
vt 0.000096 1.712896
vt 0.075078 1.830894
vt 0.000018 1.903235
vt 0.075078 1.997339
vt 0.000003 2.092954
vt 0.075078 2.246730
vt 0.000005 2.282321
vt 0.075078 2.496674
vt 0.000001 2.471731
vt 0.000001 2.662211
vt 0.075078 2.745969
vt 0.000001 2.852824
vt 0.075078 2.996008
vt 0.000001 2.996008
vt 0.000000 3.043401
vt 0.075078 3.245515
vt 0.000000 3.233811
vt 0.000000 3.424248
vt 0.075078 3.495343
vt 0.000000 3.614462
vt 0.075078 3.745026
vt 0.000000 3.804536
vt 0.075078 3.994677
vt 0.000000 4.184837
vt 0.075078 4.244322
vt 0.000000 4.374993
vt 0.075078 4.494013
vt 0.000000 4.565228
vt 0.075078 4.743850
vt 0.000000 4.755587
vt 0.000000 4.945932
vt 0.075078 4.993347
vt 0.000001 4.993347
vt 0.000001 5.136174
vt 0.075078 5.243379
vt 0.000001 5.326363
vt 0.075078 5.492682
vt 0.000001 5.516494
vt 0.000005 5.706270
vt 0.075078 5.742623
vt 0.000003 5.896036
vt 0.075078 5.992017
vt 0.000018 6.085743
vt 0.075078 6.242105
vt 0.000095 6.275612
vt 0.000146 6.466368
vt 0.075078 6.492092
vt 0.000118 6.657429
vt 0.075078 6.741464
vt 0.000037 6.847334
vt 0.075078 6.990686
vt 0.050009 7.031490
vt 0.100009 7.026091
vt 0.149999 6.990686
vt 0.150001 7.020612
vt 0.150061 1.746806
vt 0.149992 1.997339
vt 0.150005 2.246455
vt 0.150000 2.496674
vt 0.150001 2.745598
vt 0.150006 2.996008
vt 0.149997 3.245354
vt 0.150005 3.495343
vt 0.149995 3.745042
vt 0.150000 3.994678
vt 0.149995 4.244298
vt 0.150006 4.494013
vt 0.149997 4.744019
vt 0.150006 4.993347
vt 0.150001 5.243741
vt 0.150000 5.492682
vt 0.150005 5.742896
vt 0.149992 5.992017
vt 0.150061 6.242525
vt 0.150137 6.492833
vt 0.150049 6.741909
vt 0.000001 7.036809
vt 0.000118 1.331090
vt 0.000049 1.164890
vt 4.543160 0.000000
vt 4.433930 0.222627
vt 4.485203 0.000000
vt 4.427245 0.000000
vt 4.369288 0.000000
vt 4.267406 0.225073
vt 4.292591 0.235258
vt 4.292591 0.352887
vt 4.386639 0.335413
vt 4.344456 0.449178
vt 4.292591 0.470516
vt 4.307694 0.563029
vt 4.184019 0.452777
vt 4.292591 0.588145
vt 4.120258 0.681135
vt 4.276082 0.677289
vt 4.249328 0.792391
vt 4.095259 0.796178
vt 4.227143 0.908834
vt 4.074502 0.912438
vt 4.209325 1.026303
vt 4.057803 1.029604
vt 4.195523 1.144364
vt 4.044831 1.147325
vt 4.185220 1.263499
vt 4.028188 1.385996
vt 4.177901 1.383855
vt 4.170212 1.628422
vt 4.168517 1.882057
vt 4.118780 1.882059
vt 4.020859 1.629610
vt 4.069013 1.882061
vt 4.019215 1.882062
vt 4.427245 1.882062
vt 4.369288 1.882062
vt 4.433926 1.659425
vt 4.267411 1.657001
vt 4.292591 1.646805
vt 4.184021 1.429293
vt 4.386629 1.546626
vt 4.344453 1.432874
vt 4.292591 1.411547
vt 4.307696 1.319036
vt 4.120256 1.200918
vt 4.276084 1.204781
vt 4.095260 1.085883
vt 4.249328 1.089672
vt 4.074505 0.969643
vt 4.227140 0.973210
vt 4.057804 0.852469
vt 4.209323 0.855749
vt 4.044832 0.734745
vt 4.195522 0.737691
vt 4.185219 0.618554
vt 4.028188 0.496073
vt 4.177900 0.498202
vt 4.020860 0.252453
vt 4.170212 0.253640
vt 4.019215 0.000000
vt 4.168517 0.000006
vt 4.118780 0.000003
vt 4.069013 0.000001
vt 4.543160 1.882062
vt 4.485203 1.882062
vt 4.019238 1.882060
vt 4.020882 1.629608
vt 4.069035 1.882058
vt 4.118803 1.882056
vt 4.170235 1.628419
vt 4.168540 1.882054
vt 4.028210 1.385994
vt 4.177924 1.383852
vt 4.185243 1.263497
vt 4.044854 1.147323
vt 4.195546 1.144362
vt 4.057826 1.029602
vt 4.209348 1.026301
vt 4.074525 0.912436
vt 4.227166 0.908831
vt 4.095282 0.796176
vt 4.249351 0.792389
vt 4.120281 0.681132
vt 4.276105 0.677287
vt 4.292106 0.588144
vt 4.307717 0.563027
vt 4.184042 0.452775
vt 4.292106 0.470515
vt 4.292106 0.352886
vt 4.344479 0.449176
vt 4.386662 0.335411
vt 4.292106 0.235257
vt 4.433954 0.222626
vt 4.267429 0.225072
vt 4.369311 0.000000
vt 4.427268 0.000000
vt 4.485226 0.000000
vt 4.543183 0.000000
vt 4.118803 0.000003
vt 4.168540 0.000006
vt 4.019238 0.000000
vt 4.170235 0.253640
vt 4.020882 0.252452
vt 4.177923 0.498201
vt 4.028211 0.496072
vt 4.185242 0.618554
vt 4.044855 0.734744
vt 4.195545 0.737691
vt 4.209346 0.855749
vt 4.057827 0.852468
vt 4.227163 0.973210
vt 4.074528 0.969643
vt 4.249351 1.089672
vt 4.095283 1.085882
vt 4.276107 1.204781
vt 4.120279 1.200918
vt 4.307719 1.319036
vt 4.184044 1.429293
vt 4.292106 1.411545
vt 4.344476 1.432873
vt 4.386653 1.546625
vt 4.292106 1.646802
vt 4.267434 1.656999
vt 4.433949 1.659424
vt 4.369311 1.882060
vt 4.427268 1.882060
vt 4.485226 1.882060
vt 4.543183 1.882060
vt 4.069035 0.000001
vt -0.149991 1.507038
vt -0.150000 1.418225
vt -0.100000 1.506980
vt -0.000000 1.418225
vt -0.000000 1.506864
vt -0.000000 1.595503
vt -0.100000 1.595503
vt -0.150001 1.595503
vt -0.149995 1.684625
vt -0.100000 1.701869
vt -0.149999 1.772781
vt -0.100000 1.772781
vt -0.100000 1.861622
vt -0.000000 1.861420
vt -0.000000 1.950059
vt -0.000000 1.684142
vt -0.000000 1.772781
vt -0.100000 1.950059
vt -0.000000 2.038698
vt -0.100000 2.038784
vt -0.000000 2.127337
vt -0.100000 2.127337
vt -0.100000 2.198248
vt -0.150000 2.127337
vt -0.150011 2.215831
vt -0.100000 2.269159
vt -0.150000 2.304615
vt -0.100000 2.304615
vt -0.150004 2.392988
vt -0.100000 2.393077
vt -0.149998 2.481893
vt -0.100000 2.481893
vt -0.149995 2.570045
vt -0.100000 2.570207
vt -0.150002 2.659171
vt -0.100000 2.659171
vt -0.150000 2.747810
vt -0.100000 2.747810
vt -0.150000 2.836449
vt -0.000000 2.747810
vt -0.000000 2.836449
vt -0.000000 2.215976
vt -0.000000 2.304615
vt -0.000000 2.393254
vt -0.000000 2.481893
vt -0.000000 2.570532
vt -0.000000 2.659171
vt -0.150011 2.038827
vt -0.150000 1.950059
vt -0.150004 1.861723
vt -0.212132 -0.086856
vt 0.000000 -0.064198
vt -0.212132 0.000000
vt -0.000000 0.064198
vt -0.000000 -0.128396
vt -0.212132 -0.173712
vt 0.000000 -0.192593
vt -0.212132 -0.260567
vt -0.000000 -0.256791
vt -0.000000 -0.320989
vt -0.212132 -0.347423
vt -0.000000 -0.385187
vt -0.212132 -0.434279
vt 0.000000 -0.449384
vt -0.212132 -0.521135
vt 0.000000 -0.513582
vt -0.000000 -0.577780
vt -0.212132 -0.607991
vt 0.000000 -0.641978
vt -0.212132 -0.694846
vt -0.000000 -0.706175
vt -0.000000 0.770373
vt -0.212132 0.781702
vt -0.212132 0.694846
vt -0.000000 0.706175
vt -0.000000 0.641978
vt -0.212132 0.607991
vt -0.000000 0.577780
vt -0.212132 0.521135
vt 0.000000 0.513582
vt 0.000000 0.449384
vt -0.212132 0.434279
vt -0.000000 0.385187
vt -0.212132 0.347423
vt 0.000000 0.320989
vt -0.212132 0.260567
vt 0.000000 0.256791
vt 0.000000 0.192593
vt -0.212132 0.173712
vt -0.000000 0.128396
vt -0.212132 0.086856
vt 0.000000 -0.096664
vt 0.378124 -0.076053
vt 0.354163 0.000000
vt 0.328080 0.075257
vt 0.399906 -0.155187
vt 0.000000 -0.193329
vt 0.418109 -0.235137
vt 0.000000 -0.289993
vt 0.432286 -0.313585
vt 0.000000 -0.386658
vt 0.442894 -0.392456
vt 0.450407 -0.474107
vt 0.000000 -0.483322
vt 0.454617 -0.555920
vt 0.000000 -0.579986
vt 0.455786 -0.635300
vt 0.000000 -0.676651
vt 0.454094 -0.715308
vt 0.000000 -0.773315
vt 0.449304 -0.797263
vt 0.000000 -0.869980
vt 0.441206 -0.878632
vt 0.430049 -0.956902
vt 0.000000 -0.966644
vt 0.415131 -1.035818
vt 0.000000 -1.063308
vt 0.396232 -1.115771
vt 0.000000 -1.159973
vt 0.373935 -1.194541
vt -0.000000 -1.256637
vt 0.349708 -1.269910
vt 0.349708 1.243365
vt -0.000000 1.256637
vt -0.000000 1.159973
vt 0.323136 1.167608
vt 0.294907 1.090297
vt -0.000000 1.063308
vt 0.266946 1.013085
vt -0.000000 0.966644
vt 0.241385 0.937609
vt 0.000000 0.869980
vt 0.218954 0.861105
vt -0.000000 0.773315
vt 0.200826 0.781206
vt 0.189616 0.700411
vt 0.000000 0.676651
vt 0.186271 0.621340
vt 0.000000 0.579986
vt 0.191063 0.541764
vt 0.000000 0.483322
vt 0.203631 0.460961
vt 0.000000 0.386658
vt 0.222750 0.381463
vt 0.000000 0.289993
vt 0.245701 0.305695
vt 0.271850 0.229765
vt 0.000000 0.193329
vt 0.300016 0.152431
vt 0.000000 0.096664
vt 0.328080 -0.075257
vt 0.378124 0.076053
vt 0.300016 -0.152431
vt 0.271850 -0.229765
vt 0.245701 -0.305695
vt 0.222750 -0.381463
vt 0.203631 -0.460961
vt 0.191063 -0.541764
vt 0.186271 -0.621340
vt 0.189616 -0.700411
vt 0.200826 -0.781206
vt 0.218954 -0.861105
vt 0.241385 -0.937609
vt 0.266946 -1.013085
vt 0.294907 -1.090297
vt 0.323136 -1.167608
vt 0.349708 -1.243365
vt 0.373935 -1.318733
vt 0.373935 1.194541
vt 0.396232 1.115771
vt 0.415131 1.035818
vt 0.430049 0.956902
vt 0.441206 0.878632
vt 0.449304 0.797263
vt 0.454094 0.715308
vt 0.455786 0.635300
vt 0.454617 0.555920
vt 0.450407 0.474107
vt 0.442894 0.392456
vt 0.432286 0.313585
vt 0.418109 0.235137
vt 0.399906 0.155187
vt -0.000000 -4.891023
vt -0.000000 -4.652436
vt -0.113257 -4.891023
vt -0.113257 -4.652436
vt -0.000000 -4.413850
vt -0.113257 -4.413850
vt -0.000000 -4.175263
vt -0.113257 -4.175263
vt -0.000000 -3.936677
vt -0.113257 -3.936677
vt -0.000000 -3.698090
vt -0.113257 -3.698090
vt 0.000000 -3.459504
vt -0.113257 -3.459504
vt 0.000000 -3.220917
vt -0.113257 -3.220917
vt 0.000000 -2.982331
vt -0.113257 -2.982331
vt 0.000000 -2.743744
vt -0.113257 -2.743744
vt 0.000000 -2.505158
vt -0.113257 -2.505158
vt 0.000000 -2.266571
vt -0.113257 -2.266571
vt 0.000000 -2.027985
vt -0.113257 -2.027985
vt 0.000000 -1.789399
vt -0.113257 -1.789399
vt 0.000000 -1.550812
vt -0.113257 -1.550812
vt 0.000000 -1.312226
vt -0.113257 -1.312226
vt 0.000000 -1.073639
vt -0.113257 -1.073639
vt 0.000000 -0.835053
vt -0.113257 -0.835053
vt -0.000000 -0.596466
vt -0.113257 -0.596466
vt 0.000000 -0.357880
vt -0.113257 -0.357880
vt 0.000000 -0.119293
vt -0.113257 -0.119293
vt -0.113257 0.119293
vt -0.000000 0.119293
vt -0.000000 0.357880
vt -0.113257 0.357880
vt -0.000000 0.596466
vt -0.113257 0.596466
vt -0.000000 0.835053
vt -0.113257 0.835053
vt -0.000000 1.073639
vt -0.113257 1.073639
vt -0.000000 1.312226
vt -0.113257 1.312226
vt -0.000000 1.550812
vt -0.113257 1.550812
vt -0.000000 1.789399
vt -0.113257 1.789399
vt 0.000000 2.027985
vt -0.113257 2.027985
vt -0.000000 2.266571
vt -0.113257 2.266571
vt -0.000000 2.505158
vt -0.113257 2.505158
vt 0.000000 2.743744
vt -0.113257 2.743744
vt -0.000000 2.982331
vt -0.113257 2.982331
vt -0.000000 3.220917
vt -0.113257 3.220917
vt 0.000000 3.459504
vt -0.113257 3.459504
vt -0.000000 3.698090
vt -0.113257 3.698090
vt -0.000000 3.936677
vt -0.113257 3.936677
vt -0.000000 4.175263
vt -0.113257 4.175263
vt -0.000000 4.413850
vt -0.113257 4.413850
vt -0.000000 4.652436
vt -0.113257 4.652436
vt -0.000000 4.891023
vt -0.113257 4.891023
vt -0.000000 -0.098175
vt 0.056629 -0.090623
vt 0.056629 0.000000
vt 0.056629 0.090623
vt 0.056629 -0.181246
vt -0.000000 -0.196350
vt 0.056629 -0.271869
vt -0.000000 -0.294524
vt 0.056629 -0.362491
vt -0.000000 -0.392699
vt 0.056629 -0.453114
vt -0.000000 -0.490874
vt 0.056629 -0.543737
vt 0.000000 -0.589049
vt 0.056629 -0.634360
vt -0.000000 -0.687223
vt 0.056629 -0.724983
vt 0.000000 -0.785398
vt 0.056629 -0.815606
vt -0.000000 -0.883573
vt 0.056629 -0.906229
vt 0.000000 -0.981748
vt 0.056629 -0.996852
vt 0.000000 -1.079922
vt 0.056629 -1.087474
vt 0.000000 -1.178097
vt 0.056629 -1.178097
vt 0.056629 1.178097
vt 0.000000 1.178097
vt 0.056629 1.087474
vt 0.000000 1.079922
vt 0.056629 0.996852
vt 0.000000 0.981748
vt 0.056629 0.906229
vt 0.000000 0.883573
vt 0.056629 0.815606
vt 0.000000 0.785398
vt 0.056629 0.724983
vt 0.000000 0.687223
vt 0.056629 0.634360
vt 0.000000 0.589049
vt 0.056629 0.543737
vt 0.000000 0.490874
vt 0.056629 0.453114
vt 0.000000 0.392699
vt 0.056629 0.362491
vt 0.000000 0.294524
vt 0.056629 0.271869
vt 0.000000 0.196350
vt 0.056629 0.181246
vt 0.000000 0.098175
vt 0.000437 -0.663310
vt 0.000100 -0.706858
vt 1.319706 -0.706858
vt 1.319706 0.706858
vt 0.000100 0.706858
vt 0.000437 0.663310
vt 1.319706 0.636173
vt 0.001401 0.618483
vt 1.319706 0.565487
vt 0.002868 0.573667
vt 0.004544 0.530144
vt 1.319706 0.494801
vt 0.006221 0.486621
vt 0.007691 0.441804
vt 1.319706 0.424115
vt 0.008658 0.396978
vt 1.319706 0.353429
vt 0.008995 0.353429
vt 0.008658 0.309881
vt 1.319706 0.282743
vt 0.007691 0.265054
vt 1.319706 0.212058
vt 0.006221 0.220238
vt 0.004544 0.176715
vt 1.319706 0.141372
vt 0.002868 0.133192
vt 0.001401 0.088375
vt 1.319706 0.070686
vt 0.000437 0.043549
vt 1.319706 0.000000
vt 0.000100 -0.000000
vt 0.000437 -0.043549
vt 1.319706 -0.070686
vt 0.001401 -0.088375
vt 1.319706 -0.141372
vt 0.002868 -0.133192
vt 0.004544 -0.176715
vt 1.319706 -0.212058
vt 0.006221 -0.220238
vt 0.007691 -0.265054
vt 1.319706 -0.282743
vt 0.008658 -0.309881
vt 1.319706 -0.353429
vt 0.008995 -0.353429
vt 0.008658 -0.396978
vt 1.319706 -0.424115
vt 0.007691 -0.441804
vt 1.319706 -0.494801
vt 0.006221 -0.486621
vt 0.004544 -0.530144
vt 1.319706 -0.565487
vt 0.002868 -0.573667
vt 0.001401 -0.618483
vt 1.319706 -0.636173
vt -0.000000 -0.086856
vt 0.212132 -0.064198
vt 0.212132 0.000000
vt 0.212132 0.064198
vt 0.212132 -0.128396
vt 0.000000 -0.173712
vt 0.212132 -0.192593
vt -0.000000 -0.260567
vt 0.212132 -0.256791
vt 0.212132 -0.320989
vt -0.000000 -0.347423
vt 0.212132 -0.385187
vt 0.000000 -0.434279
vt 0.212132 -0.449384
vt 0.000000 -0.521135
vt 0.212132 -0.513582
vt 0.212132 -0.577780
vt 0.000000 -0.607991
vt 0.212132 -0.641978
vt 0.000000 -0.694846
vt 0.212132 -0.706175
vt 0.212132 0.770373
vt 0.000000 0.781702
vt 0.000000 0.694846
vt 0.212132 0.706175
vt 0.212132 0.641978
vt -0.000000 0.607991
vt 0.212132 0.577780
vt 0.000000 0.521135
vt 0.212132 0.513582
vt 0.212132 0.449384
vt -0.000000 0.434279
vt 0.212132 0.385187
vt -0.000000 0.347423
vt 0.212132 0.320989
vt -0.000000 0.260567
vt 0.212132 0.256791
vt 0.212132 0.192593
vt 0.000000 0.173712
vt 0.212132 0.128396
vt -0.000000 0.086856
vt -0.000000 0.173712
vt 0.000000 0.086856
vt 0.969706 0.443519
vt 1.069706 0.473087
vt 0.969706 0.502655
vt 0.969706 -0.502655
vt 1.069706 -0.532223
vt 1.069706 -0.473087
vt 0.969706 -0.443519
vt 1.069706 -0.413951
vt 0.969706 -0.384383
vt 1.069706 -0.354815
vt 0.969706 -0.325247
vt 1.069706 -0.295679
vt 0.969706 -0.266111
vt 1.069706 -0.236543
vt 0.969706 -0.206976
vt 1.069706 -0.177408
vt 0.969706 -0.147840
vt 1.069706 -0.118272
vt 0.969706 -0.088704
vt 1.069706 -0.059136
vt 0.969706 -0.029568
vt 1.069706 0.000000
vt 0.969706 0.029568
vt 1.069706 0.059136
vt 0.969706 0.088704
vt 1.069706 0.118272
vt 0.969706 0.147840
vt 1.069706 0.177408
vt 0.969706 0.206976
vt 1.069706 0.236543
vt 0.969706 0.266111
vt 1.069706 0.295679
vt 0.969706 0.325247
vt 1.069706 0.354815
vt 0.969706 0.384383
vt 1.069706 0.413951
vt 0.846291 1.007928
vt 1.069706 1.007928
vt 0.846291 1.099557
vt 1.069706 1.099557
vt 0.846291 -1.099557
vt 1.069706 -1.099557
vt 0.846291 -1.007928
vt 1.069706 -1.007928
vt 0.846291 -0.916298
vt 1.069706 -0.916298
vt 0.846291 -0.824668
vt 1.069706 -0.824668
vt 0.846291 -0.733038
vt 1.069706 -0.733038
vt 0.846291 -0.641408
vt 1.069706 -0.641408
vt 0.846291 -0.549779
vt 1.069706 -0.549779
vt 0.846291 -0.458149
vt 1.069706 -0.458149
vt 0.846291 -0.366519
vt 1.069706 -0.366519
vt 0.846291 -0.274889
vt 1.069706 -0.274889
vt 0.846291 -0.183260
vt 1.069706 -0.183260
vt 0.846291 -0.091630
vt 1.069706 -0.091630
vt 0.846291 0.000000
vt 0.846291 0.091630
vt 1.069706 0.091630
vt 0.846291 0.183260
vt 1.069706 0.183260
vt 0.846291 0.274889
vt 1.069706 0.274889
vt 0.846291 0.366519
vt 1.069706 0.366519
vt 0.846291 0.458149
vt 1.069706 0.458149
vt 0.846291 0.549779
vt 1.069706 0.549779
vt 0.846291 0.641408
vt 1.069706 0.641408
vt 0.846291 0.733038
vt 1.069706 0.733038
vt 0.846291 0.824668
vt 1.069706 0.824668
vt 0.846291 0.916298
vt 1.069706 0.916298
vt 0.000000 -0.094248
vt 0.250000 0.000000
vt 0.250000 0.094248
vt 0.000000 0.094248
vt 0.250000 0.188496
vt 0.000000 0.188496
vt 0.250000 0.282743
vt 0.000000 0.282743
vt 0.250000 0.376991
vt 0.000000 0.376991
vt 0.250000 0.471239
vt 0.000000 0.471239
vt 0.250000 0.565487
vt 0.000000 0.565487
vt 0.250000 0.659734
vt 0.000000 0.659734
vt 0.250000 0.753982
vt 0.000000 0.753982
vt 0.250000 0.848230
vt 0.000000 0.848230
vt 0.250000 0.942478
vt 0.000000 0.942478
vt 0.250000 1.036726
vt 0.000000 1.036726
vt 0.250000 1.130973
vt 0.000000 1.130973
vt 0.000000 -1.225221
vt 0.250000 -1.225221
vt 0.250000 -1.130973
vt 0.000000 -1.130973
vt 0.250000 -1.036726
vt 0.000000 -1.036726
vt 0.250000 -0.942478
vt 0.000000 -0.942478
vt 0.250000 -0.848230
vt 0.000000 -0.848230
vt 0.250000 -0.753982
vt 0.000000 -0.753982
vt 0.250000 -0.659734
vt 0.000000 -0.659734
vt 0.250000 -0.565487
vt 0.000000 -0.565487
vt 0.250000 -0.471239
vt 0.000000 -0.471239
vt 0.250000 -0.376991
vt 0.000000 -0.376991
vt 0.250000 -0.282743
vt 0.000000 -0.282743
vt 0.250000 -0.188496
vt 0.000000 -0.188496
vt 0.250000 -0.094248
vt 0.000000 -0.123760
vt 0.250000 0.123760
vt 0.000000 0.123760
vt 0.250000 0.247519
vt 0.000000 0.247519
vt 0.250000 0.371279
vt 0.000000 0.371279
vt 0.250000 0.495039
vt 0.000000 0.495039
vt 0.250000 0.618799
vt 0.000000 0.618799
vt 0.250000 0.742558
vt 0.000000 0.742558
vt 0.250000 0.866318
vt 0.000000 0.866318
vt 0.250000 0.990078
vt 0.000000 0.990078
vt 0.250000 1.113837
vt 0.000000 1.113837
vt 0.250000 1.237597
vt 0.000000 1.237597
vt 0.250000 1.361357
vt 0.000000 1.361357
vt 0.250000 1.485117
vt 0.000000 1.485117
vt 0.250000 1.608876
vt 0.000000 1.608876
vt 0.250000 1.732636
vt 0.000000 1.732636
vt 0.250000 1.856396
vt 0.000000 1.856396
vt 0.250000 1.980155
vt 0.000000 1.980155
vt 0.000000 -2.103915
vt 0.250000 -2.103915
vt 0.250000 -1.980155
vt 0.000000 -1.980155
vt 0.250000 -1.856396
vt 0.000000 -1.856396
vt 0.250000 -1.732636
vt 0.000000 -1.732636
vt 0.250000 -1.608876
vt 0.000000 -1.608876
vt 0.250000 -1.485117
vt 0.000000 -1.485117
vt 0.250000 -1.361357
vt 0.000000 -1.361357
vt 0.250000 -1.237597
vt 0.000000 -1.237597
vt 0.250000 -1.113837
vt 0.000000 -1.113837
vt 0.250000 -0.990078
vt 0.000000 -0.990078
vt 0.250000 -0.866318
vt 0.000000 -0.866318
vt 0.250000 -0.742558
vt 0.000000 -0.742558
vt 0.250000 -0.618799
vt 0.000000 -0.618799
vt 0.250000 -0.495039
vt 0.000000 -0.495039
vt 0.250000 -0.371279
vt 0.000000 -0.371279
vt 0.250000 -0.247519
vt 0.000000 -0.247519
vt 0.250000 -0.123760
vt -0.100000 -4.945809
vt -0.100000 -4.704550
vt -0.446829 -4.945809
vt -0.446829 -4.704550
vt -0.100000 -4.463291
vt -0.446829 -4.463291
vt -0.100000 -4.222032
vt -0.446829 -4.222032
vt -0.100000 -3.980773
vt -0.446829 -3.980773
vt -0.100000 -3.739514
vt -0.446829 -3.739514
vt -0.100000 -3.498255
vt -0.446829 -3.498255
vt -0.100000 -3.256996
vt -0.446829 -3.256996
vt -0.100000 -3.015737
vt -0.446829 -3.015737
vt -0.100000 -2.774478
vt -0.446829 -2.774478
vt -0.100000 -2.533219
vt -0.446829 -2.533219
vt -0.100000 -2.291960
vt -0.446829 -2.291960
vt -0.100000 -2.050701
vt -0.446829 -2.050701
vt -0.100000 -1.809442
vt -0.446829 -1.809442
vt -0.100000 -1.568183
vt -0.446829 -1.568183
vt -0.100000 -1.326924
vt -0.446829 -1.326924
vt -0.100000 -1.085665
vt -0.446829 -1.085665
vt -0.100000 -0.844406
vt -0.446829 -0.844406
vt -0.100000 -0.603147
vt -0.446829 -0.603147
vt -0.100000 -0.361888
vt -0.446829 -0.361888
vt -0.100000 -0.120629
vt -0.446829 -0.120629
vt -0.446829 0.120629
vt -0.100000 0.120629
vt -0.100000 0.361888
vt -0.446829 0.361888
vt -0.100000 0.603147
vt -0.446829 0.603147
vt -0.100000 0.844406
vt -0.446829 0.844406
vt -0.100000 1.085665
vt -0.446829 1.085665
vt -0.100000 1.326924
vt -0.446829 1.326924
vt -0.100000 1.568183
vt -0.446829 1.568183
vt -0.100000 1.809442
vt -0.446829 1.809442
vt -0.100000 2.050701
vt -0.446829 2.050701
vt -0.100000 2.291960
vt -0.446829 2.291960
vt -0.100000 2.533219
vt -0.446829 2.533219
vt -0.100000 2.774478
vt -0.446829 2.774478
vt -0.100000 3.015737
vt -0.446829 3.015737
vt -0.100000 3.256996
vt -0.446829 3.256996
vt -0.100000 3.498255
vt -0.446829 3.498255
vt -0.100000 3.739514
vt -0.446829 3.739514
vt -0.100000 3.980773
vt -0.446829 3.980773
vt -0.100000 4.222032
vt -0.446829 4.222032
vt -0.100000 4.463291
vt -0.446829 4.463291
vt -0.100000 4.704550
vt -0.446829 4.704550
vt -0.100000 4.945809
vt -0.446829 4.945809
vt 0.650100 0.443519
vt 0.650100 0.502655
vt 0.650100 -0.502655
vt 0.650100 -0.443519
vt 0.650100 -0.384383
vt 0.650100 -0.325247
vt 0.650100 -0.266111
vt 0.650100 -0.206976
vt 0.650100 -0.147840
vt 0.650100 -0.088704
vt 0.650100 -0.029568
vt 0.650100 0.029568
vt 0.650100 0.088704
vt 0.650100 0.147840
vt 0.650100 0.206976
vt 0.650100 0.266111
vt 0.650100 0.325247
vt 0.650100 0.384383
vt 2.000000 -0.100000
vt 0.273350 -0.100000
vt 2.000000 -0.500000
vt 0.273350 -0.500000
vt 4.000000 -0.500000
vt 4.000000 -0.100000
vt 3.806084 -0.674274
vt 3.946829 0.000000
vt 3.597053 -0.830098
vt 3.374657 -0.966167
vt 3.140757 -1.081344
vt 0.859243 -1.081344
vt 2.897310 -1.174663
vt 1.102690 -1.174663
vt 2.646354 -1.245345
vt 1.353646 -1.245345
vt 2.389989 -1.292797
vt 1.610011 -1.292797
vt 2.130360 -1.316623
vt 1.869640 -1.316623
vt 0.053171 0.000000
vt 0.625343 -0.966167
vt 0.402947 -0.830098
vt 0.193916 -0.674274
vt -0.000000 -0.100000
vt 0.000000 -0.500000
vt -0.273350 -0.100000
vt -2.000000 -0.100000
vt -0.273350 -0.500000
vt -2.000000 -0.500000
vt 3.326650 1.946829
vt 3.051650 0.000000
vt 3.326650 -1.946829
vt 3.040638 -0.069529
vt 3.008679 -0.132252
vt 1.600000 1.946829
vt 2.250196 1.274260
vt 2.342531 1.256646
vt 2.427585 1.216623
vt 1.471320 1.954720
vt 1.923269 1.120419
vt 1.987616 1.188942
vt 2.066983 1.239310
vt 1.344569 1.978274
vt 1.167237 0.738074
vt 1.877984 1.038047
vt 1.076650 0.750000
vt 1.221645 2.017139
vt 0.986063 0.738074
vt 1.104390 2.070732
vt 0.891006 2.171109
vt 0.901650 0.703109
vt 0.668625 2.249566
vt 0.096670 0.591261
vt -0.020107 0.631678
vt 0.439494 2.305309
vt 0.205925 2.337777
vt -0.029723 2.346641
vt -0.744735 1.080658
vt -0.142422 0.649264
vt -0.799987 1.156705
vt -0.265071 2.331811
vt -0.497742 2.293438
vt -0.872415 1.216623
vt -0.725389 2.231909
vt -0.945711 2.147845
vt -0.957469 1.256646
vt -1.156484 2.042095
vt -1.049804 1.274260
vt -1.355581 1.915726
vt -1.143618 1.268358
vt -1.540991 1.770015
vt -1.233017 1.239310
vt -1.710842 1.606433
vt -1.312384 1.188942
vt -1.863419 1.426631
vt -1.376731 1.120419
vt -1.422016 1.038047
vt -1.997182 1.232425
vt -1.445393 0.947000
vt -2.110780 1.025775
vt -1.445393 0.853000
vt -2.203066 0.808769
vt -1.422016 0.761953
vt -2.273108 0.583596
vt -1.376731 0.679581
vt -2.320200 0.352532
vt -1.312384 0.611058
vt -2.343865 0.117907
vt -1.233017 0.560690
vt -2.343865 -0.117907
vt -1.233017 -0.560690
vt -1.312384 -0.611058
vt -2.320200 -0.352532
vt -1.376731 -0.679581
vt -2.273108 -0.583596
vt -1.422016 -0.761953
vt -2.203066 -0.808769
vt -1.445393 -0.853000
vt -2.110780 -1.025775
vt -1.445393 -0.947000
vt -1.997182 -1.232425
vt -1.422016 -1.038047
vt -1.863419 -1.426631
vt -1.376731 -1.120419
vt -1.312384 -1.188942
vt -1.710842 -1.606433
vt -1.233017 -1.239310
vt -1.540991 -1.770015
vt -1.143618 -1.268358
vt -1.355581 -1.915726
vt -1.049804 -1.274260
vt -1.156484 -2.042095
vt -0.957469 -1.256646
vt -0.945711 -2.147845
vt -0.872415 -1.216623
vt -0.725389 -2.231909
vt -0.497742 -2.293438
vt -0.799987 -1.156705
vt -0.265071 -2.331811
vt -0.029723 -2.346641
vt -0.744735 -1.080658
vt 0.205925 -2.337777
vt -0.142422 -0.649264
vt -0.020107 -0.631678
vt 0.439494 -2.305309
vt 0.668625 -2.249566
vt 0.891006 -2.171109
vt 0.901650 -0.703109
vt 0.096670 -0.591261
vt 0.986063 -0.738074
vt 1.104390 -2.070732
vt 1.221645 -2.017139
vt 1.076650 -0.750000
vt 1.344569 -1.978274
vt 1.167237 -0.738074
vt 1.471320 -1.954720
vt 1.877984 -1.038047
vt 1.923269 -1.120419
vt 1.600000 -1.946829
vt 1.987616 -1.188942
vt 2.066983 -1.239310
vt 2.156382 -1.268358
vt 2.250196 -1.274260
vt 2.342531 -1.256646
vt 2.427585 -1.216623
vt 2.500013 -1.156705
vt 2.555265 -1.080658
vt 2.589869 -0.993259
vt 2.601650 -0.900000
vt 2.958902 -0.182029
vt 2.589869 -0.806741
vt 2.896179 -0.213988
vt 2.555265 -0.719342
vt 2.826650 -0.225000
vt 2.500013 -0.643295
vt 2.757121 -0.213988
vt 2.427585 -0.583377
vt 2.694398 -0.182029
vt 2.342531 -0.543354
vt 2.644621 -0.132252
vt 2.250196 -0.525740
vt 2.612662 -0.069529
vt 2.040638 -0.069529
vt 2.051650 0.000000
vt 2.601650 -0.000000
vt 2.040638 0.069529
vt 2.612662 0.069529
vt 2.250196 0.525740
vt 2.644621 0.132252
vt 2.342531 0.543354
vt 2.694398 0.182029
vt 2.427585 0.583377
vt 2.757121 0.213988
vt 2.500013 0.643295
vt 2.826650 0.225000
vt 2.555265 0.719342
vt 2.896179 0.213988
vt 2.589869 0.806741
vt 2.958902 0.182029
vt 2.601650 0.900000
vt 2.589869 0.993259
vt 2.555265 1.080658
vt 2.500013 1.156705
vt 3.008679 0.132252
vt 3.040638 0.069529
vt 2.008679 -0.132252
vt 2.156382 -0.531642
vt 1.958902 -0.182029
vt 2.066983 -0.560690
vt 1.896179 -0.213988
vt 1.987616 -0.611058
vt 1.826650 -0.225000
vt 1.923269 -0.679581
vt 1.757121 -0.213988
vt 1.414724 -0.490587
vt 1.426650 -0.400000
vt 1.694398 -0.182029
vt 1.644621 -0.132252
vt 1.612662 -0.069529
vt 1.601650 -0.000000
vt 1.426650 0.400000
vt 1.612662 0.069529
vt 1.644621 0.132252
vt 1.694398 0.182029
vt 1.757121 0.213988
vt 1.414724 0.490587
vt 1.923269 0.679581
vt 1.877984 0.761953
vt 1.826650 0.225000
vt 1.987616 0.611058
vt 1.896179 0.213988
vt 2.066983 0.560690
vt 1.958902 0.182029
vt 2.156382 0.531642
vt 2.008679 0.132252
vt -0.710131 0.806741
vt -0.385944 0.614251
vt -0.698350 0.900000
vt -0.265855 0.643384
vt -0.710131 0.993259
vt -0.498350 0.562917
vt -0.744735 0.719342
vt -0.599010 0.491237
vt -0.799987 0.643295
vt -0.684285 0.401803
vt -0.872415 0.583377
vt -0.957469 0.543354
vt -0.751093 0.297847
vt -1.049804 0.525740
vt -0.797021 0.183126
vt -1.143618 0.531642
vt -0.820407 0.061786
vt -0.820407 -0.061786
vt -1.143618 -0.531642
vt 0.464904 -0.123013
vt 0.726650 -0.400000
vt 0.476650 0.000000
vt 0.726650 0.400000
vt 0.464904 0.123013
vt 0.430089 0.241581
vt 0.373465 0.351417
vt 0.738576 0.490587
vt 0.297077 0.448551
vt 0.773541 0.575000
vt 0.203687 0.529474
vt 0.829163 0.647487
vt 0.430089 -0.241581
vt 0.373465 -0.351417
vt 0.738576 -0.490587
vt 0.297077 -0.448551
vt 0.773541 -0.575000
vt 0.203687 -0.529474
vt 0.829163 -0.647487
vt -0.710131 -0.993259
vt -0.265855 -0.643384
vt -0.698350 -0.900000
vt -0.385944 -0.614251
vt -0.710131 -0.806741
vt -0.498350 -0.562917
vt -0.744735 -0.719342
vt -0.599010 -0.491237
vt -0.799987 -0.643295
vt -0.684285 -0.401803
vt -0.872415 -0.583377
vt -0.957469 -0.543354
vt -0.751093 -0.297847
vt -1.049804 -0.525740
vt -0.797021 -0.183126
vt 1.379759 0.575000
vt 1.854607 0.853000
vt 1.324137 0.647487
vt 1.854607 0.947000
vt 1.251650 0.703109
vt 2.156382 1.268358
vt 1.877984 -0.761953
vt 1.379759 -0.575000
vt 1.854607 -0.853000
vt 1.324137 -0.647487
vt 1.854607 -0.947000
vt 1.251650 -0.703109
vt -0.873227 -2.127787
vt -0.126054 -0.265249
vt -1.082353 -2.029412
vt -0.180832 -0.185889
vt -1.161178 -1.991320
vt -1.242783 -1.959618
vt -0.215027 -0.095726
vt -1.326650 -1.934505
vt -0.226650 0.000000
vt -1.326650 1.934505
vt -0.215027 0.095726
vt -1.242783 1.959618
vt -0.180832 0.185889
vt -1.161178 1.991320
vt -1.082353 2.029412
vt -0.126054 0.265249
vt -0.873227 2.127787
vt -0.655283 2.204678
vt -0.053876 0.329194
vt -0.430724 2.259309
vt 0.031508 0.374006
vt -0.201816 2.291129
vt 0.029130 2.299816
vt 0.125135 0.397084
vt 0.259782 2.285282
vt 0.789015 1.023504
vt 0.487810 2.247675
vt 0.832880 1.095637
vt 0.710914 2.187373
vt 0.894579 1.153261
vt 0.926840 2.104987
vt 0.969537 1.192101
vt 1.133407 2.001347
vt 1.052195 1.209277
vt 1.136421 1.203516
vt -0.655283 -2.204678
vt -0.053876 -0.329194
vt -0.430724 -2.259309
vt 0.031508 -0.374006
vt -0.201816 -2.291129
vt 0.029130 -2.299816
vt 0.125135 -0.397084
vt 0.259782 -2.285282
vt 0.789015 -1.023504
vt 0.487810 -2.247675
vt 0.832880 -1.095637
vt 0.710914 -2.187373
vt 0.894579 -1.153261
vt 0.926840 -2.104987
vt 0.969537 -1.192101
vt 1.133407 -2.001347
vt 1.052195 -1.209277
vt 1.136421 -1.203516
vt 1.328531 -1.877500
vt 1.215970 -1.175244
vt 1.510242 -1.734696
vt 1.284942 -1.126559
vt 1.676703 -1.574378
vt 1.338220 -1.061071
vt 1.826236 -1.398164
vt 1.371854 -0.983637
vt 1.957330 -1.207833
vt 1.383350 -0.900000
vt 2.068661 -1.005307
vt 1.371854 -0.816363
vt 2.159106 -0.792630
vt 1.338220 -0.738929
vt 2.227750 -0.571951
vt 2.273902 -0.345497
vt 2.297095 -0.115555
vt 1.284942 -0.673441
vt 1.284942 0.673441
vt 1.215970 0.624756
vt 2.297095 0.115555
vt 1.338220 0.738929
vt 2.273902 0.345497
vt 2.227750 0.571951
vt 2.159106 0.792630
vt 1.371854 0.816363
vt 2.068661 1.005307
vt 1.383350 0.900000
vt 1.957330 1.207833
vt 1.371854 0.983637
vt 1.826236 1.398164
vt 1.338220 1.061071
vt 1.676703 1.574378
vt 1.284942 1.126559
vt 1.510242 1.734696
vt 1.215970 1.175244
vt 1.328531 1.877500
vt 0.561727 -0.095726
vt 0.969537 -0.607899
vt 0.573350 0.000000
vt 1.052195 -0.590723
vt 1.052195 0.590723
vt 1.136421 -0.596484
vt 1.136421 0.596484
vt 1.215970 -0.624756
vt 0.894579 -0.646739
vt 0.527532 -0.185889
vt 0.832880 -0.704363
vt 0.472754 -0.265249
vt 0.789015 -0.776496
vt 0.400576 -0.329194
vt 0.766237 -0.857788
vt 0.315192 -0.374006
vt 0.766237 -0.942212
vt 0.221565 -0.397084
vt 0.766237 0.942212
vt 0.221565 0.397084
vt 0.315192 0.374006
vt 0.766237 0.857788
vt 0.400576 0.329194
vt 0.789015 0.776496
vt 0.472754 0.265249
vt 0.832880 0.704363
vt 0.527532 0.185889
vt 0.894579 0.646739
vt 0.561727 0.095726
vt 0.969537 0.607899
vt -0.273350 -2.259877
vt -2.000000 -2.259877
vt -0.000000 -2.458229
vt -2.000000 -2.520688
vt -0.000000 -2.710546
vt -2.000000 -2.781499
vt -0.000000 -2.962864
vt -2.000000 -3.042310
vt -0.893022 -3.126930
vt -0.971683 -3.134261
vt -1.049192 -3.159200
vt -2.000000 -3.303120
vt -1.119811 -3.200463
vt -1.179379 -3.253269
vt -1.228036 -3.316232
vt -1.265908 -3.388963
vt -1.290037 -3.467525
vt -2.000000 -3.563931
vt -1.299770 -3.547099
vt -1.295090 -3.626015
vt -1.275439 -3.705352
vt -2.000000 -3.824742
vt -1.240492 -3.779551
vt -1.192844 -3.844034
vt -1.134234 -3.896895
vt -1.063963 -3.938415
vt -2.000000 -4.085553
vt -0.986282 -3.964492
vt -0.906981 -3.974103
vt -0.000000 -3.972134
vt -0.828016 -3.967423
vt -0.749580 -3.944317
vt -0.677631 -3.905309
vt -0.616752 -3.854267
vt -0.000000 -3.719817
vt -0.567240 -3.791959
vt -0.529728 -3.719203
vt -0.507314 -3.640383
vt -0.500000 -3.561097
vt -0.000000 -3.467499
vt -0.507159 -3.481882
vt -0.528697 -3.402762
vt -0.564273 -3.328677
vt -0.000000 -3.215181
vt -0.611244 -3.263682
vt -0.668574 -3.209256
vt -0.737486 -3.165503
vt -0.814143 -3.137454
vt -2.000000 -4.346364
vt -1.543266 -4.255809
vt -1.500000 -4.251535
vt -0.000000 -4.224452
vt -0.500000 -4.251535
vt -0.456734 -4.255809
vt -2.000000 -4.607175
vt -1.725000 -4.476770
vt -1.720739 -4.433502
vt -1.707866 -4.390636
vt -2.000000 -4.867986
vt -1.586120 -4.684820
vt -1.625514 -4.663569
vt -1.659099 -4.635951
vt -2.000000 -5.128797
vt -0.986282 -4.989047
vt -0.906981 -4.979436
vt -0.000000 -4.981405
vt -0.828016 -4.986116
vt -0.749580 -5.009222
vt -2.000000 -5.389608
vt -1.275439 -5.248187
vt -1.240492 -5.173988
vt -1.192844 -5.109505
vt -2.000000 -5.650419
vt -1.290037 -5.486014
vt -1.299770 -5.406440
vt -1.295090 -5.327524
vt -2.000000 -5.911230
vt -1.119811 -5.753076
vt -1.179379 -5.700270
vt -1.228036 -5.637307
vt -2.000000 -6.172040
vt -0.000000 -5.990675
vt -0.893022 -5.826609
vt -0.971683 -5.819278
vt -0.000000 -6.242993
vt -2.000000 -6.432851
vt -0.000000 -6.495310
vt -2.000000 -6.693662
vt -0.273350 -6.693662
vt -0.203948 -6.697068
vt -0.134831 -6.707246
vt -0.066640 -6.724139
vt -0.000000 -6.747628
vt -0.814143 -5.816085
vt -0.000000 -5.738358
vt -0.737486 -5.788036
vt -0.668574 -5.744283
vt -0.611244 -5.689857
vt -0.564273 -5.624862
vt -0.000000 -5.486040
vt -0.528697 -5.550777
vt -0.507159 -5.471657
vt -0.500000 -5.392442
vt -0.000000 -5.233722
vt -0.507314 -5.313156
vt -0.529728 -5.234336
vt -0.567240 -5.161580
vt -0.616752 -5.099272
vt -0.677631 -5.048230
vt -0.000000 -4.729087
vt -1.500000 -4.702004
vt -1.543266 -4.697730
vt -0.000000 -4.476770
vt -0.313335 -4.602325
vt -0.340901 -4.635951
vt -0.374486 -4.663569
vt -0.313335 -4.351214
vt -0.292134 -4.390636
vt -0.279261 -4.433502
vt -0.000000 -2.205911
vt -0.066640 -2.229400
vt -0.134831 -2.246293
vt -0.203948 -2.256471
vt -1.049192 -5.794339
vt -1.265908 -5.564577
vt -1.134234 -5.056644
vt -1.063963 -5.015124
vt -1.279261 -4.520037
vt -0.720739 -4.520037
vt -1.275000 -4.476770
vt -0.725000 -4.476770
vt -1.279261 -4.433502
vt -0.720739 -4.433502
vt -1.292134 -4.390636
vt -0.707866 -4.390636
vt -1.313335 -4.351214
vt -0.686665 -4.351214
vt -1.340901 -4.317588
vt -0.659099 -4.317588
vt -1.374486 -4.289970
vt -0.625514 -4.289970
vt -1.413880 -4.268719
vt -0.586120 -4.268719
vt -1.456734 -4.255809
vt -0.543266 -4.255809
vt -0.707866 -4.562903
vt -1.292134 -4.562903
vt -0.686665 -4.602325
vt -1.313335 -4.602325
vt -0.659099 -4.635951
vt -1.340901 -4.635951
vt -0.625514 -4.663569
vt -1.374486 -4.663569
vt -0.586120 -4.684820
vt -1.413880 -4.684820
vt -0.543266 -4.697730
vt -1.456734 -4.697730
vt -0.500000 -4.702004
vt -1.686665 -4.602325
vt -1.707866 -4.562903
vt -1.720739 -4.520037
vt -1.686665 -4.351214
vt -1.659099 -4.317588
vt -1.625514 -4.289970
vt -1.586120 -4.268719
vt -0.275000 -4.476770
vt -0.279261 -4.520037
vt -0.292134 -4.562903
vt -0.413880 -4.684820
vt -0.456734 -4.697730
vt -0.413880 -4.268719
vt -0.374486 -4.289970
vt -0.340901 -4.317588
vt -2.038085 -1.977223
vt -2.038085 -1.992162
vt -1.934505 -2.030394
vt -1.853963 -2.164561
vt 1.853963 -2.164561
vt 1.655318 -2.320005
vt -1.655318 -2.320005
vt 1.443707 -2.457277
vt -1.443707 -2.457277
vt 1.220788 -2.575301
vt -1.220788 -2.575301
vt 0.988307 -2.673153
vt -0.988307 -2.673153
vt 0.748085 -2.750067
vt -0.748085 -2.750067
vt 0.502002 -2.805440
vt -0.502002 -2.805440
vt 0.251988 -2.838838
vt -0.251988 -2.838838
vt 0.000000 -2.850000
vt 1.934505 -2.030394
vt 2.038085 -1.992162
vt 2.038085 -1.977223
vt 0.363219 -0.093259
vt 0.375000 0.000000
vt 0.160000 0.000000
vt 0.363219 0.093259
vt 0.149196 0.057799
vt 0.328615 0.180658
vt 0.118241 0.107791
vt 0.273363 0.256705
vt 0.200935 0.316623
vt 0.071318 0.143226
vt 0.115881 0.356646
vt 0.014763 0.159317
vt 0.023546 0.374260
vt -0.070268 0.368358
vt -0.043786 0.153892
vt -0.159667 0.339310
vt -0.096422 0.127683
vt -0.239034 0.288942
vt -0.303381 0.220419
vt -0.136035 0.084229
vt -0.348666 0.138047
vt -0.157276 0.029400
vt -0.372043 0.047000
vt -0.372043 -0.047000
vt -0.157276 -0.029400
vt -0.348666 -0.138047
vt -0.136035 -0.084229
vt -0.303381 -0.220419
vt -0.096422 -0.127683
vt -0.239034 -0.288942
vt -0.159667 -0.339310
vt -0.043786 -0.153892
vt -0.070268 -0.368358
vt 0.014763 -0.159317
vt 0.023546 -0.374260
vt 0.115881 -0.356646
vt 0.071318 -0.143226
vt 0.200935 -0.316623
vt 0.118241 -0.107791
vt 0.273363 -0.256705
vt 0.328615 -0.180658
vt 0.149196 -0.057799
vt 0.000000 -1.099557
vt 0.250000 -1.099557
vt 0.000000 -1.007928
vt 0.250000 -1.007928
vt 0.000000 -0.916298
vt 0.250000 -0.916298
vt 0.000000 -0.824668
vt 0.250000 -0.824668
vt 0.000000 -0.733038
vt 0.250000 -0.733038
vt 0.000000 -0.641408
vt 0.250000 -0.641408
vt 0.000000 -0.549779
vt 0.250000 -0.549779
vt 0.000000 -0.458149
vt 0.250000 -0.458149
vt 0.000000 -0.366519
vt 0.250000 -0.366519
vt 0.000000 -0.274889
vt 0.250000 -0.274889
vt 0.000000 -0.183260
vt 0.250000 -0.183260
vt 0.000000 -0.091630
vt 0.250000 -0.091630
vt 0.800000 0.250000
vt -0.000000 0.250000
vt 0.800000 0.000000
vt 0.000000 0.091630
vt 0.250000 0.091630
vt 0.000000 0.183260
vt 0.250000 0.183260
vt 0.000000 0.274889
vt 0.250000 0.274889
vt 0.000000 0.366519
vt 0.250000 0.366519
vt 0.000000 0.458149
vt 0.250000 0.458149
vt 0.000000 0.549779
vt 0.250000 0.549779
vt 0.000000 0.641408
vt 0.250000 0.641408
vt 0.000000 0.733038
vt 0.250000 0.733038
vt 0.000000 0.824668
vt 0.250000 0.824668
vt 0.000000 0.916298
vt 0.250000 0.916298
vt 0.000000 1.007928
vt 0.250000 1.007928
vt 0.000000 1.099557
vt 0.250000 1.099557
vt -0.800000 0.250000
vt -0.800000 0.000000
vt -0.338074 -0.090587
vt -0.303109 -0.175000
vt -0.350000 0.000000
vt -0.247487 -0.247487
vt -0.175000 -0.303109
vt -0.090587 1.138074
vt -0.090587 -0.338074
vt -0.000000 1.150000
vt 0.000000 -0.350000
vt 0.090587 -0.338074
vt 0.090587 1.138074
vt 0.175000 -0.303109
vt 0.350000 0.000000
vt 0.247487 -0.247487
vt 0.303109 -0.175000
vt 0.338074 -0.090587
vt 0.175000 1.103109
vt 0.350000 0.800000
vt 0.247487 1.047487
vt 0.303109 0.975000
vt 0.338074 0.890587
vt -0.175000 1.103109
vt -0.350000 0.800000
vt -0.247487 1.047487
vt -0.303109 0.975000
vt -0.338074 0.890587
vt 0.638254 -0.123013
vt 0.650000 0.000000
vt 0.638254 0.123013
vt 0.338074 0.090587
vt 0.603439 0.241581
vt 0.303109 0.175000
vt 0.546815 0.351417
vt 0.247487 0.247487
vt 0.470427 0.448551
vt 0.377037 0.529474
vt 0.175000 0.303109
vt 0.270020 0.591261
vt 0.090587 0.338074
vt 0.153243 0.631678
vt 0.030928 0.649264
vt -0.000000 0.350000
vt -0.092505 0.643384
vt -0.090587 0.338074
vt -0.212594 0.614251
vt -0.175000 0.303109
vt -0.325000 0.562917
vt -0.425659 0.491237
vt -0.247487 0.247487
vt -0.510935 0.401803
vt -0.303109 0.175000
vt -0.577743 0.297847
vt -0.338074 0.090587
vt -0.623670 0.183126
vt -0.647057 0.061786
vt -0.647057 -0.061786
vt -0.623670 -0.183126
vt -0.577743 -0.297847
vt -0.510935 -0.401803
vt -0.425659 -0.491237
vt -0.325000 -0.562917
vt -0.212594 -0.614251
vt -0.092505 -0.643384
vt 0.030928 -0.649264
vt 0.153243 -0.631678
vt 0.270020 -0.591261
vt 0.377037 -0.529474
vt 0.470427 -0.448551
vt 0.546815 -0.351417
vt 0.603439 -0.241581
vt 0.500000 1.570796
vt 0.100000 1.570796
vt 0.497614 1.501337
vt 0.100000 1.448307
vt 0.490450 1.431827
vt 0.478497 1.362585
vt 0.100000 1.325818
vt 0.446829 1.293922
vt 0.100000 1.203328
vt 0.446829 1.222895
vt 0.446829 1.151867
vt 0.100000 1.080839
vt 0.446829 1.080839
vt 0.461768 1.293922
vt 0.446829 -1.080839
vt 0.100000 -1.080839
vt 0.446829 -1.151867
vt 0.100000 -1.203328
vt 0.446829 -1.222895
vt 0.446829 -1.293922
vt 0.100000 -1.325818
vt 0.461768 -1.293922
vt 0.478497 -1.362585
vt 0.100000 -1.448307
vt 0.490450 -1.431827
vt 0.497614 -1.501337
vt 0.100000 -1.570796
vt 0.500000 -1.570796
vt -3.326650 0.000000
vt -1.600000 0.000000
vt -3.326650 0.113257
vt -1.600000 0.113257
vt 0.000000 1.612557
vt 0.000000 1.738302
vt -0.113257 1.612557
vt -0.113257 1.738302
vt 0.000000 1.864048
vt -0.113257 1.864048
vt -0.113257 1.989794
vt 0.000000 1.989794
vt -0.000000 2.115540
vt -0.113257 2.115540
vt 0.000000 -2.115540
vt 0.000000 -1.989794
vt -0.113257 -2.115540
vt -0.113257 -1.989794
vt -0.113257 -1.864048
vt 0.000000 -1.864048
vt -0.000000 -1.738302
vt -0.113257 -1.738302
vt 0.000000 -1.612557
vt -0.113257 -1.612557
vt 3.326650 0.113257
vt 1.600000 0.113257
vt 3.326650 0.000000
vt 1.600000 0.000000
vt 0.000000 1.385648
vt -0.113257 1.358618
vt -0.000000 1.302059
vt -0.113257 1.284039
vt -0.000000 1.218470
vt -0.113257 1.209460
vt 0.000000 1.134881
vt -0.113257 1.134881
vt -0.000000 -2.539972
vt -0.000000 -2.776204
vt 0.113257 -2.539972
vt 0.113257 -2.776204
vt -0.000000 -3.012437
vt 0.113257 -3.012437
vt -0.000000 -3.248670
vt 0.113257 -3.248670
vt -0.000000 -3.484903
vt 0.113257 -3.484903
vt -0.000000 -3.721135
vt 0.113257 -3.721135
vt -0.000000 -3.957368
vt 0.113257 -3.957368
vt -0.000000 -4.193601
vt 0.113257 -4.193601
vt -0.000000 -4.429834
vt 0.113257 -4.429834
vt -0.000000 -4.666066
vt 0.113257 -4.666066
vt -0.000000 -4.902299
vt 0.113257 -4.902299
vt -0.000000 -5.138532
vt 0.113257 -5.138532
vt -0.000000 -5.374764
vt 0.113257 -5.374764
vt -0.000000 -5.610997
vt 0.113257 -5.610997
vt -0.000000 -5.847230
vt 0.113257 -5.847230
vt -0.000000 -6.083463
vt 0.113257 -6.083463
vt -0.000000 -6.319695
vt 0.113257 -6.319695
vt -0.000000 -6.555928
vt 0.113257 -6.555928
vt -0.000000 -6.792161
vt 0.113257 -6.792161
vt -0.000000 -7.028394
vt 0.113257 -7.028394
vt -0.000000 -7.264626
vt 0.113257 -7.264626
vt 0.000000 -7.500859
vt 0.113257 -7.500859
vt 0.113257 7.264626
vt -0.000000 7.264626
vt -0.000000 7.028394
vt 0.113257 7.028394
vt -0.000000 6.792161
vt 0.113257 6.792161
vt -0.000000 6.555928
vt 0.113257 6.555928
vt -0.000000 6.319695
vt 0.113257 6.319695
vt -0.000000 6.083463
vt 0.113257 6.083463
vt -0.000000 5.847230
vt 0.113257 5.847230
vt -0.000000 5.610997
vt 0.113257 5.610997
vt -0.000000 5.374764
vt 0.113257 5.374764
vt -0.000000 5.138532
vt 0.113257 5.138532
vt -0.000000 4.902299
vt 0.113257 4.902299
vt -0.000000 4.666066
vt 0.113257 4.666066
vt -0.000000 4.429834
vt 0.113257 4.429834
vt -0.000000 4.193601
vt 0.113257 4.193601
vt -0.000000 3.957368
vt 0.113257 3.957368
vt -0.000000 3.721135
vt 0.113257 3.721135
vt -0.000000 3.484903
vt 0.113257 3.484903
vt -0.000000 3.248670
vt 0.113257 3.248670
vt -0.000000 3.012437
vt 0.113257 3.012437
vt -0.000000 2.776204
vt 0.113257 2.776204
vt -0.000000 2.539972
vt 0.113257 2.539972
vt -0.113257 -1.134881
vt -0.113257 -1.209460
vt 0.000000 -1.134881
vt -0.000000 -1.218470
vt -0.113257 -1.284039
vt -0.000000 -1.302059
vt -0.113257 -1.358618
vt 0.000000 -1.385648
vt 0.388377 -0.095726
vt 0.400000 0.000000
vt 0.310000 0.000000
vt 0.388377 0.095726
vt 0.298504 0.083637
vt 0.354182 0.185889
vt 0.264870 0.161071
vt 0.299404 0.265249
vt 0.211591 0.226559
vt 0.227226 0.329194
vt 0.142620 0.275244
vt 0.141842 0.374006
vt 0.063071 0.303516
vt 0.048215 0.397084
vt -0.021155 0.309277
vt -0.048215 0.397084
vt -0.103813 0.292101
vt -0.141842 0.374006
vt -0.178771 0.253261
vt -0.227226 0.329194
vt -0.299404 0.265249
vt -0.240471 0.195637
vt -0.354182 0.185889
vt -0.284336 0.123504
vt -0.388377 0.095726
vt -0.307113 0.042212
vt -0.400000 0.000000
vt -0.307113 -0.042212
vt -0.388377 -0.095726
vt -0.284336 -0.123504
vt -0.354182 -0.185889
vt -0.240471 -0.195637
vt -0.299404 -0.265249
vt -0.178771 -0.253261
vt -0.227226 -0.329194
vt -0.141842 -0.374006
vt -0.103813 -0.292101
vt -0.048215 -0.397084
vt -0.021155 -0.309277
vt 0.048215 -0.397084
vt 0.063071 -0.303516
vt 0.141842 -0.374006
vt 0.142620 -0.275244
vt 0.227226 -0.329194
vt 0.211591 -0.226559
vt 0.299404 -0.265249
vt 0.264870 -0.161071
vt 0.354182 -0.185889
vt 0.298504 -0.083637
vt 0.000000 -0.136136
vt 0.056629 -0.133176
vt 0.056629 0.133176
vt 0.056629 -0.266352
vt 0.000000 -0.272271
vt 0.056629 -0.399529
vt 0.000000 -0.408407
vt 0.056629 -0.532705
vt 0.000000 -0.544543
vt 0.056629 -0.665881
vt 0.000000 -0.680678
vt 0.056629 -0.799057
vt 0.000000 -0.816814
vt 0.056629 -0.932233
vt 0.000000 -0.952950
vt 0.056629 -1.065410
vt 0.000000 -1.089085
vt 0.056629 -1.198586
vt 0.056629 -1.331762
vt 0.056629 -1.464938
vt 0.000000 -1.497492
vt 0.056629 -1.598115
vt 0.000000 -1.633628
vt 0.056629 -1.731291
vt 0.000000 -1.769764
vt 0.056629 -1.864467
vt 0.000000 -1.905900
vt 0.056629 -1.997643
vt 0.000000 -2.042035
vt 0.056629 -2.130819
vt 0.000000 -2.178171
vt 0.056629 -2.263996
vt 0.000000 -2.314307
vt 0.056629 -2.397172
vt 0.000000 -2.450442
vt 0.056629 -2.530348
vt 0.000000 -2.586578
vt 0.056629 -2.663524
vt -0.000000 -2.722714
vt 0.056629 -2.796700
vt 0.000000 -2.858849
vt 0.056629 -2.929877
vt 0.000000 -2.994985
vt 0.056629 -3.063053
vt 0.056629 3.063053
vt 0.000000 3.131121
vt 0.000000 2.994985
vt 0.056629 2.929877
vt 0.000000 2.858849
vt 0.056629 2.796700
vt 0.000000 2.722714
vt 0.056629 2.663524
vt 0.000000 2.586578
vt 0.056629 2.530348
vt 0.000000 2.450442
vt 0.056629 2.397172
vt 0.000000 2.314307
vt 0.056629 2.263996
vt 0.000000 2.178171
vt 0.056629 2.130819
vt -0.000000 2.042035
vt 0.056629 1.997643
vt 0.000000 1.905900
vt 0.056629 1.864467
vt 0.000000 1.769764
vt 0.056629 1.731291
vt 0.000000 1.633628
vt 0.056629 1.598115
vt 0.000000 1.497492
vt 0.056629 1.464938
vt 0.056629 1.331762
vt 0.000000 1.225221
vt 0.056629 1.198586
vt 0.000000 1.089085
vt 0.056629 1.065410
vt 0.000000 0.952950
vt 0.056629 0.932233
vt 0.000000 0.816814
vt 0.056629 0.799057
vt 0.000000 0.680678
vt 0.056629 0.665881
vt 0.000000 0.544543
vt 0.056629 0.532705
vt 0.000000 0.408407
vt 0.056629 0.399529
vt 0.000000 0.272271
vt 0.056629 0.266352
vt 0.000000 0.136136
vt -0.000000 2.722714
vt -0.000000 1.905900
vt 0.008658 -0.663310
vt 0.008995 -0.706858
vt 0.926776 -0.706858
vt 0.926776 0.706858
vt 0.008995 0.706858
vt 0.008658 0.663310
vt 0.926776 0.642598
vt 0.007691 0.618483
vt 0.926776 0.578339
vt 0.006221 0.573667
vt 0.926776 0.514079
vt 0.002868 0.486621
vt 0.926776 0.449819
vt 0.001401 0.441804
vt 0.000437 0.396978
vt 0.926776 0.385559
vt 0.000100 0.353429
vt 0.926776 0.321299
vt 0.000437 0.309880
vt 0.926776 0.257039
vt 0.001401 0.265054
vt 0.002868 0.220237
vt 0.926776 0.192780
vt 0.004544 0.176714
vt 0.926776 0.128520
vt 0.006221 0.133192
vt 0.007691 0.088375
vt 0.926776 0.064260
vt 0.008658 0.043549
vt 0.926776 0.000000
vt 0.008995 0.000000
vt 0.008658 -0.043549
vt 0.926776 -0.064260
vt 0.007691 -0.088375
vt 0.926776 -0.128520
vt 0.006221 -0.133192
vt 0.004544 -0.176714
vt 0.926776 -0.192780
vt 0.002868 -0.220237
vt 0.926776 -0.257039
vt 0.001401 -0.265054
vt 0.000437 -0.309880
vt 0.926776 -0.321299
vt 0.000100 -0.353429
vt 0.926776 -0.385559
vt 0.000437 -0.396978
vt 0.926776 -0.449819
vt 0.001401 -0.441804
vt 0.002868 -0.486621
vt 0.926776 -0.514079
vt 0.926776 -0.578339
vt 0.006221 -0.573667
vt 0.007691 -0.618483
vt 0.926776 -0.642598
vt 0.026685 2.851868
vt 0.473515 2.918191
vt 0.026685 2.984513
vt 0.026685 -2.984513
vt 0.473515 -3.050836
vt 0.473515 -2.918191
vt 0.026685 -2.851868
vt 0.473515 -2.785545
vt 0.026685 -2.719223
vt 0.473515 -2.652900
vt 0.026685 -2.586578
vt 0.473515 -2.520255
vt 0.026685 -2.453933
vt 0.473515 -2.387610
vt 0.026685 -2.321288
vt 0.473515 -2.254965
vt 0.026685 -2.188643
vt 0.473515 -2.122320
vt 0.026685 -2.055998
vt 0.473515 -1.989675
vt 0.026685 -1.923353
vt 0.473515 -1.857030
vt 0.026685 -1.790708
vt 0.473515 -1.724385
vt 0.026685 -1.658063
vt 0.473515 -1.591740
vt 0.026685 -1.525418
vt 0.473515 -1.459095
vt 0.026685 -1.392773
vt 0.473515 -1.326450
vt 0.026685 -1.260128
vt 0.473515 -1.193805
vt 0.026685 -1.127483
vt 0.473515 -1.061160
vt 0.026685 -0.994838
vt 0.473515 -0.928515
vt 0.026685 -0.862193
vt 0.473515 -0.795870
vt 0.026685 -0.729548
vt 0.473515 -0.663225
vt 0.026685 -0.596903
vt 0.473515 -0.530580
vt 0.026685 -0.464258
vt 0.473515 -0.397935
vt 0.026685 -0.331613
vt 0.473515 -0.265290
vt 0.026685 -0.198968
vt 0.473515 -0.132645
vt 0.026685 -0.066323
vt 0.473515 0.000000
vt 0.026685 0.066323
vt 0.473515 0.132645
vt 0.026685 0.198968
vt 0.473515 0.265290
vt 0.026685 0.331613
vt 0.473515 0.397935
vt 0.026685 0.464258
vt 0.473515 0.530580
vt 0.026685 0.596903
vt 0.473515 0.663225
vt 0.026685 0.729548
vt 0.473515 0.795870
vt 0.026685 0.862193
vt 0.473515 0.928515
vt 0.026685 0.994838
vt 0.473515 1.061160
vt 0.026685 1.127483
vt 0.473515 1.193805
vt 0.026685 1.260128
vt 0.473515 1.326450
vt 0.026685 1.392773
vt 0.473515 1.459095
vt 0.026685 1.525418
vt 0.473515 1.591740
vt 0.026685 1.658063
vt 0.473515 1.724385
vt 0.026685 1.790708
vt 0.473515 1.857030
vt 0.026685 1.923353
vt 0.473515 1.989675
vt 0.026685 2.055998
vt 0.473515 2.122320
vt 0.026685 2.188643
vt 0.473515 2.254965
vt 0.026685 2.321288
vt 0.473515 2.387610
vt 0.026685 2.453933
vt 0.473515 2.520255
vt 0.026685 2.586578
vt 0.473515 2.652900
vt 0.026685 2.719223
vt 0.473515 2.785545
vt -3.000000 -0.500000
vt -2.803621 -0.611054
vt -2.599074 -0.706227
vt -2.387639 -0.784922
vt -2.170643 -0.846647
vt -0.829357 -0.846647
vt -0.612361 -0.784922
vt -0.400926 -0.706227
vt -0.196379 -0.611054
vt -1.050557 -0.891014
vt -1.949443 -0.891014
vt -1.274572 -0.917746
vt -1.725428 -0.917746
vt -1.500000 -0.926676
vt -5.000000 -0.500000
vt -5.000000 0.000000
vt -1.500000 0.000000
vt -1.500000 -0.500000
vt 5.000000 -0.500000
vt 5.000000 0.000000
vt 3.000000 -0.500000
vt 1.500000 0.000000
vt 1.500000 -0.500000
vt -1.500000 -1.000000
vt -0.854419 -0.480416
vt -1.500000 2.500000
vt -0.775711 -0.368912
vt -0.682553 -0.269164
vt -1.490568 -1.167947
vt -1.000000 -1.000000
vt -0.990686 -0.863833
vt -0.962917 -0.730203
vt -0.990686 -1.136167
vt -1.462392 -1.333781
vt -1.415825 -1.495419
vt -0.962917 -1.269797
vt -1.351453 -1.650826
vt -1.270086 -1.798048
vt -0.917211 -1.398401
vt -1.172747 -1.935235
vt -0.854419 -1.519584
vt -1.060660 -2.060660
vt -0.775711 -1.631088
vt -0.935235 -2.172747
vt -0.682553 -1.730836
vt -0.798048 -2.270086
vt -0.576680 -1.816970
vt -0.650826 -2.351453
vt -0.460065 -1.887885
vt -0.495419 -2.415825
vt -0.334880 -1.942261
vt -0.333781 -2.462392
vt -0.203456 -1.979084
vt -0.167947 -2.490568
vt -0.068242 -1.997669
vt 0.000000 -2.500000
vt 0.068242 -1.997669
vt 0.167947 -2.490568
vt 0.203456 -1.979084
vt 0.333781 -2.462392
vt 0.334880 -1.942261
vt 0.495419 -2.415825
vt 0.460065 -1.887885
vt 0.650826 -2.351453
vt 0.576680 -1.816970
vt 0.798048 -2.270086
vt 0.682553 -1.730836
vt 0.935235 -2.172747
vt 0.775711 -1.631088
vt 1.060660 -2.060660
vt 0.854419 -1.519584
vt 1.172747 -1.935235
vt 0.917211 -1.398401
vt 1.270086 -1.798048
vt 0.962917 -1.269797
vt 1.351453 -1.650826
vt 1.415825 -1.495419
vt 0.990686 -1.136167
vt 1.462392 -1.333781
vt 1.490568 -1.167947
vt 1.000000 -1.000000
vt 1.500000 -1.000000
vt 0.990686 -0.863833
vt 0.962917 -0.730203
vt 0.917211 -0.601599
vt 0.854419 -0.480416
vt 1.500000 2.500000
vt 0.775711 -0.368912
vt 0.682553 -0.269164
vt 0.225000 1.000000
vt 0.576680 -0.183030
vt 0.215886 0.936610
vt 0.460065 -0.112115
vt 0.189282 0.878356
vt 0.334880 -0.057739
vt 0.147344 0.829956
vt 0.203456 -0.020916
vt 0.093468 0.795333
vt 0.068242 -0.002331
vt 0.032021 0.777290
vt -0.032021 0.777290
vt 0.032021 2.222710
vt 0.093468 2.204667
vt 0.147344 2.170044
vt -0.917211 -0.601599
vt -0.225000 1.000000
vt -0.576680 -0.183030
vt -0.215886 0.936610
vt -0.460065 -0.112115
vt -0.189282 0.878356
vt -0.334880 -0.057739
vt -0.147344 0.829956
vt -0.203456 -0.020916
vt -0.093468 0.795333
vt -0.068242 -0.002331
vt 0.215886 2.063390
vt 0.225000 2.000000
vt 0.215886 1.936610
vt 0.215886 1.063390
vt 0.189282 1.121644
vt 0.189282 1.878356
vt 0.147344 1.829956
vt 0.147344 1.170044
vt 0.093468 1.795333
vt 0.093468 1.204667
vt 0.032021 1.777290
vt 0.032021 1.222710
vt -0.032021 1.777290
vt -0.032021 1.222710
vt -0.093468 1.204667
vt -0.093468 1.795333
vt -0.147344 1.170044
vt -0.147344 1.829956
vt -0.189282 1.121644
vt -0.189282 1.878356
vt -0.215886 1.936610
vt -0.225000 2.000000
vt -0.215886 1.063390
vt -0.215886 2.063390
vt -0.189282 2.121644
vt -0.147344 2.170044
vt -0.093468 2.204667
vt -0.032021 2.222710
vt 0.189282 2.121644
vt 1.500000 0.500000
vt -1.500000 0.500000
vt -0.500000 -4.712389
vt -0.000000 -4.712389
vt -0.500000 -4.544089
vt -0.000000 -4.544089
vt -0.500000 -4.375790
vt -0.000000 -4.375790
vt -0.500000 -4.207490
vt -0.000000 -4.207490
vt -0.500000 -4.039191
vt -0.000000 -4.039191
vt -0.500000 -3.870891
vt -0.000000 -3.870891
vt -0.500000 -3.702591
vt -0.000000 -3.702591
vt -0.500000 -3.534292
vt -0.000000 -3.534292
vt -0.500000 -3.365992
vt -0.000000 -3.365992
vt -0.500000 -3.197693
vt -0.000000 -3.197693
vt -0.500000 -3.029393
vt -0.000000 -3.029393
vt -0.500000 -2.861093
vt -0.000000 -2.861093
vt -0.500000 -2.692794
vt -0.000000 -2.692794
vt -0.500000 -2.524494
vt -0.000000 -2.524494
vt -0.500000 -2.356194
vt -0.000000 -2.356194
vt -0.500000 -2.187895
vt 0.000000 -2.187895
vt -0.500000 -2.019595
vt 0.000000 -2.019595
vt -0.500000 -1.851296
vt 0.000000 -1.851296
vt -0.500000 -1.682996
vt 0.000000 -1.682996
vt -0.500000 -1.514696
vt 0.000000 -1.514696
vt -0.500000 -1.346397
vt -0.000000 -1.346397
vt -0.500000 -1.178097
vt -0.500000 -1.009798
vt 0.000000 -1.009798
vt -0.500000 -0.841498
vt 0.000000 -0.841498
vt -0.500000 -0.673198
vt 0.000000 -0.673198
vt -0.500000 -0.504899
vt 0.000000 -0.504899
vt -0.500000 -0.336599
vt 0.000000 -0.336599
vt -0.500000 -0.168300
vt 0.000000 -0.168300
vt -0.500000 0.000000
vt -2.000000 -2.897123
vt -2.000000 -3.122787
vt -0.000000 -2.897123
vt -0.000000 -3.122787
vt -2.000000 -3.348451
vt -0.000000 -3.348451
vt -2.000000 -3.574115
vt -0.000000 -3.574115
vt -2.000000 -3.799778
vt -0.000000 -3.799778
vt -2.000000 -4.025442
vt -0.000000 -4.025442
vt -2.000000 -4.251106
vt -0.000000 -4.251106
vt -2.000000 -4.476770
vt -2.000000 -4.702433
vt -2.000000 -4.928097
vt -0.000000 -4.702433
vt -0.000000 -4.928097
vt -2.000000 -5.153761
vt -0.000000 -5.153761
vt -2.000000 -5.379425
vt -0.000000 -5.379425
vt -2.000000 -5.605088
vt -0.000000 -5.605088
vt -2.000000 -5.830752
vt -0.000000 -5.830752
vt -2.000000 -6.056416
vt -0.000000 -6.056416
vt 1.500000 -2.423324
vt -1.500000 -2.423324
vt 1.303621 -2.534378
vt -1.303621 -2.534378
vt 1.099074 -2.629551
vt -1.099074 -2.629551
vt 0.887639 -2.708246
vt -0.887639 -2.708246
vt 0.670643 -2.769971
vt -0.670643 -2.769971
vt 0.449443 -2.814338
vt -0.449443 -2.814338
vt 0.225428 -2.841071
vt -0.225428 -2.841071
s 1
usemtl 191,191,191.004
f 92/1/1 1/2/2 100/3/3
f 100/3/3 1/2/2 2/4/4
f 100/3/3 2/4/4 105/5/5
f 105/5/5 2/4/4 3/6/6
f 105/5/5 3/6/6 110/7/7
f 110/7/7 3/6/6 4/8/8
f 110/7/7 4/8/8 115/9/9
f 115/9/9 4/8/8 5/10/10
f 115/9/9 5/10/10 93/11/11
f 93/12/11 5/13/10 6/14/12
f 93/12/11 6/14/12 120/15/13
f 120/15/13 6/14/12 7/16/14
f 120/15/13 7/16/14 125/17/15
f 125/17/15 7/16/14 8/18/16
f 125/17/15 8/18/16 130/19/17
f 130/19/17 8/18/16 9/20/18
f 130/19/17 9/20/18 135/21/19
f 135/21/19 9/20/18 10/22/20
f 135/21/19 10/22/20 140/23/21
f 140/23/21 10/22/20 11/24/22
f 140/23/21 11/24/22 145/25/23
f 145/25/23 11/24/22 12/26/24
f 145/25/23 12/26/24 150/27/25
f 150/27/25 12/26/24 13/28/26
f 150/27/25 13/28/26 155/29/27
f 155/29/27 13/28/26 14/30/28
f 155/29/27 14/30/28 160/31/29
f 160/31/29 14/30/28 15/32/30
f 160/31/29 15/32/30 165/33/31
f 165/33/31 15/32/30 16/34/32
f 165/33/31 16/34/32 170/35/33
f 170/35/33 16/34/32 17/36/34
f 170/35/33 17/36/34 175/37/35
f 175/37/35 17/36/34 18/38/36
f 175/37/35 18/38/36 180/39/37
f 180/39/37 18/38/36 19/40/38
f 180/39/37 19/40/38 185/41/39
f 185/41/39 19/40/38 20/42/40
f 185/41/39 20/42/40 190/43/41
f 190/43/41 20/42/40 21/44/42
f 190/43/41 21/44/42 195/45/43
f 195/45/43 21/44/42 22/46/44
f 195/45/43 22/46/44 23/47/45
f 195/45/43 23/47/45 200/48/46
f 200/48/46 23/47/45 24/49/47
f 200/48/46 24/49/47 204/50/48
f 204/50/48 24/49/47 25/51/49
f 204/50/48 25/51/49 208/52/50
f 208/52/50 25/51/49 26/53/51
f 208/52/50 26/53/51 213/54/52
f 213/54/52 26/53/51 27/55/53
f 213/54/52 27/55/53 218/56/54
f 218/56/54 27/55/53 28/57/55
f 218/56/54 28/57/55 223/58/56
f 223/58/56 28/57/55 29/59/57
f 223/58/56 29/59/57 228/60/58
f 228/60/58 29/59/57 30/61/59
f 228/60/58 30/61/59 233/62/60
f 233/62/60 30/61/59 31/63/61
f 233/62/60 31/63/61 238/64/62
f 238/64/62 31/63/61 32/65/63
f 238/64/62 32/65/63 243/66/64
f 243/66/64 32/65/63 33/67/65
f 243/66/64 33/67/65 248/68/66
f 248/68/66 33/67/65 34/69/67
f 248/68/66 34/69/67 253/70/68
f 253/70/68 34/69/67 35/71/69
f 253/70/68 35/71/69 258/72/70
f 258/72/70 35/71/69 36/73/71
f 258/72/70 36/73/71 263/74/72
f 263/74/72 36/73/71 37/75/73
f 263/74/72 37/75/73 268/76/74
f 268/76/74 37/75/73 38/77/75
f 268/76/74 38/77/75 273/78/76
f 273/78/76 38/77/75 39/79/77
f 273/78/76 39/79/77 278/80/78
f 278/80/78 39/79/77 40/81/79
f 278/80/78 40/81/79 283/82/80
f 283/82/80 40/81/79 41/83/81
f 283/82/80 41/83/81 288/84/82
f 288/84/82 41/83/81 42/85/83
f 288/84/82 42/85/83 293/86/84
f 293/86/84 42/85/83 43/87/85
f 293/86/84 43/87/85 44/88/86
f 293/86/84 44/88/86 294/89/87
f 294/89/87 44/88/86 45/90/88
f 294/89/87 45/90/88 295/91/89
f 295/91/89 45/90/88 46/92/90
f 295/91/89 46/92/90 296/93/91
f 296/93/91 46/92/90 47/94/92
f 296/93/91 47/94/92 297/95/93
f 297/95/93 47/94/92 48/96/94
f 297/95/93 48/96/94 49/97/94
f 297/95/93 49/97/94 292/98/95
f 292/98/95 49/97/94 50/99/94
f 292/98/95 50/99/94 287/100/96
f 287/100/96 50/99/94 51/101/94
f 287/100/96 51/101/94 282/102/97
f 282/102/97 51/101/94 52/103/94
f 282/102/97 52/103/94 277/104/98
f 277/104/98 52/103/94 53/105/94
f 277/104/98 53/105/94 272/106/99
f 272/106/99 53/105/94 54/107/94
f 272/106/99 54/107/94 267/108/100
f 267/108/100 54/107/94 55/109/94
f 267/108/100 55/109/94 262/110/101
f 262/110/101 55/109/94 56/111/94
f 262/110/101 56/111/94 257/112/102
f 257/112/102 56/111/94 57/113/94
f 257/112/102 57/113/94 252/114/103
f 252/114/103 57/113/94 58/115/94
f 252/114/103 58/115/94 247/116/104
f 247/116/104 58/115/94 59/117/94
f 247/116/104 59/117/94 242/118/105
f 242/118/105 59/117/94 60/119/94
f 242/118/105 60/119/94 237/120/106
f 237/120/106 60/119/94 61/121/94
f 237/120/106 61/121/94 232/122/107
f 232/122/107 61/121/94 62/123/94
f 232/122/107 62/123/94 227/124/108
f 227/124/108 62/123/94 63/125/94
f 227/124/108 63/125/94 222/126/109
f 222/126/109 63/125/94 64/127/94
f 222/126/109 64/127/94 217/128/110
f 217/128/110 64/127/94 65/129/94
f 217/128/110 65/129/94 212/130/111
f 212/130/111 65/129/94 66/131/94
f 212/130/111 66/131/94 98/132/112
f 98/132/112 66/131/94 67/133/94
f 98/132/112 67/133/94 99/134/113
f 99/134/113 67/133/94 68/135/94
f 99/134/113 68/135/94 199/136/114
f 199/136/114 68/135/94 194/137/115
f 199/136/114 194/137/115 193/138/116
f 193/138/116 194/137/115 188/139/117
f 193/138/116 188/139/117 187/140/118
f 187/140/118 188/139/117 182/141/119
f 187/140/118 182/141/119 181/142/120
f 181/142/120 182/141/119 176/143/121
f 181/142/120 176/143/121 175/37/35
f 175/37/35 176/143/121 170/35/33
f 68/135/94 69/144/94 194/137/115
f 194/137/115 69/144/94 189/145/122
f 194/137/115 189/145/122 188/139/117
f 188/139/117 189/145/122 183/146/123
f 188/139/117 183/146/123 182/141/119
f 182/141/119 183/146/123 177/147/124
f 182/141/119 177/147/124 176/143/121
f 176/143/121 177/147/124 171/148/125
f 176/143/121 171/148/125 170/35/33
f 170/35/33 171/148/125 165/33/31
f 69/144/94 70/149/94 189/145/122
f 189/145/122 70/149/94 184/150/126
f 189/145/122 184/150/126 183/146/123
f 183/146/123 184/150/126 178/151/127
f 183/146/123 178/151/127 177/147/124
f 177/147/124 178/151/127 172/152/128
f 177/147/124 172/152/128 171/148/125
f 171/148/125 172/152/128 166/153/129
f 171/148/125 166/153/129 165/33/31
f 165/33/31 166/153/129 160/31/29
f 70/149/94 71/154/94 184/150/126
f 184/150/126 71/154/94 179/155/130
f 184/150/126 179/155/130 178/151/127
f 178/151/127 179/155/130 173/156/131
f 178/151/127 173/156/131 172/152/128
f 172/152/128 173/156/131 167/157/132
f 172/152/128 167/157/132 166/153/129
f 166/153/129 167/157/132 161/158/133
f 166/153/129 161/158/133 160/31/29
f 160/31/29 161/158/133 155/29/27
f 71/154/94 72/159/94 179/155/130
f 179/155/130 72/159/94 174/160/134
f 179/155/130 174/160/134 173/156/131
f 173/156/131 174/160/134 168/161/135
f 173/156/131 168/161/135 167/157/132
f 167/157/132 168/161/135 162/162/136
f 167/157/132 162/162/136 161/158/133
f 161/158/133 162/162/136 156/163/137
f 161/158/133 156/163/137 155/29/27
f 155/29/27 156/163/137 150/27/25
f 72/159/94 73/164/94 174/160/134
f 174/160/134 73/164/94 169/165/138
f 174/160/134 169/165/138 168/161/135
f 168/161/135 169/165/138 163/166/139
f 168/161/135 163/166/139 162/162/136
f 162/162/136 163/166/139 157/167/140
f 162/162/136 157/167/140 156/163/137
f 156/163/137 157/167/140 151/168/141
f 156/163/137 151/168/141 150/27/25
f 150/27/25 151/168/141 145/25/23
f 73/164/94 74/169/94 169/165/138
f 169/165/138 74/169/94 164/170/142
f 169/165/138 164/170/142 163/166/139
f 163/166/139 164/170/142 158/171/143
f 163/166/139 158/171/143 157/167/140
f 157/167/140 158/171/143 152/172/144
f 157/167/140 152/172/144 151/168/141
f 151/168/141 152/172/144 146/173/145
f 151/168/141 146/173/145 145/25/23
f 145/25/23 146/173/145 140/23/21
f 74/169/94 75/174/94 164/170/142
f 164/170/142 75/174/94 159/175/146
f 164/170/142 159/175/146 158/171/143
f 158/171/143 159/175/146 153/176/147
f 158/171/143 153/176/147 152/172/144
f 152/172/144 153/176/147 147/177/148
f 152/172/144 147/177/148 146/173/145
f 146/173/145 147/177/148 141/178/149
f 146/173/145 141/178/149 140/23/21
f 140/23/21 141/178/149 135/21/19
f 75/174/94 76/179/94 159/175/146
f 159/175/146 76/179/94 154/180/150
f 159/175/146 154/180/150 153/176/147
f 153/176/147 154/180/150 148/181/151
f 153/176/147 148/181/151 147/177/148
f 147/177/148 148/181/151 142/182/152
f 147/177/148 142/182/152 141/178/149
f 141/178/149 142/182/152 136/183/153
f 141/178/149 136/183/153 135/21/19
f 135/21/19 136/183/153 130/19/17
f 76/179/94 77/184/94 154/180/150
f 154/180/150 77/184/94 149/185/154
f 154/180/150 149/185/154 148/181/151
f 148/181/151 149/185/154 143/186/155
f 148/181/151 143/186/155 142/182/152
f 142/182/152 143/186/155 137/187/156
f 142/182/152 137/187/156 136/183/153
f 136/183/153 137/187/156 131/188/157
f 136/183/153 131/188/157 130/19/17
f 130/19/17 131/188/157 125/17/15
f 77/184/94 78/189/94 149/185/154
f 149/185/154 78/189/94 144/190/158
f 149/185/154 144/190/158 143/186/155
f 143/186/155 144/190/158 138/191/159
f 143/186/155 138/191/159 137/187/156
f 137/187/156 138/191/159 132/192/160
f 137/187/156 132/192/160 131/188/157
f 131/188/157 132/192/160 126/193/161
f 131/188/157 126/193/161 125/17/15
f 125/17/15 126/193/161 120/15/13
f 78/189/94 79/194/94 144/190/158
f 144/190/158 79/194/94 139/195/162
f 144/190/158 139/195/162 138/191/159
f 138/191/159 139/195/162 133/196/163
f 138/191/159 133/196/163 132/192/160
f 132/192/160 133/196/163 127/197/164
f 132/192/160 127/197/164 126/193/161
f 126/193/161 127/197/164 121/198/165
f 126/193/161 121/198/165 120/15/13
f 120/15/13 121/198/165 93/12/11
f 79/194/94 80/199/94 139/195/162
f 139/195/162 80/199/94 134/200/166
f 139/195/162 134/200/166 133/196/163
f 133/196/163 134/200/166 128/201/167
f 133/196/163 128/201/167 127/197/164
f 127/197/164 128/201/167 122/202/168
f 127/197/164 122/202/168 121/198/165
f 121/198/165 122/202/168 94/203/169
f 121/198/165 94/203/169 93/12/11
f 93/11/11 94/204/169 115/9/9
f 80/199/94 81/205/94 134/200/166
f 134/200/166 81/205/94 129/206/170
f 134/200/166 129/206/170 128/201/167
f 128/201/167 129/206/170 123/207/171
f 128/201/167 123/207/171 122/202/168
f 122/202/168 123/207/171 95/208/172
f 122/202/168 95/208/172 94/203/169
f 94/204/169 95/209/172 116/210/173
f 94/204/169 116/210/173 115/9/9
f 115/9/9 116/210/173 110/7/7
f 81/205/94 82/211/94 129/206/170
f 129/206/170 82/211/94 124/212/174
f 129/206/170 124/212/174 123/207/171
f 123/207/171 124/212/174 96/213/175
f 123/207/171 96/213/175 95/208/172
f 95/209/172 96/214/175 117/215/176
f 95/209/172 117/215/176 116/210/173
f 116/210/173 117/215/176 111/216/177
f 116/210/173 111/216/177 110/7/7
f 110/7/7 111/216/177 105/5/5
f 82/211/94 83/217/94 124/212/174
f 124/212/174 83/217/94 97/218/178
f 124/212/174 97/218/178 96/213/175
f 96/214/175 97/219/178 118/220/179
f 96/214/175 118/220/179 117/215/176
f 117/215/176 118/220/179 112/221/180
f 117/215/176 112/221/180 111/216/177
f 111/216/177 112/221/180 106/222/181
f 111/216/177 106/222/181 105/5/5
f 105/5/5 106/222/181 100/3/3
f 83/223/94 84/224/94 97/219/178
f 97/219/178 84/224/94 119/225/182
f 97/219/178 119/225/182 118/220/179
f 118/220/179 119/225/182 113/226/183
f 118/220/179 113/226/183 112/221/180
f 112/221/180 113/226/183 107/227/184
f 112/221/180 107/227/184 106/222/181
f 106/222/181 107/227/184 101/228/185
f 106/222/181 101/228/185 100/3/3
f 100/3/3 101/228/185 92/1/1
f 84/224/94 85/229/94 119/225/182
f 119/225/182 85/229/94 114/230/186
f 119/225/182 114/230/186 113/226/183
f 113/226/183 114/230/186 108/231/187
f 113/226/183 108/231/187 107/227/184
f 107/227/184 108/231/187 102/232/188
f 107/227/184 102/232/188 101/228/185
f 101/228/185 102/232/188 91/233/189
f 101/228/185 91/233/189 92/1/1
f 85/229/94 86/234/94 114/230/186
f 114/230/186 86/234/94 109/235/190
f 114/230/186 109/235/190 108/231/187
f 108/231/187 109/235/190 103/236/191
f 108/231/187 103/236/191 102/232/188
f 102/232/188 103/236/191 90/237/192
f 102/232/188 90/237/192 91/233/189
f 86/234/94 87/238/94 109/235/190
f 109/235/190 87/238/94 104/239/193
f 109/235/190 104/239/193 103/236/191
f 103/236/191 104/239/193 89/240/194
f 103/236/191 89/240/194 90/237/192
f 87/238/94 88/241/94 104/239/193
f 104/239/193 88/241/94 89/240/194
f 175/37/35 180/39/37 181/142/120
f 181/142/120 180/39/37 186/242/195
f 181/142/120 186/242/195 187/140/118
f 187/140/118 186/242/195 192/243/196
f 187/140/118 192/243/196 193/138/116
f 193/138/116 192/243/196 198/244/197
f 193/138/116 198/244/197 199/136/114
f 199/136/114 198/244/197 203/245/198
f 199/136/114 203/245/198 99/134/113
f 99/134/113 203/245/198 207/246/199
f 99/134/113 207/246/199 98/132/112
f 98/132/112 207/246/199 211/247/200
f 98/132/112 211/247/200 212/130/111
f 212/130/111 211/247/200 217/128/110
f 180/39/37 185/41/39 186/242/195
f 186/242/195 185/41/39 191/248/201
f 186/242/195 191/248/201 192/243/196
f 192/243/196 191/248/201 197/249/202
f 192/243/196 197/249/202 198/244/197
f 198/244/197 197/249/202 202/250/203
f 198/244/197 202/250/203 203/245/198
f 203/245/198 202/250/203 206/251/204
f 203/245/198 206/251/204 207/246/199
f 207/246/199 206/251/204 210/252/205
f 207/246/199 210/252/205 211/247/200
f 211/247/200 210/252/205 216/253/206
f 211/247/200 216/253/206 217/128/110
f 217/128/110 216/253/206 222/126/109
f 191/248/201 185/41/39 190/43/41
f 191/248/201 190/43/41 196/254/207
f 196/254/207 190/43/41 195/45/43
f 196/254/207 195/45/43 200/48/46
f 191/248/201 196/254/207 197/249/202
f 197/249/202 196/254/207 201/255/208
f 197/249/202 201/255/208 202/250/203
f 202/250/203 201/255/208 205/256/209
f 202/250/203 205/256/209 206/251/204
f 206/251/204 205/256/209 209/257/210
f 206/251/204 209/257/210 210/252/205
f 210/252/205 209/257/210 215/258/211
f 210/252/205 215/258/211 216/253/206
f 216/253/206 215/258/211 221/259/212
f 216/253/206 221/259/212 222/126/109
f 222/126/109 221/259/212 227/124/108
f 201/255/208 196/254/207 200/48/46
f 205/256/209 201/255/208 204/50/48
f 204/50/48 201/255/208 200/48/46
f 209/257/210 205/256/209 208/52/50
f 208/52/50 205/256/209 204/50/48
f 209/257/210 208/52/50 214/260/213
f 214/260/213 208/52/50 213/54/52
f 214/260/213 213/54/52 219/261/214
f 219/261/214 213/54/52 218/56/54
f 219/261/214 218/56/54 224/262/215
f 224/262/215 218/56/54 223/58/56
f 224/262/215 223/58/56 229/263/216
f 229/263/216 223/58/56 228/60/58
f 229/263/216 228/60/58 234/264/217
f 234/264/217 228/60/58 233/62/60
f 234/264/217 233/62/60 239/265/218
f 239/265/218 233/62/60 238/64/62
f 239/265/218 238/64/62 244/266/219
f 244/266/219 238/64/62 243/66/64
f 244/266/219 243/66/64 249/267/220
f 249/267/220 243/66/64 248/68/66
f 249/267/220 248/68/66 254/268/221
f 254/268/221 248/68/66 253/70/68
f 254/268/221 253/70/68 259/269/222
f 259/269/222 253/70/68 258/72/70
f 259/269/222 258/72/70 264/270/223
f 264/270/223 258/72/70 263/74/72
f 264/270/223 263/74/72 269/271/224
f 269/271/224 263/74/72 268/76/74
f 269/271/224 268/76/74 274/272/225
f 274/272/225 268/76/74 273/78/76
f 274/272/225 273/78/76 279/273/226
f 279/273/226 273/78/76 278/80/78
f 279/273/226 278/80/78 284/274/227
f 284/274/227 278/80/78 283/82/80
f 284/274/227 283/82/80 289/275/228
f 289/275/228 283/82/80 288/84/82
f 289/275/228 288/84/82 294/89/87
f 294/89/87 288/84/82 293/86/84
f 209/257/210 214/260/213 215/258/211
f 215/258/211 214/260/213 220/276/229
f 215/258/211 220/276/229 221/259/212
f 221/259/212 220/276/229 226/277/230
f 221/259/212 226/277/230 227/124/108
f 227/124/108 226/277/230 232/122/107
f 220/276/229 214/260/213 219/261/214
f 220/276/229 219/261/214 225/278/231
f 225/278/231 219/261/214 224/262/215
f 225/278/231 224/262/215 230/279/232
f 230/279/232 224/262/215 229/263/216
f 230/279/232 229/263/216 235/280/233
f 235/280/233 229/263/216 234/264/217
f 235/280/233 234/264/217 240/281/234
f 240/281/234 234/264/217 239/265/218
f 240/281/234 239/265/218 245/282/235
f 245/282/235 239/265/218 244/266/219
f 245/282/235 244/266/219 250/283/236
f 250/283/236 244/266/219 249/267/220
f 250/283/236 249/267/220 255/284/237
f 255/284/237 249/267/220 254/268/221
f 255/284/237 254/268/221 260/285/238
f 260/285/238 254/268/221 259/269/222
f 260/285/238 259/269/222 265/286/239
f 265/286/239 259/269/222 264/270/223
f 265/286/239 264/270/223 270/287/240
f 270/287/240 264/270/223 269/271/224
f 270/287/240 269/271/224 275/288/241
f 275/288/241 269/271/224 274/272/225
f 275/288/241 274/272/225 280/289/242
f 280/289/242 274/272/225 279/273/226
f 280/289/242 279/273/226 285/290/243
f 285/290/243 279/273/226 284/274/227
f 285/290/243 284/274/227 290/291/244
f 290/291/244 284/274/227 289/275/228
f 290/291/244 289/275/228 295/91/89
f 295/91/89 289/275/228 294/89/87
f 220/276/229 225/278/231 226/277/230
f 226/277/230 225/278/231 231/292/245
f 226/277/230 231/292/245 232/122/107
f 232/122/107 231/292/245 237/120/106
f 231/292/245 225/278/231 230/279/232
f 231/292/245 230/279/232 236/293/246
f 236/293/246 230/279/232 235/280/233
f 236/293/246 235/280/233 241/294/247
f 241/294/247 235/280/233 240/281/234
f 241/294/247 240/281/234 246/295/248
f 246/295/248 240/281/234 245/282/235
f 246/295/248 245/282/235 251/296/249
f 251/296/249 245/282/235 250/283/236
f 251/296/249 250/283/236 256/297/250
f 256/297/250 250/283/236 255/284/237
f 256/297/250 255/284/237 261/298/251
f 261/298/251 255/284/237 260/285/238
f 261/298/251 260/285/238 266/299/252
f 266/299/252 260/285/238 265/286/239
f 266/299/252 265/286/239 271/300/253
f 271/300/253 265/286/239 270/287/240
f 271/300/253 270/287/240 276/301/254
f 276/301/254 270/287/240 275/288/241
f 276/301/254 275/288/241 281/302/255
f 281/302/255 275/288/241 280/289/242
f 281/302/255 280/289/242 286/303/256
f 286/303/256 280/289/242 285/290/243
f 286/303/256 285/290/243 291/304/257
f 291/304/257 285/290/243 290/291/244
f 291/304/257 290/291/244 296/93/91
f 296/93/91 290/291/244 295/91/89
f 242/118/105 237/120/106 236/293/246
f 236/293/246 237/120/106 231/292/245
f 242/118/105 236/293/246 241/294/247
f 247/116/104 242/118/105 241/294/247
f 247/116/104 241/294/247 246/295/248
f 252/114/103 247/116/104 246/295/248
f 252/114/103 246/295/248 251/296/249
f 257/112/102 252/114/103 251/296/249
f 257/112/102 251/296/249 256/297/250
f 262/110/101 257/112/102 256/297/250
f 262/110/101 256/297/250 261/298/251
f 267/108/100 262/110/101 261/298/251
f 267/108/100 261/298/251 266/299/252
f 272/106/99 267/108/100 266/299/252
f 272/106/99 266/299/252 271/300/253
f 277/104/98 272/106/99 271/300/253
f 277/104/98 271/300/253 276/301/254
f 282/102/97 277/104/98 276/301/254
f 282/102/97 276/301/254 281/302/255
f 287/100/96 282/102/97 281/302/255
f 287/100/96 281/302/255 286/303/256
f 292/98/95 287/100/96 286/303/256
f 292/98/95 286/303/256 291/304/257
f 297/95/93 292/98/95 291/304/257
f 297/95/93 291/304/257 296/93/91
f 299/305/258 316/306/259 298/307/260
f 298/307/260 316/306/259 317/308/261
f 298/307/260 317/308/261 311/309/262
f 311/309/262 317/308/261 318/310/263
f 311/309/262 318/310/263 310/311/264
f 310/311/264 318/310/263 319/312/265
f 310/311/264 319/312/265 309/313/266
f 309/314/266 319/315/265 320/316/267
f 309/314/266 320/316/267 308/317/268
f 308/317/268 320/316/267 321/318/269
f 308/317/268 321/318/269 307/319/270
f 307/319/270 321/318/269 322/320/271
f 307/319/270 322/320/271 306/321/272
f 306/321/272 322/320/271 323/322/273
f 306/321/272 323/322/273 305/323/274
f 305/323/274 323/322/273 324/324/275
f 305/323/274 324/324/275 304/325/276
f 304/325/276 324/324/275 325/326/277
f 304/325/276 325/326/277 303/327/278
f 303/327/278 325/326/277 312/328/279
f 303/327/278 312/328/279 302/329/280
f 302/329/280 312/328/279 313/330/281
f 302/329/280 313/330/281 301/331/282
f 301/331/282 313/330/281 314/332/283
f 301/331/282 314/332/283 300/333/284
f 300/333/284 314/332/283 315/334/285
f 300/333/284 315/334/285 299/305/258
f 299/305/258 315/334/285 316/306/259
f 327/335/286 342/332/287 326/336/288
f 326/336/288 342/332/287 343/334/285
f 326/336/288 343/334/285 339/337/289
f 339/337/289 343/334/285 344/306/259
f 339/337/289 344/306/259 338/338/290
f 338/338/290 344/306/259 345/308/291
f 338/338/290 345/308/291 337/339/292
f 337/339/292 345/308/291 346/310/263
f 337/339/292 346/310/263 336/340/293
f 336/340/293 346/310/263 347/312/265
f 336/340/293 347/312/265 335/341/294
f 335/342/294 347/315/265 348/316/267
f 335/342/294 348/316/267 334/343/295
f 334/343/295 348/316/267 349/318/269
f 334/343/295 349/318/269 333/344/296
f 333/344/296 349/318/269 350/320/271
f 333/344/296 350/320/271 332/345/297
f 332/345/297 350/320/271 351/322/273
f 332/345/297 351/322/273 331/346/298
f 331/346/298 351/322/273 352/324/275
f 331/346/298 352/324/275 330/347/299
f 330/347/299 352/324/275 353/326/277
f 330/347/299 353/326/277 329/348/300
f 329/348/300 353/326/277 340/328/279
f 329/348/300 340/328/279 328/349/301
f 328/349/301 340/328/279 341/330/281
f 328/349/301 341/330/281 327/335/286
f 327/335/286 341/330/281 342/332/287
f 355/350/302 370/328/279 354/351/303
f 354/351/303 370/328/279 371/330/281
f 354/351/303 371/330/281 369/352/304
f 369/352/304 371/330/281 372/332/283
f 369/352/304 372/332/283 368/353/305
f 368/353/305 372/332/283 367/354/306
f 367/354/306 372/332/283 373/334/285
f 367/354/306 373/334/285 366/355/307
f 366/355/307 373/334/285 374/306/259
f 366/355/307 374/306/259 365/356/308
f 365/356/308 374/306/259 375/308/291
f 365/356/308 375/308/291 364/357/309
f 364/357/309 375/308/291 376/310/263
f 364/357/309 376/310/263 363/358/310
f 363/358/310 376/310/263 377/312/265
f 363/358/310 377/312/265 362/359/311
f 362/360/311 377/315/265 378/316/267
f 362/360/311 378/316/267 361/361/312
f 361/361/312 378/316/267 379/318/269
f 361/361/312 379/318/269 360/362/313
f 360/362/313 379/318/269 380/320/271
f 360/362/313 380/320/271 359/363/314
f 359/363/314 380/320/271 381/322/273
f 359/363/314 381/322/273 358/364/315
f 358/364/315 381/322/273 382/324/316
f 358/364/315 382/324/316 357/365/317
f 357/365/317 382/324/316 383/326/318
f 357/365/317 383/326/318 356/366/319
f 356/366/319 383/326/318 370/328/279
f 356/366/319 370/328/279 355/350/302
f 385/367/320 404/306/259 384/368/321
f 384/368/321 404/306/259 405/308/291
f 384/368/321 405/308/291 399/369/322
f 399/369/322 405/308/291 398/370/323
f 398/370/323 405/308/291 406/310/263
f 398/370/323 406/310/263 397/371/324
f 397/371/324 406/310/263 407/312/265
f 397/371/324 407/312/265 396/372/325
f 396/373/325 407/315/265 395/374/326
f 395/374/326 407/315/265 408/316/327
f 395/374/326 408/316/327 394/375/328
f 394/375/328 408/316/327 409/318/329
f 394/375/328 409/318/329 393/376/330
f 393/376/330 409/318/329 410/320/271
f 393/376/330 410/320/271 392/377/331
f 392/377/331 410/320/271 411/322/273
f 392/377/331 411/322/273 391/378/332
f 391/378/332 411/322/273 412/324/275
f 391/378/332 412/324/275 390/379/333
f 390/379/333 412/324/275 413/326/277
f 390/379/333 413/326/277 389/380/334
f 389/380/334 413/326/277 400/328/279
f 389/380/334 400/328/279 388/381/335
f 388/381/335 400/328/279 401/330/281
f 388/381/335 401/330/281 387/382/336
f 387/382/336 401/330/281 402/332/283
f 387/382/336 402/332/283 386/383/337
f 386/383/337 402/332/283 403/334/285
f 386/383/337 403/334/285 385/367/320
f 385/367/320 403/334/285 404/306/259
f 414/384/2 415/385/4 1/386/2
f 1/386/2 415/385/4 2/387/4
f 2/387/4 415/385/4 416/388/6
f 2/387/4 416/388/6 3/389/6
f 3/389/6 416/388/6 417/390/8
f 3/389/6 417/390/8 4/391/8
f 4/391/8 417/390/8 418/392/10
f 4/391/8 418/392/10 5/393/10
f 5/393/10 418/392/10 419/394/12
f 5/393/10 419/394/12 6/395/12
f 6/396/12 419/397/12 420/398/14
f 6/396/12 420/398/14 7/399/14
f 7/399/14 420/398/14 421/400/16
f 7/399/14 421/400/16 8/401/16
f 8/401/16 421/400/16 422/402/18
f 8/401/16 422/402/18 9/403/18
f 9/403/18 422/402/18 423/404/20
f 9/403/18 423/404/20 10/405/20
f 10/405/20 423/404/20 424/406/22
f 10/405/20 424/406/22 11/407/22
f 11/407/22 424/406/22 425/408/24
f 11/407/22 425/408/24 12/409/24
f 12/409/24 425/408/24 426/410/26
f 12/409/24 426/410/26 13/411/26
f 13/411/26 426/410/26 427/412/28
f 13/411/26 427/412/28 14/413/28
f 14/413/28 427/412/28 428/414/30
f 14/413/28 428/414/30 15/415/30
f 15/415/30 428/414/30 429/416/32
f 15/415/30 429/416/32 16/417/32
f 16/417/32 429/416/32 430/418/34
f 16/417/32 430/418/34 17/419/34
f 17/419/34 430/418/34 431/420/36
f 17/419/34 431/420/36 18/421/36
f 18/421/36 431/420/36 432/422/38
f 18/421/36 432/422/38 19/423/38
f 19/423/38 432/422/38 20/424/40
f 20/424/40 432/422/38 433/425/338
f 20/424/40 433/425/338 21/426/42
f 21/426/42 433/425/338 434/427/339
f 21/426/42 434/427/339 22/428/44
f 22/428/44 434/427/339 435/429/44
f 22/428/44 435/429/44 23/430/45
f 23/430/45 435/429/44 436/431/45
f 23/430/45 436/431/45 24/432/47
f 24/432/47 436/431/45 437/433/47
f 24/432/47 437/433/47 25/434/49
f 25/434/49 437/433/47 438/435/49
f 25/434/49 438/435/49 439/436/51
f 25/434/49 439/436/51 26/437/51
f 26/437/51 439/436/51 440/438/53
f 26/437/51 440/438/53 27/439/53
f 27/439/53 440/438/53 441/440/55
f 27/439/53 441/440/55 28/441/55
f 28/441/55 441/440/55 442/442/57
f 28/441/55 442/442/57 29/443/57
f 29/443/57 442/442/57 443/444/59
f 29/443/57 443/444/59 30/445/59
f 30/445/59 443/444/59 444/446/61
f 30/445/59 444/446/61 31/447/61
f 31/447/61 444/446/61 445/448/63
f 31/447/61 445/448/63 32/449/63
f 32/449/63 445/448/63 446/450/65
f 32/449/63 446/450/65 33/451/65
f 33/451/65 446/450/65 447/452/67
f 33/451/65 447/452/67 34/453/67
f 34/453/67 447/452/67 448/454/69
f 34/453/67 448/454/69 35/455/69
f 35/455/69 448/454/69 449/456/71
f 35/455/69 449/456/71 36/457/71
f 36/457/71 449/456/71 450/458/73
f 36/457/71 450/458/73 37/459/73
f 37/459/73 450/458/73 451/460/75
f 37/459/73 451/460/75 38/461/75
f 38/461/75 451/460/75 452/462/77
f 38/461/75 452/462/77 39/463/77
f 39/463/77 452/462/77 453/464/79
f 39/463/77 453/464/79 40/465/79
f 40/465/79 453/464/79 454/466/81
f 40/465/79 454/466/81 41/467/81
f 41/467/81 454/466/81 455/468/83
f 41/467/81 455/468/83 42/469/83
f 42/469/83 455/468/83 456/470/85
f 42/469/83 456/470/85 43/471/85
f 501/472/340 457/473/341 503/474/342
f 503/474/342 457/473/341 458/475/343
f 503/474/342 458/475/343 508/476/344
f 508/476/344 458/475/343 459/477/345
f 508/476/344 459/477/345 513/478/346
f 513/478/346 459/477/345 460/479/347
f 513/478/346 460/479/347 518/480/348
f 518/480/348 460/479/347 461/481/349
f 518/480/348 461/481/349 523/482/350
f 523/482/350 461/481/349 462/483/351
f 523/482/350 462/483/351 528/484/352
f 528/484/352 462/483/351 463/485/353
f 528/484/352 463/485/353 533/486/354
f 533/486/354 463/485/353 464/487/355
f 533/486/354 464/487/355 538/488/356
f 538/488/356 464/487/355 465/489/357
f 538/488/356 465/489/357 543/490/358
f 543/490/358 465/489/357 466/491/359
f 543/490/358 466/491/359 548/492/360
f 548/492/360 466/491/359 467/493/361
f 548/492/360 467/493/361 553/494/362
f 553/494/362 467/493/361 468/495/363
f 553/494/362 468/495/363 557/496/364
f 557/496/364 468/495/363 469/497/365
f 557/496/364 469/497/365 562/498/366
f 562/498/366 469/497/365 470/499/367
f 562/498/366 470/499/367 567/500/368
f 567/500/368 470/499/367 471/501/369
f 567/500/368 471/501/369 572/502/370
f 572/502/370 471/501/369 472/503/371
f 572/502/370 472/503/371 577/504/372
f 577/504/372 472/503/371 473/505/373
f 577/504/372 473/505/373 474/506/374
f 577/504/372 474/506/374 578/507/375
f 578/507/375 474/506/374 475/508/376
f 578/507/375 475/508/376 579/509/377
f 579/509/377 475/508/376 476/510/378
f 579/509/377 476/510/378 580/511/379
f 580/511/379 476/510/378 477/512/380
f 580/511/379 477/512/380 478/513/381
f 580/511/379 478/513/381 581/514/382
f 581/514/382 478/513/381 479/515/383
f 581/514/382 479/515/383 480/516/383
f 581/514/382 480/516/383 576/517/384
f 576/517/384 480/516/383 481/518/383
f 576/517/384 481/518/383 571/519/385
f 571/519/385 481/518/383 482/520/383
f 571/519/385 482/520/383 566/521/386
f 566/521/386 482/520/383 483/522/383
f 566/521/386 483/522/383 561/523/387
f 561/523/387 483/522/383 484/524/383
f 561/523/387 484/524/383 502/525/388
f 502/525/388 484/524/383 485/526/383
f 502/525/388 485/526/383 552/527/389
f 552/527/389 485/526/383 547/528/390
f 552/527/389 547/528/390 546/529/391
f 546/529/391 547/528/390 541/530/392
f 546/529/391 541/530/392 540/531/393
f 540/531/393 541/530/392 535/532/394
f 540/531/393 535/532/394 534/533/395
f 534/533/395 535/532/394 529/534/396
f 534/533/395 529/534/396 528/484/352
f 528/484/352 529/534/396 523/482/350
f 485/526/383 486/535/383 547/528/390
f 547/528/390 486/535/383 542/536/397
f 547/528/390 542/536/397 541/530/392
f 541/530/392 542/536/397 536/537/398
f 541/530/392 536/537/398 535/532/394
f 535/532/394 536/537/398 530/538/399
f 535/532/394 530/538/399 529/534/396
f 529/534/396 530/538/399 524/539/400
f 529/534/396 524/539/400 523/482/350
f 523/482/350 524/539/400 518/480/348
f 486/535/383 487/540/383 542/536/397
f 542/536/397 487/540/383 537/541/401
f 542/536/397 537/541/401 536/537/398
f 536/537/398 537/541/401 531/542/402
f 536/537/398 531/542/402 530/538/399
f 530/538/399 531/542/402 525/543/403
f 530/538/399 525/543/403 524/539/400
f 524/539/400 525/543/403 519/544/404
f 524/539/400 519/544/404 518/480/348
f 518/480/348 519/544/404 513/478/346
f 487/540/383 488/545/383 537/541/401
f 537/541/401 488/545/383 532/546/405
f 537/541/401 532/546/405 531/542/402
f 531/542/402 532/546/405 526/547/406
f 531/542/402 526/547/406 525/543/403
f 525/543/403 526/547/406 520/548/407
f 525/543/403 520/548/407 519/544/404
f 519/544/404 520/548/407 514/549/408
f 519/544/404 514/549/408 513/478/346
f 513/478/346 514/549/408 508/476/344
f 488/545/383 489/550/383 532/546/405
f 532/546/405 489/550/383 527/551/409
f 532/546/405 527/551/409 526/547/406
f 526/547/406 527/551/409 521/552/410
f 526/547/406 521/552/410 520/548/407
f 520/548/407 521/552/410 515/553/411
f 520/548/407 515/553/411 514/549/408
f 514/549/408 515/553/411 509/554/412
f 514/549/408 509/554/412 508/476/344
f 508/476/344 509/554/412 503/474/342
f 489/550/383 490/555/383 527/551/409
f 527/551/409 490/555/383 522/556/413
f 527/551/409 522/556/413 521/552/410
f 521/552/410 522/556/413 516/557/414
f 521/552/410 516/557/414 515/553/411
f 515/553/411 516/557/414 510/558/415
f 515/553/411 510/558/415 509/554/412
f 509/554/412 510/558/415 504/559/416
f 509/554/412 504/559/416 503/474/342
f 503/474/342 504/559/416 500/560/417
f 503/474/342 500/560/417 501/472/340
f 490/555/383 491/561/383 522/556/413
f 522/556/413 491/561/383 517/562/418
f 522/556/413 517/562/418 516/557/414
f 516/557/414 517/562/418 511/563/419
f 516/557/414 511/563/419 510/558/415
f 510/558/415 511/563/419 505/564/420
f 510/558/415 505/564/420 504/559/416
f 504/559/416 505/564/420 499/565/421
f 504/559/416 499/565/421 500/560/417
f 491/561/383 492/566/383 517/562/418
f 517/562/418 492/566/383 512/567/422
f 517/562/418 512/567/422 511/563/419
f 511/563/419 512/567/422 506/568/423
f 511/563/419 506/568/423 505/564/420
f 505/564/420 506/568/423 497/569/424
f 505/564/420 497/569/424 498/570/425
f 492/566/383 493/571/383 512/567/422
f 512/567/422 493/571/383 507/572/426
f 512/567/422 507/572/426 506/568/423
f 506/568/423 507/572/426 496/573/427
f 506/568/423 496/573/427 497/569/424
f 493/571/383 494/574/428 507/572/426
f 507/572/426 494/574/428 495/575/429
f 507/572/426 495/575/429 496/573/427
f 498/570/425 499/565/421 505/564/420
f 528/484/352 533/486/354 534/533/395
f 534/533/395 533/486/354 539/576/430
f 534/533/395 539/576/430 540/531/393
f 540/531/393 539/576/430 545/577/431
f 540/531/393 545/577/431 546/529/391
f 546/529/391 545/577/431 551/578/432
f 546/529/391 551/578/432 552/527/389
f 552/527/389 551/578/432 502/525/388
f 533/486/354 538/488/356 539/576/430
f 539/576/430 538/488/356 544/579/433
f 539/576/430 544/579/433 545/577/431
f 545/577/431 544/579/433 550/580/434
f 545/577/431 550/580/434 551/578/432
f 551/578/432 550/580/434 556/581/435
f 551/578/432 556/581/435 502/525/388
f 502/525/388 556/581/435 561/523/387
f 538/488/356 543/490/358 544/579/433
f 544/579/433 543/490/358 549/582/436
f 544/579/433 549/582/436 550/580/434
f 550/580/434 549/582/436 555/583/437
f 550/580/434 555/583/437 556/581/435
f 556/581/435 555/583/437 560/584/438
f 556/581/435 560/584/438 561/523/387
f 561/523/387 560/584/438 566/521/386
f 543/490/358 548/492/360 549/582/436
f 549/582/436 548/492/360 554/585/439
f 549/582/436 554/585/439 555/583/437
f 555/583/437 554/585/439 559/586/440
f 555/583/437 559/586/440 560/584/438
f 560/584/438 559/586/440 565/587/441
f 560/584/438 565/587/441 566/521/386
f 566/521/386 565/587/441 571/519/385
f 548/492/360 553/494/362 554/585/439
f 554/585/439 553/494/362 558/588/442
f 554/585/439 558/588/442 559/586/440
f 559/586/440 558/588/442 564/589/443
f 559/586/440 564/589/443 565/587/441
f 565/587/441 564/589/443 570/590/444
f 565/587/441 570/590/444 571/519/385
f 571/519/385 570/590/444 576/517/384
f 553/494/362 557/496/364 558/588/442
f 558/588/442 557/496/364 563/591/445
f 558/588/442 563/591/445 564/589/443
f 564/589/443 563/591/445 569/592/446
f 564/589/443 569/592/446 570/590/444
f 570/590/444 569/592/446 575/593/447
f 570/590/444 575/593/447 576/517/384
f 576/517/384 575/593/447 581/514/382
f 557/496/364 562/498/366 563/591/445
f 563/591/445 562/498/366 568/594/448
f 563/591/445 568/594/448 569/592/446
f 569/592/446 568/594/448 574/595/449
f 569/592/446 574/595/449 575/593/447
f 575/593/447 574/595/449 580/511/379
f 575/593/447 580/511/379 581/514/382
f 562/498/366 567/500/368 568/594/448
f 568/594/448 567/500/368 573/596/450
f 568/594/448 573/596/450 574/595/449
f 574/595/449 573/596/450 579/509/377
f 574/595/449 579/509/377 580/511/379
f 567/500/368 572/502/370 573/596/450
f 573/596/450 572/502/370 578/507/375
f 573/596/450 578/507/375 579/509/377
f 577/504/372 578/507/375 572/502/370
f 583/597/451 692/598/452 582/599/453
f 582/599/453 692/598/452 637/600/453
f 582/599/453 637/600/453 638/601/454
f 692/598/452 583/597/451 691/602/455
f 691/602/455 583/597/451 584/603/456
f 691/602/455 584/603/456 690/604/457
f 690/604/457 584/603/456 585/605/458
f 690/604/457 585/605/458 689/606/459
f 689/606/459 585/605/458 586/607/460
f 689/606/459 586/607/460 688/608/461
f 688/608/461 586/607/460 587/609/462
f 688/608/461 587/609/462 687/610/463
f 687/610/463 587/609/462 588/611/464
f 687/610/463 588/611/464 686/612/465
f 686/612/465 588/611/464 589/613/466
f 686/612/465 589/613/466 685/614/467
f 685/614/467 589/613/466 590/615/468
f 685/614/467 590/615/468 684/616/469
f 684/616/469 590/615/468 591/617/470
f 684/616/469 591/617/470 683/618/471
f 683/618/471 591/617/470 592/619/472
f 683/618/471 592/619/472 682/620/473
f 682/620/473 592/619/472 593/621/474
f 682/620/473 593/621/474 681/622/475
f 681/622/475 593/621/474 594/623/476
f 681/622/475 594/623/476 680/624/477
f 680/624/477 594/623/476 595/625/478
f 680/624/477 595/625/478 679/626/479
f 679/626/479 595/625/478 596/627/480
f 679/626/479 596/627/480 678/628/481
f 678/628/481 596/627/480 597/629/482
f 678/628/481 597/629/482 677/630/483
f 677/630/483 597/629/482 598/631/484
f 677/630/483 598/631/484 676/632/485
f 676/632/485 598/631/484 599/633/486
f 676/632/485 599/633/486 675/634/487
f 675/634/487 599/633/486 600/635/488
f 675/634/487 600/635/488 674/636/489
f 674/636/489 600/635/488 601/637/490
f 674/636/489 601/637/490 673/638/491
f 673/638/491 601/637/490 602/639/492
f 673/638/491 602/639/492 672/640/493
f 672/640/493 602/639/492 603/641/494
f 672/640/493 603/641/494 671/642/495
f 671/642/495 603/641/494 604/643/496
f 671/642/495 604/643/496 670/644/497
f 670/644/497 604/643/496 605/645/498
f 670/644/497 605/645/498 669/646/499
f 669/646/499 605/645/498 606/647/500
f 669/646/499 606/647/500 668/648/501
f 668/648/501 606/647/500 607/649/502
f 668/648/501 607/649/502 667/650/503
f 667/650/503 607/649/502 608/651/504
f 667/650/503 608/651/504 666/652/505
f 666/652/505 608/651/504 609/653/506
f 666/652/505 609/653/506 665/654/507
f 665/655/507 609/656/506 610/657/508
f 665/655/507 610/657/508 664/658/509
f 664/658/509 610/657/508 611/659/510
f 664/658/509 611/659/510 663/660/511
f 663/660/511 611/659/510 612/661/512
f 663/660/511 612/661/512 662/662/513
f 662/662/513 612/661/512 613/663/514
f 662/662/513 613/663/514 661/664/515
f 661/664/515 613/663/514 614/665/516
f 661/664/515 614/665/516 660/666/517
f 660/666/517 614/665/516 615/667/518
f 660/666/517 615/667/518 659/668/519
f 659/668/519 615/667/518 616/669/520
f 659/668/519 616/669/520 658/670/521
f 658/670/521 616/669/520 617/671/522
f 658/670/521 617/671/522 657/672/523
f 657/672/523 617/671/522 618/673/524
f 657/672/523 618/673/524 656/674/525
f 656/674/525 618/673/524 619/675/526
f 656/674/525 619/675/526 655/676/527
f 655/676/527 619/675/526 620/677/528
f 655/676/527 620/677/528 654/678/529
f 654/678/529 620/677/528 621/679/530
f 654/678/529 621/679/530 653/680/531
f 653/680/531 621/679/530 622/681/532
f 653/680/531 622/681/532 652/682/533
f 652/682/533 622/681/532 623/683/534
f 652/682/533 623/683/534 651/684/535
f 651/684/535 623/683/534 624/685/536
f 651/684/535 624/685/536 650/686/537
f 650/686/537 624/685/536 625/687/538
f 650/686/537 625/687/538 649/688/539
f 649/688/539 625/687/538 626/689/540
f 649/688/539 626/689/540 648/690/541
f 648/690/541 626/689/540 627/691/542
f 648/690/541 627/691/542 647/692/543
f 647/692/543 627/691/542 628/693/544
f 647/692/543 628/693/544 646/694/545
f 646/694/545 628/693/544 629/695/546
f 646/694/545 629/695/546 645/696/547
f 645/696/547 629/695/546 630/697/548
f 645/696/547 630/697/548 644/698/549
f 644/698/549 630/697/548 631/699/550
f 644/698/549 631/699/550 643/700/551
f 643/700/551 631/699/550 632/701/552
f 643/700/551 632/701/552 642/702/553
f 642/702/553 632/701/552 633/703/554
f 642/702/553 633/703/554 641/704/555
f 641/704/555 633/703/554 634/705/556
f 641/704/555 634/705/556 640/706/557
f 640/706/557 634/705/556 635/707/558
f 640/706/557 635/707/558 639/708/559
f 639/708/559 635/707/558 636/709/560
f 639/708/559 636/709/560 638/601/454
f 638/601/454 636/709/560 582/599/453
f 694/710/561 751/711/562 693/599/279
f 693/599/279 751/711/562 752/712/563
f 693/599/279 752/712/563 745/713/564
f 745/713/564 752/712/563 753/714/565
f 745/713/564 753/714/565 744/715/566
f 744/715/566 753/714/565 754/716/567
f 744/715/566 754/716/567 743/717/568
f 743/717/568 754/716/567 755/718/569
f 743/717/568 755/718/569 742/719/570
f 742/719/570 755/718/569 756/720/571
f 742/719/570 756/720/571 741/721/572
f 741/721/572 756/720/571 757/722/573
f 741/721/572 757/722/573 740/723/574
f 740/723/574 757/722/573 354/724/575
f 740/723/574 354/724/575 758/725/576
f 751/711/562 694/710/561 750/726/577
f 750/726/577 694/710/561 695/727/578
f 750/726/577 695/727/578 749/728/579
f 749/728/579 695/727/578 696/729/580
f 749/728/579 696/729/580 748/730/581
f 748/730/581 696/729/580 697/731/582
f 748/730/581 697/731/582 747/732/583
f 747/732/583 697/731/582 698/733/584
f 747/732/583 698/733/584 746/734/585
f 746/734/585 698/733/584 699/735/586
f 746/734/585 699/735/586 326/736/587
f 326/736/587 699/735/586 700/737/588
f 326/736/587 700/737/588 801/738/589
f 801/738/589 700/737/588 800/739/590
f 800/739/590 700/737/588 334/740/591
f 334/740/591 700/737/588 701/741/592
f 334/740/591 701/741/592 799/742/593
f 799/742/593 701/741/592 702/743/594
f 799/742/593 702/743/594 798/744/595
f 798/744/595 702/743/594 703/745/596
f 798/744/595 703/745/596 797/746/597
f 797/746/597 703/745/596 704/747/598
f 797/746/597 704/747/598 796/748/599
f 796/748/599 704/747/598 705/749/600
f 796/748/599 705/749/600 795/750/601
f 795/750/601 705/749/600 706/751/602
f 795/750/601 706/751/602 794/752/603
f 794/752/603 706/751/602 707/753/604
f 794/752/603 707/753/604 793/754/605
f 793/754/605 707/753/604 708/755/606
f 793/754/605 708/755/606 792/756/607
f 792/756/607 708/755/606 709/757/608
f 792/756/607 709/757/608 791/758/609
f 791/758/609 709/757/608 710/759/610
f 791/758/609 710/759/610 790/760/611
f 790/760/611 710/759/610 711/761/612
f 790/760/611 711/761/612 789/762/613
f 789/762/613 711/761/612 712/763/614
f 789/762/613 712/763/614 304/764/615
f 304/764/615 712/763/614 788/765/616
f 788/765/616 712/763/614 713/766/617
f 788/765/616 713/766/617 787/767/618
f 787/767/618 713/766/617 298/768/619
f 298/768/619 713/766/617 714/769/620
f 298/768/619 714/769/620 786/770/621
f 786/770/621 714/769/620 715/771/622
f 786/770/621 715/771/622 785/772/623
f 785/772/623 715/771/622 716/773/624
f 785/772/623 716/773/624 784/774/625
f 784/774/625 716/773/624 783/775/626
f 783/775/626 716/773/624 717/776/627
f 783/775/626 717/776/627 782/777/628
f 782/777/628 717/776/627 718/778/629
f 782/777/628 718/778/629 781/779/630
f 781/779/630 718/778/629 719/780/631
f 781/779/630 719/780/631 780/781/632
f 780/781/632 719/780/631 720/782/633
f 780/783/632 720/784/633 779/785/634
f 779/785/634 720/784/633 721/786/635
f 779/785/634 721/786/635 778/787/636
f 778/787/636 721/786/635 722/788/637
f 778/787/636 722/788/637 777/789/638
f 777/789/638 722/788/637 723/790/639
f 777/789/638 723/790/639 776/791/640
f 776/791/640 723/790/639 724/792/641
f 776/791/640 724/792/641 775/793/642
f 775/793/642 724/792/641 725/794/643
f 775/793/642 725/794/643 397/795/644
f 397/795/644 725/794/643 726/796/645
f 397/795/644 726/796/645 774/797/646
f 774/797/646 726/796/645 773/798/647
f 773/798/647 726/796/645 384/799/648
f 384/799/648 726/796/645 772/800/649
f 772/800/649 726/796/645 727/801/650
f 772/800/649 727/801/650 771/802/651
f 771/802/651 727/801/650 728/803/652
f 771/802/651 728/803/652 770/804/653
f 770/804/653 728/803/652 729/805/654
f 770/804/653 729/805/654 769/806/655
f 769/806/655 729/805/654 730/807/656
f 769/806/655 730/807/656 768/808/657
f 768/808/657 730/807/656 731/809/658
f 768/808/657 731/809/658 767/810/659
f 767/810/659 731/809/658 732/811/660
f 767/810/659 732/811/660 766/812/44
f 766/812/44 732/811/660 733/813/661
f 766/812/44 733/813/661 765/814/662
f 765/814/662 733/813/661 734/815/663
f 765/814/662 734/815/663 764/816/664
f 764/816/664 734/815/663 735/817/665
f 764/816/664 735/817/665 763/818/666
f 763/818/666 735/817/665 736/819/667
f 763/818/666 736/819/667 762/820/668
f 762/820/668 736/819/667 737/821/669
f 762/820/668 737/821/669 761/822/670
f 761/822/670 737/821/669 738/823/671
f 761/822/670 738/823/671 760/824/672
f 760/824/672 738/823/671 739/825/673
f 760/824/672 739/825/673 367/826/674
f 367/826/674 739/825/673 740/723/574
f 367/826/674 740/723/574 759/827/675
f 759/827/675 740/723/574 758/725/576
f 692/828/676 808/829/677 637/830/265
f 637/830/265 808/829/677 809/831/678
f 637/830/265 809/831/678 638/832/679
f 638/832/679 809/831/678 810/833/680
f 638/832/679 810/833/680 639/834/681
f 639/834/681 810/833/680 811/835/682
f 639/834/681 811/835/682 640/836/683
f 640/836/683 811/835/682 812/837/684
f 640/836/683 812/837/684 641/838/263
f 641/838/263 812/837/684 813/839/685
f 641/838/263 813/839/685 642/840/686
f 642/840/686 813/839/685 814/841/687
f 642/840/686 814/841/687 643/842/688
f 643/842/688 814/841/687 815/843/689
f 643/842/688 815/843/689 644/844/690
f 644/844/690 815/843/689 816/845/691
f 644/844/690 816/845/691 645/846/291
f 645/846/291 816/845/691 817/847/692
f 645/846/291 817/847/692 646/848/693
f 646/848/693 817/847/692 818/849/694
f 646/848/693 818/849/694 647/850/695
f 647/850/695 818/849/694 819/851/696
f 647/850/695 819/851/696 648/852/697
f 648/852/697 819/851/696 820/853/698
f 648/852/697 820/853/698 649/854/259
f 649/854/259 820/853/698 821/855/699
f 649/854/259 821/855/699 650/856/700
f 650/856/700 821/855/699 822/857/701
f 650/856/700 822/857/701 651/858/44
f 651/858/44 822/857/701 823/859/702
f 651/858/44 823/859/702 652/860/703
f 652/860/703 823/859/702 824/861/704
f 652/860/703 824/861/704 653/862/285
f 653/862/285 824/861/704 825/863/705
f 653/862/285 825/863/705 654/864/706
f 654/864/706 825/863/705 826/865/707
f 654/864/706 826/865/707 655/866/708
f 655/866/708 826/865/707 827/867/709
f 655/866/708 827/867/709 656/868/710
f 656/868/710 827/867/709 828/869/711
f 656/868/710 828/869/711 657/870/283
f 657/870/283 828/869/711 829/871/712
f 657/870/283 829/871/712 658/872/713
f 658/872/713 829/871/712 830/873/714
f 658/872/713 830/873/714 659/874/715
f 659/874/715 830/873/714 831/875/716
f 659/874/715 831/875/716 660/876/717
f 660/876/717 831/875/716 832/877/718
f 660/876/717 832/877/718 661/878/281
f 661/878/281 832/877/718 833/879/719
f 661/878/281 833/879/719 662/880/720
f 662/880/720 833/879/719 834/881/721
f 662/880/720 834/881/721 663/882/722
f 663/882/722 834/881/721 835/883/723
f 663/882/722 835/883/723 664/884/724
f 664/884/724 835/883/723 836/885/725
f 664/884/724 836/885/725 665/886/279
f 665/887/279 836/888/725 837/889/726
f 665/887/279 837/889/726 666/890/727
f 666/890/727 837/889/726 838/891/728
f 666/890/727 838/891/728 667/892/729
f 667/892/729 838/891/728 839/893/730
f 667/892/729 839/893/730 668/894/731
f 668/894/731 839/893/730 840/895/732
f 668/894/731 840/895/732 669/896/277
f 669/896/277 840/895/732 841/897/733
f 669/896/277 841/897/733 670/898/734
f 670/898/734 841/897/733 842/899/735
f 670/898/734 842/899/735 671/900/736
f 671/900/736 842/899/735 479/901/737
f 671/900/736 479/901/737 672/902/738
f 672/902/738 479/901/737 843/903/739
f 672/902/738 843/903/739 673/904/275
f 673/904/275 843/903/739 844/905/740
f 673/904/275 844/905/740 674/906/741
f 674/906/741 844/905/740 845/907/742
f 674/906/741 845/907/742 675/908/743
f 675/908/743 845/907/742 846/909/744
f 675/908/743 846/909/744 676/910/745
f 676/910/745 846/909/744 847/911/746
f 676/910/745 847/911/746 677/912/273
f 677/912/273 847/911/746 848/913/747
f 677/912/273 848/913/747 678/914/748
f 678/914/748 848/913/747 849/915/749
f 678/914/748 849/915/749 679/916/603
f 679/916/603 849/915/749 850/917/603
f 679/916/603 850/917/603 851/918/750
f 808/829/677 692/828/676 807/919/751
f 807/919/751 692/828/676 691/920/752
f 807/919/751 691/920/752 806/921/753
f 806/921/753 691/920/752 690/922/754
f 806/921/753 690/922/754 805/923/755
f 805/923/755 690/922/754 689/924/267
f 805/923/755 689/924/267 804/925/756
f 804/925/756 689/924/267 688/926/757
f 804/925/756 688/926/757 803/927/758
f 803/927/758 688/926/757 687/928/759
f 803/927/758 687/928/759 802/929/760
f 802/929/760 687/928/759 686/930/761
f 802/929/760 686/930/761 857/931/762
f 857/931/762 686/930/761 685/932/269
f 857/931/762 685/932/269 856/933/763
f 856/933/763 685/932/269 684/934/764
f 856/933/763 684/934/764 855/935/765
f 855/935/765 684/934/764 683/936/766
f 855/935/765 683/936/766 854/937/767
f 854/937/767 683/936/766 682/938/768
f 854/937/767 682/938/768 853/939/769
f 853/939/769 682/938/768 681/940/770
f 853/939/769 681/940/770 852/941/771
f 852/941/771 681/940/770 680/942/772
f 852/941/771 680/942/772 851/918/750
f 851/918/750 680/942/772 679/916/603
f 859/943/773 905/328/279 858/599/279
f 858/599/279 905/328/279 906/944/774
f 858/599/279 906/944/774 904/945/774
f 904/945/774 906/944/774 907/946/775
f 904/945/774 907/946/775 903/947/775
f 903/947/775 907/946/775 908/948/776
f 903/947/775 908/948/776 902/949/776
f 902/949/776 908/948/776 909/950/777
f 902/949/776 909/950/777 901/951/777
f 901/951/777 909/950/777 910/952/778
f 901/951/777 910/952/778 900/953/779
f 900/953/779 910/952/778 911/954/780
f 900/953/779 911/954/780 899/955/780
f 899/955/780 911/954/780 912/956/781
f 899/955/780 912/956/781 898/957/781
f 898/957/781 912/956/781 913/958/782
f 898/957/781 913/958/782 897/959/783
f 897/959/783 913/958/782 914/960/784
f 897/959/783 914/960/784 896/961/784
f 896/961/784 914/960/784 915/962/785
f 896/961/784 915/962/785 895/963/785
f 895/963/785 915/962/785 916/964/786
f 895/963/785 916/964/786 894/965/786
f 894/965/786 916/964/786 917/966/787
f 894/965/786 917/966/787 893/967/787
f 893/967/787 917/966/787 918/968/788
f 893/967/787 918/968/788 892/969/788
f 892/969/788 918/968/788 919/970/789
f 892/969/788 919/970/789 891/971/789
f 891/971/789 919/970/789 920/972/790
f 891/971/789 920/972/790 890/973/790
f 890/973/790 920/972/790 921/974/791
f 890/973/790 921/974/791 889/975/791
f 889/975/791 921/974/791 922/976/792
f 889/975/791 922/976/792 888/977/792
f 888/977/792 922/976/792 923/978/793
f 888/977/792 923/978/793 887/979/793
f 887/979/793 923/978/793 924/980/794
f 887/979/793 924/980/794 886/981/794
f 886/981/794 924/980/794 925/982/795
f 886/981/794 925/982/795 885/983/795
f 885/983/795 925/982/795 926/984/796
f 885/983/795 926/984/796 884/985/796
f 884/985/796 926/984/796 927/986/797
f 884/985/796 927/986/797 883/987/797
f 883/987/797 927/986/797 928/988/798
f 883/987/797 928/988/798 882/989/798
f 882/990/798 928/991/798 929/992/799
f 882/990/798 929/992/799 881/993/799
f 881/993/799 929/992/799 930/994/800
f 881/993/799 930/994/800 880/995/800
f 880/995/800 930/994/800 931/996/801
f 880/995/800 931/996/801 879/997/801
f 879/997/801 931/996/801 932/998/802
f 879/997/801 932/998/802 878/999/802
f 878/999/802 932/998/802 933/1000/803
f 878/999/802 933/1000/803 877/1001/803
f 877/1001/803 933/1000/803 934/1002/804
f 877/1001/803 934/1002/804 876/1003/804
f 876/1003/804 934/1002/804 935/1004/805
f 876/1003/804 935/1004/805 875/1005/805
f 875/1005/805 935/1004/805 936/1006/806
f 875/1005/805 936/1006/806 874/1007/806
f 874/1007/806 936/1006/806 937/1008/807
f 874/1007/806 937/1008/807 873/1009/807
f 873/1009/807 937/1008/807 938/1010/808
f 873/1009/807 938/1010/808 872/1011/808
f 872/1011/808 938/1010/808 939/1012/809
f 872/1011/808 939/1012/809 871/1013/809
f 871/1013/809 939/1012/809 940/1014/810
f 871/1013/809 940/1014/810 870/1015/810
f 870/1015/810 940/1014/810 941/1016/811
f 870/1015/810 941/1016/811 869/1017/811
f 869/1017/811 941/1016/811 942/1018/812
f 869/1017/811 942/1018/812 868/1019/812
f 868/1019/812 942/1018/812 943/1020/813
f 868/1019/812 943/1020/813 867/1021/813
f 867/1021/813 943/1020/813 944/1022/814
f 867/1021/813 944/1022/814 866/1023/815
f 866/1023/815 944/1022/814 945/1024/816
f 866/1023/815 945/1024/816 865/1025/816
f 865/1025/816 945/1024/816 946/1026/817
f 865/1025/816 946/1026/817 864/1027/817
f 864/1027/817 946/1026/817 947/1028/818
f 864/1027/817 947/1028/818 863/1029/818
f 863/1029/818 947/1028/818 948/1030/819
f 863/1029/818 948/1030/819 862/1031/819
f 862/1031/819 948/1030/819 949/1032/820
f 862/1031/819 949/1032/820 861/1033/820
f 861/1033/820 949/1032/820 950/1034/821
f 861/1033/820 950/1034/821 860/1035/821
f 860/1035/821 950/1034/821 951/1036/773
f 860/1035/821 951/1036/773 859/943/773
f 859/943/773 951/1036/773 905/328/279
f 472/1037/371 967/1038/822 473/1039/373
f 473/1039/373 967/1038/822 968/1040/823
f 473/1039/373 968/1040/823 1030/1041/824
f 1030/1041/824 968/1040/823 969/1042/825
f 1030/1041/824 969/1042/825 1029/1043/826
f 1029/1043/826 969/1042/825 970/1044/827
f 1029/1043/826 970/1044/827 1028/1045/828
f 1028/1045/828 970/1044/827 971/1046/829
f 1028/1045/828 971/1046/829 1027/1047/597
f 1027/1047/597 971/1046/829 972/1048/830
f 1027/1047/597 972/1048/830 1026/1049/831
f 1026/1049/831 972/1048/830 973/1050/832
f 1026/1049/831 973/1050/832 1025/1051/833
f 1025/1051/833 973/1050/832 974/1052/834
f 1025/1051/833 974/1052/834 1024/1053/835
f 1024/1053/835 974/1052/834 975/1054/836
f 1024/1053/835 975/1054/836 1023/1055/837
f 1023/1055/837 975/1054/836 1022/1056/838
f 1022/1056/838 975/1054/836 976/1057/839
f 1022/1056/838 976/1057/839 1021/1058/840
f 1021/1058/840 976/1057/839 977/1059/841
f 1021/1058/840 977/1059/841 1020/1060/842
f 1020/1060/842 977/1059/841 978/1061/843
f 1020/1060/842 978/1061/843 1019/1062/844
f 1019/1062/844 978/1061/843 979/1063/845
f 1019/1062/844 979/1063/845 1018/1064/846
f 1018/1064/846 979/1063/845 980/1065/847
f 1018/1064/846 980/1065/847 1017/1066/848
f 1017/1066/848 980/1065/847 981/1067/849
f 1017/1066/848 981/1067/849 1016/1068/850
f 1016/1068/850 981/1067/849 982/1069/851
f 1016/1068/850 982/1069/851 1015/1070/852
f 1015/1070/852 982/1069/851 983/1071/853
f 1015/1070/852 983/1071/853 1014/1072/854
f 1014/1072/854 983/1071/853 984/1073/855
f 1014/1072/854 984/1073/855 1013/1074/856
f 1013/1074/856 984/1073/855 985/1075/857
f 1013/1074/856 985/1075/857 1012/1076/858
f 1012/1076/858 985/1075/857 986/1077/859
f 1012/1076/858 986/1077/859 1011/1078/860
f 1011/1078/860 986/1077/859 987/1079/861
f 1011/1078/860 987/1079/861 1010/1080/862
f 1010/1080/862 987/1079/861 988/1081/863
f 1010/1080/862 988/1081/863 1009/1082/864
f 1009/1082/864 988/1081/863 989/1083/865
f 1009/1082/864 989/1083/865 1008/1084/866
f 1008/1084/866 989/1083/865 990/1085/867
f 1008/1084/866 990/1085/867 1007/1086/868
f 1007/1086/868 990/1085/867 991/1087/869
f 1007/1086/868 991/1087/869 1006/1088/870
f 1006/1088/870 991/1087/869 992/1089/871
f 1006/1088/870 992/1089/871 1005/1090/872
f 1005/1090/872 992/1089/871 993/1091/873
f 1005/1090/872 993/1091/873 1004/1092/874
f 1004/1092/874 993/1091/873 994/1093/875
f 1004/1092/874 994/1093/875 1003/1094/876
f 1003/1094/876 994/1093/875 995/1095/877
f 1003/1094/876 995/1095/877 1002/1096/878
f 1002/1096/878 995/1095/877 996/1097/879
f 1002/1096/878 996/1097/879 1001/1098/880
f 1001/1098/880 996/1097/879 997/1099/881
f 1001/1098/880 997/1099/881 1000/1100/882
f 1000/1100/882 997/1099/881 998/1101/883
f 1000/1100/882 998/1101/883 999/1102/883
f 967/1038/822 472/1037/371 966/1103/884
f 966/1103/884 472/1037/371 471/1104/369
f 966/1103/884 471/1104/369 965/1105/885
f 965/1105/885 471/1104/369 470/1106/367
f 965/1105/885 470/1106/367 964/1107/886
f 964/1107/886 470/1106/367 469/1108/365
f 964/1107/886 469/1108/365 963/1109/887
f 963/1109/887 469/1108/365 468/1110/363
f 963/1109/887 468/1110/363 962/1111/888
f 962/1111/888 468/1110/363 467/1112/361
f 962/1111/888 467/1112/361 961/1113/889
f 961/1113/889 467/1112/361 466/1114/359
f 961/1113/889 466/1114/359 960/1115/890
f 960/1115/890 466/1114/359 465/1116/357
f 960/1115/890 465/1116/357 959/1117/891
f 959/1117/891 465/1116/357 464/1118/355
f 959/1117/891 464/1118/355 958/1119/892
f 958/1119/892 464/1118/355 463/1120/353
f 958/1121/892 463/1122/353 957/1123/893
f 957/1123/893 463/1122/353 462/1124/351
f 957/1123/893 462/1124/351 956/1125/894
f 956/1125/894 462/1124/351 461/1126/349
f 956/1125/894 461/1126/349 955/1127/895
f 955/1127/895 461/1126/349 460/1128/347
f 955/1127/895 460/1128/347 954/1129/896
f 954/1129/896 460/1128/347 459/1130/345
f 954/1129/896 459/1130/345 953/1131/897
f 953/1131/897 459/1130/345 458/1132/343
f 953/1131/897 458/1132/343 952/1133/898
f 952/1133/898 458/1132/343 457/1134/341
f 304/1135/383 303/1136/383 789/1137/383
f 789/1137/383 303/1136/383 874/1138/383
f 789/1137/383 874/1138/383 873/1139/383
f 303/1136/383 302/1140/383 874/1138/383
f 874/1138/383 302/1140/383 875/1141/383
f 875/1141/383 302/1140/383 301/1142/383
f 875/1141/383 301/1142/383 300/1143/383
f 875/1141/383 300/1143/383 876/1144/383
f 876/1144/383 300/1143/383 299/1145/383
f 876/1144/383 299/1145/383 786/1146/383
f 786/1146/383 299/1145/383 298/1147/383
f 876/1144/383 786/1146/383 877/1148/383
f 877/1148/383 786/1146/383 785/1149/383
f 877/1148/383 785/1149/383 878/1150/383
f 878/1150/383 785/1149/383 784/1151/383
f 878/1150/383 784/1151/383 879/1152/383
f 879/1152/383 784/1151/383 783/1153/383
f 879/1152/383 783/1153/383 880/1154/383
f 880/1154/383 783/1153/383 782/1155/383
f 880/1154/383 782/1155/383 781/1156/383
f 880/1154/383 781/1156/383 881/1157/383
f 881/1157/383 781/1156/383 780/1158/383
f 881/1157/383 780/1158/383 882/1159/383
f 882/1159/383 780/1158/383 779/1160/383
f 882/1159/383 779/1160/383 883/1161/383
f 883/1161/383 779/1160/383 778/1162/383
f 883/1161/383 778/1162/383 884/1163/383
f 884/1163/383 778/1162/383 777/1164/383
f 884/1163/383 777/1164/383 885/1165/383
f 885/1165/383 777/1164/383 776/1166/383
f 885/1165/383 776/1166/383 886/1167/383
f 886/1167/383 776/1166/383 393/1168/383
f 886/1167/383 393/1168/383 392/1169/383
f 776/1166/383 775/1170/383 393/1168/383
f 393/1168/383 775/1170/383 394/1171/383
f 394/1171/383 775/1170/383 395/1172/383
f 395/1172/383 775/1170/383 396/1173/383
f 396/1173/383 775/1170/383 397/1174/383
f 886/1167/383 392/1169/383 887/1175/383
f 887/1175/383 392/1169/383 391/1176/383
f 887/1175/383 391/1176/383 390/1177/383
f 887/1175/383 390/1177/383 888/1178/383
f 888/1178/383 390/1177/383 389/1179/383
f 888/1178/383 389/1179/383 388/1180/383
f 888/1178/383 388/1180/383 889/1181/383
f 889/1181/383 388/1180/383 387/1182/383
f 889/1181/383 387/1182/383 772/1183/383
f 772/1183/383 387/1182/383 386/1184/383
f 772/1183/383 386/1184/383 385/1185/383
f 385/1185/383 384/1186/383 772/1183/383
f 772/1183/383 771/1187/383 889/1181/383
f 889/1181/383 771/1187/383 890/1188/383
f 890/1188/383 771/1187/383 770/1189/383
f 890/1188/383 770/1189/383 769/1190/383
f 890/1188/383 769/1190/383 891/1191/383
f 891/1191/383 769/1190/383 768/1192/383
f 891/1191/383 768/1192/383 892/1193/383
f 892/1193/383 768/1192/383 767/1194/383
f 892/1193/383 767/1194/383 893/1195/383
f 893/1195/383 767/1194/383 766/1196/383
f 893/1195/383 766/1196/383 894/1197/383
f 894/1197/383 766/1196/383 765/1198/383
f 894/1197/383 765/1198/383 764/1199/383
f 894/1197/383 764/1199/383 895/1200/383
f 895/1200/383 764/1199/383 763/1201/383
f 895/1200/383 763/1201/383 896/1202/383
f 896/1202/383 763/1201/383 762/1203/383
f 896/1202/383 762/1203/383 897/1204/383
f 897/1204/383 762/1203/383 761/1205/383
f 897/1204/383 761/1205/383 898/1206/383
f 898/1206/383 761/1205/383 760/1207/383
f 898/1206/383 760/1207/383 364/1208/383
f 364/1208/383 760/1207/383 365/1209/383
f 365/1209/383 760/1207/383 366/1210/383
f 366/1210/383 760/1207/383 367/1211/383
f 364/1208/383 363/1212/383 898/1206/383
f 898/1206/383 363/1212/383 362/1213/383
f 898/1206/383 362/1213/383 899/1214/383
f 899/1214/383 362/1213/383 361/1215/383
f 899/1214/383 361/1215/383 360/1216/383
f 899/1214/383 360/1216/383 900/1217/383
f 900/1217/383 360/1216/383 359/1218/383
f 900/1217/383 359/1218/383 358/1219/383
f 357/1220/383 757/1221/383 358/1219/383
f 358/1219/383 757/1221/383 901/1222/383
f 358/1219/383 901/1222/383 900/1217/383
f 357/1220/383 356/1223/383 757/1221/383
f 757/1221/383 356/1223/383 355/1224/383
f 757/1221/383 355/1224/383 354/1225/383
f 757/1221/383 756/1226/383 901/1222/383
f 901/1222/383 756/1226/383 902/1227/383
f 902/1227/383 756/1226/383 755/1228/383
f 902/1227/383 755/1228/383 754/1229/383
f 902/1227/383 754/1229/383 903/1230/383
f 903/1230/383 754/1229/383 753/1231/383
f 903/1230/383 753/1231/383 904/1232/383
f 904/1232/383 753/1231/383 752/1233/383
f 904/1232/383 752/1233/383 858/1234/383
f 858/1234/383 752/1233/383 751/1235/383
f 858/1234/383 751/1235/383 859/1236/383
f 859/1236/383 751/1235/383 750/1237/383
f 859/1236/383 750/1237/383 860/1238/383
f 860/1238/383 750/1237/383 749/1239/383
f 860/1238/383 749/1239/383 861/1240/383
f 861/1240/383 749/1239/383 748/1241/383
f 861/1240/383 748/1241/383 862/1242/383
f 862/1242/383 748/1241/383 747/1243/383
f 862/1242/383 747/1243/383 863/1244/383
f 863/1244/383 747/1243/383 746/1245/383
f 863/1244/383 746/1245/383 339/1246/383
f 339/1246/383 746/1245/383 326/1247/383
f 339/1246/383 338/1248/383 863/1244/383
f 863/1244/383 338/1248/383 864/1249/383
f 864/1249/383 338/1248/383 337/1250/383
f 864/1249/383 337/1250/383 865/1251/383
f 865/1251/383 337/1250/383 336/1252/383
f 865/1251/383 336/1252/383 335/1253/383
f 334/1254/383 799/1255/383 335/1253/383
f 335/1253/383 799/1255/383 865/1251/383
f 865/1251/383 799/1255/383 866/1256/383
f 866/1256/383 799/1255/383 798/1257/383
f 866/1256/383 798/1257/383 867/1258/383
f 867/1258/383 798/1257/383 797/1259/383
f 867/1258/383 797/1259/383 868/1260/383
f 868/1260/383 797/1259/383 796/1261/383
f 868/1260/383 796/1261/383 869/1262/383
f 869/1262/383 796/1261/383 795/1263/383
f 869/1262/383 795/1263/383 794/1264/383
f 869/1262/383 794/1264/383 870/1265/383
f 870/1265/383 794/1264/383 793/1266/383
f 870/1265/383 793/1266/383 871/1267/383
f 871/1267/383 793/1266/383 792/1268/383
f 871/1267/383 792/1268/383 872/1269/383
f 872/1269/383 792/1268/383 791/1270/383
f 872/1269/383 791/1270/383 790/1271/383
f 872/1269/383 790/1271/383 873/1139/383
f 873/1139/383 790/1271/383 789/1137/383
f 494/1272/428 822/1273/383 1031/1274/899
f 1031/1274/899 822/1273/383 821/1275/383
f 1031/1274/899 821/1275/383 820/1276/383
f 493/1277/383 828/1278/383 494/1272/428
f 494/1272/428 828/1278/383 827/1279/383
f 494/1272/428 827/1279/383 826/1280/383
f 828/1278/383 493/1277/383 829/1281/383
f 829/1281/383 493/1277/383 492/1282/383
f 829/1281/383 492/1282/383 830/1283/383
f 830/1283/383 492/1282/383 491/1284/383
f 830/1283/383 491/1284/383 831/1285/383
f 831/1285/383 491/1284/383 490/1286/383
f 831/1285/383 490/1286/383 832/1287/383
f 832/1287/383 490/1286/383 489/1288/383
f 832/1287/383 489/1288/383 833/1289/383
f 833/1289/383 489/1288/383 488/1290/383
f 833/1289/383 488/1290/383 834/1291/383
f 834/1291/383 488/1290/383 487/1292/383
f 834/1291/383 487/1292/383 835/1293/383
f 835/1293/383 487/1292/383 486/1294/383
f 835/1293/383 486/1294/383 836/1295/383
f 836/1295/383 486/1294/383 485/1296/383
f 836/1295/383 485/1296/383 837/1297/383
f 837/1297/383 485/1296/383 484/1298/383
f 837/1297/383 484/1298/383 838/1299/383
f 838/1299/383 484/1298/383 483/1300/383
f 838/1299/383 483/1300/383 839/1301/383
f 839/1301/383 483/1300/383 482/1302/383
f 839/1301/383 482/1302/383 840/1303/383
f 840/1303/383 482/1302/383 481/1304/383
f 840/1303/383 481/1304/383 841/1305/383
f 841/1305/383 481/1304/383 480/1306/383
f 841/1305/383 480/1306/383 842/1307/383
f 842/1307/383 480/1306/383 479/1308/383
f 826/1280/383 825/1309/383 494/1272/428
f 494/1272/428 825/1309/383 824/1310/383
f 494/1272/428 824/1310/383 823/1311/383
f 823/1311/383 822/1273/383 494/1272/428
f 820/1276/383 819/1312/383 1031/1274/899
f 1031/1274/899 819/1312/383 818/1313/383
f 1031/1274/899 818/1313/383 817/1314/383
f 1031/1274/899 817/1314/383 1045/1315/383
f 1045/1315/383 817/1314/383 816/1316/383
f 1045/1315/383 816/1316/383 1044/1317/383
f 1044/1317/383 816/1316/383 815/1318/383
f 1044/1317/383 815/1318/383 1043/1319/383
f 1043/1319/383 815/1318/383 814/1320/383
f 1043/1319/383 814/1320/383 1042/1321/383
f 1042/1321/383 814/1320/383 813/1322/383
f 1042/1321/383 813/1322/383 1041/1323/383
f 1041/1323/383 813/1322/383 812/1324/383
f 1041/1323/383 812/1324/383 1040/1325/383
f 1040/1325/383 812/1324/383 811/1326/383
f 1040/1325/383 811/1326/383 1039/1327/383
f 1039/1327/383 811/1326/383 810/1328/383
f 1039/1327/383 810/1328/383 1038/1329/383
f 1038/1329/383 810/1328/383 809/1330/383
f 1038/1329/383 809/1330/383 1037/1331/383
f 1037/1331/383 809/1330/383 808/1332/383
f 1037/1331/383 808/1332/383 1036/1333/383
f 1036/1333/383 808/1332/383 807/1334/383
f 1036/1333/383 807/1334/383 1035/1335/383
f 1035/1335/383 807/1334/383 806/1336/383
f 1035/1335/383 806/1336/383 1034/1337/383
f 1034/1337/383 806/1336/383 805/1338/383
f 1034/1337/383 805/1338/383 1033/1339/383
f 1033/1339/383 805/1338/383 804/1340/383
f 1033/1339/383 804/1340/383 1032/1341/383
f 1032/1341/383 804/1340/383 803/1342/383
f 1032/1341/383 803/1342/383 802/1343/383
f 1047/1344/94 940/1345/94 1046/1346/94
f 1046/1346/94 940/1345/94 939/1347/94
f 1046/1346/94 939/1347/94 938/1348/94
f 1048/1349/94 352/1350/94 1047/1344/94
f 1047/1344/94 352/1350/94 351/1351/94
f 1047/1344/94 351/1351/94 350/1352/94
f 1048/1349/94 1049/1353/94 352/1350/94
f 352/1350/94 1049/1353/94 1050/1354/94
f 352/1350/94 1050/1354/94 1051/1355/94
f 1051/1355/94 88/1356/94 352/1350/94
f 352/1350/94 88/1356/94 353/1357/94
f 353/1357/94 88/1356/94 87/1358/94
f 353/1357/94 87/1358/94 340/1359/94
f 340/1359/94 87/1358/94 86/1360/94
f 340/1359/94 86/1360/94 341/1361/94
f 341/1361/94 86/1360/94 85/1362/94
f 341/1361/94 85/1362/94 342/1363/94
f 342/1363/94 85/1362/94 948/1364/94
f 342/1363/94 948/1364/94 947/1365/94
f 85/1362/94 84/1366/94 948/1364/94
f 948/1364/94 84/1366/94 949/1367/94
f 949/1367/94 84/1366/94 83/1368/94
f 949/1367/94 83/1368/94 950/1369/94
f 950/1369/94 83/1368/94 82/1370/94
f 950/1369/94 82/1370/94 951/1371/94
f 951/1371/94 82/1370/94 81/1372/94
f 951/1371/94 81/1372/94 905/1373/94
f 905/1373/94 81/1372/94 80/1374/94
f 905/1373/94 80/1374/94 906/1375/94
f 906/1375/94 80/1374/94 79/1376/94
f 906/1375/94 79/1376/94 907/1377/94
f 907/1377/94 79/1376/94 78/1378/94
f 907/1377/94 78/1378/94 908/1379/94
f 908/1379/94 78/1378/94 77/1380/94
f 908/1379/94 77/1380/94 909/1381/94
f 909/1381/94 77/1380/94 76/1382/94
f 909/1381/94 76/1382/94 382/1383/94
f 382/1383/94 76/1382/94 383/1384/94
f 383/1384/94 76/1382/94 75/1385/94
f 383/1384/94 75/1385/94 370/1386/94
f 370/1386/94 75/1385/94 371/1387/94
f 371/1387/94 75/1385/94 74/1388/94
f 371/1387/94 74/1388/94 372/1389/94
f 372/1389/94 74/1388/94 373/1390/94
f 373/1390/94 74/1388/94 73/1391/94
f 373/1390/94 73/1391/94 374/1392/94
f 374/1392/94 73/1391/94 375/1393/94
f 375/1393/94 73/1391/94 912/1394/94
f 375/1393/94 912/1394/94 376/1395/94
f 376/1395/94 912/1394/94 377/1396/94
f 377/1396/94 912/1394/94 911/1397/94
f 377/1396/94 911/1397/94 378/1398/94
f 378/1398/94 911/1397/94 379/1399/94
f 379/1399/94 911/1397/94 910/1400/94
f 379/1399/94 910/1400/94 380/1401/94
f 380/1401/94 910/1400/94 381/1402/94
f 381/1402/94 910/1400/94 909/1381/94
f 381/1402/94 909/1381/94 382/1383/94
f 912/1394/94 73/1391/94 913/1403/94
f 913/1403/94 73/1391/94 72/1404/94
f 913/1403/94 72/1404/94 914/1405/94
f 914/1405/94 72/1404/94 71/1406/94
f 914/1405/94 71/1406/94 70/1407/94
f 914/1405/94 70/1407/94 915/1408/94
f 915/1408/94 70/1407/94 69/1409/94
f 915/1408/94 69/1409/94 916/1410/94
f 916/1410/94 69/1409/94 68/1411/94
f 916/1410/94 68/1411/94 917/1412/94
f 917/1412/94 68/1411/94 67/1413/94
f 917/1412/94 67/1413/94 918/1414/94
f 918/1414/94 67/1413/94 66/1415/94
f 918/1414/94 66/1415/94 919/1416/94
f 919/1416/94 66/1415/94 65/1417/94
f 919/1416/94 65/1417/94 920/1418/94
f 920/1418/94 65/1417/94 64/1419/94
f 920/1418/94 64/1419/94 921/1420/94
f 921/1420/94 64/1419/94 63/1421/94
f 921/1420/94 63/1421/94 402/1422/94
f 402/1422/94 63/1421/94 403/1423/94
f 403/1423/94 63/1421/94 404/1424/94
f 404/1424/94 63/1421/94 62/1425/94
f 404/1424/94 62/1425/94 405/1426/94
f 405/1426/94 62/1425/94 406/1427/94
f 406/1427/94 62/1425/94 61/1428/94
f 406/1427/94 61/1428/94 407/1429/94
f 407/1429/94 61/1428/94 408/1430/94
f 408/1430/94 61/1428/94 60/1431/94
f 408/1430/94 60/1431/94 409/1432/94
f 409/1432/94 60/1431/94 924/1433/94
f 409/1432/94 924/1433/94 410/1434/94
f 410/1434/94 924/1433/94 411/1435/94
f 411/1435/94 924/1433/94 923/1436/94
f 411/1435/94 923/1436/94 412/1437/94
f 412/1437/94 923/1436/94 413/1438/94
f 413/1438/94 923/1436/94 922/1439/94
f 413/1438/94 922/1439/94 400/1440/94
f 400/1440/94 922/1439/94 401/1441/94
f 401/1441/94 922/1439/94 921/1420/94
f 401/1441/94 921/1420/94 402/1422/94
f 924/1433/94 60/1431/94 925/1442/94
f 925/1442/94 60/1431/94 59/1443/94
f 925/1442/94 59/1443/94 926/1444/94
f 926/1444/94 59/1443/94 58/1445/94
f 926/1444/94 58/1445/94 927/1446/94
f 927/1446/94 58/1445/94 57/1447/94
f 927/1446/94 57/1447/94 928/1448/94
f 928/1448/94 57/1447/94 56/1449/94
f 928/1448/94 56/1449/94 55/1450/94
f 928/1448/94 55/1450/94 929/1451/94
f 929/1451/94 55/1450/94 54/1452/94
f 929/1451/94 54/1452/94 930/1453/94
f 930/1453/94 54/1452/94 53/1454/94
f 930/1453/94 53/1454/94 931/1455/94
f 931/1455/94 53/1454/94 52/1456/94
f 931/1455/94 52/1456/94 932/1457/94
f 932/1457/94 52/1456/94 51/1458/94
f 932/1457/94 51/1458/94 933/1459/94
f 933/1459/94 51/1458/94 317/1460/94
f 933/1459/94 317/1460/94 316/1461/94
f 317/1460/94 51/1458/94 318/1462/94
f 318/1462/94 51/1458/94 50/1463/94
f 318/1462/94 50/1463/94 319/1464/94
f 319/1464/94 50/1463/94 49/1465/94
f 319/1464/94 49/1465/94 320/1466/94
f 320/1466/94 49/1465/94 48/1467/94
f 320/1466/94 48/1467/94 321/1468/94
f 321/1468/94 48/1467/94 1052/1469/94
f 321/1468/94 1052/1469/94 1053/1470/94
f 1053/1470/94 1054/1471/94 321/1468/94
f 321/1468/94 1054/1471/94 1055/1472/94
f 321/1468/94 1055/1472/94 1046/1346/94
f 325/1473/94 937/1474/94 312/1475/94
f 312/1475/94 937/1474/94 936/1476/94
f 312/1475/94 936/1476/94 313/1477/94
f 313/1477/94 936/1476/94 935/1478/94
f 313/1477/94 935/1478/94 314/1479/94
f 314/1479/94 935/1478/94 315/1480/94
f 315/1480/94 935/1478/94 934/1481/94
f 315/1480/94 934/1481/94 316/1461/94
f 316/1461/94 934/1481/94 933/1459/94
f 325/1473/94 324/1482/94 937/1474/94
f 937/1474/94 324/1482/94 938/1348/94
f 938/1348/94 324/1482/94 323/1483/94
f 938/1348/94 323/1483/94 1046/1346/94
f 1046/1346/94 323/1483/94 322/1484/94
f 1046/1346/94 322/1484/94 321/1468/94
f 1047/1344/94 350/1352/94 942/1485/94
f 942/1485/94 350/1352/94 349/1486/94
f 942/1485/94 349/1486/94 943/1487/94
f 943/1487/94 349/1486/94 348/1488/94
f 943/1487/94 348/1488/94 944/1489/94
f 944/1489/94 348/1488/94 347/1490/94
f 944/1489/94 347/1490/94 945/1491/94
f 945/1491/94 347/1490/94 346/1492/94
f 945/1491/94 346/1492/94 345/1493/94
f 945/1491/94 345/1493/94 946/1494/94
f 946/1494/94 345/1493/94 344/1495/94
f 946/1494/94 344/1495/94 947/1365/94
f 947/1365/94 344/1495/94 343/1496/94
f 947/1365/94 343/1496/94 342/1363/94
f 942/1485/94 941/1497/94 1047/1344/94
f 1047/1344/94 941/1497/94 940/1345/94
f 1056/1498/44 1057/1499/44 1059/1500/900
f 1059/1500/900 1057/1499/44 1058/1501/44
f 1063/1502/901 1059/1503/900 1065/1504/902
f 1065/1504/902 1059/1503/900 1058/1505/44
f 1065/1504/902 1058/1505/44 1064/1506/902
f 1064/1506/902 1058/1505/44 1060/1507/901
f 1064/1506/902 1060/1507/901 1066/1508/903
f 1066/1508/903 1060/1507/901 1061/1509/904
f 1066/1508/903 1061/1509/904 1068/1510/905
f 1068/1510/905 1061/1509/904 999/1511/883
f 1068/1510/905 999/1511/883 1069/1512/905
f 1069/1512/905 999/1511/883 998/1513/883
f 1069/1512/905 998/1513/883 1062/1514/904
f 1069/1512/905 1062/1514/904 1067/1515/906
f 1067/1515/906 1062/1514/904 1063/1502/901
f 1067/1515/906 1063/1502/901 1065/1504/902
f 1067/1515/906 1065/1504/902 1064/1506/902
f 1069/1512/905 1067/1515/906 1066/1508/903
f 1066/1508/903 1067/1515/906 1064/1506/902
f 1068/1510/905 1069/1512/905 1066/1508/903
f 1073/1516/907 952/1517/898 1075/1518/908
f 1075/1518/908 952/1517/898 457/1519/341
f 1075/1518/908 457/1519/341 1074/1520/908
f 1074/1520/908 457/1519/341 1070/1521/909
f 1074/1520/908 1070/1521/909 1076/1522/910
f 1076/1522/910 1070/1521/909 1071/1523/911
f 1076/1522/910 1071/1523/911 1078/1524/912
f 1078/1524/912 1071/1523/911 1057/1505/44
f 1078/1524/912 1057/1505/44 1079/1525/912
f 1079/1525/912 1057/1505/44 1056/1503/44
f 1079/1525/912 1056/1503/44 1072/1526/911
f 1079/1525/912 1072/1526/911 1077/1527/913
f 1077/1527/913 1072/1526/911 1073/1516/907
f 1077/1527/913 1073/1516/907 1075/1518/908
f 1077/1527/913 1075/1518/908 1074/1520/908
f 1079/1525/912 1077/1527/913 1076/1522/910
f 1076/1522/910 1077/1527/913 1074/1520/908
f 1078/1524/912 1079/1525/912 1076/1522/910
f 583/1528/383 582/1529/383 693/1530/383
f 693/1530/383 582/1529/383 636/1531/383
f 693/1530/383 636/1531/383 694/1532/383
f 694/1532/383 636/1531/383 635/1533/383
f 694/1532/383 635/1533/383 695/1534/383
f 695/1534/383 635/1533/383 634/1535/383
f 695/1534/383 634/1535/383 696/1536/383
f 696/1536/383 634/1535/383 633/1537/383
f 696/1536/383 633/1537/383 697/1538/383
f 697/1538/383 633/1537/383 632/1539/383
f 697/1538/383 632/1539/383 698/1540/383
f 698/1540/383 632/1539/383 631/1541/383
f 698/1540/383 631/1541/383 699/1542/383
f 699/1542/383 631/1541/383 630/1543/383
f 699/1542/383 630/1543/383 700/1544/383
f 700/1544/383 630/1543/383 629/1545/383
f 700/1544/383 629/1545/383 701/1546/383
f 701/1546/383 629/1545/383 628/1547/383
f 701/1546/383 628/1547/383 702/1548/383
f 702/1548/383 628/1547/383 627/1549/383
f 702/1548/383 627/1549/383 703/1550/383
f 703/1550/383 627/1549/383 626/1551/383
f 703/1550/383 626/1551/383 704/1552/383
f 704/1552/383 626/1551/383 625/1553/383
f 704/1552/383 625/1553/383 705/1554/383
f 705/1554/383 625/1553/383 624/1555/383
f 705/1554/383 624/1555/383 706/1556/383
f 706/1556/383 624/1555/383 623/1557/383
f 706/1556/383 623/1557/383 707/1558/383
f 707/1558/383 623/1557/383 622/1559/383
f 707/1558/383 622/1559/383 708/1560/383
f 708/1560/383 622/1559/383 621/1561/383
f 708/1560/383 621/1561/383 709/1562/383
f 709/1562/383 621/1561/383 620/1563/383
f 709/1562/383 620/1563/383 710/1564/383
f 710/1564/383 620/1563/383 619/1565/383
f 710/1564/383 619/1565/383 711/1566/383
f 711/1566/383 619/1565/383 618/1567/383
f 711/1566/383 618/1567/383 712/1568/383
f 712/1568/383 618/1567/383 617/1569/383
f 712/1568/383 617/1569/383 713/1570/383
f 713/1570/383 617/1569/383 616/1571/383
f 713/1570/383 616/1571/383 714/1572/383
f 714/1572/383 616/1571/383 615/1573/383
f 714/1572/383 615/1573/383 715/1574/383
f 715/1574/383 615/1573/383 614/1575/383
f 715/1574/383 614/1575/383 716/1576/383
f 716/1576/383 614/1575/383 613/1577/383
f 716/1576/383 613/1577/383 717/1578/383
f 717/1578/383 613/1577/383 612/1579/383
f 717/1578/383 612/1579/383 718/1580/383
f 718/1580/383 612/1579/383 611/1581/383
f 718/1580/383 611/1581/383 719/1582/383
f 719/1582/383 611/1581/383 610/1583/383
f 719/1582/383 610/1583/383 720/1584/383
f 720/1584/383 610/1583/383 609/1585/383
f 720/1584/383 609/1585/383 608/1586/383
f 720/1584/383 608/1586/383 721/1587/383
f 721/1587/383 608/1586/383 607/1588/383
f 721/1587/383 607/1588/383 722/1589/383
f 722/1589/383 607/1588/383 606/1590/383
f 722/1589/383 606/1590/383 723/1591/383
f 723/1591/383 606/1590/383 605/1592/383
f 723/1591/383 605/1592/383 724/1593/383
f 724/1593/383 605/1592/383 604/1594/383
f 724/1593/383 604/1594/383 725/1595/383
f 725/1595/383 604/1594/383 603/1596/383
f 725/1595/383 603/1596/383 726/1597/383
f 726/1597/383 603/1596/383 602/1598/383
f 726/1597/383 602/1598/383 727/1599/383
f 727/1599/383 602/1598/383 601/1600/383
f 727/1599/383 601/1600/383 728/1601/383
f 728/1601/383 601/1600/383 600/1602/383
f 728/1601/383 600/1602/383 729/1603/383
f 729/1603/383 600/1602/383 599/1604/383
f 729/1603/383 599/1604/383 730/1605/383
f 730/1605/383 599/1604/383 598/1606/383
f 730/1605/383 598/1606/383 731/1607/383
f 731/1607/383 598/1606/383 597/1608/383
f 731/1607/383 597/1608/383 732/1609/383
f 732/1609/383 597/1608/383 596/1610/383
f 732/1609/383 596/1610/383 733/1611/383
f 733/1611/383 596/1610/383 595/1612/383
f 733/1611/383 595/1612/383 734/1613/383
f 734/1613/383 595/1612/383 594/1614/383
f 734/1613/383 594/1614/383 735/1615/383
f 735/1615/383 594/1614/383 593/1616/383
f 735/1615/383 593/1616/383 736/1617/383
f 736/1617/383 593/1616/383 592/1618/383
f 736/1617/383 592/1618/383 737/1619/383
f 737/1619/383 592/1618/383 591/1620/383
f 737/1619/383 591/1620/383 738/1621/383
f 738/1621/383 591/1620/383 590/1622/383
f 738/1621/383 590/1622/383 739/1623/383
f 739/1623/383 590/1622/383 589/1624/383
f 739/1623/383 589/1624/383 740/1625/383
f 740/1625/383 589/1624/383 588/1626/383
f 740/1625/383 588/1626/383 741/1627/383
f 741/1627/383 588/1626/383 587/1628/383
f 741/1627/383 587/1628/383 742/1629/383
f 742/1629/383 587/1628/383 586/1630/383
f 742/1629/383 586/1630/383 743/1631/383
f 743/1631/383 586/1630/383 585/1632/383
f 743/1631/383 585/1632/383 744/1633/383
f 744/1633/383 585/1632/383 584/1634/383
f 744/1633/383 584/1634/383 745/1635/383
f 745/1635/383 584/1634/383 583/1528/383
f 745/1635/383 583/1528/383 693/1530/383
f 1032/1636/383 802/1637/383 1102/1638/914
f 1102/1638/914 802/1637/383 1080/1639/915
f 1102/1638/914 1080/1639/915 1101/1640/916
f 1101/1640/916 1080/1639/915 1081/1641/917
f 1101/1640/916 1081/1641/917 1082/1642/918
f 1101/1640/916 1082/1642/918 1100/1643/919
f 1100/1643/919 1082/1642/918 1083/1644/920
f 1100/1643/919 1083/1644/920 1099/1645/921
f 1099/1645/921 1083/1644/920 1084/1646/922
f 1099/1645/921 1084/1646/922 1098/1647/923
f 1098/1647/923 1084/1646/922 1015/1648/852
f 1098/1647/923 1015/1648/852 1014/1649/854
f 1098/1647/923 1014/1649/854 1103/1650/924
f 1103/1650/924 1014/1649/854 1013/1651/856
f 1103/1650/924 1013/1651/856 1108/1652/925
f 1108/1652/925 1013/1651/856 1012/1653/858
f 1108/1652/925 1012/1653/858 1113/1654/926
f 1113/1654/926 1012/1653/858 1011/1655/860
f 1113/1654/926 1011/1655/860 1118/1656/927
f 1118/1656/927 1011/1655/860 1010/1657/862
f 1118/1656/927 1010/1657/862 1123/1658/928
f 1123/1658/928 1010/1657/862 1009/1659/864
f 1123/1658/928 1009/1659/864 1127/1660/929
f 1127/1660/929 1009/1659/864 1008/1661/866
f 1127/1660/929 1008/1661/866 1132/1662/930
f 1132/1662/930 1008/1661/866 1007/1663/868
f 1132/1662/930 1007/1663/868 1137/1664/931
f 1137/1664/931 1007/1663/868 1006/1665/870
f 1137/1664/931 1006/1665/870 1092/1666/932
f 1092/1667/932 1006/1668/870 1005/1669/872
f 1092/1667/932 1005/1669/872 1142/1670/933
f 1142/1670/933 1005/1669/872 1004/1671/874
f 1142/1670/933 1004/1671/874 1147/1672/934
f 1147/1672/934 1004/1671/874 1003/1673/876
f 1147/1672/934 1003/1673/876 1152/1674/935
f 1152/1674/935 1003/1673/876 1002/1675/878
f 1152/1674/935 1002/1675/878 1157/1676/936
f 1157/1676/936 1002/1675/878 1001/1677/880
f 1157/1676/936 1001/1677/880 1162/1678/937
f 1162/1678/937 1001/1677/880 1000/1679/882
f 1162/1678/937 1000/1679/882 1167/1680/938
f 1167/1680/938 1000/1679/882 999/1681/883
f 1167/1680/938 999/1681/883 1085/1682/939
f 1085/1682/939 1086/1683/940 1167/1680/938
f 1167/1680/938 1086/1683/940 1168/1684/941
f 1167/1680/938 1168/1684/941 1162/1678/937
f 1162/1678/937 1168/1684/941 1163/1685/942
f 1162/1678/937 1163/1685/942 1157/1676/936
f 1157/1676/936 1163/1685/942 1158/1686/943
f 1157/1676/936 1158/1686/943 1152/1674/935
f 1152/1674/935 1158/1686/943 1153/1687/944
f 1152/1674/935 1153/1687/944 1147/1672/934
f 1147/1672/934 1153/1687/944 1148/1688/945
f 1147/1672/934 1148/1688/945 1142/1670/933
f 1142/1670/933 1148/1688/945 1143/1689/946
f 1142/1670/933 1143/1689/946 1092/1667/932
f 1092/1667/932 1143/1689/946 1093/1690/947
f 1092/1666/932 1093/1691/947 1137/1664/931
f 1137/1664/931 1093/1691/947 1138/1692/948
f 1137/1664/931 1138/1692/948 1132/1662/930
f 1132/1662/930 1138/1692/948 1133/1693/949
f 1132/1662/930 1133/1693/949 1127/1660/929
f 1127/1660/929 1133/1693/949 1128/1694/950
f 1127/1660/929 1128/1694/950 1123/1658/928
f 1123/1658/928 1128/1694/950 1124/1695/951
f 1123/1658/928 1124/1695/951 1118/1656/927
f 1118/1656/927 1124/1695/951 1119/1696/952
f 1118/1656/927 1119/1696/952 1113/1654/926
f 1113/1654/926 1119/1696/952 1114/1697/953
f 1113/1654/926 1114/1697/953 1108/1652/925
f 1108/1652/925 1114/1697/953 1109/1698/954
f 1108/1652/925 1109/1698/954 1103/1650/924
f 1103/1650/924 1109/1698/954 1104/1699/955
f 1103/1650/924 1104/1699/955 1098/1647/923
f 1098/1647/923 1104/1699/955 1099/1645/921
f 1086/1683/940 1087/1700/956 1168/1684/941
f 1168/1684/941 1087/1700/956 1169/1701/957
f 1168/1684/941 1169/1701/957 1163/1685/942
f 1163/1685/942 1169/1701/957 1164/1702/958
f 1163/1685/942 1164/1702/958 1158/1686/943
f 1158/1686/943 1164/1702/958 1159/1703/959
f 1158/1686/943 1159/1703/959 1153/1687/944
f 1153/1687/944 1159/1703/959 1154/1704/960
f 1153/1687/944 1154/1704/960 1148/1688/945
f 1148/1688/945 1154/1704/960 1149/1705/961
f 1148/1688/945 1149/1705/961 1143/1689/946
f 1143/1689/946 1149/1705/961 1144/1706/962
f 1143/1689/946 1144/1706/962 1093/1690/947
f 1093/1690/947 1144/1706/962 1094/1707/963
f 1093/1691/947 1094/1708/963 1138/1692/948
f 1138/1692/948 1094/1708/963 1139/1709/964
f 1138/1692/948 1139/1709/964 1133/1693/949
f 1133/1693/949 1139/1709/964 1134/1710/965
f 1133/1693/949 1134/1710/965 1128/1694/950
f 1128/1694/950 1134/1710/965 1129/1711/966
f 1128/1694/950 1129/1711/966 1124/1695/951
f 1124/1695/951 1129/1711/966 1125/1712/967
f 1124/1695/951 1125/1712/967 1119/1696/952
f 1119/1696/952 1125/1712/967 1120/1713/968
f 1119/1696/952 1120/1713/968 1114/1697/953
f 1114/1697/953 1120/1713/968 1115/1714/969
f 1114/1697/953 1115/1714/969 1109/1698/954
f 1109/1698/954 1115/1714/969 1110/1715/970
f 1109/1698/954 1110/1715/970 1104/1699/955
f 1104/1699/955 1110/1715/970 1105/1716/971
f 1104/1699/955 1105/1716/971 1099/1645/921
f 1099/1645/921 1105/1716/971 1100/1643/919
f 1087/1700/956 1088/1717/972 1169/1701/957
f 1169/1701/957 1088/1717/972 1089/1718/973
f 1169/1701/957 1089/1718/973 1170/1719/974
f 1170/1719/974 1089/1718/973 1090/1720/975
f 1170/1719/974 1090/1720/975 1171/1721/976
f 1171/1721/976 1090/1720/975 1091/1722/977
f 1171/1721/976 1091/1722/977 1031/1723/899
f 1031/1723/899 1045/1724/383 1171/1721/976
f 1171/1721/976 1045/1724/383 1166/1725/978
f 1171/1721/976 1166/1725/978 1165/1726/979
f 1165/1726/979 1166/1725/978 1160/1727/980
f 1165/1726/979 1160/1727/980 1159/1703/959
f 1159/1703/959 1160/1727/980 1154/1704/960
f 1045/1724/383 1044/1728/383 1166/1725/978
f 1166/1725/978 1044/1728/383 1161/1729/981
f 1166/1725/978 1161/1729/981 1160/1727/980
f 1160/1727/980 1161/1729/981 1155/1730/982
f 1160/1727/980 1155/1730/982 1154/1704/960
f 1154/1704/960 1155/1730/982 1149/1705/961
f 1044/1728/383 1043/1731/383 1161/1729/981
f 1161/1729/981 1043/1731/383 1156/1732/983
f 1161/1729/981 1156/1732/983 1155/1730/982
f 1155/1730/982 1156/1732/983 1150/1733/984
f 1155/1730/982 1150/1733/984 1149/1705/961
f 1149/1705/961 1150/1733/984 1144/1706/962
f 1043/1731/383 1042/1734/383 1156/1732/983
f 1156/1732/983 1042/1734/383 1151/1735/985
f 1156/1732/983 1151/1735/985 1150/1733/984
f 1150/1733/984 1151/1735/985 1145/1736/986
f 1150/1733/984 1145/1736/986 1144/1706/962
f 1144/1706/962 1145/1736/986 1094/1707/963
f 1042/1734/383 1041/1737/383 1151/1735/985
f 1151/1735/985 1041/1737/383 1146/1738/987
f 1151/1735/985 1146/1738/987 1145/1736/986
f 1145/1736/986 1146/1738/987 1095/1739/988
f 1145/1736/986 1095/1739/988 1094/1707/963
f 1094/1708/963 1095/1740/988 1139/1709/964
f 1041/1737/383 1040/1741/383 1146/1738/987
f 1146/1738/987 1040/1741/383 1096/1742/989
f 1146/1738/987 1096/1742/989 1095/1739/988
f 1095/1740/988 1096/1743/989 1140/1744/990
f 1095/1740/988 1140/1744/990 1139/1709/964
f 1139/1709/964 1140/1744/990 1134/1710/965
f 1040/1745/383 1039/1746/383 1096/1743/989
f 1096/1743/989 1039/1746/383 1141/1747/991
f 1096/1743/989 1141/1747/991 1140/1744/990
f 1140/1744/990 1141/1747/991 1135/1748/992
f 1140/1744/990 1135/1748/992 1134/1710/965
f 1134/1710/965 1135/1748/992 1129/1711/966
f 1039/1746/383 1038/1749/383 1141/1747/991
f 1141/1747/991 1038/1749/383 1136/1750/993
f 1141/1747/991 1136/1750/993 1135/1748/992
f 1135/1748/992 1136/1750/993 1130/1751/994
f 1135/1748/992 1130/1751/994 1129/1711/966
f 1129/1711/966 1130/1751/994 1125/1712/967
f 1038/1749/383 1037/1752/383 1136/1750/993
f 1136/1750/993 1037/1752/383 1131/1753/995
f 1136/1750/993 1131/1753/995 1130/1751/994
f 1130/1751/994 1131/1753/995 1126/1754/996
f 1130/1751/994 1126/1754/996 1125/1712/967
f 1125/1712/967 1126/1754/996 1120/1713/968
f 1131/1753/995 1037/1752/383 1097/1755/997
f 1097/1755/997 1037/1752/383 1036/1756/383
f 1097/1755/997 1036/1756/383 1122/1757/998
f 1122/1757/998 1036/1756/383 1035/1758/383
f 1122/1757/998 1035/1758/383 1117/1759/999
f 1117/1759/999 1035/1758/383 1034/1760/383
f 1117/1759/999 1034/1760/383 1112/1761/1000
f 1112/1761/1000 1034/1760/383 1033/1762/383
f 1112/1761/1000 1033/1762/383 1107/1763/1001
f 1107/1763/1001 1033/1762/383 1032/1636/383
f 1107/1763/1001 1032/1636/383 1102/1638/914
f 1107/1763/1001 1102/1638/914 1101/1640/916
f 1101/1640/916 1100/1643/919 1106/1764/1002
f 1106/1764/1002 1100/1643/919 1105/1716/971
f 1106/1764/1002 1105/1716/971 1111/1765/1003
f 1111/1765/1003 1105/1716/971 1110/1715/970
f 1111/1765/1003 1110/1715/970 1116/1766/1004
f 1116/1766/1004 1110/1715/970 1115/1714/969
f 1116/1766/1004 1115/1714/969 1121/1767/1005
f 1121/1767/1005 1115/1714/969 1120/1713/968
f 1121/1767/1005 1120/1713/968 1126/1754/996
f 1112/1761/1000 1107/1763/1001 1106/1764/1002
f 1106/1764/1002 1107/1763/1001 1101/1640/916
f 1112/1761/1000 1106/1764/1002 1111/1765/1003
f 1117/1759/999 1112/1761/1000 1111/1765/1003
f 1117/1759/999 1111/1765/1003 1116/1766/1004
f 1122/1757/998 1117/1759/999 1116/1766/1004
f 1122/1757/998 1116/1766/1004 1121/1767/1005
f 1097/1755/997 1122/1757/998 1121/1767/1005
f 1097/1755/997 1121/1767/1005 1126/1754/996
f 1131/1753/995 1097/1755/997 1126/1754/996
f 1165/1726/979 1159/1703/959 1164/1702/958
f 1169/1701/957 1170/1719/974 1164/1702/958
f 1164/1702/958 1170/1719/974 1165/1726/979
f 1170/1719/974 1171/1721/976 1165/1726/979
f 1090/1768/975 1186/1769/1006 1091/1770/977
f 1091/1770/977 1186/1769/1006 1187/1771/1007
f 1091/1770/977 1187/1771/1007 1031/1772/899
f 1186/1769/1006 1090/1768/975 1185/1773/1008
f 1185/1773/1008 1090/1768/975 1089/1774/973
f 1185/1773/1008 1089/1774/973 1184/1775/1009
f 1184/1775/1009 1089/1774/973 1088/1776/972
f 1184/1775/1009 1088/1776/972 1183/1777/1010
f 1183/1777/1010 1088/1776/972 1087/1778/956
f 1183/1777/1010 1087/1778/956 1182/1779/1011
f 1182/1779/1011 1087/1778/956 1086/1780/940
f 1182/1779/1011 1086/1780/940 1181/1781/1012
f 1181/1781/1012 1086/1780/940 1085/1782/939
f 1181/1781/1012 1085/1782/939 999/1783/883
f 999/1783/883 1061/1784/904 1181/1781/1012
f 1181/1781/1012 1061/1784/904 1180/1785/1013
f 1181/1781/1012 1180/1785/1013 1188/1786/1014
f 1188/1786/1014 1180/1785/1013 1205/1787/1015
f 1188/1786/1014 1205/1787/1015 1204/1788/1016
f 1204/1788/1016 1205/1787/1015 1195/1789/1017
f 1204/1788/1016 1195/1789/1017 1196/1790/1018
f 1196/1790/1018 1195/1789/1017 1210/1791/1019
f 1196/1790/1018 1210/1791/1019 1209/1792/1020
f 1209/1792/1020 1210/1791/1019 1176/1793/1021
f 1209/1792/1020 1176/1793/1021 1177/1794/1022
f 1061/1784/904 1060/1795/901 1180/1785/1013
f 1180/1785/1013 1060/1795/901 1206/1796/1023
f 1180/1785/1013 1206/1796/1023 1205/1787/1015
f 1205/1787/1015 1206/1796/1023 1194/1797/1024
f 1205/1787/1015 1194/1797/1024 1195/1789/1017
f 1195/1789/1017 1194/1797/1024 1211/1798/1025
f 1195/1789/1017 1211/1798/1025 1210/1791/1019
f 1210/1791/1019 1211/1798/1025 1175/1799/1026
f 1210/1791/1019 1175/1799/1026 1176/1793/1021
f 1206/1796/1023 1060/1795/901 1179/1800/1027
f 1179/1800/1027 1060/1795/901 1058/599/44
f 1179/1800/1027 1058/599/44 1172/1801/1028
f 1179/1800/1027 1172/1801/1028 1213/1802/1029
f 1213/1802/1029 1172/1801/1028 1173/1803/1030
f 1213/1802/1029 1173/1803/1030 1212/1804/1031
f 1212/1804/1031 1173/1803/1030 1174/1805/1032
f 1212/1804/1031 1174/1805/1032 1211/1798/1025
f 1211/1798/1025 1174/1805/1032 1175/1799/1026
f 1209/1792/1020 1177/1794/1022 1208/1806/1033
f 1208/1806/1033 1177/1794/1022 1178/1807/1034
f 1208/1806/1033 1178/1807/1034 1207/1808/1035
f 1207/1808/1035 1178/1807/1034 1031/1809/899
f 1207/1808/1035 1031/1810/899 1199/1811/1036
f 1199/1811/1036 1031/1812/899 1200/1813/1037
f 1200/1813/1037 1031/1814/899 1193/1815/1038
f 1193/1815/1038 1031/1816/899 1187/1771/1007
f 1181/1781/1012 1188/1786/1014 1182/1779/1011
f 1182/1779/1011 1188/1786/1014 1189/1817/1039
f 1182/1779/1011 1189/1817/1039 1183/1777/1010
f 1183/1777/1010 1189/1817/1039 1190/1818/1040
f 1183/1777/1010 1190/1818/1040 1184/1775/1009
f 1184/1775/1009 1190/1818/1040 1191/1819/1041
f 1184/1775/1009 1191/1819/1041 1185/1773/1008
f 1185/1773/1008 1191/1819/1041 1192/1820/1042
f 1185/1773/1008 1192/1820/1042 1186/1769/1006
f 1186/1769/1006 1192/1820/1042 1193/1815/1038
f 1186/1769/1006 1193/1815/1038 1187/1771/1007
f 1188/1786/1014 1204/1788/1016 1189/1817/1039
f 1189/1817/1039 1204/1788/1016 1203/1821/1043
f 1189/1817/1039 1203/1821/1043 1190/1818/1040
f 1190/1818/1040 1203/1821/1043 1202/1822/1044
f 1190/1818/1040 1202/1822/1044 1191/1819/1041
f 1191/1819/1041 1202/1822/1044 1201/1823/1045
f 1191/1819/1041 1201/1823/1045 1192/1820/1042
f 1192/1820/1042 1201/1823/1045 1200/1813/1037
f 1192/1820/1042 1200/1813/1037 1193/1815/1038
f 1206/1796/1023 1179/1800/1027 1194/1797/1024
f 1194/1797/1024 1179/1800/1027 1212/1804/1031
f 1194/1797/1024 1212/1804/1031 1211/1798/1025
f 1213/1802/1029 1212/1804/1031 1179/1800/1027
f 1203/1821/1043 1204/1788/1016 1196/1790/1018
f 1202/1822/1044 1203/1821/1043 1197/1824/1046
f 1197/1824/1046 1203/1821/1043 1196/1790/1018
f 1197/1824/1046 1196/1790/1018 1209/1792/1020
f 1201/1823/1045 1202/1822/1044 1198/1825/1047
f 1198/1825/1047 1202/1822/1044 1197/1824/1046
f 1198/1825/1047 1197/1824/1046 1208/1806/1033
f 1208/1806/1033 1197/1824/1046 1209/1792/1020
f 1200/1813/1037 1201/1823/1045 1199/1811/1036
f 1199/1811/1036 1201/1823/1045 1198/1825/1047
f 1199/1811/1036 1198/1825/1047 1207/1808/1035
f 1207/1808/1035 1198/1825/1047 1208/1806/1033
f 1016/1826/850 1015/1827/852 1214/1828/1048
f 1214/1828/1048 1015/1827/852 1084/1829/922
f 1214/1828/1048 1084/1829/922 1239/1830/1049
f 1239/1830/1049 1084/1829/922 1083/1831/920
f 1239/1830/1049 1083/1831/920 1264/1832/1050
f 1264/1832/1050 1083/1831/920 1082/1833/918
f 1264/1832/1050 1082/1833/918 1338/1834/1051
f 1338/1834/1051 1082/1833/918 1289/1835/1052
f 1338/1834/1051 1289/1835/1052 1290/1836/1053
f 1290/1836/1053 1289/1835/1052 1340/1837/1054
f 1290/1836/1053 1340/1837/1054 1341/1838/1055
f 1341/1838/1055 1340/1837/1054 1366/1839/1056
f 1341/1838/1055 1366/1839/1056 1367/1840/1057
f 1367/1840/1057 1366/1839/1056 856/1841/1058
f 1367/1840/1057 856/1841/1058 855/1842/1059
f 1082/1833/918 1081/1843/917 1289/1835/1052
f 1289/1835/1052 1081/1843/917 1339/1844/1060
f 1289/1835/1052 1339/1844/1060 1340/1837/1054
f 1340/1837/1054 1339/1844/1060 1365/1845/1061
f 1340/1837/1054 1365/1845/1061 1366/1839/1056
f 1366/1839/1056 1365/1845/1061 856/1841/1058
f 1081/1843/917 1080/1846/915 1339/1844/1060
f 1339/1844/1060 1080/1846/915 1364/1847/1062
f 1339/1844/1060 1364/1847/1062 1365/1845/1061
f 1365/1845/1061 1364/1847/1062 857/1848/1063
f 1365/1845/1061 857/1848/1063 856/1841/1058
f 1080/1846/915 802/1849/383 1364/1847/1062
f 1364/1847/1062 802/1849/383 857/1848/1063
f 854/1850/1064 1369/1851/1065 855/1842/1059
f 855/1842/1059 1369/1851/1065 1368/1852/1066
f 855/1842/1059 1368/1852/1066 1367/1840/1057
f 1367/1840/1057 1368/1852/1066 1342/1853/1067
f 1367/1840/1057 1342/1853/1067 1341/1838/1055
f 1341/1838/1055 1342/1853/1067 1291/1854/1068
f 1341/1838/1055 1291/1854/1068 1290/1836/1053
f 1290/1836/1053 1291/1854/1068 1337/1855/1069
f 1290/1836/1053 1337/1855/1069 1338/1834/1051
f 1338/1834/1051 1337/1855/1069 1264/1832/1050
f 1369/1851/1065 854/1850/1064 1370/1856/1070
f 1370/1856/1070 854/1850/1064 853/1857/1071
f 1370/1856/1070 853/1857/1071 1371/1858/1072
f 1371/1858/1072 853/1857/1071 852/1859/1073
f 1371/1858/1072 852/1859/1073 1372/1860/1074
f 1372/1860/1074 852/1859/1073 1373/1861/1075
f 1372/1860/1074 1373/1861/1075 1347/1862/1076
f 1347/1862/1076 1373/1861/1075 1348/1863/1077
f 1347/1862/1076 1348/1863/1077 1297/1864/1078
f 1297/1864/1078 1348/1863/1077 1298/1865/1079
f 1297/1864/1078 1298/1865/1079 1330/1866/1080
f 1330/1866/1080 1298/1865/1079 1329/1867/1081
f 1330/1866/1080 1329/1867/1081 1272/1868/1082
f 1272/1868/1082 1329/1867/1081 1273/1869/1083
f 1272/1868/1082 1273/1869/1083 1247/1870/1084
f 1247/1870/1084 1273/1869/1083 1248/1871/1085
f 1247/1870/1084 1248/1871/1085 1222/1872/1086
f 1222/1872/1086 1248/1871/1085 1223/1873/1087
f 1222/1872/1086 1223/1873/1087 1021/1874/840
f 1021/1874/840 1223/1873/1087 1022/1875/838
f 1022/1875/838 1223/1873/1087 1224/1876/1088
f 1022/1875/838 1224/1876/1088 1225/1877/1089
f 1225/1877/1089 1224/1876/1088 1250/1878/1090
f 1225/1877/1089 1250/1878/1090 1251/1879/1091
f 1251/1879/1091 1250/1878/1090 1276/1880/1092
f 1251/1879/1091 1276/1880/1092 1277/1881/1093
f 1277/1881/1093 1276/1880/1092 1325/1882/1094
f 1277/1881/1093 1325/1882/1094 1324/1883/1095
f 1324/1883/1095 1325/1882/1094 1303/1884/1096
f 1324/1883/1095 1303/1884/1096 1304/1885/1097
f 1304/1885/1097 1303/1884/1096 1354/1886/1098
f 1304/1885/1097 1354/1886/1098 1355/1887/1099
f 1355/1887/1099 1354/1886/1098 1380/1888/1100
f 1355/1887/1099 1380/1888/1100 1381/1889/1101
f 1381/1889/1101 1380/1888/1100 847/1890/1102
f 1381/1889/1101 847/1890/1102 846/1891/1103
f 852/1859/1073 851/1892/1104 1373/1861/1075
f 1373/1861/1075 851/1892/1104 1374/1893/1105
f 1373/1861/1075 1374/1893/1105 1348/1863/1077
f 1348/1863/1077 1374/1893/1105 1349/1894/1106
f 1348/1863/1077 1349/1894/1106 1298/1865/1079
f 1298/1865/1079 1349/1894/1106 1299/1895/1107
f 1298/1865/1079 1299/1895/1107 1329/1867/1081
f 1329/1867/1081 1299/1895/1107 1328/1896/1108
f 1329/1867/1081 1328/1896/1108 1273/1869/1083
f 1273/1869/1083 1328/1896/1108 1274/1897/1109
f 1273/1869/1083 1274/1897/1109 1248/1871/1085
f 1248/1871/1085 1274/1897/1109 1249/1898/1110
f 1248/1871/1085 1249/1898/1110 1223/1873/1087
f 1223/1873/1087 1249/1898/1110 1224/1876/1088
f 1374/1893/1105 851/1892/1104 1375/1899/1111
f 1375/1899/1111 851/1892/1104 850/1900/1112
f 1375/1899/1111 850/1900/1112 1376/1901/1113
f 1376/1901/1113 850/1900/1112 1377/1902/1114
f 1376/1901/1113 1377/1902/1114 1351/1903/1115
f 1351/1903/1115 1377/1902/1114 1352/1904/1116
f 1351/1903/1115 1352/1904/1116 1301/1905/1117
f 1301/1905/1117 1352/1904/1116 1302/1906/1118
f 1301/1905/1117 1302/1906/1118 1326/1907/1119
f 1326/1907/1119 1302/1906/1118 1325/1882/1094
f 1326/1907/1119 1325/1882/1094 1276/1880/1092
f 850/1900/1112 849/1908/1120 1377/1902/1114
f 1377/1902/1114 849/1908/1120 1378/1909/1121
f 1377/1902/1114 1378/1909/1121 1352/1904/1116
f 1352/1904/1116 1378/1909/1121 1353/1910/1122
f 1352/1904/1116 1353/1910/1122 1302/1906/1118
f 1302/1906/1118 1353/1910/1122 1303/1884/1096
f 1302/1906/1118 1303/1884/1096 1325/1882/1094
f 849/1908/1120 848/1911/1123 1378/1909/1121
f 1378/1909/1121 848/1911/1123 1379/1912/1124
f 1378/1909/1121 1379/1912/1124 1353/1910/1122
f 1353/1910/1122 1379/1912/1124 1354/1886/1098
f 1353/1910/1122 1354/1886/1098 1303/1884/1096
f 1379/1912/1124 848/1911/1123 1380/1888/1100
f 1380/1888/1100 848/1911/1123 847/1890/1102
f 845/1913/1125 1383/1914/1126 846/1891/1103
f 846/1891/1103 1383/1914/1126 1382/1915/1127
f 846/1891/1103 1382/1915/1127 1381/1889/1101
f 1381/1889/1101 1382/1915/1127 1356/1916/1128
f 1381/1889/1101 1356/1916/1128 1355/1887/1099
f 1355/1887/1099 1356/1916/1128 1305/1917/1129
f 1355/1887/1099 1305/1917/1129 1304/1885/1097
f 1304/1885/1097 1305/1917/1129 1323/1918/1130
f 1304/1885/1097 1323/1918/1130 1324/1883/1095
f 1324/1883/1095 1323/1918/1130 1278/1919/1131
f 1324/1883/1095 1278/1919/1131 1277/1881/1093
f 1277/1881/1093 1278/1919/1131 1252/1920/1132
f 1277/1881/1093 1252/1920/1132 1251/1879/1091
f 1251/1879/1091 1252/1920/1132 1226/1921/1133
f 1251/1879/1091 1226/1921/1133 1225/1877/1089
f 1225/1877/1089 1226/1921/1133 1023/1922/837
f 1225/1877/1089 1023/1922/837 1022/1875/838
f 1383/1914/1126 845/1913/1125 1384/1923/1134
f 1384/1923/1134 845/1913/1125 844/1924/1135
f 1384/1923/1134 844/1924/1135 1385/1925/1136
f 1385/1925/1136 844/1924/1135 1386/1926/1137
f 1385/1925/1136 1386/1926/1137 1360/1927/1138
f 1360/1927/1138 1386/1926/1137 1361/1928/1139
f 1360/1927/1138 1361/1928/1139 1310/1929/1140
f 1310/1929/1140 1361/1928/1139 1311/1930/1141
f 1310/1929/1140 1311/1930/1141 1317/1931/1142
f 1317/1931/1142 1311/1930/1141 1316/1932/1143
f 1317/1931/1142 1316/1932/1143 1285/1933/1144
f 1285/1933/1144 1316/1932/1143 1286/1934/1145
f 1285/1933/1144 1286/1934/1145 1260/1935/1146
f 1260/1935/1146 1286/1934/1145 1261/1936/1147
f 1260/1935/1146 1261/1936/1147 1235/1937/1148
f 1235/1937/1148 1261/1936/1147 1236/1938/1149
f 1235/1937/1148 1236/1938/1149 1029/1939/826
f 1029/1939/826 1236/1938/1149 1030/1940/824
f 1030/1940/824 1236/1938/1149 1237/1941/1150
f 1030/1940/824 1237/1941/1150 1238/1942/1151
f 1238/1942/1151 1237/1941/1150 1263/1943/1152
f 1238/1942/1151 1263/1943/1152 474/1944/374
f 474/1944/374 1263/1943/1152 475/1945/376
f 475/1945/376 1263/1943/1152 1288/1946/1153
f 475/1945/376 1288/1946/1153 476/1947/378
f 476/1947/378 1288/1946/1153 1314/1948/1154
f 476/1947/378 1314/1948/1154 1313/1949/1155
f 1313/1949/1155 1314/1948/1154 1315/1950/1156
f 1313/1949/1155 1315/1950/1156 1312/1951/1157
f 1312/1951/1157 1315/1950/1156 1316/1932/1143
f 1312/1951/1157 1316/1932/1143 1311/1930/1141
f 844/1924/1135 843/1952/1158 1386/1926/1137
f 1386/1926/1137 843/1952/1158 1387/1953/1159
f 1386/1926/1137 1387/1953/1159 1361/1928/1139
f 1361/1928/1139 1387/1953/1159 1362/1954/1160
f 1361/1928/1139 1362/1954/1160 1311/1930/1141
f 1311/1930/1141 1362/1954/1160 1312/1951/1157
f 1387/1953/1159 843/1952/1158 1388/1955/1161
f 1388/1955/1161 843/1952/1158 479/1956/383
f 1388/1955/1161 479/1956/383 478/1957/381
f 1388/1955/1161 478/1957/381 1363/1958/1162
f 1363/1958/1162 478/1957/381 477/1959/380
f 1363/1958/1162 477/1959/380 1313/1949/1155
f 1313/1949/1155 477/1959/380 476/1947/378
f 474/1944/374 473/1960/373 1238/1942/1151
f 1238/1942/1151 473/1960/373 1030/1940/824
f 1235/1937/1148 1029/1939/826 1234/1961/1163
f 1234/1961/1163 1029/1939/826 1028/1962/828
f 1234/1961/1163 1028/1962/828 1233/1963/1164
f 1233/1963/1164 1028/1962/828 1027/1964/597
f 1233/1963/1164 1027/1964/597 1232/1965/1165
f 1232/1965/1165 1027/1964/597 1231/1966/1166
f 1232/1965/1165 1231/1966/1166 1257/1967/1167
f 1257/1967/1167 1231/1966/1166 1256/1968/1168
f 1257/1967/1167 1256/1968/1168 1282/1969/1169
f 1282/1969/1169 1256/1968/1168 1281/1970/1170
f 1282/1969/1169 1281/1970/1170 1320/1971/1171
f 1320/1971/1171 1281/1970/1170 1321/1972/1172
f 1320/1971/1171 1321/1972/1172 1307/1973/1173
f 1307/1973/1173 1321/1972/1172 1306/1974/1174
f 1307/1973/1173 1306/1974/1174 1357/1975/1175
f 1357/1975/1175 1306/1974/1174 1356/1916/1128
f 1357/1975/1175 1356/1916/1128 1382/1915/1127
f 1027/1964/597 1026/1976/831 1231/1966/1166
f 1231/1966/1166 1026/1976/831 1230/1977/1176
f 1231/1966/1166 1230/1977/1176 1256/1968/1168
f 1256/1968/1168 1230/1977/1176 1255/1978/1177
f 1256/1968/1168 1255/1978/1177 1281/1970/1170
f 1281/1970/1170 1255/1978/1177 1280/1979/1178
f 1281/1970/1170 1280/1979/1178 1321/1972/1172
f 1321/1972/1172 1280/1979/1178 1322/1980/1179
f 1321/1972/1172 1322/1980/1179 1306/1974/1174
f 1306/1974/1174 1322/1980/1179 1305/1917/1129
f 1306/1974/1174 1305/1917/1129 1356/1916/1128
f 1026/1976/831 1025/1981/833 1230/1977/1176
f 1230/1977/1176 1025/1981/833 1229/1982/1180
f 1230/1977/1176 1229/1982/1180 1255/1978/1177
f 1255/1978/1177 1229/1982/1180 1254/1983/1181
f 1255/1978/1177 1254/1983/1181 1280/1979/1178
f 1280/1979/1178 1254/1983/1181 1279/1984/1182
f 1280/1979/1178 1279/1984/1182 1322/1980/1179
f 1322/1980/1179 1279/1984/1182 1323/1918/1130
f 1322/1980/1179 1323/1918/1130 1305/1917/1129
f 1229/1982/1180 1025/1981/833 1228/1985/1183
f 1228/1985/1183 1025/1981/833 1024/1986/835
f 1228/1985/1183 1024/1986/835 1227/1987/1184
f 1227/1987/1184 1024/1986/835 1023/1922/837
f 1227/1987/1184 1023/1922/837 1226/1921/1133
f 1222/1872/1086 1021/1874/840 1221/1988/1185
f 1221/1988/1185 1021/1874/840 1020/1989/842
f 1221/1988/1185 1020/1989/842 1220/1990/1186
f 1220/1990/1186 1020/1989/842 1019/1991/844
f 1220/1990/1186 1019/1991/844 1219/1992/1187
f 1219/1992/1187 1019/1991/844 1018/1993/846
f 1219/1992/1187 1018/1993/846 1218/1994/1188
f 1218/1994/1188 1018/1993/846 1217/1995/1189
f 1218/1994/1188 1217/1995/1189 1243/1996/1190
f 1243/1996/1190 1217/1995/1189 1242/1997/1191
f 1243/1996/1190 1242/1997/1191 1268/1998/1192
f 1268/1998/1192 1242/1997/1191 1267/1999/1193
f 1268/1998/1192 1267/1999/1193 1334/2000/1194
f 1334/2000/1194 1267/1999/1193 1335/2001/1195
f 1334/2000/1194 1335/2001/1195 1293/2002/1196
f 1293/2002/1196 1335/2001/1195 1292/2003/1197
f 1293/2002/1196 1292/2003/1197 1343/2004/1198
f 1343/2004/1198 1292/2003/1197 1342/1853/1067
f 1343/2004/1198 1342/1853/1067 1368/1852/1066
f 1018/1993/846 1017/2005/848 1217/1995/1189
f 1217/1995/1189 1017/2005/848 1216/2006/1199
f 1217/1995/1189 1216/2006/1199 1242/1997/1191
f 1242/1997/1191 1216/2006/1199 1241/2007/1200
f 1242/1997/1191 1241/2007/1200 1267/1999/1193
f 1267/1999/1193 1241/2007/1200 1266/2008/1201
f 1267/1999/1193 1266/2008/1201 1335/2001/1195
f 1335/2001/1195 1266/2008/1201 1336/2009/1202
f 1335/2001/1195 1336/2009/1202 1292/2003/1197
f 1292/2003/1197 1336/2009/1202 1291/1854/1068
f 1292/2003/1197 1291/1854/1068 1342/1853/1067
f 1216/2006/1199 1017/2005/848 1215/2010/1203
f 1215/2010/1203 1017/2005/848 1016/1826/850
f 1215/2010/1203 1016/1826/850 1214/1828/1048
f 1241/2007/1200 1216/2006/1199 1215/2010/1203
f 1215/2010/1203 1214/1828/1048 1240/2011/1204
f 1240/2011/1204 1214/1828/1048 1239/1830/1049
f 1240/2011/1204 1239/1830/1049 1265/2012/1205
f 1265/2012/1205 1239/1830/1049 1264/1832/1050
f 1265/2012/1205 1264/1832/1050 1337/1855/1069
f 1219/1992/1187 1218/1994/1188 1244/2013/1206
f 1244/2013/1206 1218/1994/1188 1243/1996/1190
f 1244/2013/1206 1243/1996/1190 1269/2014/1207
f 1269/2014/1207 1243/1996/1190 1268/1998/1192
f 1269/2014/1207 1268/1998/1192 1333/2015/1208
f 1333/2015/1208 1268/1998/1192 1334/2000/1194
f 1333/2015/1208 1334/2000/1194 1294/2016/1209
f 1294/2016/1209 1334/2000/1194 1293/2002/1196
f 1294/2016/1209 1293/2002/1196 1344/2017/1210
f 1344/2017/1210 1293/2002/1196 1343/2004/1198
f 1344/2017/1210 1343/2004/1198 1369/1851/1065
f 1369/1851/1065 1343/2004/1198 1368/1852/1066
f 1220/1990/1186 1219/1992/1187 1245/2018/1211
f 1245/2018/1211 1219/1992/1187 1244/2013/1206
f 1245/2018/1211 1244/2013/1206 1270/2019/1212
f 1270/2019/1212 1244/2013/1206 1269/2014/1207
f 1270/2019/1212 1269/2014/1207 1332/2020/1213
f 1332/2020/1213 1269/2014/1207 1333/2015/1208
f 1332/2020/1213 1333/2015/1208 1295/2021/1214
f 1295/2021/1214 1333/2015/1208 1294/2016/1209
f 1295/2021/1214 1294/2016/1209 1345/2022/1215
f 1345/2022/1215 1294/2016/1209 1344/2017/1210
f 1345/2022/1215 1344/2017/1210 1370/1856/1070
f 1370/1856/1070 1344/2017/1210 1369/1851/1065
f 1247/1870/1084 1222/1872/1086 1221/1988/1185
f 1221/1988/1185 1220/1990/1186 1246/2023/1216
f 1246/2023/1216 1220/1990/1186 1245/2018/1211
f 1246/2023/1216 1245/2018/1211 1271/2024/1217
f 1271/2024/1217 1245/2018/1211 1270/2019/1212
f 1271/2024/1217 1270/2019/1212 1331/2025/1218
f 1331/2025/1218 1270/2019/1212 1332/2020/1213
f 1331/2025/1218 1332/2020/1213 1296/2026/1219
f 1296/2026/1219 1332/2020/1213 1295/2021/1214
f 1296/2026/1219 1295/2021/1214 1346/2027/1220
f 1346/2027/1220 1295/2021/1214 1345/2022/1215
f 1346/2027/1220 1345/2022/1215 1371/1858/1072
f 1371/1858/1072 1345/2022/1215 1370/1856/1070
f 1250/1878/1090 1224/1876/1088 1249/1898/1110
f 1226/1921/1133 1252/1920/1132 1227/1987/1184
f 1227/1987/1184 1252/1920/1132 1253/2028/1221
f 1227/1987/1184 1253/2028/1221 1228/1985/1183
f 1228/1985/1183 1253/2028/1221 1254/1983/1181
f 1228/1985/1183 1254/1983/1181 1229/1982/1180
f 1233/1963/1164 1232/1965/1165 1258/2029/1222
f 1258/2029/1222 1232/1965/1165 1257/1967/1167
f 1258/2029/1222 1257/1967/1167 1283/2030/1223
f 1283/2030/1223 1257/1967/1167 1282/1969/1169
f 1283/2030/1223 1282/1969/1169 1319/2031/1224
f 1319/2031/1224 1282/1969/1169 1320/1971/1171
f 1319/2031/1224 1320/1971/1171 1308/2032/1225
f 1308/2032/1225 1320/1971/1171 1307/1973/1173
f 1308/2032/1225 1307/1973/1173 1358/2033/1226
f 1358/2033/1226 1307/1973/1173 1357/1975/1175
f 1358/2033/1226 1357/1975/1175 1383/1914/1126
f 1383/1914/1126 1357/1975/1175 1382/1915/1127
f 1260/1935/1146 1235/1937/1148 1234/1961/1163
f 1234/1961/1163 1233/1963/1164 1259/2034/1227
f 1259/2034/1227 1233/1963/1164 1258/2029/1222
f 1259/2034/1227 1258/2029/1222 1284/2035/1228
f 1284/2035/1228 1258/2029/1222 1283/2030/1223
f 1284/2035/1228 1283/2030/1223 1318/2036/1229
f 1318/2036/1229 1283/2030/1223 1319/2031/1224
f 1318/2036/1229 1319/2031/1224 1309/2037/1230
f 1309/2037/1230 1319/2031/1224 1308/2032/1225
f 1309/2037/1230 1308/2032/1225 1359/2038/1231
f 1359/2038/1231 1308/2032/1225 1358/2033/1226
f 1359/2038/1231 1358/2033/1226 1384/1923/1134
f 1384/1923/1134 1358/2033/1226 1383/1914/1126
f 1237/1941/1150 1236/1938/1149 1262/2039/1232
f 1262/2039/1232 1236/1938/1149 1261/1936/1147
f 1262/2039/1232 1261/1936/1147 1287/2040/1233
f 1287/2040/1233 1261/1936/1147 1286/1934/1145
f 1287/2040/1233 1286/1934/1145 1315/1950/1156
f 1315/1950/1156 1286/1934/1145 1316/1932/1143
f 1266/2008/1201 1241/2007/1200 1240/2011/1204
f 1240/2011/1204 1241/2007/1200 1215/2010/1203
f 1266/2008/1201 1240/2011/1204 1265/2012/1205
f 1272/1868/1082 1247/1870/1084 1246/2023/1216
f 1246/2023/1216 1247/1870/1084 1221/1988/1185
f 1272/1868/1082 1246/2023/1216 1271/2024/1217
f 1250/1878/1090 1249/1898/1110 1275/2041/1234
f 1275/2041/1234 1249/1898/1110 1274/1897/1109
f 1275/2041/1234 1274/1897/1109 1327/2042/1235
f 1327/2042/1235 1274/1897/1109 1328/1896/1108
f 1327/2042/1235 1328/1896/1108 1300/2043/1236
f 1300/2043/1236 1328/1896/1108 1299/1895/1107
f 1300/2043/1236 1299/1895/1107 1350/2044/1237
f 1350/2044/1237 1299/1895/1107 1349/1894/1106
f 1350/2044/1237 1349/1894/1106 1375/1899/1111
f 1375/1899/1111 1349/1894/1106 1374/1893/1105
f 1279/1984/1182 1254/1983/1181 1253/2028/1221
f 1279/1984/1182 1253/2028/1221 1278/1919/1131
f 1278/1919/1131 1253/2028/1221 1252/1920/1132
f 1285/1933/1144 1260/1935/1146 1259/2034/1227
f 1259/2034/1227 1260/1935/1146 1234/1961/1163
f 1285/1933/1144 1259/2034/1227 1284/2035/1228
f 1288/1946/1153 1263/1943/1152 1262/2039/1232
f 1262/2039/1232 1263/1943/1152 1237/1941/1150
f 1288/1946/1153 1262/2039/1232 1287/2040/1233
f 1336/2009/1202 1266/2008/1201 1265/2012/1205
f 1336/2009/1202 1265/2012/1205 1337/1855/1069
f 1330/1866/1080 1272/1868/1082 1271/2024/1217
f 1330/1866/1080 1271/2024/1217 1331/2025/1218
f 1326/1907/1119 1276/1880/1092 1275/2041/1234
f 1275/2041/1234 1276/1880/1092 1250/1878/1090
f 1326/1907/1119 1275/2041/1234 1327/2042/1235
f 1323/1918/1130 1279/1984/1182 1278/1919/1131
f 1317/1931/1142 1285/1933/1144 1284/2035/1228
f 1317/1931/1142 1284/2035/1228 1318/2036/1229
f 1314/1948/1154 1288/1946/1153 1287/2040/1233
f 1314/1948/1154 1287/2040/1233 1315/1950/1156
f 1336/2009/1202 1337/1855/1069 1291/1854/1068
f 1330/1866/1080 1331/2025/1218 1297/1864/1078
f 1297/1864/1078 1331/2025/1218 1296/2026/1219
f 1297/1864/1078 1296/2026/1219 1347/1862/1076
f 1347/1862/1076 1296/2026/1219 1346/2027/1220
f 1347/1862/1076 1346/2027/1220 1372/1860/1074
f 1372/1860/1074 1346/2027/1220 1371/1858/1072
f 1326/1907/1119 1327/2042/1235 1301/1905/1117
f 1301/1905/1117 1327/2042/1235 1300/2043/1236
f 1301/1905/1117 1300/2043/1236 1351/1903/1115
f 1351/1903/1115 1300/2043/1236 1350/2044/1237
f 1351/1903/1115 1350/2044/1237 1376/1901/1113
f 1376/1901/1113 1350/2044/1237 1375/1899/1111
f 1317/1931/1142 1318/2036/1229 1310/1929/1140
f 1310/1929/1140 1318/2036/1229 1309/2037/1230
f 1310/1929/1140 1309/2037/1230 1360/1927/1138
f 1360/1927/1138 1309/2037/1230 1359/2038/1231
f 1360/1927/1138 1359/2038/1231 1385/1925/1136
f 1385/1925/1136 1359/2038/1231 1384/1923/1134
f 1363/1958/1162 1313/1949/1155 1312/1951/1157
f 1363/1958/1162 1312/1951/1157 1362/1954/1160
f 1380/1888/1100 1354/1886/1098 1379/1912/1124
f 1388/1955/1161 1363/1958/1162 1362/1954/1160
f 1388/1955/1161 1362/1954/1160 1387/1953/1159
f 1178/2045/1034 1396/2046/1238 1031/2047/899
f 1031/2047/899 1396/2046/1238 1397/2048/1239
f 1031/2047/899 1397/2048/1239 494/2049/428
f 494/2049/428 1397/2048/1239 1395/2050/1240
f 1395/2050/1240 1397/2048/1239 1394/2051/1022
f 1394/2051/1022 1397/2048/1239 1399/2052/1241
f 1394/2051/1022 1399/2052/1241 1393/2053/1242
f 1393/2053/1242 1399/2052/1241 1401/2054/1243
f 1393/2053/1242 1401/2054/1243 1392/2055/1244
f 1392/2055/1244 1401/2054/1243 1391/2056/1032
f 1391/2056/1032 1401/2054/1243 1403/2057/1245
f 1391/2056/1032 1403/2057/1245 1390/2058/1246
f 1390/2058/1246 1403/2057/1245 1405/2059/1247
f 1390/2058/1246 1405/2059/1247 1389/2060/1028
f 1389/2060/1028 1405/2059/1247 1057/2061/44
f 1057/2061/44 1405/2059/1247 1404/2062/1248
f 1057/2061/44 1404/2062/1248 1172/2063/1028
f 1172/2063/1028 1404/2062/1248 1173/2064/1030
f 1173/2064/1030 1404/2062/1248 1402/2065/1249
f 1173/2064/1030 1402/2065/1249 1174/2066/1032
f 1174/2066/1032 1402/2065/1249 1400/2067/1243
f 1174/2066/1032 1400/2067/1243 1175/2068/1026
f 1175/2068/1026 1400/2067/1243 1176/2069/1021
f 1176/2069/1021 1400/2067/1243 1398/2070/1250
f 1176/2069/1021 1398/2070/1250 1177/2071/1022
f 1177/2071/1022 1398/2070/1250 1396/2046/1238
f 1177/2071/1022 1396/2046/1238 1178/2045/1034
f 1172/2063/1028 1058/2072/44 1057/2061/44
f 1399/2052/1241 1397/2048/1239 1396/2046/1238
f 1401/2054/1243 1399/2052/1241 1398/2070/1250
f 1398/2070/1250 1399/2052/1241 1396/2046/1238
f 1403/2057/1245 1401/2054/1243 1400/2067/1243
f 1400/2067/1243 1401/2054/1243 1398/2070/1250
f 1405/2059/1247 1403/2057/1245 1402/2065/1249
f 1402/2065/1249 1403/2057/1245 1400/2067/1243
f 1404/2062/1248 1405/2059/1247 1402/2065/1249
f 1389/2073/1028 1057/1783/44 1408/1781/1251
f 1408/1781/1251 1057/1783/44 1071/1784/911
f 1408/1781/1251 1071/1784/911 1407/1785/1252
f 1407/1785/1252 1071/1784/911 1070/1795/909
f 1407/1785/1252 1070/1795/909 1433/1796/1253
f 1433/1796/1253 1070/1795/909 1406/1800/1254
f 1433/1796/1253 1406/1800/1254 1421/1797/1255
f 1421/1797/1255 1406/1800/1254 1439/1804/1256
f 1421/1797/1255 1439/1804/1256 1438/1798/1257
f 1438/1798/1257 1439/1804/1256 499/2074/421
f 1438/1798/1257 499/2074/421 498/2075/425
f 1070/1795/909 457/599/341 1406/1800/1254
f 1406/1800/1254 457/599/341 501/2076/340
f 1406/1800/1254 501/2076/340 1440/1802/1258
f 1440/1802/1258 501/2076/340 500/2077/417
f 1440/1802/1258 500/2077/417 1439/1804/1256
f 1439/1804/1256 500/2077/417 499/2074/421
f 1438/1798/1257 498/2075/425 1437/1791/1259
f 1437/1791/1259 498/2075/425 497/2078/424
f 1437/1791/1259 497/2078/424 1436/1792/1260
f 1436/1792/1260 497/2078/424 496/2079/427
f 1436/1792/1260 496/2079/427 1435/1806/1261
f 1435/1806/1261 496/2079/427 495/2080/429
f 1435/1806/1261 495/2080/429 1434/1808/1262
f 1434/1808/1262 495/2080/429 494/1809/428
f 1394/2081/1022 1413/1769/1263 1395/2082/1240
f 1395/2082/1240 1413/1769/1263 1414/1771/1264
f 1395/2082/1240 1414/1771/1264 494/1772/428
f 1413/1769/1263 1394/2081/1022 1412/1773/1265
f 1412/1773/1265 1394/2081/1022 1393/2083/1242
f 1412/1773/1265 1393/2083/1242 1411/1775/1266
f 1411/1775/1266 1393/2083/1242 1392/2084/1244
f 1411/1775/1266 1392/2084/1244 1410/1777/1267
f 1410/1777/1267 1392/2084/1244 1391/2085/1032
f 1410/1777/1267 1391/2085/1032 1409/1779/1268
f 1409/1779/1268 1391/2085/1032 1390/2086/1246
f 1409/1779/1268 1390/2086/1246 1408/1781/1251
f 1408/1781/1251 1390/2086/1246 1389/2073/1028
f 1434/1808/1262 494/1810/428 1426/1811/1269
f 1426/1811/1269 494/1812/428 1427/1813/1270
f 1427/1813/1270 494/1814/428 1420/1815/1271
f 1420/1815/1271 494/1816/428 1414/1771/1264
f 1439/1804/1256 1406/1800/1254 1440/1802/1258
f 1409/1779/1268 1408/1781/1251 1415/1786/1272
f 1415/1786/1272 1408/1781/1251 1407/1785/1252
f 1415/1786/1272 1407/1785/1252 1432/1787/1273
f 1432/1787/1273 1407/1785/1252 1433/1796/1253
f 1432/1787/1273 1433/1796/1253 1421/1797/1255
f 1410/1777/1267 1409/1779/1268 1416/1817/1274
f 1416/1817/1274 1409/1779/1268 1415/1786/1272
f 1416/1817/1274 1415/1786/1272 1431/1788/1275
f 1431/1788/1275 1415/1786/1272 1432/1787/1273
f 1431/1788/1275 1432/1787/1273 1422/1789/1276
f 1422/1789/1276 1432/1787/1273 1421/1797/1255
f 1422/1789/1276 1421/1797/1255 1438/1798/1257
f 1411/1775/1266 1410/1777/1267 1417/1818/1277
f 1417/1818/1277 1410/1777/1267 1416/1817/1274
f 1417/1818/1277 1416/1817/1274 1430/1821/1278
f 1430/1821/1278 1416/1817/1274 1431/1788/1275
f 1430/1821/1278 1431/1788/1275 1423/1790/1279
f 1423/1790/1279 1431/1788/1275 1422/1789/1276
f 1423/1790/1279 1422/1789/1276 1437/1791/1259
f 1437/1791/1259 1422/1789/1276 1438/1798/1257
f 1412/1773/1265 1411/1775/1266 1418/1819/1280
f 1418/1819/1280 1411/1775/1266 1417/1818/1277
f 1418/1819/1280 1417/1818/1277 1429/1822/1281
f 1429/1822/1281 1417/1818/1277 1430/1821/1278
f 1429/1822/1281 1430/1821/1278 1424/1824/1282
f 1424/1824/1282 1430/1821/1278 1423/1790/1279
f 1424/1824/1282 1423/1790/1279 1436/1792/1260
f 1436/1792/1260 1423/1790/1279 1437/1791/1259
f 1420/1815/1271 1414/1771/1264 1413/1769/1263
f 1413/1769/1263 1412/1773/1265 1419/1820/1283
f 1419/1820/1283 1412/1773/1265 1418/1819/1280
f 1419/1820/1283 1418/1819/1280 1428/1823/1284
f 1428/1823/1284 1418/1819/1280 1429/1822/1281
f 1428/1823/1284 1429/1822/1281 1425/1825/1285
f 1425/1825/1285 1429/1822/1281 1424/1824/1282
f 1425/1825/1285 1424/1824/1282 1435/1806/1261
f 1435/1806/1261 1424/1824/1282 1436/1792/1260
f 1427/1813/1270 1420/1815/1271 1419/1820/1283
f 1419/1820/1283 1420/1815/1271 1413/1769/1263
f 1427/1813/1270 1419/1820/1283 1428/1823/1284
f 1427/1813/1270 1428/1823/1284 1426/1811/1269
f 1426/1811/1269 1428/1823/1284 1425/1825/1285
f 1426/1811/1269 1425/1825/1285 1434/1808/1262
f 1434/1808/1262 1425/1825/1285 1435/1806/1261
f 1441/2087/603 1442/2088/603 1444/2089/603
f 1444/2089/603 1442/2088/603 1443/2090/603
f 384/2091/94 399/2092/94 773/2093/94
f 773/2093/94 399/2092/94 774/2094/94
f 774/2094/94 399/2092/94 398/2095/94
f 774/2094/94 398/2095/94 397/2096/94
f 354/2097/94 369/2098/94 758/2099/94
f 758/2099/94 369/2098/94 368/2100/94
f 758/2099/94 368/2100/94 759/2101/94
f 759/2101/94 368/2100/94 367/2102/94
f 334/2103/94 333/2104/94 800/2105/94
f 800/2105/94 333/2104/94 332/2106/94
f 800/2105/94 332/2106/94 331/2107/94
f 331/2107/94 330/2108/94 800/2105/94
f 800/2105/94 330/2108/94 801/2109/94
f 801/2109/94 330/2108/94 329/2110/94
f 801/2109/94 329/2110/94 328/2111/94
f 328/2111/94 327/2112/94 801/2109/94
f 801/2109/94 327/2112/94 326/2113/94
f 298/2114/94 311/2115/94 787/2116/94
f 787/2116/94 311/2115/94 310/2117/94
f 787/2116/94 310/2117/94 309/2118/94
f 309/2118/94 308/2119/94 787/2116/94
f 787/2116/94 308/2119/94 788/2120/94
f 788/2120/94 308/2119/94 307/2121/94
f 788/2120/94 307/2121/94 306/2122/94
f 306/2122/94 305/2123/94 788/2120/94
f 788/2120/94 305/2123/94 304/2124/94
f 1/2125/2 1445/2126/1286 414/2127/2
f 414/2127/2 1445/2126/1286 1454/2128/1286
f 1454/2128/1286 1445/2126/1286 1446/2129/1287
f 1454/2128/1286 1446/2129/1287 1453/2130/1288
f 1453/2130/1288 1446/2129/1287 1447/2131/1289
f 1453/2130/1288 1447/2131/1289 1452/2132/1289
f 1452/2132/1289 1447/2131/1289 1448/2133/1290
f 1452/2132/1289 1448/2133/1290 1451/2134/1290
f 1451/2134/1290 1448/2133/1290 1449/2135/1291
f 1451/2134/1290 1449/2135/1291 1450/2136/1291
f 1450/2136/1291 1449/2135/1291 1442/2137/603
f 1450/2136/1291 1442/2137/603 1441/2138/603
f 1443/2137/603 1455/2139/1292 1444/2138/603
f 1444/2138/603 1455/2139/1292 1464/2140/1292
f 1464/2140/1292 1455/2139/1292 1456/2141/1293
f 1464/2140/1292 1456/2141/1293 1463/2142/1293
f 1463/2142/1293 1456/2141/1293 1457/2143/1294
f 1463/2142/1293 1457/2143/1294 1462/2144/1294
f 1462/2144/1294 1457/2143/1294 1458/2145/1295
f 1462/2144/1294 1458/2145/1295 1461/2146/1296
f 1461/2146/1296 1458/2145/1295 1459/2147/1297
f 1461/2146/1296 1459/2147/1297 1460/2148/1297
f 1460/2148/1297 1459/2147/1297 43/2149/85
f 1460/2148/1297 43/2149/85 456/2150/85
f 1052/2151/94 48/2152/94 1474/2153/1298
f 1474/2153/1298 48/2152/94 47/2154/92
f 1474/2153/1298 47/2154/92 1473/2155/1299
f 1473/2155/1299 47/2154/92 46/2156/90
f 1473/2155/1299 46/2156/90 1472/2157/1300
f 1472/2157/1300 46/2156/90 45/2158/88
f 1472/2157/1300 45/2158/88 1471/2159/1301
f 1471/2159/1301 45/2158/88 44/2160/86
f 1471/2159/1301 44/2160/86 1470/2161/1302
f 1470/2161/1302 44/2160/86 43/2162/85
f 1470/2161/1302 43/2162/85 1459/2163/1297
f 1470/2161/1302 1459/2163/1297 1475/2164/1303
f 1475/2164/1303 1459/2163/1297 1458/2165/1295
f 1475/2164/1303 1458/2165/1295 1480/2166/1304
f 1480/2166/1304 1458/2165/1295 1457/2167/1294
f 1480/2166/1304 1457/2167/1294 1485/2168/1305
f 1485/2168/1305 1457/2167/1294 1456/2169/1293
f 1485/2168/1305 1456/2169/1293 1489/2170/1306
f 1489/2170/1306 1456/2169/1293 1455/2171/1292
f 1489/2170/1306 1455/2171/1292 1494/2172/1307
f 1494/2172/1307 1455/2171/1292 1443/2173/603
f 1494/2172/1307 1443/2173/603 1465/2174/1308
f 1494/2172/1307 1465/2174/1308 1495/2175/1309
f 1495/2175/1309 1465/2174/1308 1466/2176/1310
f 1495/2175/1309 1466/2176/1310 1496/2177/1311
f 1496/2177/1311 1466/2176/1310 1467/2178/1312
f 1496/2177/1311 1467/2178/1312 1497/2179/1313
f 1497/2179/1313 1467/2178/1312 1468/2180/1314
f 1497/2179/1313 1468/2180/1314 1498/2181/1315
f 1498/2181/1315 1468/2180/1314 1046/2182/94
f 1498/2181/1315 1046/2182/94 1055/2183/94
f 1498/2181/1315 1055/2183/94 1493/2184/1316
f 1493/2184/1316 1055/2183/94 1054/2185/94
f 1493/2184/1316 1054/2185/94 1469/2186/1317
f 1469/2186/1317 1054/2185/94 1053/2187/94
f 1469/2186/1317 1053/2187/94 1484/2188/1318
f 1484/2188/1318 1053/2187/94 1479/2189/1319
f 1484/2188/1318 1479/2189/1319 1478/2190/1320
f 1478/2190/1320 1479/2189/1319 1473/2155/1299
f 1478/2190/1320 1473/2155/1299 1472/2157/1300
f 1053/2187/94 1052/2151/94 1479/2189/1319
f 1479/2189/1319 1052/2151/94 1474/2153/1298
f 1479/2189/1319 1474/2153/1298 1473/2155/1299
f 1471/2159/1301 1470/2161/1302 1476/2191/1321
f 1476/2191/1321 1470/2161/1302 1475/2164/1303
f 1476/2191/1321 1475/2164/1303 1481/2192/1322
f 1481/2192/1322 1475/2164/1303 1480/2166/1304
f 1481/2192/1322 1480/2166/1304 1486/2193/1323
f 1486/2193/1323 1480/2166/1304 1485/2168/1305
f 1486/2193/1323 1485/2168/1305 1490/2194/1324
f 1490/2194/1324 1485/2168/1305 1489/2170/1306
f 1490/2194/1324 1489/2170/1306 1495/2175/1309
f 1495/2175/1309 1489/2170/1306 1494/2172/1307
f 1472/2157/1300 1471/2159/1301 1477/2195/1325
f 1477/2195/1325 1471/2159/1301 1476/2191/1321
f 1477/2195/1325 1476/2191/1321 1482/2196/1326
f 1482/2196/1326 1476/2191/1321 1481/2192/1322
f 1482/2196/1326 1481/2192/1322 1487/2197/1327
f 1487/2197/1327 1481/2192/1322 1486/2193/1323
f 1487/2197/1327 1486/2193/1323 1491/2198/1328
f 1491/2198/1328 1486/2193/1323 1490/2194/1324
f 1491/2198/1328 1490/2194/1324 1496/2177/1311
f 1496/2177/1311 1490/2194/1324 1495/2175/1309
f 1472/2157/1300 1477/2195/1325 1478/2190/1320
f 1478/2190/1320 1477/2195/1325 1483/2199/1329
f 1478/2190/1320 1483/2199/1329 1484/2188/1318
f 1484/2188/1318 1483/2199/1329 1469/2186/1317
f 1483/2199/1329 1477/2195/1325 1482/2196/1326
f 1483/2199/1329 1482/2196/1326 1488/2200/1330
f 1488/2200/1330 1482/2196/1326 1487/2197/1327
f 1488/2200/1330 1487/2197/1327 1492/2201/1331
f 1492/2201/1331 1487/2197/1327 1491/2198/1328
f 1492/2201/1331 1491/2198/1328 1497/2179/1313
f 1497/2179/1313 1491/2198/1328 1496/2177/1311
f 1493/2184/1316 1469/2186/1317 1488/2200/1330
f 1488/2200/1330 1469/2186/1317 1483/2199/1329
f 1493/2184/1316 1488/2200/1330 1492/2201/1331
f 1498/2181/1315 1493/2184/1316 1492/2201/1331
f 1498/2181/1315 1492/2201/1331 1497/2179/1313
f 1468/2202/1314 1503/2203/1332 1046/2204/94
f 1046/2204/94 1503/2203/1332 1504/2205/1332
f 1046/2204/94 1504/2205/1332 1047/2206/94
f 1047/2206/94 1504/2205/1332 1502/2207/1314
f 1502/2207/1314 1504/2205/1332 1506/2208/1333
f 1502/2207/1314 1506/2208/1333 1501/2209/1312
f 1501/2209/1312 1506/2208/1333 1508/2210/1334
f 1501/2209/1312 1508/2210/1334 1500/2211/1310
f 1500/2211/1310 1508/2210/1334 1510/2212/1335
f 1500/2211/1310 1510/2212/1335 1499/2213/1308
f 1499/2213/1308 1510/2212/1335 1512/2214/1336
f 1499/2213/1308 1512/2214/1336 1442/2215/603
f 1442/2215/603 1512/2214/1336 1511/2216/1336
f 1442/2215/603 1511/2216/1336 1443/2217/603
f 1443/2217/603 1511/2216/1336 1465/2218/1308
f 1465/2218/1308 1511/2216/1336 1509/2219/1337
f 1465/2218/1308 1509/2219/1337 1466/2220/1310
f 1466/2220/1310 1509/2219/1337 1507/2221/1338
f 1466/2220/1310 1507/2221/1338 1467/2222/1312
f 1467/2222/1312 1507/2221/1338 1505/2223/1339
f 1467/2222/1312 1505/2223/1339 1468/2202/1314
f 1468/2202/1314 1505/2223/1339 1503/2203/1332
f 1506/2208/1333 1504/2205/1332 1503/2203/1332
f 1508/2210/1334 1506/2208/1333 1505/2223/1339
f 1505/2223/1339 1506/2208/1333 1503/2203/1332
f 1510/2212/1335 1508/2210/1334 1507/2221/1338
f 1507/2221/1338 1508/2210/1334 1505/2223/1339
f 1512/2214/1336 1510/2212/1335 1509/2219/1337
f 1509/2219/1337 1510/2212/1335 1507/2221/1338
f 1511/2216/1336 1512/2214/1336 1509/2219/1337
f 1048/2224/94 1047/2182/94 1518/2225/1340
f 1518/2225/1340 1047/2182/94 1502/2180/1314
f 1518/2225/1340 1502/2180/1314 1517/2226/1341
f 1517/2226/1341 1502/2180/1314 1501/2178/1312
f 1517/2226/1341 1501/2178/1312 1516/2227/1342
f 1516/2227/1342 1501/2178/1312 1500/2176/1310
f 1516/2227/1342 1500/2176/1310 1515/2228/1343
f 1515/2228/1343 1500/2176/1310 1499/2174/1308
f 1515/2228/1343 1499/2174/1308 1514/2229/1344
f 1514/2229/1344 1499/2174/1308 1442/2173/603
f 1514/2229/1344 1442/2173/603 1449/2230/1291
f 1514/2229/1344 1449/2230/1291 1519/2231/1345
f 1519/2231/1345 1449/2230/1291 1448/2232/1290
f 1519/2231/1345 1448/2232/1290 1524/2233/1346
f 1524/2233/1346 1448/2232/1290 1447/2234/1289
f 1524/2233/1346 1447/2234/1289 1528/2235/1347
f 1528/2235/1347 1447/2234/1289 1446/2236/1287
f 1528/2235/1347 1446/2236/1287 1533/2237/1348
f 1533/2237/1348 1446/2236/1287 1445/2238/1286
f 1533/2237/1348 1445/2238/1286 1538/2239/1349
f 1538/2239/1349 1445/2238/1286 1/2240/2
f 1538/2239/1349 1/2240/2 92/2241/1
f 1538/2239/1349 92/2241/1 1539/2242/1350
f 1539/2242/1350 92/2241/1 91/2243/189
f 1539/2242/1350 91/2243/189 1540/2244/1351
f 1540/2244/1351 91/2243/189 90/2245/192
f 1540/2244/1351 90/2245/192 1541/2246/1352
f 1541/2246/1352 90/2245/192 89/2247/194
f 1541/2246/1352 89/2247/194 1542/2248/1353
f 1542/2248/1353 89/2247/194 88/2249/94
f 1542/2248/1353 88/2249/94 1051/2250/94
f 1542/2248/1353 1051/2250/94 1537/2251/1354
f 1537/2251/1354 1051/2250/94 1050/2252/94
f 1537/2251/1354 1050/2252/94 1532/2253/1355
f 1532/2253/1355 1050/2252/94 1513/2254/1356
f 1532/2253/1355 1513/2254/1356 1527/2255/1357
f 1527/2255/1357 1513/2254/1356 1522/2256/1358
f 1527/2255/1357 1522/2256/1358 1521/2257/1359
f 1521/2257/1359 1522/2256/1358 1516/2227/1342
f 1521/2257/1359 1516/2227/1342 1515/2228/1343
f 1050/2252/94 1049/2258/94 1513/2254/1356
f 1513/2254/1356 1049/2258/94 1523/2259/1360
f 1513/2254/1356 1523/2259/1360 1522/2256/1358
f 1522/2256/1358 1523/2259/1360 1517/2226/1341
f 1522/2256/1358 1517/2226/1341 1516/2227/1342
f 1049/2258/94 1048/2224/94 1523/2259/1360
f 1523/2259/1360 1048/2224/94 1518/2225/1340
f 1523/2259/1360 1518/2225/1340 1517/2226/1341
f 1515/2228/1343 1514/2229/1344 1520/2260/1361
f 1520/2260/1361 1514/2229/1344 1519/2231/1345
f 1520/2260/1361 1519/2231/1345 1525/2261/1362
f 1525/2261/1362 1519/2231/1345 1524/2233/1346
f 1525/2261/1362 1524/2233/1346 1529/2262/1363
f 1529/2262/1363 1524/2233/1346 1528/2235/1347
f 1529/2262/1363 1528/2235/1347 1534/2263/1364
f 1534/2263/1364 1528/2235/1347 1533/2237/1348
f 1534/2263/1364 1533/2237/1348 1539/2242/1350
f 1539/2242/1350 1533/2237/1348 1538/2239/1349
f 1515/2228/1343 1520/2260/1361 1521/2257/1359
f 1521/2257/1359 1520/2260/1361 1526/2264/1365
f 1521/2257/1359 1526/2264/1365 1527/2255/1357
f 1527/2255/1357 1526/2264/1365 1531/2265/1366
f 1527/2255/1357 1531/2265/1366 1532/2253/1355
f 1532/2253/1355 1531/2265/1366 1537/2251/1354
f 1526/2264/1365 1520/2260/1361 1525/2261/1362
f 1526/2264/1365 1525/2261/1362 1530/2266/1367
f 1530/2266/1367 1525/2261/1362 1529/2262/1363
f 1530/2266/1367 1529/2262/1363 1535/2267/1368
f 1535/2267/1368 1529/2262/1363 1534/2263/1364
f 1535/2267/1368 1534/2263/1364 1540/2244/1351
f 1540/2244/1351 1534/2263/1364 1539/2242/1350
f 1526/2264/1365 1530/2266/1367 1531/2265/1366
f 1531/2265/1366 1530/2266/1367 1536/2268/1369
f 1531/2265/1366 1536/2268/1369 1537/2251/1354
f 1537/2251/1354 1536/2268/1369 1542/2248/1353
f 1536/2268/1369 1530/2266/1367 1535/2267/1368
f 1540/2244/1351 1541/2246/1352 1535/2267/1368
f 1535/2267/1368 1541/2246/1352 1536/2268/1369
f 1541/2246/1352 1542/2248/1353 1536/2268/1369
f 1460/2269/383 456/2270/383 1444/2271/383
f 1444/2271/383 456/2270/383 455/2272/383
f 1444/2271/383 455/2272/383 454/2273/383
f 454/2273/383 453/2274/383 1444/2271/383
f 1444/2271/383 453/2274/383 452/2275/383
f 1444/2271/383 452/2275/383 418/2276/383
f 418/2276/383 452/2275/383 419/2277/383
f 419/2277/383 452/2275/383 451/2278/383
f 419/2277/383 451/2278/383 420/2279/383
f 420/2279/383 451/2278/383 450/2280/383
f 420/2279/383 450/2280/383 421/2281/383
f 421/2281/383 450/2280/383 449/2282/383
f 421/2281/383 449/2282/383 422/2283/383
f 422/2283/383 449/2282/383 448/2284/383
f 422/2283/383 448/2284/383 423/2285/383
f 423/2285/383 448/2284/383 447/2286/383
f 423/2285/383 447/2286/383 424/2287/383
f 424/2287/383 447/2286/383 446/2288/383
f 424/2287/383 446/2288/383 425/2289/383
f 425/2289/383 446/2288/383 445/2290/383
f 425/2289/383 445/2290/383 426/2291/383
f 426/2291/383 445/2290/383 444/2292/383
f 426/2291/383 444/2292/383 427/2293/383
f 427/2293/383 444/2292/383 443/2294/383
f 427/2293/383 443/2294/383 428/2295/383
f 428/2295/383 443/2294/383 442/2296/383
f 428/2295/383 442/2296/383 429/2297/383
f 429/2297/383 442/2296/383 441/2298/383
f 429/2297/383 441/2298/383 430/2299/383
f 430/2299/383 441/2298/383 440/2300/383
f 430/2299/383 440/2300/383 431/2301/383
f 431/2301/383 440/2300/383 439/2302/383
f 431/2301/383 439/2302/383 432/2303/383
f 432/2303/383 439/2302/383 438/2304/383
f 432/2303/383 438/2304/383 433/2305/383
f 433/2305/383 438/2304/383 437/2306/383
f 433/2305/383 437/2306/383 434/2307/383
f 434/2307/383 437/2306/383 436/2308/383
f 434/2307/383 436/2308/383 435/2309/383
f 1444/2271/383 418/2276/383 1441/2310/383
f 1441/2310/383 418/2276/383 417/2311/383
f 1441/2310/383 417/2311/383 416/2312/383
f 416/2312/383 415/2313/383 1441/2310/383
f 1441/2310/383 415/2313/383 414/2314/383
f 1441/2310/383 414/2314/383 1454/2315/383
f 1454/2315/383 1453/2316/383 1441/2310/383
f 1441/2310/383 1453/2316/383 1452/2317/383
f 1441/2310/383 1452/2317/383 1451/2318/383
f 1451/2318/383 1450/2319/383 1441/2310/383
f 1464/2320/383 1463/2321/383 1444/2271/383
f 1444/2271/383 1463/2321/383 1462/2322/383
f 1444/2271/383 1462/2322/383 1461/2323/383
f 1461/2323/383 1460/2269/383 1444/2271/383
f 1062/2324/94 998/2325/94 1059/2326/94
f 1059/2326/94 998/2325/94 997/2327/94
f 1059/2326/94 997/2327/94 996/2328/94
f 1059/2326/94 996/2328/94 955/2329/94
f 955/2329/94 996/2328/94 995/2330/94
f 955/2329/94 995/2330/94 956/2331/94
f 956/2331/94 995/2330/94 994/2332/94
f 956/2331/94 994/2332/94 957/2333/94
f 957/2333/94 994/2332/94 993/2334/94
f 957/2333/94 993/2334/94 958/2335/94
f 958/2335/94 993/2334/94 992/2336/94
f 958/2335/94 992/2336/94 959/2337/94
f 959/2337/94 992/2336/94 991/2338/94
f 959/2337/94 991/2338/94 960/2339/94
f 960/2339/94 991/2338/94 990/2340/94
f 960/2339/94 990/2340/94 961/2341/94
f 961/2341/94 990/2340/94 989/2342/94
f 961/2341/94 989/2342/94 962/2343/94
f 962/2343/94 989/2342/94 988/2344/94
f 962/2343/94 988/2344/94 963/2345/94
f 963/2345/94 988/2344/94 987/2346/94
f 963/2345/94 987/2346/94 964/2347/94
f 964/2347/94 987/2346/94 986/2348/94
f 964/2347/94 986/2348/94 965/2349/94
f 965/2349/94 986/2348/94 985/2350/94
f 965/2349/94 985/2350/94 966/2351/94
f 966/2351/94 985/2350/94 984/2352/94
f 966/2351/94 984/2352/94 967/2353/94
f 967/2353/94 984/2352/94 983/2354/94
f 967/2353/94 983/2354/94 968/2355/94
f 968/2355/94 983/2354/94 982/2356/94
f 968/2355/94 982/2356/94 969/2357/94
f 969/2357/94 982/2356/94 981/2358/94
f 969/2357/94 981/2358/94 970/2359/94
f 970/2359/94 981/2358/94 980/2360/94
f 970/2359/94 980/2360/94 971/2361/94
f 971/2361/94 980/2360/94 979/2362/94
f 971/2361/94 979/2362/94 972/2363/94
f 972/2363/94 979/2362/94 978/2364/94
f 972/2363/94 978/2364/94 973/2365/94
f 973/2365/94 978/2364/94 977/2366/94
f 973/2365/94 977/2366/94 974/2367/94
f 974/2367/94 977/2366/94 976/2368/94
f 974/2367/94 976/2368/94 975/2369/94
f 955/2329/94 954/2370/94 1059/2326/94
f 1059/2326/94 954/2370/94 1056/2371/94
f 1056/2371/94 954/2370/94 953/2372/94
f 1056/2371/94 953/2372/94 952/2373/94
f 952/2373/94 1073/2374/94 1056/2371/94
f 1056/2371/94 1073/2374/94 1072/2375/94
f 1059/2326/94 1063/2376/94 1062/2324/94
f 1576/2377/1370 1543/599/1371 1577/2378/1372
f 1577/2378/1372 1543/599/1371 1544/2379/1373
f 1577/2378/1372 1544/2379/1373 1545/2380/1374
f 1577/2378/1372 1545/2380/1374 1578/2381/1375
f 1578/2381/1375 1545/2380/1374 1546/2382/1376
f 1578/2381/1375 1546/2382/1376 1579/2383/1377
f 1579/2383/1377 1546/2382/1376 1547/2384/1378
f 1579/2383/1377 1547/2384/1378 1580/2385/1379
f 1580/2385/1379 1547/2384/1378 1548/2386/1380
f 1580/2385/1379 1548/2386/1380 1581/2387/1381
f 1581/2387/1381 1548/2386/1380 1549/2388/1382
f 1581/2387/1381 1549/2388/1382 1582/2389/1383
f 1582/2389/1383 1549/2388/1382 1583/2390/1384
f 1582/2389/1383 1583/2390/1384 1570/2391/1385
f 1570/2391/1385 1583/2390/1384 1569/2392/1386
f 1569/2392/1386 1583/2390/1384 1584/2393/1387
f 1569/2392/1386 1584/2393/1387 1568/2394/1388
f 1568/2394/1388 1584/2393/1387 1586/2395/1389
f 1568/2394/1388 1586/2395/1389 1567/2396/1390
f 1567/2396/1390 1586/2395/1389 1585/2397/1391
f 1567/2396/1390 1585/2397/1391 1566/2398/1392
f 1566/2398/1392 1585/2397/1391 1587/2399/1393
f 1566/2398/1392 1587/2399/1393 1565/2400/1394
f 1565/2400/1394 1587/2399/1393 1588/2401/1395
f 1565/2400/1394 1588/2401/1395 1564/2402/1396
f 1564/2402/1396 1588/2401/1395 1589/2403/1397
f 1564/2402/1396 1589/2403/1397 1590/2404/1398
f 1590/2404/1398 1589/2403/1397 1555/2405/1399
f 1590/2404/1398 1555/2405/1399 1556/2406/1400
f 1549/2388/1382 1550/2407/1401 1583/2390/1384
f 1583/2390/1384 1550/2407/1401 1584/2393/1387
f 1550/2407/1401 1551/2408/1388 1584/2393/1387
f 1584/2393/1387 1551/2408/1388 1586/2395/1389
f 1586/2395/1389 1551/2408/1388 1585/2397/1391
f 1585/2397/1391 1551/2408/1388 1552/2409/1402
f 1585/2397/1391 1552/2409/1402 1587/2399/1393
f 1587/2399/1393 1552/2409/1402 1553/2410/1403
f 1587/2399/1393 1553/2410/1403 1588/2401/1395
f 1588/2401/1395 1553/2410/1403 1554/2411/1404
f 1588/2401/1395 1554/2411/1404 1589/2403/1397
f 1589/2403/1397 1554/2411/1404 1555/2405/1399
f 1590/2404/1398 1556/2406/1400 1591/2412/1405
f 1591/2412/1405 1556/2406/1400 1557/2413/1406
f 1591/2412/1405 1557/2413/1406 1592/2414/1407
f 1592/2414/1407 1557/2413/1406 1558/2415/1408
f 1592/2414/1407 1558/2415/1408 1560/2416/1409
f 1560/2416/1409 1558/2415/1408 1559/2417/1409
f 1560/2416/1409 1561/2418/1410 1592/2414/1407
f 1592/2414/1407 1561/2418/1410 1591/2412/1405
f 1561/2418/1410 1562/2419/1411 1591/2412/1405
f 1591/2412/1405 1562/2419/1411 1563/2420/1412
f 1591/2412/1405 1563/2420/1412 1590/2404/1398
f 1590/2404/1398 1563/2420/1412 1564/2402/1396
f 1570/2391/1385 1571/2421/1413 1582/2389/1383
f 1582/2389/1383 1571/2421/1413 1581/2387/1381
f 1571/2421/1413 1572/2422/1414 1581/2387/1381
f 1581/2387/1381 1572/2422/1414 1580/2385/1379
f 1572/2422/1414 1573/2423/1415 1580/2385/1379
f 1580/2385/1379 1573/2423/1415 1579/2383/1377
f 1573/2423/1415 1574/2424/1416 1579/2383/1377
f 1579/2383/1377 1574/2424/1416 1578/2381/1375
f 1574/2424/1416 1575/2425/1417 1578/2381/1375
f 1578/2381/1375 1575/2425/1417 1577/2378/1372
f 1575/2425/1417 1576/2377/1370 1577/2378/1372
f 1626/2377/1418 1593/599/1418 1627/2378/1419
f 1627/2378/1419 1593/599/1418 1594/2379/1420
f 1627/2378/1419 1594/2379/1420 1595/2380/1421
f 1627/2378/1419 1595/2380/1421 1628/2381/1422
f 1628/2381/1422 1595/2380/1421 1596/2382/1423
f 1628/2381/1422 1596/2382/1423 1629/2383/1424
f 1629/2383/1424 1596/2382/1423 1597/2384/1425
f 1629/2383/1424 1597/2384/1425 1630/2385/1426
f 1630/2385/1426 1597/2384/1425 1598/2386/1427
f 1630/2385/1426 1598/2386/1427 1631/2387/1428
f 1631/2387/1428 1598/2386/1427 1599/2388/1429
f 1631/2387/1428 1599/2388/1429 1632/2389/1430
f 1632/2389/1430 1599/2388/1429 1633/2390/1431
f 1632/2389/1430 1633/2390/1431 1620/2391/1432
f 1620/2391/1432 1633/2390/1431 1619/2392/1433
f 1619/2392/1433 1633/2390/1431 1634/2393/1434
f 1619/2392/1433 1634/2393/1434 1618/2394/1435
f 1618/2394/1435 1634/2393/1434 1636/2395/1435
f 1618/2394/1435 1636/2395/1435 1617/2396/1436
f 1617/2396/1436 1636/2395/1435 1635/2397/1437
f 1617/2396/1436 1635/2397/1437 1616/2398/1438
f 1616/2398/1438 1635/2397/1437 1637/2399/1439
f 1616/2398/1438 1637/2399/1439 1615/2400/1440
f 1615/2400/1440 1637/2399/1439 1638/2401/1441
f 1615/2400/1440 1638/2401/1441 1614/2402/1442
f 1614/2402/1442 1638/2401/1441 1639/2403/1443
f 1614/2402/1442 1639/2403/1443 1640/2404/1444
f 1640/2404/1444 1639/2403/1443 1605/2405/1445
f 1640/2404/1444 1605/2405/1445 1606/2406/1446
f 1599/2388/1429 1600/2407/1447 1633/2390/1431
f 1633/2390/1431 1600/2407/1447 1634/2393/1434
f 1600/2407/1447 1601/2408/1435 1634/2393/1434
f 1634/2393/1434 1601/2408/1435 1636/2395/1435
f 1636/2395/1435 1601/2408/1435 1635/2397/1437
f 1635/2397/1437 1601/2408/1435 1602/2409/1448
f 1635/2397/1437 1602/2409/1448 1637/2399/1439
f 1637/2399/1439 1602/2409/1448 1603/2410/1449
f 1637/2399/1439 1603/2410/1449 1638/2401/1441
f 1638/2401/1441 1603/2410/1449 1604/2411/1450
f 1638/2401/1441 1604/2411/1450 1639/2403/1443
f 1639/2403/1443 1604/2411/1450 1605/2405/1445
f 1640/2404/1444 1606/2406/1446 1641/2412/1451
f 1641/2412/1451 1606/2406/1446 1607/2413/1452
f 1641/2412/1451 1607/2413/1452 1642/2414/1453
f 1642/2414/1453 1607/2413/1452 1608/2415/1454
f 1642/2414/1453 1608/2415/1454 1610/2416/1409
f 1610/2416/1409 1608/2415/1454 1609/2417/1409
f 1610/2416/1409 1611/2418/1455 1642/2414/1453
f 1642/2414/1453 1611/2418/1455 1641/2412/1451
f 1611/2418/1455 1612/2419/1456 1641/2412/1451
f 1641/2412/1451 1612/2419/1456 1613/2420/1457
f 1641/2412/1451 1613/2420/1457 1640/2404/1444
f 1640/2404/1444 1613/2420/1457 1614/2402/1442
f 1620/2391/1432 1621/2421/1458 1632/2389/1430
f 1632/2389/1430 1621/2421/1458 1631/2387/1428
f 1621/2421/1458 1622/2422/1459 1631/2387/1428
f 1631/2387/1428 1622/2422/1459 1630/2385/1426
f 1622/2422/1459 1623/2423/1460 1630/2385/1426
f 1630/2385/1426 1623/2423/1460 1629/2383/1424
f 1623/2423/1460 1624/2424/1461 1629/2383/1424
f 1629/2383/1424 1624/2424/1461 1628/2381/1422
f 1624/2424/1461 1625/2425/1462 1628/2381/1422
f 1628/2381/1422 1625/2425/1462 1627/2378/1419
f 1625/2425/1462 1626/2377/1418 1627/2378/1419
f 1658/2426/1463 1643/2427/94 1667/2428/94
f 1667/2429/94 1643/2430/94 1644/2431/1464
f 1667/2429/94 1644/2431/1464 1666/2432/1464
f 1666/2432/1464 1644/2431/1464 1645/2433/1465
f 1666/2432/1464 1645/2433/1465 1665/2434/1465
f 1665/2434/1465 1645/2433/1465 1646/2435/1466
f 1665/2434/1465 1646/2435/1466 1664/2436/1466
f 1664/2436/1466 1646/2435/1466 1647/2437/279
f 1664/2436/1466 1647/2437/279 1663/2438/279
f 1663/2438/279 1647/2437/279 1662/2439/1467
f 1662/2439/1467 1647/2437/279 1648/2440/1467
f 1662/2439/1467 1648/2440/1467 1661/2441/507
f 1661/2441/507 1648/2440/1467 1649/2442/507
f 1661/2441/507 1649/2442/507 1660/2443/1468
f 1660/2443/1468 1649/2442/507 1650/2444/1468
f 1660/2443/1468 1650/2444/1468 1659/2445/383
f 1659/2445/383 1650/2444/1468 1651/599/383
f 1659/2445/383 1651/599/383 1652/2446/1469
f 1659/2445/383 1652/2446/1469 1674/2447/1469
f 1674/2447/1469 1652/2446/1469 1653/2448/453
f 1674/2447/1469 1653/2448/453 1673/2449/453
f 1673/2449/453 1653/2448/453 1654/2450/1470
f 1673/2449/453 1654/2450/1470 1672/2451/1470
f 1672/2451/1470 1654/2450/1470 1655/2452/265
f 1672/2451/1470 1655/2452/265 1671/2453/265
f 1671/2453/265 1655/2452/265 1670/2454/1471
f 1670/2454/1471 1655/2452/265 1656/2455/1471
f 1670/2454/1471 1656/2455/1471 1669/2456/1472
f 1669/2456/1472 1656/2455/1471 1657/2457/1472
f 1669/2456/1472 1657/2457/1472 1668/2458/1463
f 1668/2458/1463 1657/2457/1472 1658/2426/1463
f 1668/2458/1463 1658/2426/1463 1667/2428/94
f 1676/2459/1469 1698/2460/1469 1675/2461/383
f 1675/2461/383 1698/2460/1469 1699/2462/383
f 1675/2461/383 1699/2462/383 1700/2463/1468
f 1698/2460/1469 1676/2459/1469 1697/2464/453
f 1697/2464/453 1676/2459/1469 1677/2465/453
f 1697/2464/453 1677/2465/453 1696/2466/1470
f 1696/2466/1470 1677/2465/453 1678/2467/1470
f 1696/2466/1470 1678/2467/1470 1695/2468/265
f 1695/2468/265 1678/2467/1470 1679/2469/265
f 1695/2468/265 1679/2469/265 1680/2470/1471
f 1695/2468/265 1680/2470/1471 1694/2471/1471
f 1694/2471/1471 1680/2470/1471 1681/2472/1472
f 1694/2471/1471 1681/2472/1472 1693/2473/1472
f 1693/2473/1472 1681/2472/1472 1682/2474/1463
f 1693/2473/1472 1682/2474/1463 1692/2475/1463
f 1692/2475/1463 1682/2474/1463 1683/2476/94
f 1692/2475/1463 1683/2476/94 1691/2477/94
f 1691/2478/94 1683/2479/94 1706/2480/1464
f 1706/2480/1464 1683/2479/94 1684/2481/1464
f 1706/2480/1464 1684/2481/1464 1705/2482/1465
f 1705/2482/1465 1684/2481/1464 1685/2483/1465
f 1705/2482/1465 1685/2483/1465 1704/2484/1466
f 1704/2484/1466 1685/2483/1465 1686/2485/1466
f 1704/2484/1466 1686/2485/1466 1703/2486/279
f 1703/2486/279 1686/2485/1466 1687/2487/279
f 1703/2486/279 1687/2487/279 1688/2488/1467
f 1703/2486/279 1688/2488/1467 1702/2489/1467
f 1702/2489/1467 1688/2488/1467 1689/2490/507
f 1702/2489/1467 1689/2490/507 1701/2491/507
f 1701/2491/507 1689/2490/507 1690/2492/1468
f 1701/2491/507 1690/2492/1468 1700/2463/1468
f 1700/2463/1468 1690/2492/1468 1675/2461/383
f 1722/2426/1463 1707/2427/94 1731/2428/94
f 1731/2429/94 1707/2430/94 1708/2431/1464
f 1731/2429/94 1708/2431/1464 1730/2432/1473
f 1730/2432/1473 1708/2431/1464 1709/2433/1465
f 1730/2432/1473 1709/2433/1465 1729/2434/1465
f 1729/2434/1465 1709/2433/1465 1710/2435/1466
f 1729/2434/1465 1710/2435/1466 1728/2436/1466
f 1728/2436/1466 1710/2435/1466 1711/2437/279
f 1728/2436/1466 1711/2437/279 1727/2438/279
f 1727/2438/279 1711/2437/279 1726/2439/1467
f 1726/2439/1467 1711/2437/279 1712/2440/1467
f 1726/2439/1467 1712/2440/1467 1725/2441/507
f 1725/2441/507 1712/2440/1467 1713/2442/507
f 1725/2441/507 1713/2442/507 1724/2443/1468
f 1724/2443/1468 1713/2442/507 1714/2444/1468
f 1724/2443/1468 1714/2444/1468 1723/2445/383
f 1723/2445/383 1714/2444/1468 1715/599/383
f 1723/2445/383 1715/599/383 1716/2446/1469
f 1723/2445/383 1716/2446/1469 1738/2447/1469
f 1738/2447/1469 1716/2446/1469 1717/2448/453
f 1738/2447/1469 1717/2448/453 1737/2449/453
f 1737/2449/453 1717/2448/453 1718/2450/1470
f 1737/2449/453 1718/2450/1470 1736/2451/1470
f 1736/2451/1470 1718/2450/1470 1719/2452/265
f 1736/2451/1470 1719/2452/265 1735/2453/265
f 1735/2453/265 1719/2452/265 1734/2454/1471
f 1734/2454/1471 1719/2452/265 1720/2455/1471
f 1734/2454/1471 1720/2455/1471 1733/2456/1472
f 1733/2456/1472 1720/2455/1471 1721/2457/1472
f 1733/2456/1472 1721/2457/1472 1732/2458/1463
f 1732/2458/1463 1721/2457/1472 1722/2426/1463
f 1732/2458/1463 1722/2426/1463 1731/2428/94
f 1740/2459/1469 1762/2460/1469 1739/2461/383
f 1739/2461/383 1762/2460/1469 1763/2462/383
f 1739/2461/383 1763/2462/383 1764/2463/1468
f 1762/2460/1469 1740/2459/1469 1761/2464/453
f 1761/2464/453 1740/2459/1469 1741/2465/453
f 1761/2464/453 1741/2465/453 1760/2466/1470
f 1760/2466/1470 1741/2465/453 1742/2467/1470
f 1760/2466/1470 1742/2467/1470 1759/2468/265
f 1759/2468/265 1742/2467/1470 1743/2469/265
f 1759/2468/265 1743/2469/265 1744/2470/1471
f 1759/2468/265 1744/2470/1471 1758/2471/1471
f 1758/2471/1471 1744/2470/1471 1745/2472/1472
f 1758/2471/1471 1745/2472/1472 1757/2473/1472
f 1757/2473/1472 1745/2472/1472 1746/2474/1463
f 1757/2473/1472 1746/2474/1463 1756/2475/1463
f 1756/2475/1463 1746/2474/1463 1747/2476/94
f 1756/2475/1463 1747/2476/94 1755/2477/94
f 1755/2478/94 1747/2479/94 1770/2480/1464
f 1770/2480/1464 1747/2479/94 1748/2481/1464
f 1770/2480/1464 1748/2481/1464 1769/2482/1465
f 1769/2482/1465 1748/2481/1464 1749/2483/1465
f 1769/2482/1465 1749/2483/1465 1768/2484/1466
f 1768/2484/1466 1749/2483/1465 1750/2485/1466
f 1768/2484/1466 1750/2485/1466 1767/2486/279
f 1767/2486/279 1750/2485/1466 1751/2487/279
f 1767/2486/279 1751/2487/279 1752/2488/1467
f 1767/2486/279 1752/2488/1467 1766/2489/1467
f 1766/2489/1467 1752/2488/1467 1753/2490/507
f 1766/2489/1467 1753/2490/507 1765/2491/507
f 1765/2491/507 1753/2490/507 1754/2492/1468
f 1765/2491/507 1754/2492/1468 1764/2463/1468
f 1764/2463/1468 1754/2492/1468 1739/2461/383
f 1772/2493/1474 1973/2494/1475 1771/599/265
f 1771/599/265 1973/2494/1475 1972/2495/1476
f 1771/599/265 1972/2495/1476 1825/2496/1477
f 1825/2496/1477 1972/2495/1476 2026/2497/1478
f 1825/2496/1477 2026/2497/1478 1824/2498/1479
f 1824/2498/1479 2026/2497/1478 2025/2499/1480
f 1824/2498/1479 2025/2499/1480 1823/2500/1481
f 1823/2500/1481 2025/2499/1480 2024/2501/1482
f 1823/2500/1481 2024/2501/1482 1822/2502/1483
f 1822/2502/1483 2024/2501/1482 2023/2503/1484
f 1822/2502/1483 2023/2503/1484 1821/2504/1485
f 1821/2504/1485 2023/2503/1484 2022/2505/1486
f 1821/2504/1485 2022/2505/1486 1820/2506/1487
f 1820/2506/1487 2022/2505/1486 2021/2507/1488
f 1820/2506/1487 2021/2507/1488 1819/2508/1489
f 1819/2508/1489 2021/2507/1488 2020/2509/1490
f 1819/2508/1489 2020/2509/1490 1818/2510/1491
f 1818/2510/1491 2020/2509/1490 2019/2511/1492
f 1818/2510/1491 2019/2511/1492 1817/2512/1493
f 1817/2512/1493 2019/2511/1492 2018/2513/1494
f 1817/2512/1493 2018/2513/1494 1816/2514/1495
f 1816/2514/1495 2018/2513/1494 2017/2515/1496
f 1816/2514/1495 2017/2515/1496 1815/2516/1497
f 1815/2516/1497 2017/2515/1496 2016/2517/1498
f 1815/2516/1497 2016/2517/1498 1814/2518/1499
f 1814/2518/1499 2016/2517/1498 2015/2519/1500
f 1814/2518/1499 2015/2519/1500 1813/2520/1501
f 1813/2520/1501 2015/2519/1500 2014/2521/1502
f 1813/2520/1501 2014/2521/1502 2013/2522/1503
f 2013/2522/1503 2014/2521/1502 1677/2523/1504
f 2013/2522/1503 1677/2523/1504 1676/2524/1505
f 1973/2494/1475 1772/2493/1474 1974/2525/1506
f 1974/2525/1506 1772/2493/1474 1773/2526/1507
f 1974/2525/1506 1773/2526/1507 1975/2527/1508
f 1975/2527/1508 1773/2526/1507 1774/2528/1509
f 1975/2527/1508 1774/2528/1509 1976/2529/1510
f 1976/2529/1510 1774/2528/1509 1775/2530/1511
f 1976/2529/1510 1775/2530/1511 1977/2531/1512
f 1977/2531/1512 1775/2530/1511 1776/2532/1513
f 1977/2531/1512 1776/2532/1513 1978/2533/1514
f 1978/2533/1514 1776/2532/1513 1777/2534/1515
f 1978/2533/1514 1777/2534/1515 1979/2535/1516
f 1979/2535/1516 1777/2534/1515 1778/2536/1517
f 1979/2535/1516 1778/2536/1517 1980/2537/1518
f 1980/2537/1518 1778/2536/1517 1779/2538/1519
f 1980/2537/1518 1779/2538/1519 1981/2539/1520
f 1981/2539/1520 1779/2538/1519 1780/2540/1521
f 1981/2539/1520 1780/2540/1521 1982/2541/1522
f 1982/2541/1522 1780/2540/1521 1781/2542/1523
f 1982/2541/1522 1781/2542/1523 1983/2543/1524
f 1983/2543/1524 1781/2542/1523 1782/2544/1525
f 1983/2543/1524 1782/2544/1525 1984/2545/1526
f 1984/2545/1526 1782/2544/1525 1783/2546/1527
f 1984/2545/1526 1783/2546/1527 1985/2547/1528
f 1985/2547/1528 1783/2546/1527 1784/2548/1529
f 1985/2547/1528 1784/2548/1529 1986/2549/1530
f 1986/2549/1530 1784/2548/1529 1785/2550/1531
f 1986/2549/1530 1785/2550/1531 1971/2551/1532
f 1971/2551/1532 1785/2550/1531 1786/2552/1533
f 1971/2551/1532 1786/2552/1533 1987/2553/1534
f 1987/2553/1534 1786/2552/1533 1787/2554/1535
f 1987/2553/1534 1787/2554/1535 1988/2555/1536
f 1988/2555/1536 1787/2554/1535 1788/2556/1537
f 1988/2555/1536 1788/2556/1537 1989/2557/1538
f 1989/2557/1538 1788/2556/1537 1789/2558/1539
f 1989/2557/1538 1789/2558/1539 1990/2559/1540
f 1990/2559/1540 1789/2558/1539 1991/2560/1541
f 1990/2559/1540 1991/2560/1541 1916/2561/1542
f 1916/2561/1542 1991/2560/1541 1915/2562/1543
f 1915/2562/1543 1991/2560/1541 1914/2563/1544
f 1914/2563/1544 1991/2560/1541 1992/2564/1545
f 1914/2563/1544 1992/2564/1545 1913/2565/1546
f 1913/2565/1546 1992/2564/1545 1912/2566/1547
f 1912/2566/1547 1992/2564/1545 1911/2567/1548
f 1911/2567/1548 1992/2564/1545 1910/2568/1549
f 1910/2568/1549 1992/2564/1545 1993/2569/1550
f 1910/2568/1549 1993/2569/1550 1909/2570/1551
f 1909/2570/1551 1993/2569/1550 1908/2571/1552
f 1908/2571/1552 1993/2569/1550 1907/2572/1553
f 1907/2572/1553 1993/2569/1550 1994/2573/1554
f 1907/2572/1553 1994/2573/1554 1906/2574/1555
f 1906/2574/1555 1994/2573/1554 1905/2575/1556
f 1905/2575/1556 1994/2573/1554 1904/2576/1557
f 1904/2576/1557 1994/2573/1554 1995/2577/1558
f 1904/2576/1557 1995/2577/1558 1903/2578/1559
f 1903/2578/1559 1995/2577/1558 1902/2579/1560
f 1902/2579/1560 1995/2577/1558 1996/2580/1561
f 1902/2579/1560 1996/2580/1561 1901/2581/1562
f 1901/2581/1562 1996/2580/1561 1997/2582/1563
f 1901/2581/1562 1997/2582/1563 1900/2583/1564
f 1900/2583/1564 1997/2582/1563 1899/2584/1565
f 1899/2584/1565 1997/2582/1563 1998/2585/1566
f 1899/2584/1565 1998/2585/1566 1898/2586/1567
f 1898/2586/1567 1998/2585/1566 1999/2587/1568
f 1898/2586/1567 1999/2587/1568 1897/2588/1569
f 1897/2588/1569 1999/2587/1568 1970/2589/279
f 1897/2588/1569 1970/2589/279 1896/2590/279
f 1896/2591/279 1970/2592/279 1895/2593/1570
f 1895/2593/1570 1970/2592/279 2000/2594/1571
f 1895/2593/1570 2000/2594/1571 1894/2595/1572
f 1894/2595/1572 2000/2594/1571 2001/2596/1573
f 1894/2595/1572 2001/2596/1573 1893/2597/1574
f 1893/2597/1574 2001/2596/1573 2002/2598/1575
f 1893/2597/1574 2002/2598/1575 1892/2599/1576
f 1892/2599/1576 2002/2598/1575 1891/2600/719
f 1891/2600/719 2002/2598/1575 2003/2601/1577
f 1891/2600/719 2003/2601/1577 1890/2602/1578
f 1890/2602/1578 2003/2601/1577 2004/2603/1579
f 1890/2602/1578 2004/2603/1579 1889/2604/1580
f 1889/2604/1580 2004/2603/1579 1888/2605/1581
f 1888/2605/1581 2004/2603/1579 2005/2606/1582
f 1888/2605/1581 2005/2606/1582 1887/2607/1583
f 1887/2607/1583 2005/2606/1582 1886/2608/1584
f 1886/2608/1584 2005/2606/1582 2006/2609/1585
f 1886/2608/1584 2006/2609/1585 1885/2610/1586
f 1885/2610/1586 2006/2609/1585 1884/2611/1587
f 1884/2611/1587 2006/2609/1585 1883/2612/1588
f 1883/2612/1588 2006/2609/1585 1882/2613/1589
f 1882/2613/1589 2006/2609/1585 2007/2614/1590
f 1882/2613/1589 2007/2614/1590 1881/2615/1591
f 1881/2615/1591 2007/2614/1590 1880/2616/1592
f 1880/2616/1592 2007/2614/1590 1879/2617/1593
f 1879/2617/1593 2007/2614/1590 1878/2618/1594
f 1878/2618/1594 2007/2614/1590 2008/2619/1595
f 1878/2618/1594 2008/2619/1595 1877/2620/1596
f 1877/2620/1596 2008/2619/1595 1876/2621/1597
f 1876/2621/1597 2008/2619/1595 1875/2622/1598
f 1875/2622/1598 2008/2619/1595 2009/2623/1599
f 1875/2622/1598 2009/2623/1599 1874/2624/1600
f 1874/2624/1600 2009/2623/1599 1873/2625/1601
f 1873/2625/1601 2009/2623/1599 1872/2626/1602
f 1872/2626/1602 2009/2623/1599 2010/2627/1603
f 1872/2626/1602 2010/2627/1603 1871/2628/1604
f 1871/2628/1604 2010/2627/1603 1870/2629/1605
f 1870/2629/1605 2010/2627/1603 2011/2630/1606
f 1870/2629/1605 2011/2630/1606 1869/2631/1607
f 1869/2631/1607 2011/2630/1606 2012/2632/1608
f 1869/2631/1607 2012/2632/1608 1751/2633/1609
f 1751/2633/1609 2012/2632/1608 1687/2634/1609
f 1751/2633/1609 1687/2634/1609 1752/2635/1610
f 1752/2635/1610 1687/2634/1609 1686/2636/1610
f 1752/2635/1610 1686/2636/1610 1753/2637/1611
f 1753/2637/1611 1686/2636/1610 1685/2638/1611
f 1753/2637/1611 1685/2638/1611 1754/2639/1612
f 1754/2639/1612 1685/2638/1611 1684/2640/1613
f 1754/2639/1612 1684/2640/1613 1739/2641/44
f 1739/2641/44 1684/2640/1613 1683/2642/44
f 1739/2641/44 1683/2642/44 1740/2643/1505
f 1740/2643/1505 1683/2642/44 1682/2644/1505
f 1740/2643/1505 1682/2644/1505 1681/2645/1504
f 1789/2558/1539 1790/2646/1614 1991/2560/1541
f 1991/2560/1541 1790/2646/1614 1992/2564/1545
f 1790/2646/1614 1791/2647/1615 1992/2564/1545
f 1992/2564/1545 1791/2647/1615 1993/2569/1550
f 1791/2647/1615 1792/2648/1616 1993/2569/1550
f 1993/2569/1550 1792/2648/1616 1994/2573/1554
f 1792/2648/1616 1793/2649/1617 1994/2573/1554
f 1994/2573/1554 1793/2649/1617 1995/2577/1558
f 1793/2649/1617 1794/2650/1618 1995/2577/1558
f 1995/2577/1558 1794/2650/1618 1996/2580/1561
f 1794/2650/1618 1795/2651/1619 1996/2580/1561
f 1996/2580/1561 1795/2651/1619 1997/2582/1563
f 1795/2651/1619 1796/2652/1620 1997/2582/1563
f 1997/2582/1563 1796/2652/1620 1998/2585/1566
f 1796/2652/1620 1797/2653/1621 1998/2585/1566
f 1998/2585/1566 1797/2653/1621 1999/2587/1568
f 1797/2653/1621 1798/2654/1622 1999/2587/1568
f 1999/2587/1568 1798/2654/1622 1970/2589/279
f 1798/2655/1622 1799/2656/1623 1970/2592/279
f 1970/2592/279 1799/2656/1623 2000/2594/1571
f 1799/2656/1623 1800/2657/1624 2000/2594/1571
f 2000/2594/1571 1800/2657/1624 2001/2596/1573
f 1800/2657/1624 1801/2658/1625 2001/2596/1573
f 2001/2596/1573 1801/2658/1625 2002/2598/1575
f 1801/2658/1625 1802/2659/1626 2002/2598/1575
f 2002/2598/1575 1802/2659/1626 2003/2601/1577
f 1802/2659/1626 1803/2660/1627 2003/2601/1577
f 2003/2601/1577 1803/2660/1627 2004/2603/1579
f 1803/2660/1627 1804/2661/1628 2004/2603/1579
f 2004/2603/1579 1804/2661/1628 2005/2606/1582
f 1804/2661/1628 1805/2662/1629 2005/2606/1582
f 2005/2606/1582 1805/2662/1629 2006/2609/1585
f 1805/2662/1629 1806/2663/1630 2006/2609/1585
f 2006/2609/1585 1806/2663/1630 2007/2614/1590
f 1806/2663/1630 1807/2664/1631 2007/2614/1590
f 2007/2614/1590 1807/2664/1631 2008/2619/1595
f 1807/2664/1631 1808/2665/1632 2008/2619/1595
f 2008/2619/1595 1808/2665/1632 2009/2623/1599
f 1808/2665/1632 1809/2666/1633 2009/2623/1599
f 2009/2623/1599 1809/2666/1633 2010/2627/1603
f 1809/2666/1633 1810/2667/1634 2010/2627/1603
f 2010/2627/1603 1810/2667/1634 2011/2630/1606
f 1810/2667/1634 1811/2668/1635 2011/2630/1606
f 2011/2630/1606 1811/2668/1635 2012/2632/1608
f 1811/2668/1635 1812/2669/1636 2012/2632/1608
f 2012/2632/1608 1812/2669/1636 2013/2522/1503
f 2012/2632/1608 2013/2522/1503 1690/2670/1613
f 1690/2670/1613 2013/2522/1503 1675/2671/1637
f 1675/2671/1637 2013/2522/1503 1676/2524/1505
f 1812/2669/1636 1813/2520/1501 2013/2522/1503
f 1869/2631/1607 1751/2633/1609 1868/2672/1638
f 1868/2672/1638 1751/2633/1609 1750/2673/1610
f 1868/2672/1638 1750/2673/1610 1749/2674/1611
f 1749/2674/1611 1748/2675/1613 1868/2672/1638
f 1868/2672/1638 1748/2675/1613 1747/2676/44
f 1868/2672/1638 1747/2676/44 1867/2677/1639
f 1867/2677/1639 1747/2676/44 1746/2678/1505
f 1867/2677/1639 1746/2678/1505 1745/2679/1504
f 1745/2679/1504 1744/2680/1640 1867/2677/1639
f 1867/2677/1639 1744/2680/1640 1743/2681/1641
f 1867/2677/1639 1743/2681/1641 1866/2682/1642
f 1866/2682/1642 1743/2681/1641 2015/2519/1500
f 1866/2682/1642 2015/2519/1500 2016/2517/1498
f 1742/2683/1640 1680/2684/1643 1743/2681/1641
f 1743/2681/1641 1680/2684/1643 1679/2685/1641
f 1743/2681/1641 1679/2685/1641 2014/2521/1502
f 2014/2521/1502 1679/2685/1641 1678/2686/1640
f 2014/2521/1502 1678/2686/1640 1677/2523/1504
f 1680/2684/1643 1742/2683/1640 1681/2645/1504
f 1681/2645/1504 1742/2683/1640 1741/2687/1644
f 1681/2645/1504 1741/2687/1644 1740/2643/1505
f 1690/2670/1613 1689/2688/1611 2012/2632/1608
f 2012/2632/1608 1689/2688/1611 1688/2689/1610
f 2012/2632/1608 1688/2689/1610 1687/2634/1609
f 1939/2690/1645 1826/2691/1646 1980/2537/1518
f 1980/2537/1518 1826/2691/1646 1827/2692/1647
f 1980/2537/1518 1827/2692/1647 1979/2535/1516
f 1979/2535/1516 1827/2692/1647 1828/2693/1648
f 1979/2535/1516 1828/2693/1648 1829/2694/1649
f 1829/2694/1649 1830/2695/1650 1979/2535/1516
f 1979/2535/1516 1830/2695/1650 1978/2533/1514
f 1830/2695/1650 1831/2696/1651 1978/2533/1514
f 1978/2533/1514 1831/2696/1651 1832/2697/1652
f 1978/2533/1514 1832/2697/1652 1977/2531/1512
f 1977/2531/1512 1832/2697/1652 1833/2698/1653
f 1977/2531/1512 1833/2698/1653 1976/2529/1510
f 1976/2529/1510 1833/2698/1653 1834/2699/1654
f 1976/2529/1510 1834/2699/1654 1835/2700/1655
f 1976/2529/1510 1835/2700/1655 1975/2527/1508
f 1975/2527/1508 1835/2700/1655 1836/2701/1656
f 1975/2527/1508 1836/2701/1656 1974/2525/1506
f 1974/2525/1506 1836/2701/1656 1837/2702/1657
f 1974/2525/1506 1837/2702/1657 1838/2703/1658
f 1974/2525/1506 1838/2703/1658 1973/2494/1475
f 1973/2494/1475 1838/2703/1658 1839/2704/265
f 1973/2494/1475 1839/2704/265 1972/2495/1476
f 1972/2495/1476 1839/2704/265 1840/2705/1659
f 1972/2495/1476 1840/2705/1659 2026/2497/1478
f 2026/2497/1478 1840/2705/1659 1841/2706/1660
f 2026/2497/1478 1841/2706/1660 1842/2707/1661
f 2026/2497/1478 1842/2707/1661 2025/2499/1480
f 2025/2499/1480 1842/2707/1661 1843/2708/1662
f 2025/2499/1480 1843/2708/1662 2024/2501/1482
f 2024/2501/1482 1843/2708/1662 1844/2709/684
f 2024/2501/1482 1844/2709/684 1845/2710/1663
f 2024/2501/1482 1845/2710/1663 2023/2503/1484
f 2023/2503/1484 1845/2710/1663 1846/2711/1664
f 2023/2503/1484 1846/2711/1664 2022/2505/1486
f 2022/2505/1486 1846/2711/1664 1847/2712/1665
f 2022/2505/1486 1847/2712/1665 1848/2713/1666
f 2022/2505/1486 1848/2713/1666 2021/2507/1488
f 2021/2507/1488 1848/2713/1666 1849/2714/1667
f 2021/2507/1488 1849/2714/1667 1850/2715/1668
f 1850/2715/1668 1851/2716/1669 2021/2507/1488
f 2021/2507/1488 1851/2716/1669 2020/2509/1490
f 1851/2716/1669 1852/2717/1670 2020/2509/1490
f 2020/2509/1490 1852/2717/1670 1853/2718/1671
f 2020/2509/1490 1853/2718/1671 1854/2719/1672
f 1854/2719/1672 1855/2720/1673 2020/2509/1490
f 2020/2509/1490 1855/2720/1673 2019/2511/1492
f 1855/2720/1673 1856/2721/1674 2019/2511/1492
f 2019/2511/1492 1856/2721/1674 1857/2722/1675
f 2019/2511/1492 1857/2722/1675 1858/2723/1676
f 1858/2723/1676 1859/2724/1677 2019/2511/1492
f 2019/2511/1492 1859/2724/1677 2018/2513/1494
f 1859/2724/1677 1860/2725/1678 2018/2513/1494
f 2018/2513/1494 1860/2725/1678 1861/2726/1679
f 2018/2513/1494 1861/2726/1679 1862/2727/1680
f 2018/2513/1494 1862/2727/1680 2017/2515/1496
f 2017/2515/1496 1862/2727/1680 1863/2728/1681
f 2017/2515/1496 1863/2728/1681 1864/2729/1682
f 2017/2515/1496 1864/2729/1682 2016/2517/1498
f 2016/2517/1498 1864/2729/1682 1865/2730/1683
f 2016/2517/1498 1865/2730/1683 1866/2682/1642
f 1916/2561/1542 1917/2731/1684 1990/2559/1540
f 1990/2559/1540 1917/2731/1684 1568/2732/1685
f 1990/2559/1540 1568/2732/1685 1567/2733/1686
f 1918/2734/1687 1570/2735/1688 1917/2731/1684
f 1917/2731/1684 1570/2735/1688 1569/2736/1686
f 1917/2731/1684 1569/2736/1686 1568/2732/1685
f 1919/2737/1689 1572/2738/1690 1918/2734/1687
f 1918/2734/1687 1572/2738/1690 1571/2739/1691
f 1918/2734/1687 1571/2739/1691 1570/2735/1688
f 1920/2740/1692 1574/2741/1693 1919/2737/1689
f 1919/2737/1689 1574/2741/1693 1573/2742/1694
f 1919/2737/1689 1573/2742/1694 1572/2738/1690
f 1574/2741/1693 1920/2740/1692 1575/2743/1695
f 1575/2743/1695 1920/2740/1692 1921/2744/1696
f 1575/2743/1695 1921/2744/1696 1576/2745/1697
f 1576/2745/1697 1921/2744/1696 1969/2746/1698
f 1969/2746/1698 1921/2744/1696 1922/2747/1699
f 1969/2746/1698 1922/2747/1699 1968/2748/1700
f 1968/2748/1700 1922/2747/1699 1967/2749/1701
f 1967/2749/1701 1922/2747/1699 1966/2750/1702
f 1966/2750/1702 1922/2747/1699 1965/2751/1703
f 1965/2751/1703 1922/2747/1699 1923/2752/1704
f 1965/2751/1703 1923/2752/1704 1964/2753/1705
f 1964/2753/1705 1923/2752/1704 1963/2754/1706
f 1963/2754/1706 1923/2752/1704 1962/2755/1707
f 1962/2755/1707 1923/2752/1704 1987/2553/1534
f 1962/2755/1707 1987/2553/1534 1961/2756/1708
f 1961/2756/1708 1987/2553/1534 1960/2757/1705
f 1960/2757/1705 1987/2553/1534 1959/2758/1703
f 1959/2758/1703 1987/2553/1534 1958/2759/1702
f 1958/2759/1702 1987/2553/1534 1957/2760/1701
f 1957/2760/1701 1987/2553/1534 1956/2761/1700
f 1956/2761/1700 1987/2553/1534 1988/2555/1536
f 1956/2761/1700 1988/2555/1536 1955/2762/1709
f 1955/2762/1709 1988/2555/1536 1560/2763/1710
f 1560/2763/1710 1988/2555/1536 1561/2764/1711
f 1561/2764/1711 1988/2555/1536 1562/2765/1712
f 1562/2765/1712 1988/2555/1536 1989/2557/1538
f 1562/2765/1712 1989/2557/1538 1563/2766/1694
f 1563/2766/1694 1989/2557/1538 1564/2767/1713
f 1564/2767/1713 1989/2557/1538 1565/2768/1714
f 1565/2768/1714 1989/2557/1538 1990/2559/1540
f 1565/2768/1714 1990/2559/1540 1566/2769/1715
f 1566/2769/1715 1990/2559/1540 1567/2733/1686
f 1924/2770/1716 1727/2771/1717 1923/2752/1704
f 1923/2752/1704 1727/2771/1717 1971/2551/1532
f 1923/2752/1704 1971/2551/1532 1987/2553/1534
f 1925/2772/1718 1731/2773/603 1924/2770/1716
f 1924/2770/1716 1731/2773/603 1730/2774/1719
f 1924/2770/1716 1730/2774/1719 1729/2775/1720
f 1926/2776/1721 1735/2777/1722 1925/2772/1718
f 1925/2772/1718 1735/2777/1722 1734/2778/1723
f 1925/2772/1718 1734/2778/1723 1733/2779/1724
f 1927/2780/1725 1622/2781/1726 1926/2776/1721
f 1926/2776/1721 1622/2781/1726 1621/2782/1727
f 1926/2776/1721 1621/2782/1727 1620/2783/1728
f 1928/2784/1729 1625/2785/1730 1927/2780/1725
f 1927/2780/1725 1625/2785/1730 1624/2786/1731
f 1927/2780/1725 1624/2786/1731 1623/2787/1732
f 1929/2788/1733 1954/2789/1734 1928/2784/1729
f 1928/2784/1729 1954/2789/1734 1626/2790/1735
f 1928/2784/1729 1626/2790/1735 1625/2785/1730
f 1954/2789/1734 1929/2788/1733 1953/2791/1736
f 1953/2791/1736 1929/2788/1733 1930/2792/1737
f 1953/2791/1736 1930/2792/1737 1952/2793/1738
f 1952/2793/1738 1930/2792/1737 1951/2794/1739
f 1951/2794/1739 1930/2792/1737 1931/2795/1740
f 1951/2794/1739 1931/2795/1740 1950/2796/1741
f 1950/2796/1741 1931/2795/1740 1949/2797/1742
f 1949/2797/1742 1931/2795/1740 1948/2798/1743
f 1948/2798/1743 1931/2795/1740 1932/2799/1744
f 1948/2798/1743 1932/2799/1744 1947/2800/1745
f 1947/2800/1745 1932/2799/1744 1982/2541/1522
f 1947/2800/1745 1982/2541/1522 1946/2801/1743
f 1946/2801/1743 1982/2541/1522 1945/2802/1746
f 1945/2802/1746 1982/2541/1522 1944/2803/1741
f 1944/2803/1741 1982/2541/1522 1943/2804/1739
f 1943/2804/1739 1982/2541/1522 1983/2543/1524
f 1943/2804/1739 1983/2543/1524 1942/2805/1738
f 1942/2805/1738 1983/2543/1524 1941/2806/1747
f 1941/2806/1747 1983/2543/1524 1940/2807/1748
f 1940/2807/1748 1983/2543/1524 1610/2808/1749
f 1610/2808/1749 1983/2543/1524 1984/2545/1526
f 1610/2808/1749 1984/2545/1526 1611/2809/1750
f 1611/2809/1750 1984/2545/1526 1612/2810/1731
f 1612/2810/1731 1984/2545/1526 1613/2811/1732
f 1613/2811/1732 1984/2545/1526 1614/2812/1726
f 1614/2812/1726 1984/2545/1526 1615/2813/1727
f 1615/2813/1727 1984/2545/1526 1985/2547/1528
f 1615/2813/1727 1985/2547/1528 1616/2814/1728
f 1616/2814/1728 1985/2547/1528 1617/2815/1751
f 1617/2815/1751 1985/2547/1528 1618/2816/1752
f 1618/2816/1752 1985/2547/1528 1926/2776/1721
f 1618/2816/1752 1926/2776/1721 1619/2817/1753
f 1619/2817/1753 1926/2776/1721 1620/2783/1728
f 1932/2799/1744 1933/2818/1754 1982/2541/1522
f 1982/2541/1522 1933/2818/1754 1934/2819/1755
f 1982/2541/1522 1934/2819/1755 1981/2539/1520
f 1981/2539/1520 1934/2819/1755 1935/2820/1756
f 1981/2539/1520 1935/2820/1756 1936/2821/1757
f 1936/2821/1757 1937/2822/1758 1981/2539/1520
f 1981/2539/1520 1937/2822/1758 1980/2537/1518
f 1937/2822/1758 1938/2823/1759 1980/2537/1518
f 1980/2537/1518 1938/2823/1759 1939/2690/1645
f 1738/2824/1760 1668/2825/1761 1723/2826/603
f 1723/2826/603 1668/2825/1761 1667/2827/603
f 1723/2826/603 1667/2827/603 1724/2828/1719
f 1724/2828/1719 1667/2827/603 1666/2829/1762
f 1724/2828/1719 1666/2829/1762 1725/2830/1720
f 1725/2830/1720 1666/2829/1762 1665/2831/1720
f 1725/2830/1720 1665/2831/1720 1726/2832/1763
f 1726/2832/1763 1665/2831/1720 1664/2833/1764
f 1726/2832/1763 1664/2833/1764 1727/2771/1717
f 1727/2771/1717 1664/2833/1764 1663/2834/1717
f 1727/2771/1717 1663/2834/1717 1971/2551/1532
f 1971/2551/1532 1663/2834/1717 1662/2835/1763
f 1971/2551/1532 1662/2835/1763 1661/2836/1720
f 1738/2824/1760 1737/2837/1724 1668/2825/1761
f 1668/2825/1761 1737/2837/1724 1669/2838/1724
f 1669/2838/1724 1737/2837/1724 1670/2839/1723
f 1670/2839/1723 1737/2837/1724 1736/2840/1723
f 1670/2839/1723 1736/2840/1723 1671/2841/1722
f 1671/2841/1722 1736/2840/1723 1735/2777/1722
f 1671/2841/1722 1735/2777/1722 1985/2547/1528
f 1985/2547/1528 1735/2777/1722 1926/2776/1721
f 1733/2779/1724 1732/2842/1760 1925/2772/1718
f 1925/2772/1718 1732/2842/1760 1731/2773/603
f 1729/2775/1720 1728/2843/1763 1924/2770/1716
f 1924/2770/1716 1728/2843/1763 1727/2771/1717
f 1660/2844/1719 1659/2845/1765 1986/2549/1530
f 1986/2549/1530 1659/2845/1765 1674/2846/1760
f 1986/2549/1530 1674/2846/1760 1673/2847/1724
f 1673/2847/1724 1672/2848/1723 1986/2549/1530
f 1986/2549/1530 1672/2848/1723 1671/2841/1722
f 1986/2549/1530 1671/2841/1722 1985/2547/1528
f 1661/2836/1720 1660/2844/1719 1971/2551/1532
f 1971/2551/1532 1660/2844/1719 1986/2549/1530
f 1623/2787/1732 1622/2781/1726 1927/2780/1725
f 2015/2519/1500 1743/2681/1641 2014/2521/1502
f 2083/2849/1766 2027/599/279 2228/2850/279
f 2228/2850/279 2027/599/279 2028/2851/1767
f 2228/2850/279 2028/2851/1767 2229/2852/727
f 2229/2852/727 2028/2851/1767 2029/2853/1768
f 2229/2852/727 2029/2853/1768 2230/2854/1769
f 2230/2854/1769 2029/2853/1768 2030/2855/1770
f 2230/2854/1769 2030/2855/1770 2231/2856/1771
f 2231/2856/1771 2030/2855/1770 2031/2857/1772
f 2231/2856/1771 2031/2857/1772 2232/2858/1773
f 2232/2858/1773 2031/2857/1772 2032/2859/1774
f 2232/2858/1773 2032/2859/1774 2233/2860/1775
f 2233/2860/1775 2032/2859/1774 2033/2861/1776
f 2233/2860/1775 2033/2861/1776 2234/2862/1777
f 2234/2862/1777 2033/2861/1776 2034/2863/1778
f 2234/2862/1777 2034/2863/1778 2235/2864/1779
f 2235/2864/1779 2034/2863/1778 2035/2865/1780
f 2235/2864/1779 2035/2865/1780 2236/2866/1781
f 2236/2866/1781 2035/2865/1780 2036/2867/1782
f 2236/2866/1781 2036/2867/1782 2237/2868/1783
f 2237/2868/1783 2036/2867/1782 2037/2869/1784
f 2237/2868/1783 2037/2869/1784 2238/2870/1785
f 2238/2870/1785 2037/2869/1784 2038/2871/1786
f 2238/2870/1785 2038/2871/1786 2239/2872/1787
f 2239/2872/1787 2038/2871/1786 2039/2873/1788
f 2239/2872/1787 2039/2873/1788 2240/2874/1789
f 2240/2874/1789 2039/2873/1788 2040/2875/1790
f 2240/2874/1789 2040/2875/1790 2241/2876/1791
f 2241/2876/1791 2040/2875/1790 2041/2877/1792
f 2241/2876/1791 2041/2877/1792 2242/2878/1793
f 2242/2878/1793 2041/2877/1792 2042/2879/1794
f 2242/2878/1793 2042/2879/1794 2243/2880/1795
f 2243/2880/1795 2042/2879/1794 2043/2881/1796
f 2243/2880/1795 2043/2881/1796 2244/2882/1797
f 2244/2882/1797 2043/2881/1796 2044/2883/1798
f 2244/2882/1797 2044/2883/1798 2245/2884/768
f 2245/2884/768 2044/2883/1798 2045/2885/1799
f 2245/2884/768 2045/2885/1799 2246/2886/1800
f 2246/2886/1800 2045/2885/1799 2046/2887/1801
f 2246/2886/1800 2046/2887/1801 2247/2888/1802
f 2247/2888/1802 2046/2887/1801 2047/2889/1803
f 2247/2888/1802 2047/2889/1803 2248/2890/1804
f 2248/2890/1804 2047/2889/1803 2048/2891/1805
f 2248/2890/1804 2048/2891/1805 2249/2892/1806
f 2249/2892/1806 2048/2891/1805 2049/2893/1807
f 2249/2892/1806 2049/2893/1807 2250/2894/1808
f 2250/2894/1808 2049/2893/1807 2050/2895/1809
f 2250/2894/1808 2050/2895/1809 2251/2896/757
f 2251/2896/757 2050/2895/1809 2051/2897/1810
f 2251/2896/757 2051/2897/1810 2252/2898/1811
f 2252/2898/1811 2051/2897/1810 2052/2899/1812
f 2252/2898/1811 2052/2899/1812 2253/2900/1813
f 2253/2900/1813 2052/2899/1812 2053/2901/1814
f 2253/2900/1813 2053/2901/1814 2254/2902/1815
f 2254/2902/1815 2053/2901/1814 2054/2903/1816
f 2254/2902/1815 2054/2903/1816 2255/2904/1817
f 2255/2904/1817 2054/2903/1816 2055/2905/1818
f 2255/2904/1817 2055/2905/1818 2226/2906/1819
f 2226/2907/1819 2055/2908/1818 2056/2909/1820
f 2226/2907/1819 2056/2909/1820 2256/2910/1821
f 2256/2910/1821 2056/2909/1820 2057/2911/1822
f 2256/2910/1821 2057/2911/1822 2257/2912/1823
f 2257/2912/1823 2057/2911/1822 2058/2913/1824
f 2257/2912/1823 2058/2913/1824 2258/2914/1825
f 2258/2914/1825 2058/2913/1824 2059/2915/1826
f 2258/2914/1825 2059/2915/1826 2259/2916/1827
f 2259/2916/1827 2059/2915/1826 2060/2917/1828
f 2259/2916/1827 2060/2917/1828 2260/2918/1829
f 2260/2918/1829 2060/2917/1828 2061/2919/1830
f 2260/2918/1829 2061/2919/1830 2261/2920/1831
f 2261/2920/1831 2061/2919/1830 2062/2921/1832
f 2261/2920/1831 2062/2921/1832 2262/2922/1833
f 2262/2922/1833 2062/2921/1832 2063/2923/905
f 2262/2922/1833 2063/2923/905 2263/2924/1834
f 2263/2924/1834 2063/2923/905 2064/2925/1835
f 2263/2924/1834 2064/2925/1835 2264/2926/1836
f 2264/2926/1836 2064/2925/1835 2065/2927/1837
f 2264/2926/1836 2065/2927/1837 2265/2928/1838
f 2265/2928/1838 2065/2927/1837 2066/2929/1839
f 2265/2928/1838 2066/2929/1839 2266/2930/1840
f 2266/2930/1840 2066/2929/1839 2067/2931/1841
f 2266/2930/1840 2067/2931/1841 2267/2932/259
f 2267/2932/259 2067/2931/1841 2068/2933/1842
f 2267/2932/259 2068/2933/1842 2268/2934/1843
f 2268/2934/1843 2068/2933/1842 2069/2935/902
f 2268/2934/1843 2069/2935/902 2269/2936/1844
f 2269/2936/1844 2069/2935/902 2070/2937/1845
f 2269/2936/1844 2070/2937/1845 2270/2938/1846
f 2270/2938/1846 2070/2937/1845 2071/2939/1847
f 2270/2938/1846 2071/2939/1847 2271/2940/1848
f 2271/2940/1848 2071/2939/1847 2072/2941/912
f 2271/2940/1848 2072/2941/912 2272/2942/1849
f 2272/2942/1849 2072/2941/912 2073/2943/1850
f 2272/2942/1849 2073/2943/1850 2227/2944/1851
f 2227/2944/1851 2073/2943/1850 2074/2945/1852
f 2227/2944/1851 2074/2945/1852 2273/2946/1853
f 2273/2946/1853 2074/2945/1852 2075/2947/1854
f 2273/2946/1853 2075/2947/1854 2274/2948/1855
f 2274/2948/1855 2075/2947/1854 2076/2949/1856
f 2274/2948/1855 2076/2949/1856 2275/2950/1857
f 2275/2950/1857 2076/2949/1856 2077/2951/1858
f 2275/2950/1857 2077/2951/1858 2276/2952/1859
f 2276/2952/1859 2077/2951/1858 2078/2953/1860
f 2276/2952/1859 2078/2953/1860 2277/2954/1861
f 2277/2954/1861 2078/2953/1860 2079/2955/1862
f 2277/2954/1861 2079/2955/1862 2278/2956/281
f 2278/2956/281 2079/2955/1862 2080/2957/1863
f 2278/2956/281 2080/2957/1863 2279/2958/1864
f 2279/2958/1864 2080/2957/1863 2081/2959/1865
f 2279/2958/1864 2081/2959/1865 2280/2960/1866
f 2280/2960/1866 2081/2959/1865 2082/2961/1867
f 2280/2960/1866 2082/2961/1867 2281/2962/724
f 2281/2962/724 2082/2961/1867 2083/2849/1766
f 2281/2962/724 2083/2849/1766 2228/2850/279
f 1722/2963/1868 2143/2964/1869 1707/2965/44
f 1707/2965/44 2143/2964/1869 2144/2966/1870
f 1707/2965/44 2144/2966/1870 1708/2967/1871
f 1708/2967/1871 2144/2966/1870 1709/2968/1872
f 1709/2968/1872 2144/2966/1870 1710/2969/1873
f 1710/2969/1873 2144/2966/1870 1711/2970/1874
f 1711/2970/1874 2144/2966/1870 2268/2934/1843
f 1711/2970/1874 2268/2934/1843 1647/2971/1874
f 1647/2971/1874 2268/2934/1843 1648/2972/1873
f 1648/2972/1873 2268/2934/1843 2269/2936/1844
f 1648/2972/1873 2269/2936/1844 1649/2973/1872
f 1649/2973/1872 2269/2936/1844 1650/2974/1871
f 1650/2974/1871 2269/2936/1844 1651/2975/44
f 1651/2975/44 2269/2936/1844 1652/2976/1868
f 1652/2976/1868 2269/2936/1844 1653/2977/1875
f 1653/2977/1875 2269/2936/1844 1654/2978/1876
f 1654/2978/1876 2269/2936/1844 1655/2979/1877
f 1655/2979/1877 2269/2936/1844 2270/2938/1846
f 1655/2979/1877 2270/2938/1846 2142/2980/1878
f 2142/2980/1878 2270/2938/1846 1601/2981/1879
f 2142/2980/1878 1601/2981/1879 1600/2982/1880
f 1722/2963/1868 1721/2983/1875 2143/2964/1869
f 2143/2964/1869 1721/2983/1875 1720/2984/1876
f 2143/2964/1869 1720/2984/1876 1719/2985/1877
f 1718/2986/1876 1656/2987/1881 1719/2985/1877
f 1719/2985/1877 1656/2987/1881 1655/2979/1877
f 1719/2985/1877 1655/2979/1877 2143/2964/1869
f 2143/2964/1869 1655/2979/1877 2142/2980/1878
f 1656/2987/1881 1718/2986/1876 1657/2988/1875
f 1657/2988/1875 1718/2986/1876 1717/2989/1875
f 1657/2988/1875 1717/2989/1875 1658/2990/1868
f 1658/2990/1868 1717/2989/1875 1716/2991/1868
f 1658/2990/1868 1716/2991/1868 1643/2992/44
f 1643/2992/44 1716/2991/1868 1715/2993/44
f 1643/2992/44 1715/2993/44 1644/2994/1871
f 1644/2994/1871 1715/2993/44 1714/2995/1871
f 1644/2994/1871 1714/2995/1871 1645/2996/1872
f 1645/2996/1872 1714/2995/1871 1713/2997/1872
f 1645/2996/1872 1713/2997/1872 1646/2998/1882
f 1646/2998/1882 1713/2997/1872 1712/2999/1882
f 1646/2998/1882 1712/2999/1882 1647/2971/1874
f 1647/2971/1874 1712/2999/1882 1711/2970/1874
f 2098/3000/1883 1609/3001/1884 2272/2942/1849
f 2272/2942/1849 1609/3001/1884 1608/3002/1885
f 2272/2942/1849 1608/3002/1885 2271/2940/1848
f 2271/2940/1848 1608/3002/1885 1607/3003/1886
f 2271/2940/1848 1607/3003/1886 1606/3004/1887
f 1606/3004/1887 1605/3005/1888 2271/2940/1848
f 2271/2940/1848 1605/3005/1888 1604/3006/1889
f 2271/2940/1848 1604/3006/1889 1603/3007/1890
f 2271/2940/1848 1603/3007/1890 2270/2938/1846
f 2270/2938/1846 1603/3007/1890 1602/3008/1880
f 2270/2938/1846 1602/3008/1880 1601/2981/1879
f 1600/2982/1880 1599/3009/1890 2142/2980/1878
f 2142/2980/1878 1599/3009/1890 1598/3010/1889
f 2142/2980/1878 1598/3010/1889 1597/3011/1888
f 1597/3011/1888 1596/3012/1887 2142/2980/1878
f 2142/2980/1878 1596/3012/1887 2141/3013/1891
f 2141/3013/1891 1596/3012/1887 1595/3014/1886
f 2141/3013/1891 1595/3014/1886 1594/3015/1885
f 1594/3015/1885 1593/3016/1892 2141/3013/1891
f 2141/3013/1891 1593/3016/1892 2140/3017/1893
f 2140/3017/1893 1593/3016/1892 2084/3018/1883
f 2140/3017/1893 2084/3018/1883 2085/3019/1894
f 2140/3017/1893 2085/3019/1894 2139/3020/1895
f 2139/3020/1895 2085/3019/1894 2086/3021/1896
f 2139/3020/1895 2086/3021/1896 2087/3022/1897
f 2087/3022/1897 2088/3023/1898 2139/3020/1895
f 2139/3020/1895 2088/3023/1898 2089/3024/1899
f 2139/3020/1895 2089/3024/1899 2090/3025/1900
f 2139/3020/1895 2090/3025/1900 2138/3026/1901
f 2138/3026/1901 2090/3025/1900 2091/3027/1902
f 2138/3026/1901 2091/3027/1902 2227/2944/1851
f 2227/2944/1851 2091/3027/1902 2092/3028/1900
f 2227/2944/1851 2092/3028/1900 2093/3029/1899
f 2093/3029/1899 2094/3030/1898 2227/2944/1851
f 2227/2944/1851 2094/3030/1898 2095/3031/1903
f 2227/2944/1851 2095/3031/1903 2096/3032/1896
f 2096/3032/1896 2097/3033/1894 2227/2944/1851
f 2227/2944/1851 2097/3033/1894 2272/2942/1849
f 2097/3033/1894 2098/3000/1883 2272/2942/1849
f 2113/3034/1904 1559/3035/1905 2266/2930/1840
f 2266/2930/1840 1559/3035/1905 1558/3036/1906
f 2266/2930/1840 1558/3036/1906 1557/3037/1907
f 2266/2930/1840 1557/3037/1907 2265/2928/1838
f 2265/2928/1838 1557/3037/1907 1556/3038/1908
f 2265/2928/1838 1556/3038/1908 1555/3039/1909
f 1555/3039/1909 1554/3040/1910 2265/2928/1838
f 2265/2928/1838 1554/3040/1910 1553/3041/1911
f 2265/2928/1838 1553/3041/1911 1552/3042/1912
f 2265/2928/1838 1552/3042/1912 2264/2926/1836
f 2264/2926/1836 1552/3042/1912 1551/3043/1913
f 2264/2926/1836 1551/3043/1913 2149/3044/1914
f 2149/3044/1914 1551/3043/1913 1550/3045/1912
f 2149/3044/1914 1550/3045/1912 1549/3046/1911
f 2149/3044/1914 1549/3046/1911 2148/3047/1915
f 2148/3047/1915 1549/3046/1911 1548/3048/1910
f 2148/3047/1915 1548/3048/1910 1547/3049/1916
f 1547/3049/1916 1546/3050/1908 2148/3047/1915
f 2148/3047/1915 1546/3050/1908 1545/3051/1907
f 2148/3047/1915 1545/3051/1907 2147/3052/1917
f 2147/3052/1917 1545/3051/1907 1544/3053/1906
f 2147/3052/1917 1544/3053/1906 1543/3054/1918
f 2147/3052/1917 1543/3054/1918 2146/3055/1919
f 2146/3055/1919 1543/3054/1918 2099/3056/1920
f 2146/3055/1919 2099/3056/1920 2100/3057/1921
f 2100/3057/1921 2101/3058/1922 2146/3055/1919
f 2146/3055/1919 2101/3058/1922 2102/3059/1923
f 2146/3055/1919 2102/3059/1923 2145/3060/1924
f 2145/3060/1924 2102/3059/1923 2103/3061/1925
f 2145/3060/1924 2103/3061/1925 2104/3062/1926
f 2104/3062/1926 2105/3063/1927 2145/3060/1924
f 2145/3060/1924 2105/3063/1927 2106/3064/1928
f 2145/3060/1924 2106/3064/1928 2144/2966/1870
f 2144/2966/1870 2106/3064/1928 2268/2934/1843
f 2268/2934/1843 2106/3064/1928 2267/2932/259
f 2267/2932/259 2106/3064/1928 2107/3065/1929
f 2267/2932/259 2107/3065/1929 2108/3066/1930
f 2108/3066/1930 2109/3067/1925 2267/2932/259
f 2267/2932/259 2109/3067/1925 2110/3068/1923
f 2267/2932/259 2110/3068/1923 2111/3069/1922
f 2111/3069/1922 2112/3070/1921 2267/2932/259
f 2267/2932/259 2112/3070/1921 2266/2930/1840
f 2112/3070/1921 2113/3034/1904 2266/2930/1840
f 2225/3071/1931 2114/3072/279 2228/2850/279
f 2228/2850/279 2114/3072/279 2115/3073/1932
f 2228/2850/279 2115/3073/1932 2281/2962/724
f 2281/2962/724 2115/3073/1932 2116/3074/1933
f 2281/2962/724 2116/3074/1933 2117/3075/1934
f 2281/2962/724 2117/3075/1934 2280/2960/1866
f 2280/2960/1866 2117/3075/1934 2118/3076/1935
f 2280/2960/1866 2118/3076/1935 2279/2958/1864
f 2279/2958/1864 2118/3076/1935 2119/3077/1936
f 2279/2958/1864 2119/3077/1936 2120/3078/1576
f 2120/3078/1576 2121/3079/1937 2279/2958/1864
f 2279/2958/1864 2121/3079/1937 2278/2956/281
f 2121/3079/1937 2122/3080/1938 2278/2956/281
f 2278/2956/281 2122/3080/1938 2123/3081/1939
f 2278/2956/281 2123/3081/1939 2277/2954/1861
f 2277/2954/1861 2123/3081/1939 2124/3082/1940
f 2277/2954/1861 2124/3082/1940 2125/3083/1941
f 2277/2954/1861 2125/3083/1941 2276/2952/1859
f 2276/2952/1859 2125/3083/1941 2126/3084/1942
f 2276/2952/1859 2126/3084/1942 2127/3085/1943
f 2127/3085/1943 2128/3086/1944 2276/2952/1859
f 2276/2952/1859 2128/3086/1944 2275/2950/1857
f 2128/3086/1944 2129/3087/1945 2275/2950/1857
f 2275/2950/1857 2129/3087/1945 2130/3088/1946
f 2275/2950/1857 2130/3088/1946 2131/3089/1947
f 2131/3089/1947 2132/3090/1948 2275/2950/1857
f 2275/2950/1857 2132/3090/1948 2274/2948/1855
f 2132/3090/1948 2133/3091/1949 2274/2948/1855
f 2274/2948/1855 2133/3091/1949 2134/3092/1950
f 2274/2948/1855 2134/3092/1950 2273/2946/1853
f 2273/2946/1853 2134/3092/1950 2135/3093/1951
f 2273/2946/1853 2135/3093/1951 2136/3094/1952
f 2136/3094/1952 2137/3095/1953 2273/2946/1853
f 2273/2946/1853 2137/3095/1953 2138/3026/1901
f 2273/2946/1853 2138/3026/1901 2227/2944/1851
f 2149/3044/1914 2150/3096/1954 2264/2926/1836
f 2264/2926/1836 2150/3096/1954 2151/3097/1955
f 2264/2926/1836 2151/3097/1955 2152/3098/1956
f 2264/2926/1836 2152/3098/1956 2263/2924/1834
f 2263/2924/1834 2152/3098/1956 2153/3099/1957
f 2263/2924/1834 2153/3099/1957 2154/3100/1958
f 2154/3100/1958 2155/3101/1959 2263/2924/1834
f 2263/2924/1834 2155/3101/1959 2262/2922/1833
f 2155/3101/1959 2156/3102/1960 2262/2922/1833
f 2262/2922/1833 2156/3102/1960 2157/3103/1961
f 2262/2922/1833 2157/3103/1961 2158/3104/1962
f 2158/3104/1962 2159/3105/1963 2262/2922/1833
f 2262/2922/1833 2159/3105/1963 2261/2920/1831
f 2159/3105/1963 2160/3106/1964 2261/2920/1831
f 2261/2920/1831 2160/3106/1964 2161/3107/1665
f 2261/2920/1831 2161/3107/1665 2260/2918/1829
f 2260/2918/1829 2161/3107/1665 2162/3108/1965
f 2260/2918/1829 2162/3108/1965 2163/3109/1663
f 2260/2918/1829 2163/3109/1663 2259/2916/1827
f 2259/2916/1827 2163/3109/1663 2164/3110/1966
f 2259/2916/1827 2164/3110/1966 2258/2914/1825
f 2258/2914/1825 2164/3110/1966 2165/3111/1662
f 2258/2914/1825 2165/3111/1662 2166/3112/1661
f 2258/2914/1825 2166/3112/1661 2257/2912/1823
f 2257/2912/1823 2166/3112/1661 2167/3113/1660
f 2257/2912/1823 2167/3113/1660 2256/2910/1821
f 2256/2910/1821 2167/3113/1660 2168/3114/1967
f 2256/2910/1821 2168/3114/1967 2226/2907/1819
f 2226/2907/1819 2168/3114/1967 2169/3115/265
f 2226/2907/1819 2169/3115/265 2170/3116/265
f 2170/3117/265 2171/3118/1658 2226/2906/1819
f 2226/2906/1819 2171/3118/1658 2255/2904/1817
f 2171/3118/1658 2172/3119/1657 2255/2904/1817
f 2255/2904/1817 2172/3119/1657 2254/2902/1815
f 2172/3119/1657 2173/3120/1656 2254/2902/1815
f 2254/2902/1815 2173/3120/1656 2253/2900/1813
f 2173/3120/1656 2174/3121/1655 2253/2900/1813
f 2253/2900/1813 2174/3121/1655 2175/3122/1968
f 2253/2900/1813 2175/3122/1968 2252/2898/1811
f 2252/2898/1811 2175/3122/1968 2176/3123/1653
f 2252/2898/1811 2176/3123/1653 2251/2896/757
f 2251/2896/757 2176/3123/1653 2177/3124/1969
f 2251/2896/757 2177/3124/1969 2178/3125/1651
f 2251/2896/757 2178/3125/1651 2250/2894/1808
f 2250/2894/1808 2178/3125/1651 2179/3126/1970
f 2250/2894/1808 2179/3126/1970 2180/3127/1971
f 2250/2894/1808 2180/3127/1971 2249/2892/1806
f 2249/2892/1806 2180/3127/1971 2181/3128/1972
f 2249/2892/1806 2181/3128/1972 2182/3129/1973
f 2182/3129/1973 2183/3130/1974 2249/2892/1806
f 2249/2892/1806 2183/3130/1974 2184/3131/1975
f 2249/2892/1806 2184/3131/1975 2248/2890/1804
f 2248/2890/1804 2184/3131/1975 2185/3132/1976
f 2248/2890/1804 2185/3132/1976 2186/3133/1977
f 2248/2890/1804 2186/3133/1977 2247/2888/1802
f 2247/2888/1802 2186/3133/1977 2187/3134/1978
f 2247/2888/1802 2187/3134/1978 2188/3135/1979
f 2188/3135/1979 2189/3136/1980 2247/2888/1802
f 2247/2888/1802 2189/3136/1980 2190/3137/1981
f 2247/2888/1802 2190/3137/1981 2246/2886/1800
f 2246/2886/1800 2190/3137/1981 2191/3138/1982
f 2246/2886/1800 2191/3138/1982 2192/3139/1983
f 2246/2886/1800 2192/3139/1983 2245/2884/768
f 2245/2884/768 2192/3139/1983 2193/3140/1984
f 2245/2884/768 2193/3140/1984 2244/2882/1797
f 2244/2882/1797 2193/3140/1984 2194/3141/1985
f 2244/2882/1797 2194/3141/1985 2243/2880/1795
f 2243/2880/1795 2194/3141/1985 1703/3142/1986
f 2243/2880/1795 1703/3142/1986 2242/2878/1793
f 2242/2878/1793 1703/3142/1986 1702/3143/1987
f 2242/2878/1793 1702/3143/1987 1701/3144/1988
f 2194/3141/1985 2195/3145/1989 1703/3142/1986
f 1703/3142/1986 2195/3145/1989 1767/3146/1986
f 1703/3142/1986 1767/3146/1986 1704/3147/1990
f 1704/3147/1990 1767/3146/1986 1766/3148/1987
f 1704/3147/1990 1766/3148/1987 1705/3149/1988
f 1705/3149/1988 1766/3148/1987 1765/3150/1988
f 1705/3149/1988 1765/3150/1988 1706/3151/1991
f 1706/3151/1991 1765/3150/1988 1764/3152/1991
f 1706/3151/1991 1764/3152/1991 1691/3153/603
f 1691/3153/603 1764/3152/1991 1763/3154/603
f 1691/3153/603 1763/3154/603 1692/3155/1992
f 1692/3155/1992 1763/3154/603 1762/3156/1992
f 1692/3155/1992 1762/3156/1992 1693/3157/1993
f 1693/3157/1993 1762/3156/1992 1761/3158/1993
f 1693/3157/1993 1761/3158/1993 1694/3159/1994
f 1694/3159/1994 1761/3158/1993 1760/3160/1994
f 1694/3159/1994 1760/3160/1994 1695/3161/1995
f 1695/3161/1995 1760/3160/1994 1759/3162/1995
f 1695/3161/1995 1759/3162/1995 2241/2876/1791
f 2241/2876/1791 1759/3162/1995 2196/3163/1996
f 2241/2876/1791 2196/3163/1996 2197/3164/1997
f 2196/3163/1996 1755/3165/603 2195/3145/1989
f 2195/3145/1989 1755/3165/603 1770/3166/1991
f 2195/3145/1989 1770/3166/1991 1769/3167/1988
f 2241/2876/1791 2197/3164/1997 2240/2874/1789
f 2240/2874/1789 2197/3164/1997 2198/3168/1998
f 2240/2874/1789 2198/3168/1998 2239/2872/1787
f 2239/2872/1787 2198/3168/1998 2199/3169/1999
f 2239/2872/1787 2199/3169/1999 2238/2870/1785
f 2238/2870/1785 2199/3169/1999 2200/3170/2000
f 2238/2870/1785 2200/3170/2000 2201/3171/2001
f 2238/2870/1785 2201/3171/2001 2237/2868/1783
f 2237/2868/1783 2201/3171/2001 2202/3172/2002
f 2237/2868/1783 2202/3172/2002 2203/3173/2003
f 2203/3173/2003 2204/3174/2004 2237/2868/1783
f 2237/2868/1783 2204/3174/2004 2236/2866/1781
f 2204/3174/2004 2205/3175/2005 2236/2866/1781
f 2236/2866/1781 2205/3175/2005 2206/3176/2006
f 2236/2866/1781 2206/3176/2006 2207/3177/2007
f 2236/2866/1781 2207/3177/2007 2235/2864/1779
f 2235/2864/1779 2207/3177/2007 2208/3178/2008
f 2235/2864/1779 2208/3178/2008 2209/3179/2009
f 2209/3179/2009 2210/3180/2010 2235/2864/1779
f 2235/2864/1779 2210/3180/2010 2211/3181/2011
f 2235/2864/1779 2211/3181/2011 2212/3182/2012
f 2235/2864/1779 2212/3182/2012 2234/2862/1777
f 2234/2862/1777 2212/3182/2012 2213/3183/2013
f 2234/2862/1777 2213/3183/2013 2214/3184/2014
f 2234/2862/1777 2214/3184/2014 2233/2860/1775
f 2233/2860/1775 2214/3184/2014 2215/3185/2015
f 2233/2860/1775 2215/3185/2015 2216/3186/2016
f 2216/3186/2016 2217/3187/2017 2233/2860/1775
f 2233/2860/1775 2217/3187/2017 2232/2858/1773
f 2217/3187/2017 2218/3188/2018 2232/2858/1773
f 2232/2858/1773 2218/3188/2018 2219/3189/2019
f 2232/2858/1773 2219/3189/2019 2231/2856/1771
f 2231/2856/1771 2219/3189/2019 2220/3190/1564
f 2231/2856/1771 2220/3190/1564 2221/3191/2020
f 2221/3191/2020 2222/3192/2021 2231/2856/1771
f 2231/2856/1771 2222/3192/2021 2230/2854/1769
f 2222/3192/2021 2223/3193/2022 2230/2854/1769
f 2230/2854/1769 2223/3193/2022 2229/2852/727
f 2223/3193/2022 2224/3194/2023 2229/2852/727
f 2229/2852/727 2224/3194/2023 2225/3071/1931
f 2229/2852/727 2225/3071/1931 2228/2850/279
f 1769/3167/1988 1768/3195/1987 2195/3145/1989
f 2195/3145/1989 1768/3195/1987 1767/3146/1986
f 1759/3162/1995 1758/3196/2024 2196/3163/1996
f 2196/3163/1996 1758/3196/2024 1757/3197/1993
f 2196/3163/1996 1757/3197/1993 1756/3198/1992
f 1756/3198/1992 1755/3165/603 2196/3163/1996
f 1701/3144/1988 1700/3199/1991 2242/2878/1793
f 2242/2878/1793 1700/3199/1991 1699/3200/603
f 2242/2878/1793 1699/3200/603 1698/3201/1992
f 1698/3201/1992 1697/3202/1993 2242/2878/1793
f 2242/2878/1793 1697/3202/1993 1696/3203/2024
f 2242/2878/1793 1696/3203/2024 2241/2876/1791
f 2241/2876/1791 1696/3203/2024 1695/3161/1995
f 1870/3204/383 1869/3205/383 2285/3206/383
f 2285/3206/383 1869/3205/383 2284/3207/383
f 2284/3207/383 1869/3205/383 2193/3208/383
f 2193/3208/383 1869/3205/383 2194/3209/383
f 2194/3209/383 1869/3205/383 1868/3210/383
f 2194/3209/383 1868/3210/383 2195/3211/383
f 2195/3211/383 1868/3210/383 1867/3212/383
f 2195/3211/383 1867/3212/383 2196/3213/383
f 2196/3213/383 1867/3212/383 2197/3214/383
f 2197/3214/383 1867/3212/383 1866/3215/383
f 2197/3214/383 1866/3215/383 2198/3216/383
f 2198/3216/383 1866/3215/383 2283/3217/383
f 2283/3217/383 1866/3215/383 2282/3218/383
f 2282/3218/383 1866/3215/383 1865/3219/383
f 2028/3220/94 2027/3221/94 1771/3222/94
f 1771/3222/94 2027/3221/94 2083/3223/94
f 1771/3222/94 2083/3223/94 1772/3224/94
f 1772/3224/94 2083/3223/94 2082/3225/94
f 1772/3224/94 2082/3225/94 1773/3226/94
f 1773/3226/94 2082/3225/94 2081/3227/94
f 1773/3226/94 2081/3227/94 1774/3228/94
f 1774/3228/94 2081/3227/94 2080/3229/94
f 1774/3228/94 2080/3229/94 1775/3230/94
f 1775/3230/94 2080/3229/94 2079/3231/94
f 1775/3230/94 2079/3231/94 1776/3232/94
f 1776/3232/94 2079/3231/94 2078/3233/94
f 1776/3232/94 2078/3233/94 1777/3234/94
f 1777/3234/94 2078/3233/94 2077/3235/94
f 1777/3234/94 2077/3235/94 1778/3236/94
f 1778/3236/94 2077/3235/94 2076/3237/94
f 1778/3236/94 2076/3237/94 1779/3238/94
f 1779/3238/94 2076/3237/94 2075/3239/94
f 1779/3238/94 2075/3239/94 1780/3240/94
f 1780/3240/94 2075/3239/94 2074/3241/94
f 1780/3240/94 2074/3241/94 1781/3242/94
f 1781/3242/94 2074/3241/94 2073/3243/94
f 1781/3242/94 2073/3243/94 1782/3244/94
f 1782/3244/94 2073/3243/94 2072/3245/94
f 1782/3244/94 2072/3245/94 1783/3246/94
f 1783/3246/94 2072/3245/94 2071/3247/94
f 1783/3246/94 2071/3247/94 1784/3248/94
f 1784/3248/94 2071/3247/94 2070/3249/94
f 1784/3248/94 2070/3249/94 1785/3250/94
f 1785/3250/94 2070/3249/94 2069/3251/94
f 1785/3250/94 2069/3251/94 1786/3252/94
f 1786/3252/94 2069/3251/94 2068/3253/94
f 1786/3252/94 2068/3253/94 1787/3254/94
f 1787/3254/94 2068/3253/94 2067/3255/94
f 1787/3254/94 2067/3255/94 1788/3256/94
f 1788/3256/94 2067/3255/94 2066/3257/94
f 1788/3256/94 2066/3257/94 1789/3258/94
f 1789/3258/94 2066/3257/94 2065/3259/94
f 1789/3258/94 2065/3259/94 1790/3260/94
f 1790/3260/94 2065/3259/94 2064/3261/94
f 1790/3260/94 2064/3261/94 1791/3262/94
f 1791/3262/94 2064/3261/94 2063/3263/94
f 1791/3262/94 2063/3263/94 1792/3264/94
f 1792/3264/94 2063/3263/94 2062/3265/94
f 1792/3264/94 2062/3265/94 1793/3266/94
f 1793/3266/94 2062/3265/94 2061/3267/94
f 1793/3266/94 2061/3267/94 1794/3268/94
f 1794/3268/94 2061/3267/94 2060/3269/94
f 1794/3268/94 2060/3269/94 1795/3270/94
f 1795/3270/94 2060/3269/94 2059/3271/94
f 1795/3270/94 2059/3271/94 1796/3272/94
f 1796/3272/94 2059/3271/94 2058/3273/94
f 1796/3272/94 2058/3273/94 1797/3274/94
f 1797/3274/94 2058/3273/94 2057/3275/94
f 1797/3274/94 2057/3275/94 1798/3276/94
f 1798/3276/94 2057/3275/94 2056/3277/94
f 1798/3276/94 2056/3277/94 1799/3278/94
f 1799/3278/94 2056/3277/94 2055/3279/94
f 1799/3278/94 2055/3279/94 2054/3280/94
f 1799/3278/94 2054/3280/94 1800/3281/94
f 1800/3281/94 2054/3280/94 2053/3282/94
f 1800/3281/94 2053/3282/94 1801/3283/94
f 1801/3283/94 2053/3282/94 2052/3284/94
f 1801/3283/94 2052/3284/94 1802/3285/94
f 1802/3285/94 2052/3284/94 2051/3286/94
f 1802/3285/94 2051/3286/94 1803/3287/94
f 1803/3287/94 2051/3286/94 2050/3288/94
f 1803/3287/94 2050/3288/94 1804/3289/94
f 1804/3289/94 2050/3288/94 2049/3290/94
f 1804/3289/94 2049/3290/94 1805/3291/94
f 1805/3291/94 2049/3290/94 2048/3292/94
f 1805/3291/94 2048/3292/94 1806/3293/94
f 1806/3293/94 2048/3292/94 2047/3294/94
f 1806/3293/94 2047/3294/94 1807/3295/94
f 1807/3295/94 2047/3294/94 2046/3296/94
f 1807/3295/94 2046/3296/94 1808/3297/94
f 1808/3297/94 2046/3296/94 2045/3298/94
f 1808/3297/94 2045/3298/94 1809/3299/94
f 1809/3299/94 2045/3298/94 2044/3300/94
f 1809/3299/94 2044/3300/94 1810/3301/94
f 1810/3301/94 2044/3300/94 2043/3302/94
f 1810/3301/94 2043/3302/94 1811/3303/94
f 1811/3303/94 2043/3302/94 2042/3304/94
f 1811/3303/94 2042/3304/94 1812/3305/94
f 1812/3305/94 2042/3304/94 2041/3306/94
f 1812/3305/94 2041/3306/94 1813/3307/94
f 1813/3307/94 2041/3306/94 2040/3308/94
f 1813/3307/94 2040/3308/94 1814/3309/94
f 1814/3309/94 2040/3308/94 2039/3310/94
f 1814/3309/94 2039/3310/94 1815/3311/94
f 1815/3311/94 2039/3310/94 2038/3312/94
f 1815/3311/94 2038/3312/94 1816/3313/94
f 1816/3313/94 2038/3312/94 2037/3314/94
f 1816/3313/94 2037/3314/94 1817/3315/94
f 1817/3315/94 2037/3314/94 2036/3316/94
f 1817/3315/94 2036/3316/94 1818/3317/94
f 1818/3317/94 2036/3316/94 2035/3318/94
f 1818/3317/94 2035/3318/94 1819/3319/94
f 1819/3319/94 2035/3318/94 2034/3320/94
f 1819/3319/94 2034/3320/94 1820/3321/94
f 1820/3321/94 2034/3320/94 2033/3322/94
f 1820/3321/94 2033/3322/94 1821/3323/94
f 1821/3323/94 2033/3322/94 2032/3324/94
f 1821/3323/94 2032/3324/94 1822/3325/94
f 1822/3325/94 2032/3324/94 2031/3326/94
f 1822/3325/94 2031/3326/94 1823/3327/94
f 1823/3327/94 2031/3326/94 2030/3328/94
f 1823/3327/94 2030/3328/94 1824/3329/94
f 1824/3329/94 2030/3328/94 2029/3330/94
f 1824/3329/94 2029/3330/94 1825/3331/94
f 1825/3331/94 2029/3330/94 2028/3220/94
f 1825/3331/94 2028/3220/94 1771/3222/94
f 1927/3332/383 1926/3333/383 2289/3334/383
f 2289/3334/383 1926/3333/383 2288/3335/383
f 2288/3335/383 1926/3333/383 2141/3336/383
f 2141/3336/383 1926/3333/383 2142/3337/383
f 2142/3337/383 1926/3333/383 1925/3338/383
f 2142/3337/383 1925/3338/383 2143/3339/383
f 2143/3339/383 1925/3338/383 1924/3340/383
f 2143/3339/383 1924/3340/383 2144/3341/383
f 2144/3341/383 1924/3340/383 2145/3342/383
f 2145/3342/383 1924/3340/383 1923/3343/383
f 2145/3342/383 1923/3343/383 2146/3344/383
f 2146/3344/383 1923/3343/383 2287/3345/383
f 2287/3345/383 1923/3343/383 2286/3346/383
f 2286/3346/383 1923/3343/383 1922/3347/383
f 2293/3348/2025 2183/3349/2026 2294/3350/2027
f 2294/3350/2027 2183/3349/2026 2182/3351/2028
f 2294/3350/2027 2182/3351/2028 2295/3352/2029
f 2295/3352/2029 2182/3351/2028 2181/3353/2030
f 2295/3352/2029 2181/3353/2030 2296/3354/2031
f 2296/3354/2031 2181/3353/2030 2180/3355/2032
f 2296/3354/2031 2180/3355/2032 2297/3356/2033
f 2297/3356/2033 2180/3355/2032 2298/3357/2034
f 2297/3356/2033 2298/3357/2034 1886/3358/2035
f 1886/3358/2035 2298/3357/2034 1887/3359/2036
f 1887/3359/2036 2298/3357/2034 2299/3360/2037
f 1887/3359/2036 2299/3360/2037 1888/3361/2038
f 1888/3361/2038 2299/3360/2037 2301/3362/2039
f 1888/3361/2038 2301/3362/2039 1889/3363/2040
f 1889/3363/2040 2301/3362/2039 2300/3364/2041
f 1889/3363/2040 2300/3364/2041 1890/3365/2042
f 1890/3365/2042 2300/3364/2041 2302/3366/2043
f 1890/3365/2042 2302/3366/2043 1891/3367/2044
f 1891/3367/2044 2302/3366/2043 2303/3368/2045
f 1891/3367/2044 2303/3368/2045 1892/3369/2046
f 1892/3369/2046 2303/3368/2045 2304/3370/2047
f 1892/3369/2046 2304/3370/2047 1893/3371/2048
f 1893/3371/2048 2304/3370/2047 2305/3372/2049
f 1893/3371/2048 2305/3372/2049 1894/3373/2050
f 1894/3373/2050 2305/3372/2049 2306/3374/2051
f 1894/3373/2050 2306/3374/2051 2307/3375/2052
f 2307/3375/2052 2306/3374/2051 2171/3376/2053
f 2307/3375/2052 2171/3376/2053 2170/3377/383
f 2180/3355/2032 2179/3378/2054 2298/3357/2034
f 2298/3357/2034 2179/3378/2054 2299/3360/2037
f 2179/3378/2054 2178/3379/2055 2299/3360/2037
f 2299/3360/2037 2178/3379/2055 2301/3362/2039
f 2301/3362/2039 2178/3379/2055 2300/3364/2041
f 2300/3364/2041 2178/3379/2055 2177/3380/2056
f 2300/3364/2041 2177/3380/2056 2302/3366/2043
f 2302/3366/2043 2177/3380/2056 2176/3381/2057
f 2302/3366/2043 2176/3381/2057 2303/3368/2045
f 2303/3368/2045 2176/3381/2057 2175/3382/2058
f 2303/3368/2045 2175/3382/2058 2304/3370/2047
f 2304/3370/2047 2175/3382/2058 2174/3383/2059
f 2304/3370/2047 2174/3383/2059 2305/3372/2049
f 2305/3372/2049 2174/3383/2059 2173/3384/2060
f 2305/3372/2049 2173/3384/2060 2306/3374/2051
f 2306/3374/2051 2173/3384/2060 2172/3385/2061
f 2306/3374/2051 2172/3385/2061 2171/3376/2053
f 2307/3375/2052 2170/3377/383 2308/3386/1409
f 2308/3386/1409 2170/3377/383 2169/3387/383
f 2308/3386/1409 2169/3387/383 2309/3388/2062
f 2309/3388/2062 2169/3387/383 2168/3389/2063
f 2309/3388/2062 2168/3389/2063 2310/3390/2064
f 2310/3390/2064 2168/3389/2063 2167/3391/2065
f 2310/3390/2064 2167/3391/2065 2166/3392/2066
f 2310/3390/2064 2166/3392/2066 2311/3393/2067
f 2311/3393/2067 2166/3392/2066 2165/3394/2068
f 2311/3393/2067 2165/3394/2068 2312/3395/2069
f 2312/3395/2069 2165/3394/2068 2164/3396/2070
f 2312/3395/2069 2164/3396/2070 2313/3397/2071
f 2313/3397/2071 2164/3396/2070 2163/3398/2072
f 2313/3397/2071 2163/3398/2072 2314/3399/2073
f 2314/3399/2073 2163/3398/2072 2162/3400/2074
f 2314/3399/2073 2162/3400/2074 2315/3401/2075
f 2315/3401/2075 2162/3400/2074 2161/3402/2076
f 2315/3401/2075 2161/3402/2076 2316/3403/2077
f 2316/3403/2077 2161/3402/2076 2160/3404/2078
f 2316/3403/2077 2160/3404/2078 2317/3405/2079
f 2317/3405/2079 2160/3404/2078 2159/3406/2080
f 2317/3405/2079 2159/3406/2080 2318/3407/2081
f 2318/3407/2081 2159/3406/2080 2158/3408/2082
f 2318/3407/2081 2158/3408/2082 2319/3409/2083
f 2319/3409/2083 2158/3408/2082 2157/3410/2084
f 2319/3409/2083 2157/3410/2084 2320/3411/2085
f 2320/3411/2085 2157/3410/2084 2290/3412/2086
f 2320/3411/2085 2290/3412/2086 2291/3413/2087
f 2157/3410/2084 2156/3414/2088 2290/3412/2086
f 1909/3415/2089 1908/3416/2090 2291/3413/2087
f 2291/3413/2087 1908/3416/2090 2320/3411/2085
f 1908/3416/2090 1907/3417/2091 2320/3411/2085
f 2320/3411/2085 1907/3417/2091 2319/3409/2083
f 1907/3417/2091 1906/3418/2092 2319/3409/2083
f 2319/3409/2083 1906/3418/2092 2318/3407/2081
f 1906/3418/2092 1905/3419/2093 2318/3407/2081
f 2318/3407/2081 1905/3419/2093 2317/3405/2079
f 1905/3419/2093 1904/3420/2094 2317/3405/2079
f 2317/3405/2079 1904/3420/2094 2316/3403/2077
f 1904/3420/2094 1903/3421/2095 2316/3403/2077
f 2316/3403/2077 1903/3421/2095 2315/3401/2075
f 1903/3421/2095 1902/3422/2096 2315/3401/2075
f 2315/3401/2075 1902/3422/2096 2314/3399/2073
f 1902/3422/2096 1901/3423/2097 2314/3399/2073
f 2314/3399/2073 1901/3423/2097 2313/3397/2071
f 1901/3423/2097 1900/3424/2098 2313/3397/2071
f 2313/3397/2071 1900/3424/2098 2312/3395/2069
f 1900/3424/2098 1899/3425/2099 2312/3395/2069
f 2312/3395/2069 1899/3425/2099 2311/3393/2067
f 1899/3425/2099 1898/3426/2100 2311/3393/2067
f 2311/3393/2067 1898/3426/2100 2310/3390/2064
f 2310/3390/2064 1898/3426/2100 2309/3388/2062
f 2309/3388/2062 1898/3426/2100 1897/3427/2101
f 2309/3388/2062 1897/3427/2101 2308/3386/1409
f 2308/3386/1409 1897/3427/2101 1896/3428/383
f 2308/3386/1409 1896/3428/383 1895/3429/2102
f 2308/3386/1409 1895/3429/2102 2307/3375/2052
f 2307/3375/2052 1895/3429/2102 1894/3373/2050
f 2297/3356/2033 1886/3358/2035 2296/3354/2031
f 2296/3354/2031 1886/3358/2035 1885/3430/2103
f 2296/3354/2031 1885/3430/2103 2295/3352/2029
f 2295/3352/2029 1885/3430/2103 1884/3431/2104
f 2295/3352/2029 1884/3431/2104 2294/3350/2027
f 2294/3350/2027 1884/3431/2104 2293/3348/2025
f 1883/3432/2105 2292/3433/2106 1884/3431/2104
f 1884/3431/2104 2292/3433/2106 2293/3348/2025
f 1852/3434/2107 1851/3435/2108 2324/3436/2109
f 2324/3436/2109 1851/3435/2108 2326/3437/2110
f 2324/3436/2109 2326/3437/2110 2323/3438/2111
f 2323/3438/2111 2326/3437/2110 2209/3439/2112
f 2323/3438/2111 2209/3439/2112 2208/3440/2113
f 2326/3437/2110 1851/3435/2108 2327/3441/2114
f 2327/3441/2114 1851/3435/2108 1850/3442/2115
f 2327/3441/2114 1850/3442/2115 2328/3443/2116
f 2328/3443/2116 1850/3442/2115 1849/3444/2117
f 2328/3443/2116 1849/3444/2117 2329/3445/2118
f 2329/3445/2118 1849/3444/2117 2330/3446/2119
f 2329/3445/2118 2330/3446/2119 2212/3447/2120
f 2212/3447/2120 2330/3446/2119 2213/3448/2121
f 2213/3448/2121 2330/3446/2119 2331/3449/2122
f 2213/3448/2121 2331/3449/2122 2214/3450/2123
f 2214/3450/2123 2331/3449/2122 2333/3451/2124
f 2214/3450/2123 2333/3451/2124 2215/3452/2125
f 2215/3452/2125 2333/3451/2124 2332/3453/2126
f 2215/3452/2125 2332/3453/2126 2216/3454/2127
f 2216/3454/2127 2332/3453/2126 2334/3455/2128
f 2216/3454/2127 2334/3455/2128 2217/3456/2129
f 2217/3456/2129 2334/3455/2128 2218/3457/2130
f 2218/3457/2130 2334/3455/2128 2335/3458/2131
f 2218/3457/2130 2335/3458/2131 2219/3459/2132
f 2219/3459/2132 2335/3458/2131 2336/3460/2133
f 2219/3459/2132 2336/3460/2133 2220/3461/2134
f 2220/3461/2134 2336/3460/2133 2221/3462/2135
f 2221/3462/2135 2336/3460/2133 2337/3463/2136
f 2221/3462/2135 2337/3463/2136 2222/3464/2137
f 2222/3464/2137 2337/3463/2136 2223/3465/2138
f 2223/3465/2138 2337/3463/2136 2338/3466/2139
f 2223/3465/2138 2338/3466/2139 2224/3467/2140
f 2224/3467/2140 2338/3466/2139 2339/3468/2141
f 2224/3467/2140 2339/3468/2141 2225/3469/2142
f 2225/3469/2142 2339/3468/2141 2340/3470/383
f 2225/3469/2142 2340/3470/383 2114/3377/383
f 2114/3377/383 2340/3470/383 2115/3471/2143
f 2115/3471/2143 2340/3470/383 2341/3472/2144
f 2115/3471/2143 2341/3472/2144 2116/3473/2145
f 2116/3473/2145 2341/3472/2144 2342/3474/2146
f 2116/3473/2145 2342/3474/2146 2117/3475/2147
f 2117/3475/2147 2342/3474/2146 2343/3476/2148
f 2117/3475/2147 2343/3476/2148 2118/3477/2149
f 2118/3477/2149 2343/3476/2148 2119/3478/2150
f 2119/3478/2150 2343/3476/2148 2344/3479/2151
f 2119/3478/2150 2344/3479/2151 2120/3480/2152
f 2120/3480/2152 2344/3479/2151 2121/3481/2153
f 2121/3481/2153 2344/3479/2151 2345/3482/2154
f 2121/3481/2153 2345/3482/2154 2122/3483/2155
f 2122/3483/2155 2345/3482/2154 2346/3484/2156
f 2122/3483/2155 2346/3484/2156 2123/3485/2157
f 2123/3485/2157 2346/3484/2156 2124/3486/2158
f 2124/3486/2158 2346/3484/2156 2347/3487/2159
f 2124/3486/2158 2347/3487/2159 2125/3488/2160
f 2125/3488/2160 2347/3487/2159 2348/3489/2161
f 2125/3488/2160 2348/3489/2161 2126/3490/2162
f 2126/3490/2162 2348/3489/2161 2349/3491/2163
f 2126/3490/2162 2349/3491/2163 2127/3492/2164
f 2127/3492/2164 2349/3491/2163 2128/3493/2165
f 2128/3493/2165 2349/3491/2163 2350/3494/2166
f 2128/3493/2165 2350/3494/2166 2129/3495/2167
f 2129/3495/2167 2350/3494/2166 2351/3496/2168
f 2129/3495/2167 2351/3496/2168 2130/3497/2169
f 2130/3497/2169 2351/3496/2168 2325/3498/2170
f 2130/3497/2169 2325/3498/2170 2322/3499/2171
f 2322/3499/2171 2325/3498/2170 2321/3500/2172
f 2321/3500/2172 2325/3498/2170 1827/3501/2173
f 2321/3500/2172 1827/3501/2173 1826/3502/2174
f 1849/3444/2117 1848/3503/2175 2330/3446/2119
f 2330/3446/2119 1848/3503/2175 2331/3449/2122
f 1848/3503/2175 1847/3504/2176 2331/3449/2122
f 2331/3449/2122 1847/3504/2176 2333/3451/2124
f 1847/3504/2176 1846/3505/2177 2333/3451/2124
f 2333/3451/2124 1846/3505/2177 2332/3453/2126
f 1846/3505/2177 1845/3506/2178 2332/3453/2126
f 2332/3453/2126 1845/3506/2178 2334/3455/2128
f 1845/3506/2178 1844/3507/2179 2334/3455/2128
f 2334/3455/2128 1844/3507/2179 2335/3458/2131
f 1844/3507/2179 1843/3508/2180 2335/3458/2131
f 2335/3458/2131 1843/3508/2180 2336/3460/2133
f 1843/3508/2180 1842/3509/2181 2336/3460/2133
f 2336/3460/2133 1842/3509/2181 2337/3463/2136
f 1842/3509/2181 1841/3510/2182 2337/3463/2136
f 2337/3463/2136 1841/3510/2182 2338/3466/2139
f 2338/3466/2139 1841/3510/2182 2339/3468/2141
f 2339/3468/2141 1841/3510/2182 1840/3511/2183
f 2339/3468/2141 1840/3511/2183 2340/3470/383
f 2340/3470/383 1840/3511/2183 1839/3512/383
f 2340/3470/383 1839/3512/383 1838/3513/2184
f 1837/3514/2185 2342/3474/2146 1838/3513/2184
f 1838/3513/2184 2342/3474/2146 2341/3472/2144
f 1838/3513/2184 2341/3472/2144 2340/3470/383
f 2342/3474/2146 1837/3514/2185 2343/3476/2148
f 2343/3476/2148 1837/3514/2185 1836/3515/2186
f 2343/3476/2148 1836/3515/2186 2344/3479/2151
f 2344/3479/2151 1836/3515/2186 1835/3516/2187
f 2344/3479/2151 1835/3516/2187 2345/3482/2154
f 2345/3482/2154 1835/3516/2187 1834/3517/2188
f 2345/3482/2154 1834/3517/2188 2346/3484/2156
f 2346/3484/2156 1834/3517/2188 1833/3518/2189
f 2346/3484/2156 1833/3518/2189 2347/3487/2159
f 2347/3487/2159 1833/3518/2189 1832/3519/2190
f 2347/3487/2159 1832/3519/2190 2348/3489/2161
f 2348/3489/2161 1832/3519/2190 1831/3520/2191
f 2348/3489/2161 1831/3520/2191 2349/3491/2163
f 2349/3491/2163 1831/3520/2191 1830/3521/2192
f 2349/3491/2163 1830/3521/2192 2350/3494/2166
f 2350/3494/2166 1830/3521/2192 1829/3522/2193
f 2350/3494/2166 1829/3522/2193 2351/3496/2168
f 2351/3496/2168 1829/3522/2193 1828/3523/2194
f 2351/3496/2168 1828/3523/2194 2325/3498/2170
f 2325/3498/2170 1828/3523/2194 1827/3501/2173
f 2322/3499/2171 2131/3524/2195 2130/3497/2169
f 2212/3447/2120 2211/3525/2196 2329/3445/2118
f 2329/3445/2118 2211/3525/2196 2328/3443/2116
f 2328/3443/2116 2211/3525/2196 2327/3441/2114
f 2327/3441/2114 2211/3525/2196 2210/3526/2197
f 2327/3441/2114 2210/3526/2197 2326/3437/2110
f 2326/3437/2110 2210/3526/2197 2209/3439/2112
f 1922/3527/383 1921/3528/2198 2286/3529/383
f 2286/3529/383 1921/3528/2198 2287/3530/383
f 2287/3530/383 1921/3528/2198 2146/3531/383
f 2146/3531/383 1921/3528/2198 2147/3532/2199
f 2147/3532/2199 1921/3528/2198 2354/3533/2200
f 2147/3532/2199 2354/3533/2200 2352/3534/2201
f 2352/3534/2201 2354/3533/2200 1920/3535/2202
f 2352/3534/2201 1920/3535/2202 1919/3536/2203
f 1921/3528/2198 1920/3535/2202 2354/3533/2200
f 2352/3534/2201 1919/3536/2203 2355/3537/2204
f 2355/3537/2204 1919/3536/2203 1918/3538/2205
f 2355/3537/2204 1918/3538/2205 2148/3539/2206
f 2148/3539/2206 1918/3538/2205 2353/3540/2207
f 2148/3539/2206 2353/3540/2207 2149/3541/2208
f 2149/3541/2208 2353/3540/2207 1917/3542/2209
f 2149/3541/2208 1917/3542/2209 1916/3543/2210
f 1918/3538/2205 1917/3542/2209 2353/3540/2207
f 2149/3541/2208 1916/3543/2210 2150/3544/2211
f 2150/3544/2211 1916/3543/2210 1915/3545/2212
f 2150/3544/2211 1915/3545/2212 2151/3546/2213
f 2151/3546/2213 1915/3545/2212 1914/3547/2214
f 2151/3546/2213 1914/3547/2214 2152/3548/2215
f 2152/3548/2215 1914/3547/2214 1913/3549/2216
f 2152/3548/2215 1913/3549/2216 2153/3550/2217
f 2153/3550/2217 1913/3549/2216 1912/3551/2218
f 2153/3550/2217 1912/3551/2218 2154/3552/2219
f 2154/3552/2219 1912/3551/2218 1911/3553/2220
f 2154/3552/2219 1911/3553/2220 1910/3554/2221
f 1909/3555/2089 2291/3556/2087 1910/3554/2221
f 1910/3554/2221 2291/3556/2087 2155/3557/2222
f 1910/3554/2221 2155/3557/2222 2154/3552/2219
f 2291/3556/2087 2290/3558/2086 2155/3557/2222
f 2155/3557/2222 2290/3558/2086 2156/3559/2088
f 2355/3537/2204 2148/3539/2206 2352/3534/2201
f 2352/3534/2201 2148/3539/2206 2147/3532/2199
f 2288/3560/383 2141/3561/383 1928/3562/2223
f 1928/3562/2223 2141/3561/383 2140/3563/2224
f 1928/3562/2223 2140/3563/2224 2356/3564/2225
f 2356/3564/2225 2140/3563/2224 2139/3565/2226
f 2356/3564/2225 2139/3565/2226 1929/3566/2227
f 1929/3566/2227 2139/3565/2226 1930/3567/2228
f 1930/3567/2228 2139/3565/2226 2357/3568/2229
f 1930/3567/2228 2357/3568/2229 1931/3569/2230
f 1931/3569/2230 2357/3568/2229 2139/3565/2226
f 1931/3569/2230 2139/3565/2226 2138/3570/2231
f 1931/3569/2230 2138/3570/2231 1932/3571/2232
f 1932/3571/2232 2138/3570/2231 2137/3572/2233
f 1932/3571/2232 2137/3572/2233 1933/3573/2234
f 1933/3573/2234 2137/3572/2233 2136/3574/2235
f 1933/3573/2234 2136/3574/2235 1934/3575/2236
f 1934/3575/2236 2136/3574/2235 2135/3576/2237
f 1934/3575/2236 2135/3576/2237 1935/3577/2238
f 1935/3577/2238 2135/3576/2237 2134/3578/2239
f 1935/3577/2238 2134/3578/2239 1936/3579/2240
f 1936/3579/2240 2134/3578/2239 1937/3580/2241
f 1937/3580/2241 2134/3578/2239 2133/3581/2242
f 1937/3580/2241 2133/3581/2242 1938/3582/2243
f 1938/3582/2243 2133/3581/2242 2132/3583/2244
f 1938/3582/2243 2132/3583/2244 1939/3584/2245
f 1939/3584/2245 2132/3583/2244 2131/3585/2195
f 1939/3584/2245 2131/3585/2195 1826/3586/2174
f 1826/3586/2174 2131/3585/2195 2321/3587/2172
f 2321/3587/2172 2131/3585/2195 2322/3588/2171
f 1929/3566/2227 1928/3562/2223 2356/3564/2225
f 1927/3589/383 2289/3590/383 1928/3562/2223
f 1928/3562/2223 2289/3590/383 2288/3560/383
f 2208/3591/2113 2207/3592/2246 2323/3593/2111
f 2323/3593/2111 2207/3592/2246 2324/3594/2109
f 2324/3594/2109 2207/3592/2246 1853/3595/2247
f 2324/3594/2109 1853/3595/2247 1852/3596/2107
f 2207/3592/2246 2206/3597/2248 1853/3595/2247
f 1853/3595/2247 2206/3597/2248 1854/3598/2249
f 1854/3598/2249 2206/3597/2248 1855/3599/2250
f 1855/3599/2250 2206/3597/2248 2205/3600/2251
f 1855/3599/2250 2205/3600/2251 1856/3601/2252
f 1856/3601/2252 2205/3600/2251 2204/3602/2253
f 1856/3601/2252 2204/3602/2253 1857/3603/2254
f 1857/3603/2254 2204/3602/2253 2203/3604/2255
f 1857/3603/2254 2203/3604/2255 1858/3605/2256
f 1858/3605/2256 2203/3604/2255 2202/3606/2257
f 1858/3605/2256 2202/3606/2257 1859/3607/2258
f 1859/3607/2258 2202/3606/2257 2201/3608/2259
f 1859/3607/2258 2201/3608/2259 1860/3609/2260
f 1860/3609/2260 2201/3608/2259 2359/3610/2261
f 1860/3609/2260 2359/3610/2261 1861/3611/2262
f 1861/3611/2262 2359/3610/2261 2200/3612/2263
f 1861/3611/2262 2200/3612/2263 2360/3613/2264
f 2360/3613/2264 2200/3612/2263 2358/3614/2265
f 2360/3613/2264 2358/3614/2265 1862/3615/2266
f 1862/3615/2266 2358/3614/2265 1863/3616/2267
f 1863/3616/2267 2358/3614/2265 2361/3617/2268
f 1863/3616/2267 2361/3617/2268 1864/3618/2269
f 1864/3618/2269 2361/3617/2268 2199/3619/2270
f 1864/3618/2269 2199/3619/2270 2198/3620/383
f 2201/3608/2259 2200/3612/2263 2359/3610/2261
f 2200/3612/2263 2199/3619/2270 2358/3614/2265
f 2358/3614/2265 2199/3619/2270 2361/3617/2268
f 2198/3620/383 2283/3621/383 1864/3618/2269
f 1864/3618/2269 2283/3621/383 2282/3622/383
f 1864/3618/2269 2282/3622/383 1865/3623/383
f 1862/3615/2266 1861/3611/2262 2360/3613/2264
f 2292/3624/2106 1883/3625/2105 2183/3626/2026
f 2183/3626/2026 1883/3625/2105 1882/3627/2271
f 2183/3626/2026 1882/3627/2271 2184/3628/2272
f 2184/3628/2272 1882/3627/2271 1881/3629/2273
f 2184/3628/2272 1881/3629/2273 2185/3630/2274
f 2185/3630/2274 1881/3629/2273 1880/3631/2275
f 2185/3630/2274 1880/3631/2275 2186/3632/2276
f 2186/3632/2276 1880/3631/2275 1879/3633/2277
f 2186/3632/2276 1879/3633/2277 1878/3634/2278
f 2186/3632/2276 1878/3634/2278 2187/3635/2279
f 2187/3635/2279 1878/3634/2278 1877/3636/2280
f 2187/3635/2279 1877/3636/2280 2188/3637/2281
f 2188/3637/2281 1877/3636/2280 1876/3638/2282
f 2188/3637/2281 1876/3638/2282 2189/3639/2283
f 2189/3639/2283 1876/3638/2282 1875/3640/2284
f 2189/3639/2283 1875/3640/2284 2190/3641/2285
f 2190/3641/2285 1875/3640/2284 1874/3642/2286
f 2190/3641/2285 1874/3642/2286 2191/3643/2287
f 2191/3643/2287 1874/3642/2286 2362/3644/2288
f 2191/3643/2287 2362/3644/2288 1873/3645/2289
f 1873/3645/2289 2362/3644/2288 1874/3642/2286
f 1873/3645/2289 1872/3646/2290 2191/3643/2287
f 2191/3643/2287 1872/3646/2290 2363/3647/2291
f 2191/3643/2287 2363/3647/2291 2192/3648/2292
f 2192/3648/2292 2363/3647/2291 1871/3649/2293
f 2192/3648/2292 1871/3649/2293 2193/3650/383
f 2193/3650/383 1871/3649/2293 2284/3651/383
f 2284/3651/383 1871/3649/2293 2285/3652/383
f 2285/3652/383 1871/3649/2293 1870/3653/383
f 1872/3646/2290 1871/3649/2293 2363/3647/2291
f 2183/3626/2026 2293/3654/2025 2292/3624/2106
f 1940/3655/2294 1610/3656/1409 2364/3657/2295
f 2364/3657/2295 1610/3656/1409 1609/3658/1409
f 2364/3657/2295 1609/3658/1409 2098/3659/2296
f 2098/3659/2296 2097/3660/2297 2364/3657/2295
f 2364/3657/2295 2097/3660/2297 2365/3661/2298
f 2364/3657/2295 2365/3661/2298 1940/3655/2294
f 1940/3655/2294 2365/3661/2298 1941/3662/2299
f 1941/3662/2299 2365/3661/2298 1942/3663/2300
f 1942/3663/2300 2365/3661/2298 2366/3664/2301
f 1942/3663/2300 2366/3664/2301 1943/3665/2302
f 1943/3665/2302 2366/3664/2301 2368/3666/2303
f 1943/3665/2302 2368/3666/2303 2367/3667/2304
f 2367/3667/2304 2368/3666/2303 2094/3668/2305
f 2367/3667/2304 2094/3668/2305 2093/3669/2306
f 2097/3660/2297 2096/3670/2307 2365/3661/2298
f 2365/3661/2298 2096/3670/2307 2366/3664/2301
f 2096/3670/2307 2095/3671/2308 2366/3664/2301
f 2366/3664/2301 2095/3671/2308 2368/3666/2303
f 2095/3671/2308 2094/3668/2305 2368/3666/2303
f 2367/3667/2304 2093/3669/2306 2369/3672/2309
f 2369/3672/2309 2093/3669/2306 2092/3673/2310
f 2369/3672/2309 2092/3673/2310 2370/3674/2311
f 2370/3674/2311 2092/3673/2310 2091/3675/2312
f 2370/3674/2311 2091/3675/2312 2371/3676/2312
f 2371/3676/2312 2091/3675/2312 2372/3677/2313
f 2371/3676/2312 2372/3677/2313 1947/3678/2312
f 1947/3678/2312 2372/3677/2313 1948/3679/2314
f 1948/3679/2314 2372/3677/2313 2373/3680/2315
f 1948/3679/2314 2373/3680/2315 1949/3681/2316
f 1949/3681/2316 2373/3680/2315 2375/3682/2317
f 1949/3681/2316 2375/3682/2317 1950/3683/2318
f 1950/3683/2318 2375/3682/2317 2374/3684/2319
f 1950/3683/2318 2374/3684/2319 1951/3685/2320
f 1951/3685/2320 2374/3684/2319 2376/3686/2321
f 1951/3685/2320 2376/3686/2321 1952/3687/2322
f 1952/3687/2322 2376/3686/2321 2377/3688/2323
f 1952/3687/2322 2377/3688/2323 1953/3689/2324
f 1953/3689/2324 2377/3688/2323 2378/3690/2325
f 1953/3689/2324 2378/3690/2325 1954/3691/2326
f 1954/3691/2326 2378/3690/2325 2379/3692/2327
f 1954/3691/2326 2379/3692/2327 1626/3693/1418
f 1626/3693/1418 2379/3692/2327 2084/3694/2328
f 1626/3693/1418 2084/3694/2328 1593/3695/1418
f 2091/3675/2312 2090/3696/2329 2372/3677/2313
f 2372/3677/2313 2090/3696/2329 2373/3680/2315
f 2090/3696/2329 2089/3697/2330 2373/3680/2315
f 2373/3680/2315 2089/3697/2330 2375/3682/2317
f 2375/3682/2317 2089/3697/2330 2374/3684/2319
f 2374/3684/2319 2089/3697/2330 2088/3698/2331
f 2374/3684/2319 2088/3698/2331 2376/3686/2321
f 2376/3686/2321 2088/3698/2331 2087/3699/2332
f 2376/3686/2321 2087/3699/2332 2377/3688/2323
f 2377/3688/2323 2087/3699/2332 2086/3700/2333
f 2377/3688/2323 2086/3700/2333 2378/3690/2325
f 2378/3690/2325 2086/3700/2333 2085/3701/2334
f 2378/3690/2325 2085/3701/2334 2379/3692/2327
f 2379/3692/2327 2085/3701/2334 2084/3694/2328
f 1947/3678/2312 1946/3702/2335 2371/3676/2312
f 2371/3676/2312 1946/3702/2335 2370/3674/2311
f 1946/3702/2335 1945/3703/2336 2370/3674/2311
f 2370/3674/2311 1945/3703/2336 2369/3672/2309
f 1945/3703/2336 1944/3704/2337 2369/3672/2309
f 2369/3672/2309 1944/3704/2337 2367/3667/2304
f 1944/3704/2337 1943/3665/2302 2367/3667/2304
f 1955/3655/2338 1560/3656/1409 2380/3657/2339
f 2380/3657/2339 1560/3656/1409 1559/3658/1409
f 2380/3657/2339 1559/3658/1409 2113/3659/2340
f 2113/3659/2340 2112/3660/2341 2380/3657/2339
f 2380/3657/2339 2112/3660/2341 2381/3661/2342
f 2380/3657/2339 2381/3661/2342 1955/3655/2338
f 1955/3655/2338 2381/3661/2342 1956/3662/2343
f 1956/3662/2343 2381/3661/2342 1957/3663/2344
f 1957/3663/2344 2381/3661/2342 2382/3664/2345
f 1957/3663/2344 2382/3664/2345 1958/3665/2346
f 1958/3665/2346 2382/3664/2345 2384/3666/2347
f 1958/3665/2346 2384/3666/2347 2383/3667/2348
f 2383/3667/2348 2384/3666/2347 2109/3668/2349
f 2383/3667/2348 2109/3668/2349 2108/3669/2350
f 2112/3660/2341 2111/3670/2351 2381/3661/2342
f 2381/3661/2342 2111/3670/2351 2382/3664/2345
f 2111/3670/2351 2110/3671/2352 2382/3664/2345
f 2382/3664/2345 2110/3671/2352 2384/3666/2347
f 2110/3671/2352 2109/3668/2349 2384/3666/2347
f 2383/3667/2348 2108/3669/2350 2385/3672/2353
f 2385/3672/2353 2108/3669/2350 2107/3673/2354
f 2385/3672/2353 2107/3673/2354 2386/3674/2355
f 2386/3674/2355 2107/3673/2354 2106/3675/2356
f 2386/3674/2355 2106/3675/2356 2387/3676/2356
f 2387/3676/2356 2106/3675/2356 2388/3677/2357
f 2387/3676/2356 2388/3677/2357 1962/3678/2356
f 1962/3678/2356 2388/3677/2357 1963/3679/2358
f 1963/3679/2358 2388/3677/2357 2389/3680/2359
f 1963/3679/2358 2389/3680/2359 1964/3681/2360
f 1964/3681/2360 2389/3680/2359 2391/3682/2361
f 1964/3681/2360 2391/3682/2361 1965/3683/2362
f 1965/3683/2362 2391/3682/2361 2390/3684/2363
f 1965/3683/2362 2390/3684/2363 1966/3685/2364
f 1966/3685/2364 2390/3684/2363 2392/3686/2365
f 1966/3685/2364 2392/3686/2365 1967/3687/2366
f 1967/3687/2366 2392/3686/2365 2393/3688/2367
f 1967/3687/2366 2393/3688/2367 1968/3689/2368
f 1968/3689/2368 2393/3688/2367 2394/3690/2369
f 1968/3689/2368 2394/3690/2369 1969/3691/2370
f 1969/3691/2370 2394/3690/2369 2395/3692/2371
f 1969/3691/2370 2395/3692/2371 1576/3693/1370
f 1576/3693/1370 2395/3692/2371 2099/3694/2372
f 1576/3693/1370 2099/3694/2372 1543/3695/1371
f 2106/3675/2356 2105/3696/2373 2388/3677/2357
f 2388/3677/2357 2105/3696/2373 2389/3680/2359
f 2105/3696/2373 2104/3697/2374 2389/3680/2359
f 2389/3680/2359 2104/3697/2374 2391/3682/2361
f 2391/3682/2361 2104/3697/2374 2390/3684/2363
f 2390/3684/2363 2104/3697/2374 2103/3698/2375
f 2390/3684/2363 2103/3698/2375 2392/3686/2365
f 2392/3686/2365 2103/3698/2375 2102/3699/2376
f 2392/3686/2365 2102/3699/2376 2393/3688/2367
f 2393/3688/2367 2102/3699/2376 2101/3700/2377
f 2393/3688/2367 2101/3700/2377 2394/3690/2369
f 2394/3690/2369 2101/3700/2377 2100/3701/2378
f 2394/3690/2369 2100/3701/2378 2395/3692/2371
f 2395/3692/2371 2100/3701/2378 2099/3694/2372
f 1962/3678/2356 1961/3702/2379 2387/3676/2356
f 2387/3676/2356 1961/3702/2379 2386/3674/2355
f 1961/3702/2379 1960/3703/2380 2386/3674/2355
f 2386/3674/2355 1960/3703/2380 2385/3672/2353
f 1960/3703/2380 1959/3704/2381 2385/3672/2353
f 2385/3672/2353 1959/3704/2381 2383/3667/2348
f 1959/3704/2381 1958/3665/2346 2383/3667/2348
f 2397/3705/2382 2435/3706/2383 2396/3707/2384
f 2396/3707/2384 2435/3706/2383 2413/599/2384
f 2396/3707/2384 2413/599/2384 2414/3708/2385
f 2435/3706/2383 2397/3705/2382 2434/3709/2386
f 2434/3709/2386 2397/3705/2382 2398/3710/2387
f 2434/3709/2386 2398/3710/2387 2433/3711/2388
f 2433/3711/2388 2398/3710/2387 2399/3712/2389
f 2433/3711/2388 2399/3712/2389 2432/3713/2390
f 2432/3713/2390 2399/3712/2389 2431/3714/2391
f 2431/3714/2391 2399/3712/2389 2400/3715/2392
f 2431/3714/2391 2400/3715/2392 2430/3716/2393
f 2430/3716/2393 2400/3715/2392 2401/3717/2394
f 2430/3716/2393 2401/3717/2394 2429/3718/2395
f 2429/3718/2395 2401/3717/2394 2402/3719/2396
f 2429/3718/2395 2402/3719/2396 2428/3720/2397
f 2428/3720/2397 2402/3719/2396 2427/3721/2398
f 2427/3721/2398 2402/3719/2396 2403/3722/2399
f 2427/3721/2398 2403/3722/2399 2426/3723/2400
f 2426/3723/2400 2403/3722/2399 2404/3724/2401
f 2426/3723/2400 2404/3724/2401 2425/3725/2402
f 2425/3726/2402 2404/3727/2401 2405/3728/2403
f 2425/3726/2402 2405/3728/2403 2424/3729/2404
f 2424/3729/2404 2405/3728/2403 2423/3730/2405
f 2423/3730/2405 2405/3728/2403 2406/3731/2406
f 2423/3730/2405 2406/3731/2406 2422/3732/2407
f 2422/3732/2407 2406/3731/2406 2407/3733/2408
f 2422/3732/2407 2407/3733/2408 2421/3734/2409
f 2421/3734/2409 2407/3733/2408 2420/3735/2410
f 2420/3735/2410 2407/3733/2408 2408/3736/2411
f 2420/3735/2410 2408/3736/2411 2419/3737/2412
f 2419/3737/2412 2408/3736/2411 2409/3738/2413
f 2419/3737/2412 2409/3738/2413 2418/3739/2414
f 2418/3739/2414 2409/3738/2413 2410/3740/2415
f 2418/3739/2414 2410/3740/2415 2417/3741/2416
f 2417/3741/2416 2410/3740/2415 2416/3742/2417
f 2416/3742/2417 2410/3740/2415 2411/3743/2418
f 2416/3742/2417 2411/3743/2418 2415/3744/2419
f 2415/3744/2419 2411/3743/2418 2412/3745/2420
f 2415/3744/2419 2412/3745/2420 2414/3708/2385
f 2414/3708/2385 2412/3745/2420 2396/3707/2384
f 2437/3705/2421 2475/3706/2383 2436/3707/2384
f 2436/3707/2384 2475/3706/2383 2453/599/2384
f 2436/3707/2384 2453/599/2384 2454/3708/2385
f 2475/3706/2383 2437/3705/2421 2474/3709/2386
f 2474/3709/2386 2437/3705/2421 2438/3710/2422
f 2474/3709/2386 2438/3710/2422 2473/3711/2388
f 2473/3711/2388 2438/3710/2422 2439/3712/2389
f 2473/3711/2388 2439/3712/2389 2472/3713/2423
f 2472/3713/2423 2439/3712/2389 2471/3714/2391
f 2471/3714/2391 2439/3712/2389 2440/3715/2392
f 2471/3714/2391 2440/3715/2392 2470/3716/2393
f 2470/3716/2393 2440/3715/2392 2441/3717/2394
f 2470/3716/2393 2441/3717/2394 2469/3718/2395
f 2469/3718/2395 2441/3717/2394 2442/3719/2396
f 2469/3718/2395 2442/3719/2396 2468/3720/2424
f 2468/3720/2424 2442/3719/2396 2467/3721/2398
f 2467/3721/2398 2442/3719/2396 2443/3722/2399
f 2467/3721/2398 2443/3722/2399 2466/3723/2400
f 2466/3723/2400 2443/3722/2399 2444/3724/2401
f 2466/3723/2400 2444/3724/2401 2465/3725/2402
f 2465/3726/2402 2444/3727/2401 2445/3728/2403
f 2465/3726/2402 2445/3728/2403 2464/3729/2425
f 2464/3729/2425 2445/3728/2403 2463/3730/2405
f 2463/3730/2405 2445/3728/2403 2446/3731/2406
f 2463/3730/2405 2446/3731/2406 2462/3732/2426
f 2462/3732/2426 2446/3731/2406 2447/3733/2408
f 2462/3732/2426 2447/3733/2408 2461/3734/2427
f 2461/3734/2427 2447/3733/2408 2460/3735/2410
f 2460/3735/2410 2447/3733/2408 2448/3736/2411
f 2460/3735/2410 2448/3736/2411 2459/3737/2412
f 2459/3737/2412 2448/3736/2411 2449/3738/2413
f 2459/3737/2412 2449/3738/2413 2458/3739/2414
f 2458/3739/2414 2449/3738/2413 2450/3740/2415
f 2458/3739/2414 2450/3740/2415 2457/3741/2428
f 2457/3741/2428 2450/3740/2415 2456/3742/2417
f 2456/3742/2417 2450/3740/2415 2451/3743/2418
f 2456/3742/2417 2451/3743/2418 2455/3744/2419
f 2455/3744/2419 2451/3743/2418 2452/3745/2420
f 2455/3744/2419 2452/3745/2420 2454/3708/2385
f 2454/3708/2385 2452/3745/2420 2436/3707/2384
f 2477/3746/2429 2533/3747/2430 2476/599/94
f 2476/599/94 2533/3747/2430 2502/3748/94
f 2476/599/94 2502/3748/94 2503/3749/2431
f 2533/3747/2430 2477/3746/2429 2532/3750/2432
f 2532/3750/2432 2477/3746/2429 2478/3751/2433
f 2532/3750/2432 2478/3751/2433 2531/3752/2434
f 2531/3752/2434 2478/3751/2433 2479/3753/2435
f 2531/3752/2434 2479/3753/2435 2530/3754/2436
f 2530/3754/2436 2479/3753/2435 2480/3755/2437
f 2530/3754/2436 2480/3755/2437 2529/3756/2438
f 2529/3756/2438 2480/3755/2437 2528/3757/2439
f 2528/3757/2439 2480/3755/2437 2481/3758/2440
f 2528/3757/2439 2481/3758/2440 2527/3759/2441
f 2527/3759/2441 2481/3758/2440 2482/3760/2442
f 2527/3759/2441 2482/3760/2442 2526/3761/2443
f 2526/3761/2443 2482/3760/2442 2483/3762/2444
f 2526/3761/2443 2483/3762/2444 2525/3763/2445
f 2525/3763/2445 2483/3762/2444 2484/3764/2446
f 2525/3763/2445 2484/3764/2446 2524/3765/2447
f 2524/3765/2447 2484/3764/2446 2485/3766/2448
f 2524/3765/2447 2485/3766/2448 2523/3767/2449
f 2523/3767/2449 2485/3766/2448 2522/3768/2450
f 2522/3768/2450 2485/3766/2448 2486/3769/2451
f 2522/3768/2450 2486/3769/2451 2521/3770/2452
f 2521/3770/2452 2486/3769/2451 2487/3771/2453
f 2521/3770/2452 2487/3771/2453 2520/3772/2454
f 2520/3772/2454 2487/3771/2453 2488/3773/2455
f 2520/3772/2454 2488/3773/2455 2519/3774/2456
f 2519/3774/2456 2488/3773/2455 2489/3775/383
f 2519/3774/2456 2489/3775/383 2518/3776/2457
f 2518/3777/2457 2489/3778/383 2490/3779/2458
f 2518/3777/2457 2490/3779/2458 2517/3780/2459
f 2517/3780/2459 2490/3779/2458 2516/3781/2460
f 2516/3781/2460 2490/3779/2458 2491/3782/2461
f 2516/3781/2460 2491/3782/2461 2515/3783/2462
f 2515/3783/2462 2491/3782/2461 2492/3784/2463
f 2515/3783/2462 2492/3784/2463 2514/3785/2464
f 2514/3785/2464 2492/3784/2463 2493/3786/2465
f 2514/3785/2464 2493/3786/2465 2513/3787/2466
f 2513/3787/2466 2493/3786/2465 2494/3788/2467
f 2513/3787/2466 2494/3788/2467 2512/3789/2468
f 2512/3789/2468 2494/3788/2467 2511/3790/2469
f 2511/3790/2469 2494/3788/2467 2495/3791/2470
f 2511/3790/2469 2495/3791/2470 2510/3792/2471
f 2510/3792/2471 2495/3791/2470 2496/3793/2472
f 2510/3792/2471 2496/3793/2472 2509/3794/2473
f 2509/3794/2473 2496/3793/2472 2497/3795/2474
f 2509/3794/2473 2497/3795/2474 2508/3796/2475
f 2508/3796/2475 2497/3795/2474 2498/3797/2476
f 2508/3796/2475 2498/3797/2476 2507/3798/2477
f 2507/3798/2477 2498/3797/2476 2499/3799/2478
f 2507/3798/2477 2499/3799/2478 2506/3800/2479
f 2506/3800/2479 2499/3799/2478 2505/3801/2480
f 2505/3801/2480 2499/3799/2478 2500/3802/2481
f 2505/3801/2480 2500/3802/2481 2504/3803/2482
f 2504/3803/2482 2500/3802/2481 2501/3804/2483
f 2504/3803/2482 2501/3804/2483 2503/3749/2431
f 2503/3749/2431 2501/3804/2483 2476/599/94
f 2535/3746/2429 2591/3805/2484 2534/599/94
f 2534/599/94 2591/3805/2484 2560/3748/94
f 2534/599/94 2560/3748/94 2561/3806/2485
f 2591/3805/2484 2535/3746/2429 2590/3807/2486
f 2590/3807/2486 2535/3746/2429 2536/3751/2433
f 2590/3807/2486 2536/3751/2433 2589/3808/2487
f 2589/3808/2487 2536/3751/2433 2537/3753/2435
f 2589/3808/2487 2537/3753/2435 2588/3809/2488
f 2588/3809/2488 2537/3753/2435 2538/3755/2437
f 2588/3809/2488 2538/3755/2437 2587/3810/2489
f 2587/3810/2489 2538/3755/2437 2586/3811/2490
f 2586/3811/2490 2538/3755/2437 2539/3758/2440
f 2586/3811/2490 2539/3758/2440 2585/3812/2491
f 2585/3812/2491 2539/3758/2440 2540/3760/2442
f 2585/3812/2491 2540/3760/2442 2584/3813/2492
f 2584/3813/2492 2540/3760/2442 2541/3762/2444
f 2584/3813/2492 2541/3762/2444 2583/3814/2493
f 2583/3814/2493 2541/3762/2444 2542/3764/2446
f 2583/3814/2493 2542/3764/2446 2582/3815/2494
f 2582/3815/2494 2542/3764/2446 2543/3766/2448
f 2582/3815/2494 2543/3766/2448 2581/3816/2495
f 2581/3816/2495 2543/3766/2448 2580/3817/2496
f 2580/3817/2496 2543/3766/2448 2544/3769/2451
f 2580/3817/2496 2544/3769/2451 2579/3818/2497
f 2579/3818/2497 2544/3769/2451 2545/3771/2453
f 2579/3818/2497 2545/3771/2453 2578/3819/2498
f 2578/3819/2498 2545/3771/2453 2546/3773/2455
f 2578/3819/2498 2546/3773/2455 2577/3820/2499
f 2577/3820/2499 2546/3773/2455 2547/3775/383
f 2577/3820/2499 2547/3775/383 2576/3821/2500
f 2576/3821/2500 2547/3775/383 2575/3822/2501
f 2575/3823/2501 2547/3778/383 2548/3779/2458
f 2575/3823/2501 2548/3779/2458 2574/3824/2502
f 2574/3824/2502 2548/3779/2458 2549/3782/2461
f 2574/3824/2502 2549/3782/2461 2573/3825/2503
f 2573/3825/2503 2549/3782/2461 2550/3784/2463
f 2573/3825/2503 2550/3784/2463 2572/3826/2504
f 2572/3826/2504 2550/3784/2463 2551/3786/2465
f 2572/3826/2504 2551/3786/2465 2571/3827/2505
f 2571/3827/2505 2551/3786/2465 2570/3828/2506
f 2570/3828/2506 2551/3786/2465 2552/3788/2467
f 2570/3828/2506 2552/3788/2467 2569/3829/2507
f 2569/3829/2507 2552/3788/2467 2553/3791/2470
f 2569/3829/2507 2553/3791/2470 2568/3830/2508
f 2568/3830/2508 2553/3791/2470 2554/3793/2472
f 2568/3830/2508 2554/3793/2472 2567/3831/2509
f 2567/3831/2509 2554/3793/2472 2555/3795/2474
f 2567/3831/2509 2555/3795/2474 2566/3832/2510
f 2566/3832/2510 2555/3795/2474 2556/3797/2476
f 2566/3832/2510 2556/3797/2476 2565/3833/2511
f 2565/3833/2511 2556/3797/2476 2564/3834/2512
f 2564/3834/2512 2556/3797/2476 2557/3799/2478
f 2564/3834/2512 2557/3799/2478 2563/3835/2513
f 2563/3835/2513 2557/3799/2478 2558/3802/2481
f 2563/3835/2513 2558/3802/2481 2562/3836/2514
f 2562/3836/2514 2558/3802/2481 2559/3804/2483
f 2562/3836/2514 2559/3804/2483 2561/3806/2485
f 2561/3806/2485 2559/3804/2483 2534/599/94
f 2592/3837/2515 2593/3838/2516 2675/3839/2515
f 2675/3839/2515 2593/3838/2516 2674/3840/2516
f 2674/3840/2516 2593/3838/2516 2594/3841/2517
f 2674/3840/2516 2594/3841/2517 2673/3842/2517
f 2673/3842/2517 2594/3841/2517 2595/3843/2518
f 2673/3842/2517 2595/3843/2518 2672/3844/2519
f 2672/3844/2519 2595/3843/2518 2596/3845/2520
f 2672/3844/2519 2596/3845/2520 2671/3846/2520
f 2671/3846/2520 2596/3845/2520 2597/3847/2521
f 2671/3846/2520 2597/3847/2521 2670/3848/2521
f 2670/3848/2521 2597/3847/2521 2598/3849/2522
f 2670/3848/2521 2598/3849/2522 2669/3850/2522
f 2669/3850/2522 2598/3849/2522 2599/3851/2523
f 2669/3850/2522 2599/3851/2523 2668/3852/2523
f 2668/3852/2523 2599/3851/2523 2600/3853/2524
f 2668/3852/2523 2600/3853/2524 2667/3854/2524
f 2667/3854/2524 2600/3853/2524 2601/3855/2525
f 2667/3854/2524 2601/3855/2525 2666/3856/2525
f 2666/3856/2525 2601/3855/2525 2602/3857/2526
f 2666/3856/2525 2602/3857/2526 2665/3858/2526
f 2665/3858/2526 2602/3857/2526 2603/3859/2527
f 2665/3858/2526 2603/3859/2527 2664/3860/2527
f 2664/3860/2527 2603/3859/2527 2604/3861/2528
f 2664/3860/2527 2604/3861/2528 2663/3862/2528
f 2663/3862/2528 2604/3861/2528 2605/3863/2529
f 2663/3862/2528 2605/3863/2529 2662/3864/2529
f 2662/3864/2529 2605/3863/2529 2606/3865/2530
f 2662/3864/2529 2606/3865/2530 2661/3866/2530
f 2661/3866/2530 2606/3865/2530 2607/3867/2531
f 2661/3866/2530 2607/3867/2531 2660/3868/2531
f 2660/3868/2531 2607/3867/2531 2608/3869/2532
f 2660/3868/2531 2608/3869/2532 2659/3870/2532
f 2659/3870/2532 2608/3869/2532 2609/3871/2533
f 2659/3870/2532 2609/3871/2533 2658/3872/2533
f 2658/3872/2533 2609/3871/2533 2610/3873/2534
f 2658/3872/2533 2610/3873/2534 2657/3874/2534
f 2657/3874/2534 2610/3873/2534 2611/3875/2535
f 2657/3874/2534 2611/3875/2535 2656/3876/2535
f 2656/3876/2535 2611/3875/2535 2612/3877/2536
f 2656/3876/2535 2612/3877/2536 2655/3878/2536
f 2655/3878/2536 2612/3877/2536 2654/3879/2537
f 2654/3879/2537 2612/3877/2536 2613/3880/2537
f 2654/3879/2537 2613/3880/2537 2614/3881/2538
f 2654/3879/2537 2614/3881/2538 2653/3882/2538
f 2653/3882/2538 2614/3881/2538 2615/3883/2539
f 2653/3882/2538 2615/3883/2539 2652/3884/2539
f 2652/3884/2539 2615/3883/2539 2616/3885/2540
f 2652/3884/2539 2616/3885/2540 2651/3886/2540
f 2651/3886/2540 2616/3885/2540 2617/3887/2541
f 2651/3886/2540 2617/3887/2541 2650/3888/2541
f 2650/3888/2541 2617/3887/2541 2618/3889/2542
f 2650/3888/2541 2618/3889/2542 2649/3890/2542
f 2649/3890/2542 2618/3889/2542 2619/3891/2543
f 2649/3890/2542 2619/3891/2543 2648/3892/2543
f 2648/3892/2543 2619/3891/2543 2620/3893/2544
f 2648/3892/2543 2620/3893/2544 2647/3894/2544
f 2647/3894/2544 2620/3893/2544 2621/3895/2545
f 2647/3894/2544 2621/3895/2545 2646/3896/2545
f 2646/3896/2545 2621/3895/2545 2622/3897/2546
f 2646/3896/2545 2622/3897/2546 2645/3898/2546
f 2645/3898/2546 2622/3897/2546 2623/3899/2547
f 2645/3898/2546 2623/3899/2547 2644/3900/2547
f 2644/3900/2547 2623/3899/2547 2624/3901/2548
f 2644/3900/2547 2624/3901/2548 2643/3902/2548
f 2643/3902/2548 2624/3901/2548 2625/3903/2549
f 2643/3902/2548 2625/3903/2549 2642/3904/2549
f 2642/3904/2549 2625/3903/2549 2626/3905/2550
f 2642/3904/2549 2626/3905/2550 2641/3906/2550
f 2641/3906/2550 2626/3905/2550 2627/3907/2551
f 2641/3906/2550 2627/3907/2551 2640/3908/2551
f 2640/3908/2551 2627/3907/2551 2628/3909/2552
f 2640/3908/2551 2628/3909/2552 2639/3910/2552
f 2639/3910/2552 2628/3909/2552 2629/3911/2553
f 2639/3910/2552 2629/3911/2553 2638/3912/2553
f 2638/3912/2553 2629/3911/2553 2630/3913/2554
f 2638/3912/2553 2630/3913/2554 2637/3914/2555
f 2637/3914/2555 2630/3913/2554 2631/3915/2556
f 2637/3914/2555 2631/3915/2556 2636/3916/2556
f 2636/3916/2556 2631/3915/2556 2632/3917/2557
f 2636/3916/2556 2632/3917/2557 2635/3918/2557
f 2635/3918/2557 2632/3917/2557 2633/3919/2558
f 2635/3918/2557 2633/3919/2558 2634/3920/2558
f 2677/3921/2559 2725/3922/2560 2676/599/2561
f 2676/599/2561 2725/3922/2560 2700/3923/2562
f 2676/599/2561 2700/3923/2562 2701/3924/2563
f 2725/3922/2560 2677/3921/2559 2724/3925/2564
f 2724/3925/2564 2677/3921/2559 2678/3926/2565
f 2724/3925/2564 2678/3926/2565 2723/3927/2566
f 2723/3927/2566 2678/3926/2565 2679/3928/2567
f 2723/3927/2566 2679/3928/2567 2722/3929/2568
f 2722/3929/2568 2679/3928/2567 2680/3930/2569
f 2722/3929/2568 2680/3930/2569 2721/3931/2570
f 2721/3931/2570 2680/3930/2569 2681/3932/2571
f 2721/3931/2570 2681/3932/2571 2720/3933/2572
f 2720/3933/2572 2681/3932/2571 2682/3934/2573
f 2720/3933/2572 2682/3934/2573 2719/3935/2574
f 2719/3935/2574 2682/3934/2573 2683/3936/2575
f 2719/3935/2574 2683/3936/2575 2718/3937/2576
f 2718/3937/2576 2683/3936/2575 2684/3938/2577
f 2718/3937/2576 2684/3938/2577 2717/3939/2578
f 2717/3939/2578 2684/3938/2577 2685/3940/2579
f 2717/3939/2578 2685/3940/2579 2716/3941/2580
f 2716/3941/2580 2685/3940/2579 2686/3942/2581
f 2716/3941/2580 2686/3942/2581 2715/3943/2582
f 2715/3943/2582 2686/3942/2581 2687/3944/2583
f 2715/3943/2582 2687/3944/2583 2714/3945/2584
f 2714/3945/2584 2687/3944/2583 2688/3946/2585
f 2714/3945/2584 2688/3946/2585 2713/3947/2586
f 2713/3948/2586 2688/3949/2585 2712/3950/2587
f 2712/3950/2587 2688/3949/2585 2689/3951/2588
f 2712/3950/2587 2689/3951/2588 2711/3952/2589
f 2711/3952/2589 2689/3951/2588 2690/3953/2590
f 2711/3952/2589 2690/3953/2590 2710/3954/2591
f 2710/3954/2591 2690/3953/2590 2691/3955/2592
f 2710/3954/2591 2691/3955/2592 2709/3956/2593
f 2709/3956/2593 2691/3955/2592 2692/3957/2594
f 2709/3956/2593 2692/3957/2594 2708/3958/2595
f 2708/3958/2595 2692/3957/2594 2693/3959/2596
f 2708/3958/2595 2693/3959/2596 2707/3960/2597
f 2707/3960/2597 2693/3959/2596 2694/3961/2598
f 2707/3960/2597 2694/3961/2598 2706/3962/2599
f 2706/3962/2599 2694/3961/2598 2695/3963/2600
f 2706/3962/2599 2695/3963/2600 2705/3964/2601
f 2705/3964/2601 2695/3963/2600 2696/3965/2602
f 2705/3964/2601 2696/3965/2602 2704/3966/2603
f 2704/3966/2603 2696/3965/2602 2697/3967/2604
f 2704/3966/2603 2697/3967/2604 2703/3968/2605
f 2703/3968/2605 2697/3967/2604 2698/3969/2606
f 2703/3968/2605 2698/3969/2606 2702/3970/2607
f 2702/3970/2607 2698/3969/2606 2699/3971/2608
f 2702/3970/2607 2699/3971/2608 2701/3924/2563
f 2701/3924/2563 2699/3971/2608 2676/599/2561
f 2757/3972/2609 2726/3973/94 2768/3974/94
f 2768/3975/94 2726/3976/94 2727/3977/2610
f 2768/3975/94 2727/3977/2610 2767/3978/2611
f 2767/3978/2611 2727/3977/2610 2728/3979/1464
f 2767/3978/2611 2728/3979/1464 2766/3980/2612
f 2766/3980/2612 2728/3979/1464 2729/3981/2613
f 2766/3980/2612 2729/3981/2613 2730/3982/1465
f 2766/3980/2612 2730/3982/1465 2765/3983/2614
f 2765/3983/2614 2730/3982/1465 2731/3984/2615
f 2765/3983/2614 2731/3984/2615 2732/3985/1466
f 2765/3983/2614 2732/3985/1466 2764/3986/2616
f 2764/3986/2616 2732/3985/1466 2733/3987/2617
f 2764/3986/2616 2733/3987/2617 2763/3988/279
f 2763/3988/279 2733/3987/2617 2734/3989/279
f 2763/3988/279 2734/3989/279 2735/3990/2618
f 2763/3988/279 2735/3990/2618 2762/3991/2619
f 2762/3991/2619 2735/3990/2618 2736/3992/2620
f 2762/3991/2619 2736/3992/2620 2761/3993/2621
f 2761/3993/2621 2736/3992/2620 2737/3994/2622
f 2761/3993/2621 2737/3994/2622 2738/3995/507
f 2761/3993/2621 2738/3995/507 2760/3996/2623
f 2760/3996/2623 2738/3995/507 2739/3997/2624
f 2760/3996/2623 2739/3997/2624 2740/3998/2625
f 2760/3996/2623 2740/3998/2625 2759/3999/2626
f 2759/3999/2626 2740/3998/2625 2741/4000/2627
f 2759/3999/2626 2741/4000/2627 2758/4001/383
f 2758/4001/383 2741/4000/2627 2742/4002/383
f 2758/4001/383 2742/4002/383 2743/4003/2628
f 2758/4001/383 2743/4003/2628 2777/4004/2629
f 2777/4004/2629 2743/4003/2628 2744/4005/2630
f 2777/4004/2629 2744/4005/2630 2776/4006/2631
f 2776/4006/2631 2744/4005/2630 2745/4007/2632
f 2776/4006/2631 2745/4007/2632 2746/4008/453
f 2776/4006/2631 2746/4008/453 2775/4009/2633
f 2775/4009/2633 2746/4008/453 2747/4010/2634
f 2775/4009/2633 2747/4010/2634 2748/4011/2635
f 2775/4009/2633 2748/4011/2635 2774/4012/2636
f 2774/4012/2636 2748/4011/2635 2749/4013/2637
f 2774/4012/2636 2749/4013/2637 2773/4014/265
f 2773/4014/265 2749/4013/2637 2750/4015/265
f 2773/4014/265 2750/4015/265 2751/4016/2638
f 2773/4014/265 2751/4016/2638 2772/4017/2639
f 2772/4017/2639 2751/4016/2638 2752/4018/1471
f 2772/4017/2639 2752/4018/1471 2771/4019/2640
f 2771/4019/2640 2752/4018/1471 2753/4020/2641
f 2771/4019/2640 2753/4020/2641 2754/4021/1472
f 2771/4019/2640 2754/4021/1472 2770/4022/2642
f 2770/4022/2642 2754/4021/1472 2755/4023/2643
f 2770/4022/2642 2755/4023/2643 2756/4024/1463
f 2770/4022/2642 2756/4024/1463 2769/4025/2644
f 2769/4025/2644 2756/4024/1463 2757/3972/2609
f 2769/4025/2644 2757/3972/2609 2768/3974/94
f 2809/3972/2609 2778/3973/94 2820/3974/94
f 2820/3975/94 2778/3976/94 2779/3977/2645
f 2820/3975/94 2779/3977/2645 2819/3978/2611
f 2819/3978/2611 2779/3977/2645 2780/3979/1473
f 2819/3978/2611 2780/3979/1473 2818/3980/2612
f 2818/3980/2612 2780/3979/1473 2781/3981/2646
f 2818/3980/2612 2781/3981/2646 2782/3982/1465
f 2818/3980/2612 2782/3982/1465 2817/3983/2614
f 2817/3983/2614 2782/3982/1465 2783/3984/2647
f 2817/3983/2614 2783/3984/2647 2784/3985/1466
f 2817/3983/2614 2784/3985/1466 2816/3986/2616
f 2816/3986/2616 2784/3985/1466 2785/3987/2617
f 2816/3986/2616 2785/3987/2617 2815/3988/279
f 2815/3988/279 2785/3987/2617 2786/3989/279
f 2815/3988/279 2786/3989/279 2787/3990/2618
f 2815/3988/279 2787/3990/2618 2814/3991/2648
f 2814/3991/2648 2787/3990/2618 2788/3992/1467
f 2814/3991/2648 2788/3992/1467 2813/3993/2621
f 2813/3993/2621 2788/3992/1467 2789/3994/2649
f 2813/3993/2621 2789/3994/2649 2790/3995/507
f 2813/3993/2621 2790/3995/507 2812/3996/2623
f 2812/3996/2623 2790/3995/507 2791/3997/2624
f 2812/3996/2623 2791/3997/2624 2792/3998/2625
f 2812/3996/2623 2792/3998/2625 2811/3999/2626
f 2811/3999/2626 2792/3998/2625 2793/4000/2627
f 2811/3999/2626 2793/4000/2627 2810/4001/383
f 2810/4001/383 2793/4000/2627 2794/4002/383
f 2810/4001/383 2794/4002/383 2795/4003/2628
f 2810/4001/383 2795/4003/2628 2829/4004/2629
f 2829/4004/2629 2795/4003/2628 2796/4005/2630
f 2829/4004/2629 2796/4005/2630 2828/4006/2631
f 2828/4006/2631 2796/4005/2630 2797/4007/2632
f 2828/4006/2631 2797/4007/2632 2798/4008/453
f 2828/4006/2631 2798/4008/453 2827/4009/2633
f 2827/4009/2633 2798/4008/453 2799/4010/2650
f 2827/4009/2633 2799/4010/2650 2800/4011/1470
f 2827/4009/2633 2800/4011/1470 2826/4012/2651
f 2826/4012/2651 2800/4011/1470 2801/4013/2637
f 2826/4012/2651 2801/4013/2637 2825/4014/265
f 2825/4014/265 2801/4013/2637 2802/4015/265
f 2825/4014/265 2802/4015/265 2803/4016/2638
f 2825/4014/265 2803/4016/2638 2824/4017/2639
f 2824/4017/2639 2803/4016/2638 2804/4018/1471
f 2824/4017/2639 2804/4018/1471 2823/4019/2640
f 2823/4019/2640 2804/4018/1471 2805/4020/2652
f 2823/4019/2640 2805/4020/2652 2806/4021/1472
f 2823/4019/2640 2806/4021/1472 2822/4022/2642
f 2822/4022/2642 2806/4021/1472 2807/4023/2653
f 2822/4022/2642 2807/4023/2653 2808/4024/2654
f 2822/4022/2642 2808/4024/2654 2821/4025/2644
f 2821/4025/2644 2808/4024/2654 2809/3972/2609
f 2821/4025/2644 2809/3972/2609 2820/3974/94
f 2831/4026/2382 2869/4027/2383 2830/599/2384
f 2830/599/2384 2869/4027/2383 2847/4028/2384
f 2830/599/2384 2847/4028/2384 2848/4029/2655
f 2869/4027/2383 2831/4026/2382 2868/4030/2386
f 2868/4030/2386 2831/4026/2382 2832/4031/2422
f 2868/4030/2386 2832/4031/2422 2867/4032/2388
f 2867/4032/2388 2832/4031/2422 2833/4033/2389
f 2867/4032/2388 2833/4033/2389 2866/4034/2390
f 2866/4034/2390 2833/4033/2389 2865/4035/2391
f 2865/4035/2391 2833/4033/2389 2834/4036/2392
f 2865/4035/2391 2834/4036/2392 2864/4037/2393
f 2864/4037/2393 2834/4036/2392 2835/4038/2394
f 2864/4037/2393 2835/4038/2394 2863/4039/2395
f 2863/4039/2395 2835/4038/2394 2836/4040/2396
f 2863/4039/2395 2836/4040/2396 2862/4041/2424
f 2862/4041/2424 2836/4040/2396 2861/4042/2398
f 2861/4042/2398 2836/4040/2396 2837/4043/2399
f 2861/4042/2398 2837/4043/2399 2860/4044/2400
f 2860/4044/2400 2837/4043/2399 2838/4045/2401
f 2860/4044/2400 2838/4045/2401 2859/4046/2656
f 2859/4047/2656 2838/4048/2401 2839/4049/2403
f 2859/4047/2656 2839/4049/2403 2858/4050/2404
f 2858/4050/2404 2839/4049/2403 2857/4051/2405
f 2857/4051/2405 2839/4049/2403 2840/4052/2406
f 2857/4051/2405 2840/4052/2406 2856/4053/2426
f 2856/4053/2426 2840/4052/2406 2841/4054/2408
f 2856/4053/2426 2841/4054/2408 2855/4055/2657
f 2855/4055/2657 2841/4054/2408 2854/4056/2410
f 2854/4056/2410 2841/4054/2408 2842/4057/2411
f 2854/4056/2410 2842/4057/2411 2853/4058/2412
f 2853/4058/2412 2842/4057/2411 2843/4059/2413
f 2853/4058/2412 2843/4059/2413 2852/4060/2414
f 2852/4060/2414 2843/4059/2413 2844/4061/2415
f 2852/4060/2414 2844/4061/2415 2851/4062/2416
f 2851/4062/2416 2844/4061/2415 2850/4063/2417
f 2850/4063/2417 2844/4061/2415 2845/4064/2418
f 2850/4063/2417 2845/4064/2418 2849/4065/2419
f 2849/4065/2419 2845/4064/2418 2846/4066/2658
f 2849/4065/2419 2846/4066/2658 2848/4029/2655
f 2848/4029/2655 2846/4066/2658 2830/599/2384
f 2871/4026/2382 2909/4027/2659 2870/599/2384
f 2870/599/2384 2909/4027/2659 2887/4028/2384
f 2870/599/2384 2887/4028/2384 2888/4029/2385
f 2909/4027/2659 2871/4026/2382 2908/4030/2386
f 2908/4030/2386 2871/4026/2382 2872/4031/2422
f 2908/4030/2386 2872/4031/2422 2907/4032/2388
f 2907/4032/2388 2872/4031/2422 2873/4033/2389
f 2907/4032/2388 2873/4033/2389 2906/4034/2390
f 2906/4034/2390 2873/4033/2389 2905/4035/2391
f 2905/4035/2391 2873/4033/2389 2874/4036/2392
f 2905/4035/2391 2874/4036/2392 2904/4037/2393
f 2904/4037/2393 2874/4036/2392 2875/4038/2394
f 2904/4037/2393 2875/4038/2394 2903/4039/2395
f 2903/4039/2395 2875/4038/2394 2876/4040/2396
f 2903/4039/2395 2876/4040/2396 2902/4041/2424
f 2902/4041/2424 2876/4040/2396 2901/4042/2398
f 2901/4042/2398 2876/4040/2396 2877/4043/2399
f 2901/4042/2398 2877/4043/2399 2900/4044/2400
f 2900/4044/2400 2877/4043/2399 2878/4045/2401
f 2900/4044/2400 2878/4045/2401 2899/4046/2402
f 2899/4047/2402 2878/4048/2401 2879/4049/2403
f 2899/4047/2402 2879/4049/2403 2898/4050/2404
f 2898/4050/2404 2879/4049/2403 2897/4051/2405
f 2897/4051/2405 2879/4049/2403 2880/4052/2406
f 2897/4051/2405 2880/4052/2406 2896/4053/2426
f 2896/4053/2426 2880/4052/2406 2881/4054/2408
f 2896/4053/2426 2881/4054/2408 2895/4055/2409
f 2895/4055/2409 2881/4054/2408 2894/4056/2410
f 2894/4056/2410 2881/4054/2408 2882/4057/2411
f 2894/4056/2410 2882/4057/2411 2893/4058/2412
f 2893/4058/2412 2882/4057/2411 2883/4059/2413
f 2893/4058/2412 2883/4059/2413 2892/4060/2414
f 2892/4060/2414 2883/4059/2413 2884/4061/2415
f 2892/4060/2414 2884/4061/2415 2891/4062/2428
f 2891/4062/2428 2884/4061/2415 2890/4063/2417
f 2890/4063/2417 2884/4061/2415 2885/4067/2660
f 2890/4063/2417 2885/4067/2660 2889/4065/2419
f 2889/4065/2419 2885/4067/2660 2886/4068/2658
f 2889/4065/2419 2886/4068/2658 2888/4029/2385
f 2888/4029/2385 2886/4068/2658 2870/599/2384
f 2886/4069/2661 2918/4070/2662 2870/4071/94
f 2870/4072/94 2918/4073/2662 2919/4074/2663
f 2870/4072/94 2919/4074/2663 2871/4075/2664
f 2871/4075/2664 2919/4074/2663 2920/4076/2665
f 2871/4075/2664 2920/4076/2665 2872/4077/2666
f 2872/4077/2666 2920/4076/2665 2921/4078/2667
f 2872/4077/2666 2921/4078/2667 2873/4079/2668
f 2873/4079/2668 2921/4078/2667 2922/4080/2669
f 2873/4079/2668 2922/4080/2669 2874/4081/2670
f 2874/4081/2670 2922/4080/2669 2923/4082/2671
f 2874/4081/2670 2923/4082/2671 2875/4083/2672
f 2875/4083/2672 2923/4082/2671 2924/4084/2673
f 2875/4083/2672 2924/4084/2673 2876/4085/2674
f 2876/4085/2674 2924/4084/2673 2925/4086/2675
f 2876/4085/2674 2925/4086/2675 2877/4087/2676
f 2877/4087/2676 2925/4086/2675 2926/4088/2677
f 2877/4087/2676 2926/4088/2677 2878/4089/2678
f 2878/4089/2678 2926/4088/2677 2910/4090/383
f 2878/4089/2678 2910/4090/383 2879/4091/2679
f 2879/4091/2679 2910/4090/383 2911/4092/2680
f 2879/4091/2679 2911/4092/2680 2880/4093/2681
f 2880/4093/2681 2911/4092/2680 2912/4094/2682
f 2880/4093/2681 2912/4094/2682 2881/4095/2683
f 2881/4095/2683 2912/4094/2682 2913/4096/2684
f 2881/4095/2683 2913/4096/2684 2882/4097/2685
f 2882/4097/2685 2913/4096/2684 2914/4098/2686
f 2882/4097/2685 2914/4098/2686 2883/4099/2687
f 2883/4099/2687 2914/4098/2686 2915/4100/2688
f 2883/4099/2687 2915/4100/2688 2884/4101/2689
f 2884/4101/2689 2915/4100/2688 2916/4102/2690
f 2884/4101/2689 2916/4102/2690 2885/4103/2691
f 2885/4103/2691 2916/4102/2690 2917/4104/2692
f 2885/4103/2691 2917/4104/2692 2886/4069/2661
f 2886/4069/2661 2917/4104/2692 2918/4070/2662
f 2846/4069/2661 2935/4070/2662 2830/4071/94
f 2830/4072/94 2935/4073/2662 2936/4074/2663
f 2830/4072/94 2936/4074/2663 2831/4075/2664
f 2831/4075/2664 2936/4074/2663 2937/4076/2665
f 2831/4075/2664 2937/4076/2665 2832/4077/2666
f 2832/4077/2666 2937/4076/2665 2938/4078/2667
f 2832/4077/2666 2938/4078/2667 2833/4079/2668
f 2833/4079/2668 2938/4078/2667 2939/4080/2669
f 2833/4079/2668 2939/4080/2669 2834/4081/2670
f 2834/4081/2670 2939/4080/2669 2940/4082/2671
f 2834/4081/2670 2940/4082/2671 2835/4083/2672
f 2835/4083/2672 2940/4082/2671 2941/4084/2673
f 2835/4083/2672 2941/4084/2673 2836/4085/2674
f 2836/4085/2674 2941/4084/2673 2942/4086/2675
f 2836/4085/2674 2942/4086/2675 2837/4087/2676
f 2837/4087/2676 2942/4086/2675 2943/4088/2677
f 2837/4087/2676 2943/4088/2677 2838/4089/2678
f 2838/4089/2678 2943/4088/2677 2927/4090/383
f 2838/4089/2678 2927/4090/383 2839/4091/2679
f 2839/4091/2679 2927/4090/383 2928/4092/2680
f 2839/4091/2679 2928/4092/2680 2840/4093/2681
f 2840/4093/2681 2928/4092/2680 2929/4094/2682
f 2840/4093/2681 2929/4094/2682 2841/4095/2683
f 2841/4095/2683 2929/4094/2682 2930/4096/2684
f 2841/4095/2683 2930/4096/2684 2842/4097/2685
f 2842/4097/2685 2930/4096/2684 2931/4098/2686
f 2842/4097/2685 2931/4098/2686 2843/4099/2687
f 2843/4099/2687 2931/4098/2686 2932/4100/2688
f 2843/4099/2687 2932/4100/2688 2844/4101/2689
f 2844/4101/2689 2932/4100/2688 2933/4102/2690
f 2844/4101/2689 2933/4102/2690 2845/4103/2691
f 2845/4103/2691 2933/4102/2690 2934/4104/2692
f 2845/4103/2691 2934/4104/2692 2846/4069/2661
f 2846/4069/2661 2934/4104/2692 2935/4070/2662
f 2699/4105/2693 2955/4106/2693 2676/4107/94
f 2676/4107/94 2955/4106/2693 2956/4108/94
f 2676/4109/94 2956/4110/94 2677/4111/2694
f 2677/4111/2694 2956/4110/94 2957/4112/2694
f 2677/4111/2694 2957/4112/2694 2678/4113/2695
f 2678/4113/2695 2957/4112/2694 2958/4114/2695
f 2678/4113/2695 2958/4114/2695 2679/4115/1472
f 2679/4115/1472 2958/4114/2695 2959/4116/1472
f 2679/4115/1472 2959/4116/1472 2680/4117/2696
f 2680/4117/2696 2959/4116/1472 2960/4118/2696
f 2680/4117/2696 2960/4118/2696 2681/4119/2697
f 2681/4119/2697 2960/4118/2696 2961/4120/2697
f 2681/4119/2697 2961/4120/2697 2682/4121/265
f 2682/4121/265 2961/4120/2697 2962/4122/265
f 2682/4121/265 2962/4122/265 2683/4123/2698
f 2683/4123/2698 2962/4122/265 2963/4124/2698
f 2683/4123/2698 2963/4124/2698 2684/4125/2699
f 2684/4125/2699 2963/4124/2698 2964/4126/2699
f 2684/4125/2699 2964/4126/2699 2685/4127/453
f 2685/4127/453 2964/4126/2699 2965/4128/453
f 2685/4127/453 2965/4128/453 2686/4129/988
f 2686/4129/988 2965/4128/453 2966/4130/988
f 2686/4129/988 2966/4130/988 2687/4131/2700
f 2687/4131/2700 2966/4130/988 2967/4132/2700
f 2687/4131/2700 2967/4132/2700 2688/4133/383
f 2688/4133/383 2967/4132/2700 2944/4090/383
f 2688/4133/383 2944/4090/383 2689/4134/2701
f 2689/4134/2701 2944/4090/383 2945/4135/2701
f 2689/4134/2701 2945/4135/2701 2690/4136/398
f 2690/4136/398 2945/4135/2701 2946/4137/398
f 2690/4136/398 2946/4137/398 2691/4138/507
f 2691/4138/507 2946/4137/398 2947/4139/507
f 2691/4138/507 2947/4139/507 2692/4140/2702
f 2692/4140/2702 2947/4139/507 2948/4141/2702
f 2692/4140/2702 2948/4141/2702 2693/4142/2703
f 2693/4142/2703 2948/4141/2702 2949/4143/2703
f 2693/4142/2703 2949/4143/2703 2694/4144/279
f 2694/4144/279 2949/4143/2703 2950/4145/279
f 2694/4144/279 2950/4145/279 2695/4146/2704
f 2695/4146/2704 2950/4145/279 2951/4147/2704
f 2695/4146/2704 2951/4147/2704 2696/4148/2705
f 2696/4148/2705 2951/4147/2704 2952/4149/2705
f 2696/4148/2705 2952/4149/2705 2697/4150/1465
f 2697/4150/1465 2952/4149/2705 2953/4151/1465
f 2697/4150/1465 2953/4151/1465 2698/4152/2706
f 2698/4152/2706 2953/4151/1465 2954/4153/2706
f 2698/4152/2706 2954/4153/2706 2699/4105/2693
f 2699/4105/2693 2954/4153/2706 2955/4106/2693
f 2969/4154/2707 2993/4155/383 2968/599/383
f 2968/599/383 2993/4155/383 2994/4156/2708
f 2968/599/383 2994/4156/2708 2992/4157/2708
f 2992/4157/2708 2994/4156/2708 2995/4158/2709
f 2992/4157/2708 2995/4158/2709 2991/4159/2709
f 2991/4159/2709 2995/4158/2709 2996/4160/2710
f 2991/4159/2709 2996/4160/2710 2990/4161/2710
f 2990/4161/2710 2996/4160/2710 2997/4162/2711
f 2990/4161/2710 2997/4162/2711 2989/4163/2711
f 2989/4163/2711 2997/4162/2711 2998/4164/2648
f 2989/4163/2711 2998/4164/2648 2988/4165/2648
f 2988/4165/2648 2998/4164/2648 2999/4166/2712
f 2988/4165/2648 2999/4166/2712 2987/4167/2712
f 2987/4167/2712 2999/4166/2712 3000/4168/2713
f 2987/4167/2712 3000/4168/2713 2986/4169/2713
f 2986/4169/2713 3000/4168/2713 3001/4170/2714
f 2986/4169/2713 3001/4170/2714 2985/4171/2714
f 2985/4171/2714 3001/4170/2714 3002/4172/2715
f 2985/4171/2714 3002/4172/2715 2984/4173/2715
f 2984/4173/2715 3002/4172/2715 3003/4174/2612
f 2984/4173/2715 3003/4174/2612 2983/4175/2612
f 2983/4175/2612 3003/4174/2612 3004/4176/2716
f 2983/4175/2612 3004/4176/2716 2982/4177/2716
f 2982/4177/2716 3004/4176/2716 3005/4178/2717
f 2982/4177/2716 3005/4178/2717 2981/4179/2717
f 2981/4180/2717 3005/4181/2717 3006/4182/2718
f 2981/4180/2717 3006/4182/2718 2980/4183/2718
f 2980/4183/2718 3006/4182/2718 3007/4184/2719
f 2980/4183/2718 3007/4184/2719 2979/4185/2719
f 2979/4185/2719 3007/4184/2719 3008/4186/2642
f 2979/4185/2719 3008/4186/2642 2978/4187/2642
f 2978/4187/2642 3008/4186/2642 3009/4188/2720
f 2978/4187/2642 3009/4188/2720 2977/4189/2720
f 2977/4189/2720 3009/4188/2720 3010/4190/2721
f 2977/4189/2720 3010/4190/2721 2976/4191/2721
f 2976/4191/2721 3010/4190/2721 3011/4192/2722
f 2976/4191/2721 3011/4192/2722 2975/4193/2722
f 2975/4193/2722 3011/4192/2722 3012/4194/2723
f 2975/4193/2722 3012/4194/2723 2974/4195/2723
f 2974/4195/2723 3012/4194/2723 3013/4196/2651
f 2974/4195/2723 3013/4196/2651 2973/4197/2651
f 2973/4197/2651 3013/4196/2651 3014/4198/2724
f 2973/4197/2651 3014/4198/2724 2972/4199/2724
f 2972/4199/2724 3014/4198/2724 3015/4200/2725
f 2972/4199/2724 3015/4200/2725 2971/4201/2725
f 2971/4201/2725 3015/4200/2725 3016/4202/2726
f 2971/4201/2725 3016/4202/2726 2970/4203/2726
f 2970/4203/2726 3016/4202/2726 3017/4204/2707
f 2970/4203/2726 3017/4204/2707 2969/4154/2707
f 2969/4154/2707 3017/4204/2707 2993/4155/383
f 3019/4205/2727 3051/4155/383 3018/599/383
f 3018/599/383 3051/4155/383 3052/4206/2728
f 3018/599/383 3052/4206/2728 3050/4207/2728
f 3050/4207/2728 3052/4206/2728 3053/4208/2729
f 3050/4207/2728 3053/4208/2729 3049/4209/2729
f 3049/4209/2729 3053/4208/2729 3054/4210/2730
f 3049/4209/2729 3054/4210/2730 3048/4211/2730
f 3048/4211/2730 3054/4210/2730 3055/4212/2731
f 3048/4211/2730 3055/4212/2731 3047/4213/2731
f 3047/4213/2731 3055/4212/2731 3056/4214/2732
f 3047/4213/2731 3056/4214/2732 3046/4215/2732
f 3046/4215/2732 3056/4214/2732 3057/4216/2733
f 3046/4215/2732 3057/4216/2733 3045/4217/2733
f 3045/4217/2733 3057/4216/2733 3058/4218/2734
f 3045/4217/2733 3058/4218/2734 3044/4219/2734
f 3044/4219/2734 3058/4218/2734 3059/4220/2735
f 3044/4219/2734 3059/4220/2735 3043/4221/2735
f 3043/4221/2735 3059/4220/2735 3060/4222/2736
f 3043/4221/2735 3060/4222/2736 3042/4223/2736
f 3042/4223/2736 3060/4222/2736 3061/4224/2737
f 3042/4223/2736 3061/4224/2737 3041/4225/2737
f 3041/4225/2737 3061/4224/2737 3062/4226/2705
f 3041/4225/2737 3062/4226/2705 3040/4227/2705
f 3040/4227/2705 3062/4226/2705 3063/4228/2738
f 3040/4227/2705 3063/4228/2738 3039/4229/2739
f 3039/4229/2739 3063/4228/2738 3064/4230/2740
f 3039/4229/2739 3064/4230/2740 3038/4231/2740
f 3038/4231/2740 3064/4230/2740 3065/4232/2741
f 3038/4231/2740 3065/4232/2741 3037/4233/2741
f 3037/4233/2741 3065/4232/2741 3066/4234/2742
f 3037/4233/2741 3066/4234/2742 3036/4235/2742
f 3036/4235/2742 3066/4234/2742 3067/4236/2743
f 3036/4235/2742 3067/4236/2743 3035/4237/2743
f 3035/4238/2743 3067/4239/2743 3068/4240/2744
f 3035/4238/2743 3068/4240/2744 3034/4241/2744
f 3034/4241/2744 3068/4240/2744 3069/4242/2745
f 3034/4241/2744 3069/4242/2745 3033/4243/2745
f 3033/4243/2745 3069/4242/2745 3070/4244/2746
f 3033/4243/2745 3070/4244/2746 3032/4245/2746
f 3032/4245/2746 3070/4244/2746 3071/4246/2747
f 3032/4245/2746 3071/4246/2747 3031/4247/2747
f 3031/4247/2747 3071/4246/2747 3072/4248/2748
f 3031/4247/2747 3072/4248/2748 3030/4249/2749
f 3030/4249/2749 3072/4248/2748 3073/4250/2696
f 3030/4249/2749 3073/4250/2696 3029/4251/2696
f 3029/4251/2696 3073/4250/2696 3074/4252/2750
f 3029/4251/2696 3074/4252/2750 3028/4253/2750
f 3028/4253/2750 3074/4252/2750 3075/4254/2751
f 3028/4253/2750 3075/4254/2751 3027/4255/2751
f 3027/4255/2751 3075/4254/2751 3076/4256/2752
f 3027/4255/2751 3076/4256/2752 3026/4257/2752
f 3026/4257/2752 3076/4256/2752 3077/4258/2753
f 3026/4257/2752 3077/4258/2753 3025/4259/2753
f 3025/4259/2753 3077/4258/2753 3078/4260/2754
f 3025/4259/2753 3078/4260/2754 3024/4261/2754
f 3024/4261/2754 3078/4260/2754 3079/4262/2755
f 3024/4261/2754 3079/4262/2755 3023/4263/2755
f 3023/4263/2755 3079/4262/2755 3080/4264/2756
f 3023/4263/2755 3080/4264/2756 3022/4265/2756
f 3022/4265/2756 3080/4264/2756 3081/4266/2757
f 3022/4265/2756 3081/4266/2757 3021/4267/2757
f 3021/4267/2757 3081/4266/2757 3082/4268/2758
f 3021/4267/2757 3082/4268/2758 3020/4269/2758
f 3020/4269/2758 3082/4268/2758 3083/4270/2727
f 3020/4269/2758 3083/4270/2727 3019/4205/2727
f 3019/4205/2727 3083/4270/2727 3051/4155/383
f 3085/4154/2707 3109/4155/383 3084/599/383
f 3084/599/383 3109/4155/383 3110/4156/2708
f 3084/599/383 3110/4156/2708 3108/4157/2708
f 3108/4157/2708 3110/4156/2708 3111/4158/2709
f 3108/4157/2708 3111/4158/2709 3107/4159/2709
f 3107/4159/2709 3111/4158/2709 3112/4160/2710
f 3107/4159/2709 3112/4160/2710 3106/4161/2710
f 3106/4161/2710 3112/4160/2710 3113/4162/2711
f 3106/4161/2710 3113/4162/2711 3105/4163/2711
f 3105/4163/2711 3113/4162/2711 3114/4164/2648
f 3105/4163/2711 3114/4164/2648 3104/4165/2648
f 3104/4165/2648 3114/4164/2648 3115/4166/2712
f 3104/4165/2648 3115/4166/2712 3103/4167/2712
f 3103/4167/2712 3115/4166/2712 3116/4168/2713
f 3103/4167/2712 3116/4168/2713 3102/4169/2713
f 3102/4169/2713 3116/4168/2713 3117/4170/2714
f 3102/4169/2713 3117/4170/2714 3101/4171/2714
f 3101/4171/2714 3117/4170/2714 3118/4172/2715
f 3101/4171/2714 3118/4172/2715 3100/4173/2715
f 3100/4173/2715 3118/4172/2715 3119/4174/2612
f 3100/4173/2715 3119/4174/2612 3099/4175/2612
f 3099/4175/2612 3119/4174/2612 3120/4176/2716
f 3099/4175/2612 3120/4176/2716 3098/4177/2716
f 3098/4177/2716 3120/4176/2716 3121/4178/2717
f 3098/4177/2716 3121/4178/2717 3097/4179/2717
f 3097/4180/2717 3121/4181/2717 3122/4182/2718
f 3097/4180/2717 3122/4182/2718 3096/4183/2718
f 3096/4183/2718 3122/4182/2718 3123/4184/2719
f 3096/4183/2718 3123/4184/2719 3095/4185/2719
f 3095/4185/2719 3123/4184/2719 3124/4186/2642
f 3095/4185/2719 3124/4186/2642 3094/4187/2642
f 3094/4187/2642 3124/4186/2642 3125/4188/2720
f 3094/4187/2642 3125/4188/2720 3093/4189/2720
f 3093/4189/2720 3125/4188/2720 3126/4190/2721
f 3093/4189/2720 3126/4190/2721 3092/4191/2721
f 3092/4191/2721 3126/4190/2721 3127/4192/2722
f 3092/4191/2721 3127/4192/2722 3091/4193/2722
f 3091/4193/2722 3127/4192/2722 3128/4194/2723
f 3091/4193/2722 3128/4194/2723 3090/4195/2723
f 3090/4195/2723 3128/4194/2723 3129/4196/2651
f 3090/4195/2723 3129/4196/2651 3089/4197/2651
f 3089/4197/2651 3129/4196/2651 3130/4198/2724
f 3089/4197/2651 3130/4198/2724 3088/4199/2724
f 3088/4199/2724 3130/4198/2724 3131/4200/2725
f 3088/4199/2724 3131/4200/2725 3087/4201/2725
f 3087/4201/2725 3131/4200/2725 3132/4202/2726
f 3087/4201/2725 3132/4202/2726 3086/4203/2726
f 3086/4203/2726 3132/4202/2726 3133/4204/2707
f 3086/4203/2726 3133/4204/2707 3085/4154/2707
f 3085/4154/2707 3133/4204/2707 3109/4155/383
f 3135/4154/2707 3159/4155/383 3134/599/383
f 3134/599/383 3159/4155/383 3160/4156/2708
f 3134/599/383 3160/4156/2708 3158/4157/2708
f 3158/4157/2708 3160/4156/2708 3161/4158/2709
f 3158/4157/2708 3161/4158/2709 3157/4159/2709
f 3157/4159/2709 3161/4158/2709 3162/4160/2710
f 3157/4159/2709 3162/4160/2710 3156/4161/2710
f 3156/4161/2710 3162/4160/2710 3163/4162/2711
f 3156/4161/2710 3163/4162/2711 3155/4163/2711
f 3155/4163/2711 3163/4162/2711 3164/4164/2648
f 3155/4163/2711 3164/4164/2648 3154/4165/2648
f 3154/4165/2648 3164/4164/2648 3165/4166/2712
f 3154/4165/2648 3165/4166/2712 3153/4167/2712
f 3153/4167/2712 3165/4166/2712 3166/4168/2713
f 3153/4167/2712 3166/4168/2713 3152/4169/2713
f 3152/4169/2713 3166/4168/2713 3167/4170/2714
f 3152/4169/2713 3167/4170/2714 3151/4171/2714
f 3151/4171/2714 3167/4170/2714 3168/4172/2715
f 3151/4171/2714 3168/4172/2715 3150/4173/2715
f 3150/4173/2715 3168/4172/2715 3169/4174/2612
f 3150/4173/2715 3169/4174/2612 3149/4175/2612
f 3149/4175/2612 3169/4174/2612 3170/4176/2716
f 3149/4175/2612 3170/4176/2716 3148/4177/2716
f 3148/4177/2716 3170/4176/2716 3171/4178/2717
f 3148/4177/2716 3171/4178/2717 3147/4179/2717
f 3147/4180/2717 3171/4181/2717 3172/4182/2718
f 3147/4180/2717 3172/4182/2718 3146/4183/2718
f 3146/4183/2718 3172/4182/2718 3173/4184/2719
f 3146/4183/2718 3173/4184/2719 3145/4185/2719
f 3145/4185/2719 3173/4184/2719 3174/4186/2642
f 3145/4185/2719 3174/4186/2642 3144/4187/2642
f 3144/4187/2642 3174/4186/2642 3175/4188/2720
f 3144/4187/2642 3175/4188/2720 3143/4189/2720
f 3143/4189/2720 3175/4188/2720 3176/4190/2721
f 3143/4189/2720 3176/4190/2721 3142/4191/2721
f 3142/4191/2721 3176/4190/2721 3177/4192/2722
f 3142/4191/2721 3177/4192/2722 3141/4193/2722
f 3141/4193/2722 3177/4192/2722 3178/4194/2723
f 3141/4193/2722 3178/4194/2723 3140/4195/2723
f 3140/4195/2723 3178/4194/2723 3179/4196/2651
f 3140/4195/2723 3179/4196/2651 3139/4197/2651
f 3139/4197/2651 3179/4196/2651 3180/4198/2724
f 3139/4197/2651 3180/4198/2724 3138/4199/2724
f 3138/4199/2724 3180/4198/2724 3181/4200/2725
f 3138/4199/2724 3181/4200/2725 3137/4201/2725
f 3137/4201/2725 3181/4200/2725 3182/4202/2726
f 3137/4201/2725 3182/4202/2726 3136/4203/2726
f 3136/4203/2726 3182/4202/2726 3183/4204/2707
f 3136/4203/2726 3183/4204/2707 3135/4154/2707
f 3135/4154/2707 3183/4204/2707 3159/4155/383
f 3185/4154/2707 3209/4155/383 3184/599/383
f 3184/599/383 3209/4155/383 3210/4156/2708
f 3184/599/383 3210/4156/2708 3208/4157/2708
f 3208/4157/2708 3210/4156/2708 3211/4158/2709
f 3208/4157/2708 3211/4158/2709 3207/4159/2709
f 3207/4159/2709 3211/4158/2709 3212/4160/2710
f 3207/4159/2709 3212/4160/2710 3206/4161/2710
f 3206/4161/2710 3212/4160/2710 3213/4162/2711
f 3206/4161/2710 3213/4162/2711 3205/4163/2711
f 3205/4163/2711 3213/4162/2711 3214/4164/2648
f 3205/4163/2711 3214/4164/2648 3204/4165/2648
f 3204/4165/2648 3214/4164/2648 3215/4166/2712
f 3204/4165/2648 3215/4166/2712 3203/4167/2712
f 3203/4167/2712 3215/4166/2712 3216/4168/2713
f 3203/4167/2712 3216/4168/2713 3202/4169/2713
f 3202/4169/2713 3216/4168/2713 3217/4170/2714
f 3202/4169/2713 3217/4170/2714 3201/4171/2714
f 3201/4171/2714 3217/4170/2714 3218/4172/2715
f 3201/4171/2714 3218/4172/2715 3200/4173/2715
f 3200/4173/2715 3218/4172/2715 3219/4174/2612
f 3200/4173/2715 3219/4174/2612 3199/4175/2612
f 3199/4175/2612 3219/4174/2612 3220/4176/2716
f 3199/4175/2612 3220/4176/2716 3198/4177/2716
f 3198/4177/2716 3220/4176/2716 3221/4178/2717
f 3198/4177/2716 3221/4178/2717 3197/4179/2717
f 3197/4180/2717 3221/4181/2717 3222/4182/2718
f 3197/4180/2717 3222/4182/2718 3196/4183/2718
f 3196/4183/2718 3222/4182/2718 3223/4184/2719
f 3196/4183/2718 3223/4184/2719 3195/4185/2719
f 3195/4185/2719 3223/4184/2719 3224/4186/2642
f 3195/4185/2719 3224/4186/2642 3194/4187/2642
f 3194/4187/2642 3224/4186/2642 3225/4188/2720
f 3194/4187/2642 3225/4188/2720 3193/4189/2720
f 3193/4189/2720 3225/4188/2720 3226/4190/2721
f 3193/4189/2720 3226/4190/2721 3192/4191/2721
f 3192/4191/2721 3226/4190/2721 3227/4192/2722
f 3192/4191/2721 3227/4192/2722 3191/4193/2722
f 3191/4193/2722 3227/4192/2722 3228/4194/2723
f 3191/4193/2722 3228/4194/2723 3190/4195/2723
f 3190/4195/2723 3228/4194/2723 3229/4196/2651
f 3190/4195/2723 3229/4196/2651 3189/4197/2651
f 3189/4197/2651 3229/4196/2651 3230/4198/2724
f 3189/4197/2651 3230/4198/2724 3188/4199/2724
f 3188/4199/2724 3230/4198/2724 3231/4200/2725
f 3188/4199/2724 3231/4200/2725 3187/4201/2725
f 3187/4201/2725 3231/4200/2725 3232/4202/2726
f 3187/4201/2725 3232/4202/2726 3186/4203/2726
f 3186/4203/2726 3232/4202/2726 3233/4204/2707
f 3186/4203/2726 3233/4204/2707 3185/4154/2707
f 3185/4154/2707 3233/4204/2707 3209/4155/383
f 2675/4271/2759 2674/4272/2760 3275/4273/2759
f 3275/4273/2759 2674/4272/2760 3274/4274/2760
f 3274/4274/2760 2674/4272/2760 2673/4275/2761
f 3274/4274/2760 2673/4275/2761 3273/4276/2761
f 3273/4276/2761 2673/4275/2761 2672/4277/2762
f 3273/4276/2761 2672/4277/2762 3272/4278/2762
f 3272/4278/2762 2672/4277/2762 2671/4279/2763
f 3272/4278/2762 2671/4279/2763 3271/4280/2763
f 3271/4280/2763 2671/4279/2763 2670/4281/2764
f 3271/4280/2763 2670/4281/2764 3270/4282/2764
f 3270/4282/2764 2670/4281/2764 2669/4283/2765
f 3270/4282/2764 2669/4283/2765 3269/4284/2765
f 3269/4284/2765 2669/4283/2765 2668/4285/2766
f 3269/4284/2765 2668/4285/2766 3268/4286/2766
f 3268/4286/2766 2668/4285/2766 2667/4287/2767
f 3268/4286/2766 2667/4287/2767 3267/4288/2767
f 3267/4288/2767 2667/4287/2767 2666/4289/2768
f 3267/4288/2767 2666/4289/2768 3266/4290/2768
f 3266/4290/2768 2666/4289/2768 2665/4291/2769
f 3266/4290/2768 2665/4291/2769 3265/4292/2769
f 3265/4292/2769 2665/4291/2769 2664/4293/2770
f 3265/4292/2769 2664/4293/2770 3264/4294/2770
f 3264/4294/2770 2664/4293/2770 2663/4295/2771
f 3264/4294/2770 2663/4295/2771 3263/4296/2771
f 3263/4296/2771 2663/4295/2771 2662/4297/2710
f 3263/4296/2771 2662/4297/2710 3262/4298/2710
f 3262/4298/2710 2662/4297/2710 2661/4299/2772
f 3262/4298/2710 2661/4299/2772 3261/4300/2772
f 3261/4300/2772 2661/4299/2772 2660/4301/2773
f 3261/4300/2772 2660/4301/2773 3260/4302/2773
f 3260/4302/2773 2660/4301/2773 2659/4303/2774
f 3260/4302/2773 2659/4303/2774 3259/4304/2774
f 3259/4304/2774 2659/4303/2774 2658/4305/2775
f 3259/4304/2774 2658/4305/2775 3258/4306/2775
f 3258/4306/2775 2658/4305/2775 2657/4307/2708
f 3258/4306/2775 2657/4307/2708 3257/4308/2708
f 3257/4308/2708 2657/4307/2708 2656/4309/2776
f 3257/4308/2708 2656/4309/2776 3256/4310/2776
f 3256/4310/2776 2656/4309/2776 2655/4311/2777
f 3256/4310/2776 2655/4311/2777 3255/4312/2777
f 3255/4312/2777 2655/4311/2777 3254/4313/2778
f 3254/4313/2778 2655/4311/2777 2654/4314/2778
f 3254/4313/2778 2654/4314/2778 2653/4315/2779
f 3254/4313/2778 2653/4315/2779 3253/4316/2779
f 3253/4316/2779 2653/4315/2779 2652/4317/2707
f 3253/4316/2779 2652/4317/2707 3252/4318/2707
f 3252/4318/2707 2652/4317/2707 2651/4319/2780
f 3252/4318/2707 2651/4319/2780 3251/4320/2780
f 3251/4320/2780 2651/4319/2780 2650/4321/2781
f 3251/4320/2780 2650/4321/2781 3250/4322/2781
f 3250/4322/2781 2650/4321/2781 2649/4323/2782
f 3250/4322/2781 2649/4323/2782 3249/4324/2782
f 3249/4324/2782 2649/4323/2782 2648/4325/2783
f 3249/4324/2782 2648/4325/2783 3248/4326/2783
f 3248/4326/2783 2648/4325/2783 2647/4327/2725
f 3248/4326/2783 2647/4327/2725 3247/4328/2725
f 3247/4328/2725 2647/4327/2725 2646/4329/2784
f 3247/4328/2725 2646/4329/2784 3246/4330/2784
f 3246/4330/2784 2646/4329/2784 2645/4331/2785
f 3246/4330/2784 2645/4331/2785 3245/4332/2785
f 3245/4332/2785 2645/4331/2785 2644/4333/2786
f 3245/4332/2785 2644/4333/2786 3244/4334/2786
f 3244/4334/2786 2644/4333/2786 2643/4335/2787
f 3244/4334/2786 2643/4335/2787 3243/4336/2787
f 3243/4336/2787 2643/4335/2787 2642/4337/2788
f 3243/4336/2787 2642/4337/2788 3242/4338/2788
f 3242/4338/2788 2642/4337/2788 2641/4339/2789
f 3242/4338/2788 2641/4339/2789 3241/4340/2789
f 3241/4340/2789 2641/4339/2789 2640/4341/2790
f 3241/4340/2789 2640/4341/2790 3240/4342/2790
f 3240/4342/2790 2640/4341/2790 2639/4343/2791
f 3240/4342/2790 2639/4343/2791 3239/4344/2791
f 3239/4344/2791 2639/4343/2791 2638/4345/2792
f 3239/4344/2791 2638/4345/2792 3238/4346/2792
f 3238/4346/2792 2638/4345/2792 2637/4347/2793
f 3238/4346/2792 2637/4347/2793 3237/4348/2793
f 3237/4348/2793 2637/4347/2793 2636/4349/2794
f 3237/4348/2793 2636/4349/2794 3236/4350/2794
f 3236/4350/2794 2636/4349/2794 2635/4351/2795
f 3236/4350/2794 2635/4351/2795 3235/4352/2795
f 3235/4352/2795 2635/4351/2795 2634/4353/2796
f 3235/4352/2795 2634/4353/2796 3234/4354/2797
f 2452/4355/2661 3284/4070/2798 2436/4356/94
f 2436/4357/94 3284/4073/2798 3285/4074/2799
f 2436/4357/94 3285/4074/2799 2437/4358/2664
f 2437/4358/2664 3285/4074/2799 3286/4076/2665
f 2437/4358/2664 3286/4076/2665 2438/4359/2666
f 2438/4359/2666 3286/4076/2665 3287/4078/2667
f 2438/4359/2666 3287/4078/2667 2439/4360/2668
f 2439/4360/2668 3287/4078/2667 3288/4080/2669
f 2439/4360/2668 3288/4080/2669 2440/4361/2670
f 2440/4361/2670 3288/4080/2669 3289/4082/2671
f 2440/4361/2670 3289/4082/2671 2441/4362/2672
f 2441/4362/2672 3289/4082/2671 3290/4084/2673
f 2441/4362/2672 3290/4084/2673 2442/4363/2674
f 2442/4363/2674 3290/4084/2673 3291/4086/2675
f 2442/4363/2674 3291/4086/2675 2443/4364/2676
f 2443/4364/2676 3291/4086/2675 3292/4088/2677
f 2443/4364/2676 3292/4088/2677 2444/4365/2800
f 2444/4365/2800 3292/4088/2677 3276/4090/383
f 2444/4365/2800 3276/4090/383 2445/4366/2801
f 2445/4366/2801 3276/4090/383 3277/4092/2680
f 2445/4366/2801 3277/4092/2680 2446/4367/2681
f 2446/4367/2681 3277/4092/2680 3278/4094/2682
f 2446/4367/2681 3278/4094/2682 2447/4368/2683
f 2447/4368/2683 3278/4094/2682 3279/4096/2684
f 2447/4368/2683 3279/4096/2684 2448/4369/2685
f 2448/4369/2685 3279/4096/2684 3280/4098/2686
f 2448/4369/2685 3280/4098/2686 2449/4370/2687
f 2449/4370/2687 3280/4098/2686 3281/4100/2688
f 2449/4370/2687 3281/4100/2688 2450/4371/2689
f 2450/4371/2689 3281/4100/2688 3282/4102/2690
f 2450/4371/2689 3282/4102/2690 2451/4372/2691
f 2451/4372/2691 3282/4102/2690 3283/4104/2692
f 2451/4372/2691 3283/4104/2692 2452/4355/2661
f 2452/4355/2661 3283/4104/2692 3284/4070/2798
f 2412/4355/2661 3301/4070/2798 2396/4356/94
f 2396/4357/94 3301/4073/2798 3302/4074/2799
f 2396/4357/94 3302/4074/2799 2397/4358/2664
f 2397/4358/2664 3302/4074/2799 3303/4076/2665
f 2397/4358/2664 3303/4076/2665 2398/4359/2666
f 2398/4359/2666 3303/4076/2665 3304/4078/2667
f 2398/4359/2666 3304/4078/2667 2399/4360/2668
f 2399/4360/2668 3304/4078/2667 3305/4080/2669
f 2399/4360/2668 3305/4080/2669 2400/4361/2670
f 2400/4361/2670 3305/4080/2669 3306/4082/2671
f 2400/4361/2670 3306/4082/2671 2401/4362/2672
f 2401/4362/2672 3306/4082/2671 3307/4084/2673
f 2401/4362/2672 3307/4084/2673 2402/4363/2674
f 2402/4363/2674 3307/4084/2673 3308/4086/2675
f 2402/4363/2674 3308/4086/2675 2403/4364/2676
f 2403/4364/2676 3308/4086/2675 3309/4088/2677
f 2403/4364/2676 3309/4088/2677 2404/4365/2800
f 2404/4365/2800 3309/4088/2677 3293/4090/383
f 2404/4365/2800 3293/4090/383 2405/4366/2801
f 2405/4366/2801 3293/4090/383 3294/4092/2680
f 2405/4366/2801 3294/4092/2680 2406/4367/2681
f 2406/4367/2681 3294/4092/2680 3295/4094/2682
f 2406/4367/2681 3295/4094/2682 2407/4368/2683
f 2407/4368/2683 3295/4094/2682 3296/4096/2684
f 2407/4368/2683 3296/4096/2684 2408/4369/2685
f 2408/4369/2685 3296/4096/2684 3297/4098/2686
f 2408/4369/2685 3297/4098/2686 2409/4370/2687
f 2409/4370/2687 3297/4098/2686 3298/4100/2688
f 2409/4370/2687 3298/4100/2688 2410/4371/2689
f 2410/4371/2689 3298/4100/2688 3299/4102/2690
f 2410/4371/2689 3299/4102/2690 2411/4372/2691
f 2411/4372/2691 3299/4102/2690 3300/4104/2692
f 2411/4372/2691 3300/4104/2692 2412/4355/2661
f 2412/4355/2661 3300/4104/2692 3301/4070/2798
f 3311/4373/279 3312/4374/279 3310/4375/279
f 3310/4375/279 3312/4374/279 3313/4376/279
f 3314/4377/94 3315/4378/94 3333/4379/94
f 3333/4379/94 3315/4378/94 3316/4380/94
f 3333/4379/94 3316/4380/94 3332/4381/94
f 3332/4381/94 3316/4380/94 3331/4382/94
f 3331/4382/94 3316/4380/94 3330/4383/94
f 3330/4383/94 3316/4380/94 3321/4384/94
f 3330/4383/94 3321/4384/94 3329/4385/94
f 3329/4385/94 3321/4384/94 3322/4386/94
f 3329/4385/94 3322/4386/94 3328/4387/94
f 3328/4387/94 3322/4386/94 3323/4388/94
f 3328/4387/94 3323/4388/94 3327/4389/94
f 3327/4389/94 3323/4388/94 3324/4390/94
f 3327/4389/94 3324/4390/94 3326/4391/94
f 3326/4391/94 3324/4390/94 3325/4392/94
f 3316/4380/94 3317/4393/94 3321/4384/94
f 3321/4384/94 3317/4393/94 3320/4394/94
f 3320/4394/94 3317/4393/94 3319/4395/94
f 3319/4395/94 3317/4393/94 3318/4396/94
f 3318/4396/94 3317/4393/94 3311/4397/94
f 3318/4396/94 3311/4397/94 3310/4398/94
f 3335/4399/265 3315/4400/265 3334/4401/265
f 3334/4401/265 3315/4400/265 3314/4402/265
f 3316/4403/603 2758/4404/603 3317/4405/603
f 3317/4405/603 2758/4404/603 2777/4406/603
f 3317/4405/603 2777/4406/603 2776/4407/603
f 3336/4408/603 3165/4409/603 3316/4403/603
f 3316/4403/603 3165/4409/603 3164/4410/603
f 3316/4403/603 3164/4410/603 3163/4411/603
f 3337/4412/603 3169/4413/603 3336/4408/603
f 3336/4408/603 3169/4413/603 3168/4414/603
f 3336/4408/603 3168/4414/603 3167/4415/603
f 3338/4416/603 3364/4417/603 3337/4412/603
f 3337/4412/603 3364/4417/603 3170/4418/603
f 3337/4412/603 3170/4418/603 3169/4413/603
f 3364/4417/603 3338/4416/603 3363/4419/603
f 3363/4419/603 3338/4416/603 3339/4420/603
f 3363/4419/603 3339/4420/603 3362/4421/603
f 3362/4421/603 3339/4420/603 2633/4422/603
f 3362/4421/603 2633/4422/603 2632/4423/603
f 3362/4421/603 2632/4423/603 3361/4424/603
f 3361/4424/603 2632/4423/603 2631/4425/603
f 3361/4424/603 2631/4425/603 3057/4426/603
f 3057/4426/603 2631/4425/603 3058/4427/603
f 3058/4427/603 2631/4425/603 2630/4428/603
f 3058/4427/603 2630/4428/603 2629/4429/603
f 2628/4430/603 2995/4431/603 2629/4429/603
f 2629/4429/603 2995/4431/603 3059/4432/603
f 2629/4429/603 3059/4432/603 3058/4427/603
f 2995/4431/603 2628/4430/603 2996/4433/603
f 2996/4433/603 2628/4430/603 2627/4434/603
f 2996/4433/603 2627/4434/603 2626/4435/603
f 2996/4433/603 2626/4435/603 2997/4436/603
f 2997/4436/603 2626/4435/603 2625/4437/603
f 2997/4436/603 2625/4437/603 2624/4438/603
f 2997/4436/603 2624/4438/603 2998/4439/603
f 2998/4439/603 2624/4438/603 2623/4440/603
f 2998/4439/603 2623/4440/603 2999/4441/603
f 2999/4441/603 2623/4440/603 2622/4442/603
f 2999/4441/603 2622/4442/603 3000/4443/603
f 3000/4443/603 2622/4442/603 2621/4444/603
f 3000/4443/603 2621/4444/603 3001/4445/603
f 3001/4445/603 2621/4444/603 2620/4446/603
f 3001/4445/603 2620/4446/603 3002/4447/603
f 3002/4447/603 2620/4446/603 2619/4448/603
f 3002/4447/603 2619/4448/603 3003/4449/603
f 3003/4449/603 2619/4448/603 3004/4450/603
f 3004/4450/603 2619/4448/603 2618/4451/603
f 3004/4450/603 2618/4451/603 3005/4452/603
f 3005/4452/603 2618/4451/603 2617/4453/603
f 3005/4452/603 2617/4453/603 3006/4454/603
f 3006/4454/603 2617/4453/603 2616/4455/603
f 3006/4454/603 2616/4455/603 3007/4456/603
f 3007/4456/603 2616/4455/603 2615/4457/603
f 3007/4456/603 2615/4457/603 3008/4458/603
f 3008/4458/603 2615/4457/603 2614/4459/603
f 3008/4458/603 2614/4459/603 3009/4460/603
f 3009/4460/603 2614/4459/603 2613/4461/603
f 3009/4460/603 2613/4461/603 3010/4462/603
f 3010/4462/603 2613/4461/603 2612/4463/603
f 3010/4462/603 2612/4463/603 3117/4464/603
f 3117/4464/603 2612/4463/603 3118/4465/603
f 3118/4465/603 2612/4463/603 2611/4466/603
f 3118/4465/603 2611/4466/603 3119/4467/603
f 3119/4467/603 2611/4466/603 2610/4468/603
f 3119/4467/603 2610/4468/603 3120/4469/603
f 3120/4469/603 2610/4468/603 2609/4470/603
f 3120/4469/603 2609/4470/603 3121/4471/603
f 3121/4471/603 2609/4470/603 2608/4472/603
f 3121/4471/603 2608/4472/603 3122/4473/603
f 3122/4473/603 2608/4472/603 2607/4474/603
f 3122/4473/603 2607/4474/603 3123/4475/603
f 3123/4475/603 2607/4474/603 2606/4476/603
f 3123/4475/603 2606/4476/603 3124/4477/603
f 3124/4477/603 2606/4476/603 3125/4478/603
f 3125/4478/603 2606/4476/603 2605/4479/603
f 3125/4478/603 2605/4479/603 3126/4480/603
f 3126/4480/603 2605/4479/603 2604/4481/603
f 3126/4480/603 2604/4481/603 3127/4482/603
f 3127/4482/603 2604/4481/603 2603/4483/603
f 3127/4482/603 2603/4483/603 3128/4484/603
f 3128/4484/603 2603/4483/603 2602/4485/603
f 3128/4484/603 2602/4485/603 3129/4486/603
f 3129/4486/603 2602/4485/603 2601/4487/603
f 3129/4486/603 2601/4487/603 3130/4488/603
f 3130/4488/603 2601/4487/603 2600/4489/603
f 3130/4488/603 2600/4489/603 2599/4490/603
f 3130/4488/603 2599/4490/603 3131/4491/603
f 3131/4491/603 2599/4490/603 2598/4492/603
f 3131/4491/603 2598/4492/603 2597/4493/603
f 3131/4491/603 2597/4493/603 3132/4494/603
f 3132/4494/603 2597/4493/603 2596/4495/603
f 3132/4494/603 2596/4495/603 3076/4496/603
f 3076/4496/603 2596/4495/603 3077/4497/603
f 3077/4497/603 2596/4495/603 2595/4498/603
f 3077/4497/603 2595/4498/603 2594/4499/603
f 2593/4500/603 3352/4501/603 2594/4499/603
f 2594/4499/603 3352/4501/603 3078/4502/603
f 2594/4499/603 3078/4502/603 3077/4497/603
f 3352/4501/603 2593/4500/603 3351/4503/603
f 3351/4503/603 2593/4500/603 2592/4504/603
f 3351/4503/603 2592/4504/603 3340/4505/603
f 3351/4503/603 3340/4505/603 3350/4506/603
f 3350/4506/603 3340/4505/603 3341/4507/603
f 3350/4506/603 3341/4507/603 3349/4508/603
f 3349/4508/603 3341/4507/603 3342/4509/603
f 3349/4508/603 3342/4509/603 3223/4510/603
f 3223/4510/603 3342/4509/603 3224/4511/603
f 3224/4511/603 3342/4509/603 3343/4512/603
f 3224/4511/603 3343/4512/603 3225/4513/603
f 3225/4513/603 3343/4512/603 3226/4514/603
f 3226/4514/603 3343/4512/603 3227/4515/603
f 3227/4515/603 3343/4512/603 3228/4516/603
f 3228/4516/603 3343/4512/603 3317/4405/603
f 3228/4516/603 3317/4405/603 3229/4517/603
f 3229/4517/603 3317/4405/603 3230/4518/603
f 3230/4518/603 3317/4405/603 3231/4519/603
f 3231/4519/603 3317/4405/603 3232/4520/603
f 3232/4520/603 3317/4405/603 3233/4521/603
f 3233/4521/603 3317/4405/603 3209/4522/603
f 3209/4522/603 3317/4405/603 2775/4523/603
f 3209/4522/603 2775/4523/603 3210/4524/603
f 3210/4524/603 2775/4523/603 2774/4525/603
f 3210/4524/603 2774/4525/603 3211/4526/603
f 3211/4526/603 2774/4525/603 2773/4527/603
f 3211/4526/603 2773/4527/603 3212/4528/603
f 3212/4528/603 2773/4527/603 2772/4529/603
f 3212/4528/603 2772/4529/603 3213/4530/603
f 3213/4530/603 2772/4529/603 2771/4531/603
f 3213/4530/603 2771/4531/603 3214/4532/603
f 3214/4532/603 2771/4531/603 2770/4533/603
f 3214/4532/603 2770/4533/603 3215/4534/603
f 3215/4534/603 2770/4533/603 2769/4535/603
f 3215/4534/603 2769/4535/603 2829/4536/603
f 2829/4536/603 2769/4535/603 2810/4537/603
f 2810/4537/603 2769/4535/603 2768/4538/603
f 2810/4537/603 2768/4538/603 2811/4539/603
f 2811/4539/603 2768/4538/603 2767/4540/603
f 2811/4539/603 2767/4540/603 3178/4541/603
f 3178/4541/603 2767/4540/603 2766/4542/603
f 3178/4541/603 2766/4542/603 3179/4543/603
f 3179/4543/603 2766/4542/603 2765/4544/603
f 3179/4543/603 2765/4544/603 3180/4545/603
f 3180/4545/603 2765/4544/603 2764/4546/603
f 3180/4545/603 2764/4546/603 3181/4547/603
f 3181/4547/603 2764/4546/603 2763/4548/603
f 3181/4547/603 2763/4548/603 3182/4549/603
f 3182/4549/603 2763/4548/603 2762/4550/603
f 3182/4549/603 2762/4550/603 3183/4551/603
f 3183/4551/603 2762/4550/603 2761/4552/603
f 3183/4551/603 2761/4552/603 3159/4553/603
f 3159/4553/603 2761/4552/603 3316/4403/603
f 3159/4553/603 3316/4403/603 3160/4554/603
f 3160/4554/603 3316/4403/603 3161/4555/603
f 3161/4555/603 3316/4403/603 3162/4556/603
f 3162/4556/603 3316/4403/603 3163/4411/603
f 2776/4407/603 2775/4523/603 3317/4405/603
f 2761/4552/603 2760/4557/603 3316/4403/603
f 3316/4403/603 2760/4557/603 2759/4558/603
f 3316/4403/603 2759/4558/603 2758/4404/603
f 2829/4536/603 2828/4559/603 3215/4534/603
f 3215/4534/603 2828/4559/603 3216/4560/603
f 3216/4560/603 2828/4559/603 2827/4561/603
f 3216/4560/603 2827/4561/603 3217/4562/603
f 3217/4562/603 2827/4561/603 2826/4563/603
f 3217/4562/603 2826/4563/603 3218/4564/603
f 3218/4564/603 2826/4563/603 2825/4565/603
f 3218/4564/603 2825/4565/603 3219/4566/603
f 3219/4566/603 2825/4565/603 2824/4567/603
f 3219/4566/603 2824/4567/603 3345/4568/603
f 3345/4568/603 2824/4567/603 3344/4569/603
f 3344/4569/603 2824/4567/603 2823/4570/603
f 3344/4569/603 2823/4570/603 2822/4571/603
f 2822/4571/603 2821/4572/603 3344/4569/603
f 3344/4569/603 2821/4572/603 2820/4573/603
f 3344/4569/603 2820/4573/603 3369/4574/603
f 3369/4574/603 2820/4573/603 2819/4575/603
f 3369/4574/603 2819/4575/603 2818/4576/603
f 2818/4576/603 2817/4577/603 3369/4574/603
f 3369/4574/603 2817/4577/603 2816/4578/603
f 3369/4574/603 2816/4578/603 3368/4579/603
f 3368/4579/603 2816/4578/603 3174/4580/603
f 3368/4579/603 3174/4580/603 3173/4581/603
f 2816/4578/603 2815/4582/603 3174/4580/603
f 3174/4580/603 2815/4582/603 3175/4583/603
f 3175/4583/603 2815/4582/603 2814/4584/603
f 3175/4583/603 2814/4584/603 3176/4585/603
f 3176/4585/603 2814/4584/603 2813/4586/603
f 3176/4585/603 2813/4586/603 3177/4587/603
f 3177/4587/603 2813/4586/603 2812/4588/603
f 3177/4587/603 2812/4588/603 3178/4541/603
f 3178/4541/603 2812/4588/603 2811/4539/603
f 3017/4589/603 3061/4590/603 2993/4591/603
f 2993/4591/603 3061/4590/603 3060/4592/603
f 2993/4591/603 3060/4592/603 2994/4593/603
f 2994/4593/603 3060/4592/603 3059/4432/603
f 2994/4593/603 3059/4432/603 2995/4431/603
f 3061/4590/603 3017/4589/603 3062/4594/603
f 3062/4594/603 3017/4589/603 3016/4595/603
f 3062/4594/603 3016/4595/603 3063/4596/603
f 3063/4596/603 3016/4595/603 3015/4597/603
f 3063/4596/603 3015/4597/603 3064/4598/603
f 3064/4598/603 3015/4597/603 3014/4599/603
f 3064/4598/603 3014/4599/603 3013/4600/603
f 3064/4598/603 3013/4600/603 3065/4601/603
f 3065/4601/603 3013/4600/603 3012/4602/603
f 3065/4601/603 3012/4602/603 3066/4603/603
f 3066/4603/603 3012/4602/603 3011/4604/603
f 3066/4603/603 3011/4604/603 3067/4605/603
f 3067/4605/603 3011/4604/603 3010/4462/603
f 3067/4605/603 3010/4462/603 3068/4606/603
f 3068/4606/603 3010/4462/603 3117/4464/603
f 3068/4606/603 3117/4464/603 3116/4607/603
f 3083/4608/603 3356/4609/603 3051/4610/603
f 3051/4610/603 3356/4609/603 3357/4611/603
f 3051/4610/603 3357/4611/603 3052/4612/603
f 3052/4612/603 3357/4611/603 3053/4613/603
f 3053/4613/603 3357/4611/603 3054/4614/603
f 3054/4614/603 3357/4611/603 3358/4615/603
f 3054/4614/603 3358/4615/603 3055/4616/603
f 3055/4616/603 3358/4615/603 3359/4617/603
f 3055/4616/603 3359/4617/603 3056/4618/603
f 3056/4618/603 3359/4617/603 3360/4619/603
f 3056/4618/603 3360/4619/603 3057/4426/603
f 3057/4426/603 3360/4619/603 3361/4424/603
f 3083/4608/603 3082/4620/603 3356/4609/603
f 3356/4609/603 3082/4620/603 3081/4621/603
f 3356/4609/603 3081/4621/603 3355/4622/603
f 3355/4622/603 3081/4621/603 3080/4623/603
f 3355/4622/603 3080/4623/603 3354/4624/603
f 3354/4624/603 3080/4623/603 3079/4625/603
f 3354/4624/603 3079/4625/603 3353/4626/603
f 3353/4626/603 3079/4625/603 3078/4502/603
f 3353/4626/603 3078/4502/603 3352/4501/603
f 3132/4494/603 3076/4496/603 3133/4627/603
f 3133/4627/603 3076/4496/603 3075/4628/603
f 3133/4627/603 3075/4628/603 3109/4629/603
f 3109/4629/603 3075/4628/603 3074/4630/603
f 3109/4629/603 3074/4630/603 3110/4631/603
f 3110/4631/603 3074/4630/603 3073/4632/603
f 3110/4631/603 3073/4632/603 3111/4633/603
f 3111/4633/603 3073/4632/603 3072/4634/603
f 3111/4633/603 3072/4634/603 3112/4635/603
f 3112/4635/603 3072/4634/603 3071/4636/603
f 3112/4635/603 3071/4636/603 3113/4637/603
f 3113/4637/603 3071/4636/603 3114/4638/603
f 3114/4638/603 3071/4636/603 3070/4639/603
f 3114/4638/603 3070/4639/603 3115/4640/603
f 3115/4640/603 3070/4639/603 3069/4641/603
f 3115/4640/603 3069/4641/603 3116/4607/603
f 3116/4607/603 3069/4641/603 3068/4606/603
f 3368/4579/603 3173/4581/603 3367/4642/603
f 3367/4642/603 3173/4581/603 3172/4643/603
f 3367/4642/603 3172/4643/603 3366/4644/603
f 3366/4644/603 3172/4643/603 3171/4645/603
f 3366/4644/603 3171/4645/603 3365/4646/603
f 3365/4646/603 3171/4645/603 3170/4418/603
f 3365/4646/603 3170/4418/603 3364/4417/603
f 3167/4415/603 3166/4647/603 3336/4408/603
f 3336/4408/603 3166/4647/603 3165/4409/603
f 3219/4566/603 3345/4568/603 3220/4648/603
f 3220/4648/603 3345/4568/603 3346/4649/603
f 3220/4648/603 3346/4649/603 3221/4650/603
f 3221/4650/603 3346/4649/603 3347/4651/603
f 3221/4650/603 3347/4651/603 3222/4652/603
f 3222/4652/603 3347/4651/603 3348/4653/603
f 3222/4652/603 3348/4653/603 3223/4510/603
f 3223/4510/603 3348/4653/603 3349/4508/603
f 3371/4654/44 2716/4655/44 3370/4656/44
f 3370/4656/44 2716/4655/44 2715/4657/44
f 3370/4656/44 2715/4657/44 3417/4658/44
f 3417/4658/44 2715/4657/44 3416/4659/44
f 3416/4659/44 2715/4657/44 2714/4660/44
f 3416/4659/44 2714/4660/44 3415/4661/44
f 3415/4661/44 2714/4660/44 2713/4662/44
f 3415/4661/44 2713/4662/44 3414/4663/44
f 3414/4663/44 2713/4662/44 2712/4664/44
f 3414/4663/44 2712/4664/44 3413/4665/44
f 3413/4665/44 2712/4664/44 2711/4666/44
f 3413/4665/44 2711/4666/44 3412/4667/44
f 3412/4667/44 2711/4666/44 3411/4668/44
f 3411/4668/44 2711/4666/44 2710/4669/44
f 3411/4668/44 2710/4669/44 3410/4670/44
f 3410/4670/44 2710/4669/44 3409/4671/44
f 3409/4671/44 2710/4669/44 2709/4672/44
f 3409/4671/44 2709/4672/44 3408/4673/44
f 3408/4673/44 2709/4672/44 2708/4674/44
f 3408/4673/44 2708/4674/44 3407/4675/44
f 3407/4675/44 2708/4674/44 3406/4676/44
f 3406/4676/44 2708/4674/44 2707/4677/44
f 3406/4676/44 2707/4677/44 3405/4678/44
f 3405/4678/44 2707/4677/44 2897/4679/44
f 3405/4678/44 2897/4679/44 3404/4680/44
f 3404/4680/44 2897/4679/44 2896/4681/44
f 3404/4680/44 2896/4681/44 3403/4682/44
f 3403/4682/44 2896/4681/44 2895/4683/44
f 3403/4682/44 2895/4683/44 3402/4684/44
f 3402/4684/44 2895/4683/44 2894/4685/44
f 3402/4684/44 2894/4685/44 3401/4686/44
f 3401/4686/44 2894/4685/44 2893/4687/44
f 3401/4686/44 2893/4687/44 2892/4688/44
f 3371/4654/44 3372/4689/44 2716/4655/44
f 2716/4655/44 3372/4689/44 2717/4690/44
f 2717/4690/44 3372/4689/44 3373/4691/44
f 2717/4690/44 3373/4691/44 2718/4692/44
f 2718/4692/44 3373/4691/44 3374/4693/44
f 2718/4692/44 3374/4693/44 3375/4694/44
f 2718/4692/44 3375/4694/44 2719/4695/44
f 2719/4695/44 3375/4694/44 3376/4696/44
f 2719/4695/44 3376/4696/44 2860/4697/44
f 2860/4697/44 3376/4696/44 3377/4698/44
f 2860/4697/44 3377/4698/44 2861/4699/44
f 2861/4699/44 3377/4698/44 3378/4700/44
f 2861/4699/44 3378/4700/44 2862/4701/44
f 2862/4701/44 3378/4700/44 3379/4702/44
f 2862/4701/44 3379/4702/44 2863/4703/44
f 2863/4703/44 3379/4702/44 3380/4704/44
f 2863/4703/44 3380/4704/44 2864/4705/44
f 2864/4705/44 3380/4704/44 2865/4706/44
f 2865/4706/44 3380/4704/44 3381/4707/44
f 2865/4706/44 3381/4707/44 2866/4708/44
f 2866/4708/44 3381/4707/44 3382/4709/44
f 2866/4708/44 3382/4709/44 2867/4710/44
f 2867/4710/44 3382/4709/44 3383/4711/44
f 2867/4710/44 3383/4711/44 2868/4712/44
f 2868/4712/44 3383/4711/44 3384/4713/44
f 2868/4712/44 3384/4713/44 2869/4714/44
f 2869/4714/44 3384/4713/44 3385/4715/44
f 2869/4714/44 3385/4715/44 2847/4716/44
f 2847/4716/44 3385/4715/44 3386/4717/44
f 2847/4716/44 3386/4717/44 2848/4718/44
f 2848/4718/44 3386/4717/44 3387/4719/44
f 2848/4718/44 3387/4719/44 2849/4720/44
f 2849/4720/44 3387/4719/44 3388/4721/44
f 2849/4720/44 3388/4721/44 3389/4722/44
f 3389/4722/44 3390/4723/44 2849/4720/44
f 2849/4720/44 3390/4723/44 2850/4724/44
f 2850/4724/44 3390/4723/44 2907/4725/44
f 2850/4724/44 2907/4725/44 2906/4726/44
f 3390/4723/44 3391/4727/44 2907/4725/44
f 2907/4725/44 3391/4727/44 2908/4728/44
f 2908/4728/44 3391/4727/44 3392/4729/44
f 2908/4728/44 3392/4729/44 3393/4730/44
f 3393/4730/44 3394/4731/44 2908/4728/44
f 2908/4728/44 3394/4731/44 2909/4732/44
f 2909/4732/44 3394/4731/44 3395/4733/44
f 2909/4732/44 3395/4733/44 2887/4734/44
f 2887/4734/44 3395/4733/44 3396/4735/44
f 2887/4734/44 3396/4735/44 2888/4736/44
f 2888/4736/44 3396/4735/44 3397/4737/44
f 2888/4736/44 3397/4737/44 2889/4738/44
f 2889/4738/44 3397/4737/44 3398/4739/44
f 2889/4738/44 3398/4739/44 2890/4740/44
f 2890/4740/44 3398/4739/44 3399/4741/44
f 2890/4740/44 3399/4741/44 2891/4742/44
f 2891/4742/44 3399/4741/44 3400/4743/44
f 2891/4742/44 3400/4743/44 2892/4688/44
f 2892/4688/44 3400/4743/44 3401/4686/44
f 2725/4744/44 2854/4745/44 2700/4746/44
f 2700/4746/44 2854/4745/44 2853/4747/44
f 2700/4746/44 2853/4747/44 2904/4748/44
f 2904/4748/44 2853/4747/44 2852/4749/44
f 2904/4748/44 2852/4749/44 2905/4750/44
f 2905/4750/44 2852/4749/44 2851/4751/44
f 2905/4750/44 2851/4751/44 2906/4726/44
f 2906/4726/44 2851/4751/44 2850/4724/44
f 2854/4745/44 2725/4744/44 2855/4752/44
f 2855/4752/44 2725/4744/44 2724/4753/44
f 2855/4752/44 2724/4753/44 2856/4754/44
f 2856/4754/44 2724/4753/44 2723/4755/44
f 2856/4754/44 2723/4755/44 2857/4756/44
f 2857/4756/44 2723/4755/44 2722/4757/44
f 2857/4756/44 2722/4757/44 2858/4758/44
f 2858/4758/44 2722/4757/44 2721/4759/44
f 2858/4758/44 2721/4759/44 2859/4760/44
f 2859/4760/44 2721/4759/44 2720/4761/44
f 2859/4760/44 2720/4761/44 2719/4695/44
f 2897/4679/44 2707/4677/44 2898/4762/44
f 2898/4762/44 2707/4677/44 2706/4763/44
f 2898/4762/44 2706/4763/44 2705/4764/44
f 2898/4762/44 2705/4764/44 2899/4765/44
f 2899/4765/44 2705/4764/44 2704/4766/44
f 2899/4765/44 2704/4766/44 2900/4767/44
f 2900/4767/44 2704/4766/44 2703/4768/44
f 2900/4767/44 2703/4768/44 2901/4769/44
f 2901/4769/44 2703/4768/44 2702/4770/44
f 2901/4769/44 2702/4770/44 2902/4771/44
f 2902/4771/44 2702/4770/44 2701/4772/44
f 2902/4771/44 2701/4772/44 2903/4773/44
f 2903/4773/44 2701/4772/44 2700/4746/44
f 2903/4773/44 2700/4746/44 2904/4748/44
f 2860/4697/44 2859/4760/44 2719/4695/44
f 3334/4774/2802 3314/4775/2803 3438/4776/2804
f 3438/4776/2804 3314/4775/2803 3333/4777/2805
f 3438/4776/2804 3333/4777/2805 3437/4778/2806
f 3437/4778/2806 3333/4777/2805 3332/4779/2807
f 3437/4778/2806 3332/4779/2807 3436/4780/2808
f 3436/4780/2808 3332/4779/2807 3331/4781/2809
f 3436/4780/2808 3331/4781/2809 2510/4782/2810
f 2510/4782/2810 3331/4781/2809 2511/4783/2811
f 2511/4783/2811 3331/4781/2809 2512/4784/2812
f 2512/4784/2812 3331/4781/2809 3330/4785/2813
f 2512/4784/2812 3330/4785/2813 2513/4786/2814
f 2513/4786/2814 3330/4785/2813 2514/4787/2815
f 2514/4787/2815 3330/4785/2813 2515/4788/2816
f 2515/4788/2816 3330/4785/2813 2516/4789/2817
f 2516/4789/2817 3330/4785/2813 2517/4790/2818
f 2517/4790/2818 3330/4785/2813 3329/4791/2819
f 2517/4790/2818 3329/4791/2819 2518/4792/2820
f 2518/4792/2820 3329/4791/2819 2519/4793/2821
f 2519/4793/2821 3329/4791/2819 2520/4794/2822
f 2520/4794/2822 3329/4791/2819 3328/4795/2823
f 2520/4794/2822 3328/4795/2823 2521/4796/2824
f 2521/4796/2824 3328/4795/2823 2522/4797/2825
f 2522/4797/2825 3328/4795/2823 2523/4798/2826
f 2523/4798/2826 3328/4795/2823 2524/4799/2827
f 2524/4799/2827 3328/4795/2823 3327/4800/2828
f 2524/4799/2827 3327/4800/2828 2525/4801/2829
f 2525/4801/2829 3327/4800/2828 2526/4802/2830
f 2526/4802/2830 3327/4800/2828 3432/4803/2831
f 2526/4802/2830 3432/4803/2831 2527/4804/2832
f 2527/4804/2832 3432/4803/2831 2528/4805/2833
f 2528/4805/2833 3432/4803/2831 2529/4806/2834
f 2529/4806/2834 3432/4803/2831 2530/4807/2835
f 2530/4807/2835 3432/4803/2831 3433/4808/2836
f 2530/4807/2835 3433/4808/2836 2531/4809/2837
f 2531/4809/2837 3433/4808/2836 2532/4810/2838
f 2532/4810/2838 3433/4808/2836 2533/4811/2839
f 2533/4811/2839 3433/4808/2836 2502/4812/2840
f 2502/4812/2840 3433/4808/2836 3434/4813/2841
f 2502/4812/2840 3434/4813/2841 2503/4814/2842
f 2503/4814/2842 3434/4813/2841 2504/4815/2843
f 2504/4815/2843 3434/4813/2841 2505/4816/2844
f 2505/4816/2844 3434/4813/2841 3435/4817/2845
f 2505/4816/2844 3435/4817/2845 2506/4818/2846
f 2506/4818/2846 3435/4817/2845 2507/4819/2847
f 2507/4819/2847 3435/4817/2845 2508/4820/2848
f 2508/4820/2848 3435/4817/2845 2509/4821/2849
f 2509/4821/2849 3435/4817/2845 3436/4780/2808
f 2509/4821/2849 3436/4780/2808 2510/4782/2810
f 3326/4822/2850 2735/4823/2851 3327/4800/2828
f 3327/4800/2828 2735/4823/2851 2734/4824/2852
f 3327/4800/2828 2734/4824/2852 3431/4825/2853
f 3431/4825/2853 2734/4824/2852 2786/4826/2852
f 3431/4825/2853 2786/4826/2852 2785/4827/2854
f 3325/4828/2855 2742/4829/44 3326/4822/2850
f 3326/4822/2850 2742/4829/44 2741/4830/2856
f 3326/4822/2850 2741/4830/2856 2740/4831/2857
f 3324/4832/2858 2748/4833/2859 3325/4828/2855
f 3325/4828/2855 2748/4833/2859 2747/4834/2860
f 3325/4828/2855 2747/4834/2860 2746/4835/2861
f 3323/4836/2862 2569/4837/2863 3324/4832/2858
f 3324/4832/2858 2569/4837/2863 2568/4838/2864
f 3324/4832/2858 2568/4838/2864 3428/4839/2865
f 3428/4839/2865 2568/4838/2864 2567/4840/2866
f 3428/4839/2865 2567/4840/2866 2566/4841/2867
f 3322/4842/2868 2574/4843/2869 3323/4836/2862
f 3323/4836/2862 2574/4843/2869 2573/4844/2870
f 3323/4836/2862 2573/4844/2870 2572/4845/2871
f 3321/4846/2872 2577/4847/2873 3322/4842/2868
f 3322/4842/2868 2577/4847/2873 2576/4848/2874
f 3322/4842/2868 2576/4848/2874 2575/4849/2875
f 3320/4850/2876 2581/4851/2877 3321/4846/2872
f 3321/4846/2872 2581/4851/2877 2580/4852/2878
f 3321/4846/2872 2580/4852/2878 2579/4853/2879
f 3319/4854/2880 3424/4855/2881 3320/4850/2876
f 3320/4850/2876 3424/4855/2881 2584/4856/2882
f 3320/4850/2876 2584/4856/2882 2583/4857/2883
f 3424/4855/2881 3319/4854/2880 3423/4858/2884
f 3423/4858/2884 3319/4854/2880 3318/4859/2885
f 3423/4858/2884 3318/4859/2885 3422/4860/2886
f 3422/4860/2886 3318/4859/2885 3310/4861/2887
f 3422/4860/2886 3310/4861/2887 3313/4862/2888
f 3313/4862/2888 3418/4863/2889 3422/4860/2886
f 3422/4860/2886 3418/4863/2889 3419/4864/2890
f 3422/4860/2886 3419/4864/2890 3420/4865/2891
f 3420/4865/2891 3421/4866/2892 3422/4860/2886
f 2584/4856/2882 3424/4855/2881 2585/4867/2893
f 2585/4867/2893 3424/4855/2881 3425/4868/2894
f 2585/4867/2893 3425/4868/2894 2586/4869/2895
f 2586/4869/2895 3425/4868/2894 2587/4870/2896
f 2587/4870/2896 3425/4868/2894 2588/4871/2897
f 2588/4871/2897 3425/4868/2894 2589/4872/2898
f 2589/4872/2898 3425/4868/2894 3426/4873/2899
f 2589/4872/2898 3426/4873/2899 2590/4874/2900
f 2590/4874/2900 3426/4873/2899 2591/4875/2901
f 2591/4875/2901 3426/4873/2899 2560/4876/2902
f 2560/4876/2902 3426/4873/2899 3427/4877/2903
f 2560/4876/2902 3427/4877/2903 2561/4878/2904
f 2561/4878/2904 3427/4877/2903 2562/4879/2905
f 2562/4879/2905 3427/4877/2903 2563/4880/2906
f 2563/4880/2906 3427/4877/2903 2564/4881/2907
f 2564/4881/2907 3427/4877/2903 3428/4839/2865
f 2564/4881/2907 3428/4839/2865 2565/4882/2908
f 2565/4882/2908 3428/4839/2865 2566/4841/2867
f 3428/4839/2865 3429/4883/2909 3324/4832/2858
f 3324/4832/2858 3429/4883/2909 2750/4884/2910
f 3324/4832/2858 2750/4884/2910 2749/4885/2911
f 3430/4886/44 2807/4887/2912 3429/4883/2909
f 3429/4883/2909 2807/4887/2912 2806/4888/2861
f 3429/4883/2909 2806/4888/2861 2805/4889/2860
f 3431/4825/2853 2781/4890/2913 3430/4886/44
f 3430/4886/44 2781/4890/2913 2780/4891/2914
f 3430/4886/44 2780/4891/2914 2779/4892/2856
f 3431/4825/2853 3432/4803/2831 3327/4800/2828
f 3439/4893/2915 3440/4894/2916 3438/4776/2804
f 3438/4776/2804 3440/4894/2916 3441/4895/2917
f 3438/4776/2804 3441/4895/2917 3442/4896/2918
f 3442/4896/2918 3334/4774/2802 3438/4776/2804
f 2583/4857/2883 2582/4897/2919 3320/4850/2876
f 3320/4850/2876 2582/4897/2919 2581/4851/2877
f 2579/4853/2879 2578/4898/2920 3321/4846/2872
f 3321/4846/2872 2578/4898/2920 2577/4847/2873
f 2575/4849/2875 2574/4843/2869 3322/4842/2868
f 2572/4845/2871 2571/4899/2921 3323/4836/2862
f 3323/4836/2862 2571/4899/2921 2570/4900/2922
f 3323/4836/2862 2570/4900/2922 2569/4837/2863
f 2757/4901/2923 2795/4902/2924 2726/4903/44
f 2726/4903/44 2795/4902/2924 2794/4904/44
f 2726/4903/44 2794/4904/44 2727/4905/2925
f 2727/4905/2925 2794/4904/44 2793/4906/2925
f 2727/4905/2925 2793/4906/2925 2728/4907/2914
f 2728/4907/2914 2793/4906/2925 2792/4908/2914
f 2728/4907/2914 2792/4908/2914 2729/4909/2926
f 2729/4909/2926 2792/4908/2914 2791/4910/2926
f 2729/4909/2926 2791/4910/2926 2730/4911/1870
f 2730/4911/1870 2791/4910/2926 2790/4912/1870
f 2730/4911/1870 2790/4912/1870 2731/4913/2927
f 2731/4913/2927 2790/4912/1870 2789/4914/2927
f 2731/4913/2927 2789/4914/2927 2732/4915/2928
f 2732/4915/2928 2789/4914/2927 2788/4916/2928
f 2732/4915/2928 2788/4916/2928 2733/4917/2854
f 2733/4917/2854 2788/4916/2928 2787/4918/2851
f 2733/4917/2854 2787/4918/2851 2734/4824/2852
f 2734/4824/2852 2787/4918/2851 2786/4826/2852
f 2795/4902/2924 2757/4901/2923 2796/4919/2929
f 2796/4919/2929 2757/4901/2923 2756/4920/2929
f 2796/4919/2929 2756/4920/2929 2797/4921/2912
f 2797/4921/2912 2756/4920/2929 2755/4922/2912
f 2797/4921/2912 2755/4922/2912 2798/4923/2930
f 2798/4923/2930 2755/4922/2912 2754/4924/2930
f 2798/4923/2930 2754/4924/2930 2799/4925/2860
f 2799/4925/2860 2754/4924/2930 2753/4926/2860
f 2799/4925/2860 2753/4926/2860 2800/4927/2931
f 2800/4927/2931 2753/4926/2860 2752/4928/2931
f 2800/4927/2931 2752/4928/2931 2801/4929/2911
f 2801/4929/2911 2752/4928/2931 2751/4930/2911
f 2801/4929/2911 2751/4930/2911 2802/4931/2932
f 2802/4931/2932 2751/4930/2911 2750/4884/2910
f 2802/4931/2932 2750/4884/2910 3429/4883/2909
f 2749/4885/2911 2748/4833/2859 3324/4832/2858
f 2746/4835/2861 2745/4932/2912 3325/4828/2855
f 3325/4828/2855 2745/4932/2912 2744/4933/2933
f 3325/4828/2855 2744/4933/2933 2743/4934/2923
f 2743/4934/2923 2742/4829/44 3325/4828/2855
f 2740/4831/2857 2739/4935/2926 3326/4822/2850
f 3326/4822/2850 2739/4935/2926 2738/4936/2934
f 3326/4822/2850 2738/4936/2934 2737/4937/2927
f 2737/4937/2927 2736/4938/2928 3326/4822/2850
f 3326/4822/2850 2736/4938/2928 2735/4823/2851
f 2779/4892/2856 2778/4939/44 3430/4886/44
f 3430/4886/44 2778/4939/44 2809/4940/2923
f 3430/4886/44 2809/4940/2923 2808/4941/2929
f 2808/4941/2929 2807/4887/2912 3430/4886/44
f 2805/4889/2860 2804/4942/2931 3429/4883/2909
f 3429/4883/2909 2804/4942/2931 2803/4943/2935
f 3429/4883/2909 2803/4943/2935 2802/4931/2932
f 2785/4827/2854 2784/4944/2928 3431/4825/2853
f 3431/4825/2853 2784/4944/2928 2783/4945/2927
f 3431/4825/2853 2783/4945/2927 2782/4946/2934
f 2782/4946/2934 2781/4890/2913 3431/4825/2853
f 3444/4947/383 3439/4948/383 3414/4949/383
f 3414/4949/383 3439/4948/383 3438/4950/383
f 3414/4949/383 3438/4950/383 3422/4951/383
f 3422/4951/383 3438/4950/383 3423/4952/383
f 3423/4952/383 3438/4950/383 3437/4953/383
f 3423/4952/383 3437/4953/383 3424/4954/383
f 3424/4954/383 3437/4953/383 3436/4955/383
f 3424/4954/383 3436/4955/383 3425/4956/383
f 3425/4956/383 3436/4955/383 3435/4957/383
f 3425/4956/383 3435/4957/383 3426/4958/383
f 3426/4958/383 3435/4957/383 3434/4959/383
f 3426/4958/383 3434/4959/383 3427/4960/383
f 3427/4960/383 3434/4959/383 3433/4961/383
f 3427/4960/383 3433/4961/383 3428/4962/383
f 3428/4962/383 3433/4961/383 3432/4963/383
f 3428/4962/383 3432/4963/383 3429/4964/383
f 3429/4964/383 3432/4963/383 3431/4965/383
f 3429/4964/383 3431/4965/383 3430/4966/383
f 3414/4949/383 3422/4951/383 3415/4967/383
f 3415/4967/383 3422/4951/383 3421/4968/383
f 3415/4967/383 3421/4968/383 3443/4969/383
f 3185/4970/603 3184/4971/603 3276/4972/603
f 3276/4972/603 3184/4971/603 3208/4973/603
f 3276/4972/603 3208/4973/603 3277/4974/603
f 3277/4974/603 3208/4973/603 3207/4975/603
f 3277/4974/603 3207/4975/603 3278/4976/603
f 3278/4976/603 3207/4975/603 3206/4977/603
f 3278/4976/603 3206/4977/603 3205/4978/603
f 3278/4976/603 3205/4978/603 3279/4979/603
f 3279/4979/603 3205/4978/603 3204/4980/603
f 3279/4979/603 3204/4980/603 3280/4981/603
f 3280/4981/603 3204/4980/603 3203/4982/603
f 3280/4981/603 3203/4982/603 3202/4983/603
f 3280/4981/603 3202/4983/603 3281/4984/603
f 3281/4984/603 3202/4983/603 3201/4985/603
f 3281/4984/603 3201/4985/603 3282/4986/603
f 3282/4986/603 3201/4985/603 3200/4987/603
f 3282/4986/603 3200/4987/603 3199/4988/603
f 3282/4986/603 3199/4988/603 3283/4989/603
f 3283/4989/603 3199/4988/603 3198/4990/603
f 3283/4989/603 3198/4990/603 3284/4991/603
f 3284/4991/603 3198/4990/603 3197/4992/603
f 3284/4991/603 3197/4992/603 3196/4993/603
f 3284/4991/603 3196/4993/603 3285/4994/603
f 3285/4994/603 3196/4993/603 3195/4995/603
f 3285/4994/603 3195/4995/603 3286/4996/603
f 3286/4996/603 3195/4995/603 3194/4997/603
f 3286/4996/603 3194/4997/603 3287/4998/603
f 3287/4998/603 3194/4997/603 3193/4999/603
f 3287/4998/603 3193/4999/603 3192/5000/603
f 3287/4998/603 3192/5000/603 3288/5001/603
f 3288/5001/603 3192/5000/603 3191/5002/603
f 3288/5001/603 3191/5002/603 3289/5003/603
f 3289/5003/603 3191/5002/603 3190/5004/603
f 3289/5003/603 3190/5004/603 3189/5005/603
f 3289/5003/603 3189/5005/603 3290/5006/603
f 3290/5006/603 3189/5005/603 3188/5007/603
f 3290/5006/603 3188/5007/603 3291/5008/603
f 3291/5008/603 3188/5007/603 3187/5009/603
f 3291/5008/603 3187/5009/603 3186/5010/603
f 3291/5008/603 3186/5010/603 3292/5011/603
f 3292/5011/603 3186/5010/603 3185/4970/603
f 3292/5011/603 3185/4970/603 3276/4972/603
f 3457/5012/94 3356/5013/94 3456/5014/2694
f 3456/5014/2694 3356/5013/94 3355/5015/2694
f 3456/5014/2694 3355/5015/2694 3455/5016/2695
f 3455/5016/2695 3355/5015/2694 3354/5017/2695
f 3455/5016/2695 3354/5017/2695 3454/5018/1472
f 3454/5018/1472 3354/5017/2695 3353/5019/1472
f 3454/5018/1472 3353/5019/1472 3453/5020/2696
f 3453/5020/2696 3353/5019/1472 3352/5021/2696
f 3453/5020/2696 3352/5021/2696 3452/5022/2697
f 3452/5022/2697 3352/5021/2696 3351/5023/2697
f 3452/5022/2697 3351/5023/2697 3451/5024/265
f 3451/5024/265 3351/5023/2697 3350/5025/265
f 3451/5024/265 3350/5025/265 3450/5026/2698
f 3450/5026/2698 3350/5025/265 3349/5027/2698
f 3450/5026/2698 3349/5027/2698 3449/5028/2699
f 3449/5028/2699 3349/5027/2698 3348/5029/2699
f 3449/5028/2699 3348/5029/2699 3448/5030/453
f 3448/5030/453 3348/5029/2699 3347/5031/453
f 3448/5030/453 3347/5031/453 3447/5032/988
f 3447/5032/988 3347/5031/453 3346/5033/988
f 3447/5032/988 3346/5033/988 3446/5034/2700
f 3446/5034/2700 3346/5033/988 3345/5035/2700
f 3446/5034/2700 3345/5035/2700 3445/599/383
f 3445/599/383 3345/5035/2700 3344/4155/383
f 3357/5036/94 3356/5037/94 3458/5038/94
f 3458/5038/94 3356/5037/94 3457/599/94
f 3470/599/383 3369/4155/383 3469/5039/2701
f 3469/5039/2701 3369/4155/383 3368/5040/2701
f 3469/5039/2701 3368/5040/2701 3468/5041/398
f 3468/5041/398 3368/5040/2701 3367/5042/398
f 3468/5041/398 3367/5042/398 3467/5043/507
f 3467/5043/507 3367/5042/398 3366/5044/507
f 3467/5043/507 3366/5044/507 3466/5045/2702
f 3466/5045/2702 3366/5044/507 3365/5046/2702
f 3466/5045/2702 3365/5046/2702 3465/5047/2703
f 3465/5047/2703 3365/5046/2702 3364/5048/2703
f 3465/5047/2703 3364/5048/2703 3464/5049/279
f 3464/5049/279 3364/5048/2703 3363/5050/279
f 3464/5049/279 3363/5050/279 3463/5051/2704
f 3463/5051/2704 3363/5050/279 3362/5052/2704
f 3463/5051/2704 3362/5052/2704 3462/5053/2705
f 3462/5053/2705 3362/5052/2704 3361/5054/2705
f 3462/5053/2705 3361/5054/2705 3461/5055/1465
f 3461/5055/1465 3361/5054/2705 3360/5056/1465
f 3461/5055/1465 3360/5056/1465 3460/5057/2706
f 3460/5057/2706 3360/5056/1465 3359/5058/2706
f 3460/5057/2706 3359/5058/2706 3459/5059/2693
f 3459/5059/2693 3359/5058/2706 3358/5060/2693
f 3459/5059/2693 3358/5060/2693 3458/5061/94
f 3458/5061/94 3358/5060/2693 3357/5062/94
f 3344/5037/383 3369/5063/383 3445/599/383
f 3445/599/383 3369/5063/383 3470/5064/383
f 3456/5065/603 3455/5066/603 3457/5067/603
f 3457/5067/603 3455/5066/603 3454/5068/603
f 3457/5067/603 3454/5068/603 3453/5069/603
f 3457/5067/603 3453/5069/603 3463/5070/603
f 3463/5070/603 3453/5069/603 3452/5071/603
f 3463/5070/603 3452/5071/603 3464/5072/603
f 3464/5072/603 3452/5071/603 3451/5073/603
f 3464/5072/603 3451/5073/603 3450/5074/603
f 3464/5072/603 3450/5074/603 3465/5075/603
f 3465/5075/603 3450/5074/603 3449/5076/603
f 3465/5075/603 3449/5076/603 3445/5077/603
f 3445/5077/603 3449/5076/603 3448/5078/603
f 3445/5077/603 3448/5078/603 3447/5079/603
f 3447/5079/603 3446/5080/603 3445/5077/603
f 3465/5075/603 3445/5077/603 3466/5081/603
f 3466/5081/603 3445/5077/603 3470/5082/603
f 3466/5081/603 3470/5082/603 3467/5083/603
f 3467/5083/603 3470/5082/603 3468/5084/603
f 3468/5084/603 3470/5082/603 3469/5085/603
f 3463/5070/603 3462/5086/603 3457/5067/603
f 3457/5067/603 3462/5086/603 3458/5087/603
f 3458/5087/603 3462/5086/603 3461/5088/603
f 3458/5087/603 3461/5088/603 3460/5089/603
f 3460/5089/603 3459/5090/603 3458/5087/603
f 3135/4970/603 3134/4971/603 3293/4972/603
f 3293/4972/603 3134/4971/603 3158/4973/603
f 3293/4972/603 3158/4973/603 3294/4974/603
f 3294/4974/603 3158/4973/603 3157/4975/603
f 3294/4974/603 3157/4975/603 3295/4976/603
f 3295/4976/603 3157/4975/603 3156/4977/603
f 3295/4976/603 3156/4977/603 3155/4978/603
f 3295/4976/603 3155/4978/603 3296/4979/603
f 3296/4979/603 3155/4978/603 3154/4980/603
f 3296/4979/603 3154/4980/603 3297/4981/603
f 3297/4981/603 3154/4980/603 3153/4982/603
f 3297/4981/603 3153/4982/603 3152/4983/603
f 3297/4981/603 3152/4983/603 3298/4984/603
f 3298/4984/603 3152/4983/603 3151/4985/603
f 3298/4984/603 3151/4985/603 3299/4986/603
f 3299/4986/603 3151/4985/603 3150/4987/603
f 3299/4986/603 3150/4987/603 3149/4988/603
f 3299/4986/603 3149/4988/603 3300/4989/603
f 3300/4989/603 3149/4988/603 3148/4990/603
f 3300/4989/603 3148/4990/603 3301/4991/603
f 3301/4991/603 3148/4990/603 3147/4992/603
f 3301/4991/603 3147/4992/603 3146/4993/603
f 3301/4991/603 3146/4993/603 3302/4994/603
f 3302/4994/603 3146/4993/603 3145/4995/603
f 3302/4994/603 3145/4995/603 3303/4996/603
f 3303/4996/603 3145/4995/603 3144/4997/603
f 3303/4996/603 3144/4997/603 3304/4998/603
f 3304/4998/603 3144/4997/603 3143/4999/603
f 3304/4998/603 3143/4999/603 3142/5000/603
f 3304/4998/603 3142/5000/603 3305/5001/603
f 3305/5001/603 3142/5000/603 3141/5002/603
f 3305/5001/603 3141/5002/603 3306/5003/603
f 3306/5003/603 3141/5002/603 3140/5004/603
f 3306/5003/603 3140/5004/603 3139/5005/603
f 3306/5003/603 3139/5005/603 3307/5006/603
f 3307/5006/603 3139/5005/603 3138/5007/603
f 3307/5006/603 3138/5007/603 3308/5008/603
f 3308/5008/603 3138/5007/603 3137/5009/603
f 3308/5008/603 3137/5009/603 3136/5010/603
f 3308/5008/603 3136/5010/603 3309/5011/603
f 3309/5011/603 3136/5010/603 3135/4970/603
f 3309/5011/603 3135/4970/603 3293/4972/603
f 3085/4970/603 3084/4971/603 2927/4972/603
f 2927/4972/603 3084/4971/603 3108/4973/603
f 2927/4972/603 3108/4973/603 2928/4974/603
f 2928/4974/603 3108/4973/603 3107/4975/603
f 2928/4974/603 3107/4975/603 2929/4976/603
f 2929/4976/603 3107/4975/603 3106/4977/603
f 2929/4976/603 3106/4977/603 3105/4978/603
f 2929/4976/603 3105/4978/603 2930/4979/603
f 2930/4979/603 3105/4978/603 3104/4980/603
f 2930/4979/603 3104/4980/603 2931/4981/603
f 2931/4981/603 3104/4980/603 3103/4982/603
f 2931/4981/603 3103/4982/603 3102/4983/603
f 2931/4981/603 3102/4983/603 2932/4984/603
f 2932/4984/603 3102/4983/603 3101/4985/603
f 2932/4984/603 3101/4985/603 2933/4986/603
f 2933/4986/603 3101/4985/603 3100/4987/603
f 2933/4986/603 3100/4987/603 3099/4988/603
f 2933/4986/603 3099/4988/603 2934/4989/603
f 2934/4989/603 3099/4988/603 3098/4990/603
f 2934/4989/603 3098/4990/603 2935/4991/603
f 2935/4991/603 3098/4990/603 3097/4992/603
f 2935/4991/603 3097/4992/603 3096/4993/603
f 2935/4991/603 3096/4993/603 2936/4994/603
f 2936/4994/603 3096/4993/603 3095/4995/603
f 2936/4994/603 3095/4995/603 2937/4996/603
f 2937/4996/603 3095/4995/603 3094/4997/603
f 2937/4996/603 3094/4997/603 2938/4998/603
f 2938/4998/603 3094/4997/603 3093/4999/603
f 2938/4998/603 3093/4999/603 3092/5000/603
f 2938/4998/603 3092/5000/603 2939/5001/603
f 2939/5001/603 3092/5000/603 3091/5002/603
f 2939/5001/603 3091/5002/603 2940/5003/603
f 2940/5003/603 3091/5002/603 3090/5004/603
f 2940/5003/603 3090/5004/603 3089/5005/603
f 2940/5003/603 3089/5005/603 2941/5006/603
f 2941/5006/603 3089/5005/603 3088/5007/603
f 2941/5006/603 3088/5007/603 2942/5008/603
f 2942/5008/603 3088/5007/603 3087/5009/603
f 2942/5008/603 3087/5009/603 3086/5010/603
f 2942/5008/603 3086/5010/603 2943/5011/603
f 2943/5011/603 3086/5010/603 3085/4970/603
f 2943/5011/603 3085/4970/603 2927/4972/603
f 3019/5091/603 3018/5092/603 2944/5077/603
f 2944/5077/603 3018/5092/603 3050/5093/603
f 2944/5077/603 3050/5093/603 2945/5094/603
f 2945/5094/603 3050/5093/603 3049/5095/603
f 2945/5094/603 3049/5095/603 2946/5096/603
f 2946/5096/603 3049/5095/603 3048/5097/603
f 2946/5096/603 3048/5097/603 2947/5098/603
f 2947/5098/603 3048/5097/603 3047/5099/603
f 2947/5098/603 3047/5099/603 3046/5100/603
f 2947/5098/603 3046/5100/603 2948/5101/603
f 2948/5101/603 3046/5100/603 3045/5102/603
f 2948/5101/603 3045/5102/603 2949/5103/603
f 2949/5103/603 3045/5102/603 3044/5104/603
f 2949/5103/603 3044/5104/603 3043/5105/603
f 2949/5103/603 3043/5105/603 2950/5106/603
f 2950/5106/603 3043/5105/603 3042/5107/603
f 2950/5106/603 3042/5107/603 2951/5108/603
f 2951/5108/603 3042/5107/603 3041/5109/603
f 2951/5108/603 3041/5109/603 2952/5110/603
f 2952/5110/603 3041/5109/603 3040/5111/603
f 2952/5110/603 3040/5111/603 3039/5112/603
f 2952/5110/603 3039/5112/603 2953/5113/603
f 2953/5113/603 3039/5112/603 3038/5114/603
f 2953/5113/603 3038/5114/603 2954/5115/603
f 2954/5115/603 3038/5114/603 3037/5116/603
f 2954/5115/603 3037/5116/603 2955/5117/603
f 2955/5117/603 3037/5116/603 3036/5118/603
f 2955/5117/603 3036/5118/603 3035/5119/603
f 2955/5117/603 3035/5119/603 2956/5067/603
f 2956/5067/603 3035/5119/603 3034/5120/603
f 2956/5067/603 3034/5120/603 2957/5065/603
f 2957/5065/603 3034/5120/603 3033/5121/603
f 2957/5065/603 3033/5121/603 3032/5122/603
f 2957/5065/603 3032/5122/603 2958/5066/603
f 2958/5066/603 3032/5122/603 3031/5123/603
f 2958/5066/603 3031/5123/603 2959/5068/603
f 2959/5068/603 3031/5123/603 3030/5124/603
f 2959/5068/603 3030/5124/603 2960/5069/603
f 2960/5069/603 3030/5124/603 3029/5125/603
f 2960/5069/603 3029/5125/603 3028/5126/603
f 2960/5069/603 3028/5126/603 2961/5071/603
f 2961/5071/603 3028/5126/603 3027/5127/603
f 2961/5071/603 3027/5127/603 2962/5073/603
f 2962/5073/603 3027/5127/603 3026/5128/603
f 2962/5073/603 3026/5128/603 2963/5074/603
f 2963/5074/603 3026/5128/603 3025/5129/603
f 2963/5074/603 3025/5129/603 3024/5130/603
f 2963/5074/603 3024/5130/603 2964/5076/603
f 2964/5076/603 3024/5130/603 3023/5131/603
f 2964/5076/603 3023/5131/603 2965/5078/603
f 2965/5078/603 3023/5131/603 3022/5132/603
f 2965/5078/603 3022/5132/603 3021/5133/603
f 2965/5078/603 3021/5133/603 2966/5079/603
f 2966/5079/603 3021/5133/603 3020/5134/603
f 2966/5079/603 3020/5134/603 2967/5080/603
f 2967/5080/603 3020/5134/603 3019/5091/603
f 2967/5080/603 3019/5091/603 2944/5077/603
f 2969/4970/603 2968/4971/603 2910/4972/603
f 2910/4972/603 2968/4971/603 2992/4973/603
f 2910/4972/603 2992/4973/603 2911/4974/603
f 2911/4974/603 2992/4973/603 2991/4975/603
f 2911/4974/603 2991/4975/603 2912/4976/603
f 2912/4976/603 2991/4975/603 2990/4977/603
f 2912/4976/603 2990/4977/603 2989/4978/603
f 2912/4976/603 2989/4978/603 2913/4979/603
f 2913/4979/603 2989/4978/603 2988/4980/603
f 2913/4979/603 2988/4980/603 2914/4981/603
f 2914/4981/603 2988/4980/603 2987/4982/603
f 2914/4981/603 2987/4982/603 2986/4983/603
f 2914/4981/603 2986/4983/603 2915/4984/603
f 2915/4984/603 2986/4983/603 2985/4985/603
f 2915/4984/603 2985/4985/603 2916/4986/603
f 2916/4986/603 2985/4985/603 2984/4987/603
f 2916/4986/603 2984/4987/603 2983/4988/603
f 2916/4986/603 2983/4988/603 2917/4989/603
f 2917/4989/603 2983/4988/603 2982/4990/603
f 2917/4989/603 2982/4990/603 2918/4991/603
f 2918/4991/603 2982/4990/603 2981/4992/603
f 2918/4991/603 2981/4992/603 2980/4993/603
f 2918/4991/603 2980/4993/603 2919/4994/603
f 2919/4994/603 2980/4993/603 2979/4995/603
f 2919/4994/603 2979/4995/603 2920/4996/603
f 2920/4996/603 2979/4995/603 2978/4997/603
f 2920/4996/603 2978/4997/603 2921/4998/603
f 2921/4998/603 2978/4997/603 2977/4999/603
f 2921/4998/603 2977/4999/603 2976/5000/603
f 2921/4998/603 2976/5000/603 2922/5001/603
f 2922/5001/603 2976/5000/603 2975/5002/603
f 2922/5001/603 2975/5002/603 2923/5003/603
f 2923/5003/603 2975/5002/603 2974/5004/603
f 2923/5003/603 2974/5004/603 2973/5005/603
f 2923/5003/603 2973/5005/603 2924/5006/603
f 2924/5006/603 2973/5005/603 2972/5007/603
f 2924/5006/603 2972/5007/603 2925/5008/603
f 2925/5008/603 2972/5007/603 2971/5009/603
f 2925/5008/603 2971/5009/603 2970/5010/603
f 2925/5008/603 2970/5010/603 2926/5011/603
f 2926/5011/603 2970/5010/603 2969/4970/603
f 2926/5011/603 2969/4970/603 2910/4972/603
f 3313/5135/279 3312/5136/279 3418/5137/2936
f 3418/5137/2936 3312/5136/279 3471/5138/2937
f 3418/5137/2936 3471/5138/2937 3419/5139/2938
f 3419/5139/2938 3471/5138/2937 3420/5140/2939
f 3420/5140/2939 3471/5138/2937 3472/5141/2940
f 3420/5140/2939 3472/5141/2940 3443/5142/2941
f 3443/5142/2941 3472/5141/2940 3473/5143/2942
f 3443/5142/2941 3473/5143/2942 3475/5144/2943
f 3475/5144/2943 3473/5143/2942 3474/5145/2944
f 3474/5145/2944 3473/5143/2942 2675/5146/2759
f 3474/5145/2944 2675/5146/2759 3275/5147/2759
f 3443/5142/2941 3421/5148/2945 3420/5140/2939
f 3234/5149/2797 2634/5150/2796 3480/5151/2946
f 3480/5151/2946 2634/5150/2796 3476/5152/2947
f 3480/5151/2946 3476/5152/2947 3479/5153/2948
f 3479/5153/2948 3476/5152/2947 3444/5154/2949
f 3444/5154/2949 3476/5152/2947 3477/5155/2950
f 3444/5154/2949 3477/5155/2950 3439/5156/2949
f 3439/5156/2949 3477/5155/2950 3440/5157/2951
f 3440/5157/2951 3477/5155/2950 3478/5158/2952
f 3440/5157/2951 3478/5158/2952 3441/5159/2953
f 3441/5159/2953 3478/5158/2952 3442/5160/2954
f 3442/5160/2954 3478/5158/2952 3335/5161/265
f 3442/5160/2954 3335/5161/265 3334/5162/265
f 3317/5163/2955 3343/5164/2955 3311/5165/2955
f 3311/5165/2955 3343/5164/2955 3312/5166/2955
f 3343/5167/2955 3342/5168/2956 3312/5169/2955
f 3312/5169/2955 3342/5168/2956 3471/5170/2956
f 3471/5170/2956 3342/5168/2956 3341/5171/2957
f 3471/5170/2956 3341/5171/2957 3472/5172/2957
f 3472/5172/2957 3341/5171/2957 3473/5173/2958
f 3473/5173/2958 3341/5171/2957 3340/5174/2958
f 3473/5173/2958 3340/5174/2958 2592/5175/2515
f 2592/5175/2515 2675/5176/2515 3473/5173/2958
f 2633/5177/2558 3339/5178/2959 2634/5179/2558
f 2634/5179/2558 3339/5178/2959 3476/5180/2959
f 3476/5180/2959 3339/5178/2959 3477/5181/2960
f 3477/5181/2960 3339/5178/2959 3338/5182/2960
f 3477/5181/2960 3338/5182/2960 3337/5183/2961
f 3477/5181/2960 3337/5183/2961 3478/5184/2961
f 3478/5184/2961 3337/5183/2961 3336/5185/2962
f 3478/5184/2961 3336/5185/2962 3335/5186/2962
f 3315/5187/2962 3335/5188/2962 3316/5189/2962
f 3316/5189/2962 3335/5188/2962 3336/5190/2962
f 3415/5191/2963 3443/5192/2964 3416/5193/2965
f 3416/5193/2965 3443/5192/2964 3475/5194/2966
f 3416/5193/2965 3475/5194/2966 3417/5195/2967
f 3417/5195/2967 3475/5194/2966 3474/5196/2968
f 3417/5195/2967 3474/5196/2968 3370/5197/2969
f 3370/5197/2969 3474/5196/2968 3275/5198/2969
f 3275/5199/2969 3274/5200/2970 3370/5201/2969
f 3370/5201/2969 3274/5200/2970 3371/5202/2970
f 3371/5202/2970 3274/5200/2970 3273/5203/2971
f 3371/5202/2970 3273/5203/2971 3372/5204/2971
f 3372/5204/2971 3273/5203/2971 3272/5205/2972
f 3372/5204/2971 3272/5205/2972 3373/5206/2972
f 3373/5206/2972 3272/5205/2972 3271/5207/2973
f 3373/5206/2972 3271/5207/2973 3374/5208/2973
f 3374/5208/2973 3271/5207/2973 3270/5209/2974
f 3374/5208/2973 3270/5209/2974 3375/5210/2974
f 3375/5210/2974 3270/5209/2974 3269/5211/2975
f 3375/5210/2974 3269/5211/2975 3376/5212/2975
f 3376/5212/2975 3269/5211/2975 3268/5213/2976
f 3376/5212/2975 3268/5213/2976 3377/5214/2976
f 3377/5214/2976 3268/5213/2976 3267/5215/2977
f 3377/5214/2976 3267/5215/2977 3378/5216/2977
f 3378/5216/2977 3267/5215/2977 3266/5217/2978
f 3378/5216/2977 3266/5217/2978 3379/5218/2978
f 3379/5218/2978 3266/5217/2978 3265/5219/2979
f 3379/5218/2978 3265/5219/2979 3380/5220/2980
f 3380/5220/2980 3265/5219/2979 3264/5221/2981
f 3380/5220/2980 3264/5221/2981 3381/5222/2981
f 3381/5222/2981 3264/5221/2981 3263/5223/2982
f 3381/5222/2981 3263/5223/2982 3382/5224/2982
f 3382/5224/2982 3263/5223/2982 3262/5225/2983
f 3382/5224/2982 3262/5225/2983 3383/5226/2983
f 3383/5226/2983 3262/5225/2983 3261/5227/2984
f 3383/5226/2983 3261/5227/2984 3384/5228/2984
f 3384/5228/2984 3261/5227/2984 3260/5229/2985
f 3384/5228/2984 3260/5229/2985 3385/5230/2985
f 3385/5230/2985 3260/5229/2985 3259/5231/2986
f 3385/5230/2985 3259/5231/2986 3386/5232/2986
f 3386/5232/2986 3259/5231/2986 3258/5233/2987
f 3386/5232/2986 3258/5233/2987 3387/5234/2987
f 3387/5234/2987 3258/5233/2987 3257/5235/2988
f 3387/5234/2987 3257/5235/2988 3388/5236/2988
f 3388/5236/2988 3257/5235/2988 3256/5237/2989
f 3388/5236/2988 3256/5237/2989 3389/5238/2989
f 3389/5238/2989 3256/5237/2989 3255/5239/2990
f 3389/5238/2989 3255/5239/2990 3390/5240/2990
f 3390/5240/2990 3255/5239/2990 3254/5241/2991
f 3390/5240/2990 3254/5241/2991 3391/5242/2991
f 3391/5243/2991 3254/5244/2991 3253/5245/2992
f 3391/5243/2991 3253/5245/2992 3392/5246/2992
f 3392/5246/2992 3253/5245/2992 3252/5247/2993
f 3392/5246/2992 3252/5247/2993 3393/5248/2993
f 3393/5248/2993 3252/5247/2993 3251/5249/2994
f 3393/5248/2993 3251/5249/2994 3394/5250/2994
f 3394/5250/2994 3251/5249/2994 3250/5251/2995
f 3394/5250/2994 3250/5251/2995 3395/5252/2995
f 3395/5252/2995 3250/5251/2995 3249/5253/2996
f 3395/5252/2995 3249/5253/2996 3396/5254/2996
f 3396/5254/2996 3249/5253/2996 3248/5255/2997
f 3396/5254/2996 3248/5255/2997 3397/5256/2997
f 3397/5256/2997 3248/5255/2997 3247/5257/2998
f 3397/5256/2997 3247/5257/2998 3398/5258/2998
f 3398/5258/2998 3247/5257/2998 3246/5259/2999
f 3398/5258/2998 3246/5259/2999 3399/5260/2999
f 3399/5260/2999 3246/5259/2999 3245/5261/3000
f 3399/5260/2999 3245/5261/3000 3400/5262/3000
f 3400/5262/3000 3245/5261/3000 3244/5263/3001
f 3400/5262/3000 3244/5263/3001 3401/5264/3002
f 3401/5264/3002 3244/5263/3001 3243/5265/3003
f 3401/5264/3002 3243/5265/3003 3402/5266/3003
f 3402/5266/3003 3243/5265/3003 3242/5267/3004
f 3402/5266/3003 3242/5267/3004 3403/5268/3004
f 3403/5268/3004 3242/5267/3004 3241/5269/3005
f 3403/5268/3004 3241/5269/3005 3404/5270/3005
f 3404/5270/3005 3241/5269/3005 3240/5271/3006
f 3404/5270/3005 3240/5271/3006 3405/5272/3006
f 3405/5272/3006 3240/5271/3006 3239/5273/3007
f 3405/5272/3006 3239/5273/3007 3406/5274/3007
f 3406/5274/3007 3239/5273/3007 3238/5275/3008
f 3406/5274/3007 3238/5275/3008 3407/5276/3008
f 3407/5276/3008 3238/5275/3008 3237/5277/3009
f 3407/5276/3008 3237/5277/3009 3408/5278/3009
f 3408/5278/3009 3237/5277/3009 3236/5279/3010
f 3408/5278/3009 3236/5279/3010 3409/5280/3010
f 3409/5280/3010 3236/5279/3010 3235/5281/3011
f 3409/5280/3010 3235/5281/3011 3410/5282/3011
f 3410/5282/3011 3235/5281/3011 3234/5283/3012
f 3410/5282/3011 3234/5283/3012 3411/5284/3012
f 3234/5285/3012 3480/5286/3013 3411/5287/3012
f 3411/5287/3012 3480/5286/3013 3412/5288/3014
f 3412/5288/3014 3480/5286/3013 3479/5289/3015
f 3412/5288/3014 3479/5289/3015 3413/5290/3016
f 3413/5290/3016 3479/5289/3015 3444/5291/3017
f 3413/5290/3016 3444/5291/3017 3414/5292/3018
f 2535/5293/44 2534/5294/44 2453/5295/44
f 2453/5295/44 2534/5294/44 2559/5296/44
f 2453/5295/44 2559/5296/44 2454/5297/44
f 2454/5297/44 2559/5296/44 2558/5298/44
f 2454/5297/44 2558/5298/44 2455/5299/44
f 2455/5299/44 2558/5298/44 2557/5300/44
f 2455/5299/44 2557/5300/44 2456/5301/44
f 2456/5301/44 2557/5300/44 2556/5302/44
f 2456/5301/44 2556/5302/44 2457/5303/44
f 2457/5303/44 2556/5302/44 2555/5304/44
f 2457/5303/44 2555/5304/44 2458/5305/44
f 2458/5305/44 2555/5304/44 2554/5306/44
f 2458/5305/44 2554/5306/44 2459/5307/44
f 2459/5307/44 2554/5306/44 2553/5308/44
f 2459/5307/44 2553/5308/44 2460/5309/44
f 2460/5309/44 2553/5308/44 2552/5310/44
f 2460/5309/44 2552/5310/44 2461/5311/44
f 2461/5311/44 2552/5310/44 2551/5312/44
f 2461/5311/44 2551/5312/44 2550/5313/44
f 2461/5311/44 2550/5313/44 2462/5314/44
f 2462/5314/44 2550/5313/44 2549/5315/44
f 2462/5314/44 2549/5315/44 2463/5316/44
f 2463/5316/44 2549/5315/44 2548/5317/44
f 2463/5316/44 2548/5317/44 2464/5318/44
f 2464/5318/44 2548/5317/44 2547/5319/44
f 2464/5318/44 2547/5319/44 2465/5320/44
f 2465/5320/44 2547/5319/44 2546/5321/44
f 2465/5320/44 2546/5321/44 2466/5322/44
f 2466/5322/44 2546/5321/44 2545/5323/44
f 2466/5322/44 2545/5323/44 2467/5324/44
f 2467/5324/44 2545/5323/44 2544/5325/44
f 2467/5324/44 2544/5325/44 2468/5326/44
f 2468/5326/44 2544/5325/44 2543/5327/44
f 2468/5326/44 2543/5327/44 2542/5328/44
f 2468/5326/44 2542/5328/44 2469/5329/44
f 2469/5329/44 2542/5328/44 2541/5330/44
f 2469/5329/44 2541/5330/44 2470/5331/44
f 2470/5331/44 2541/5330/44 2540/5332/44
f 2470/5331/44 2540/5332/44 2471/5333/44
f 2471/5333/44 2540/5332/44 2539/5334/44
f 2471/5333/44 2539/5334/44 2472/5335/44
f 2472/5335/44 2539/5334/44 2538/5336/44
f 2472/5335/44 2538/5336/44 2473/5337/44
f 2473/5337/44 2538/5336/44 2537/5338/44
f 2473/5337/44 2537/5338/44 2474/5339/44
f 2474/5339/44 2537/5338/44 2536/5340/44
f 2474/5339/44 2536/5340/44 2475/5341/44
f 2475/5341/44 2536/5340/44 2535/5293/44
f 2475/5341/44 2535/5293/44 2453/5295/44
f 2477/5293/44 2476/5294/44 2413/5295/44
f 2413/5295/44 2476/5294/44 2501/5296/44
f 2413/5295/44 2501/5296/44 2414/5297/44
f 2414/5297/44 2501/5296/44 2500/5298/44
f 2414/5297/44 2500/5298/44 2415/5299/44
f 2415/5299/44 2500/5298/44 2499/5300/44
f 2415/5299/44 2499/5300/44 2416/5301/44
f 2416/5301/44 2499/5300/44 2498/5302/44
f 2416/5301/44 2498/5302/44 2417/5303/44
f 2417/5303/44 2498/5302/44 2497/5304/44
f 2417/5303/44 2497/5304/44 2418/5305/44
f 2418/5305/44 2497/5304/44 2496/5306/44
f 2418/5305/44 2496/5306/44 2419/5307/44
f 2419/5307/44 2496/5306/44 2495/5308/44
f 2419/5307/44 2495/5308/44 2420/5309/44
f 2420/5309/44 2495/5308/44 2494/5310/44
f 2420/5309/44 2494/5310/44 2421/5311/44
f 2421/5311/44 2494/5310/44 2493/5312/44
f 2421/5311/44 2493/5312/44 2492/5313/44
f 2421/5311/44 2492/5313/44 2422/5314/44
f 2422/5314/44 2492/5313/44 2491/5315/44
f 2422/5314/44 2491/5315/44 2423/5316/44
f 2423/5316/44 2491/5315/44 2490/5317/44
f 2423/5316/44 2490/5317/44 2424/5318/44
f 2424/5318/44 2490/5317/44 2489/5319/44
f 2424/5318/44 2489/5319/44 2425/5320/44
f 2425/5320/44 2489/5319/44 2488/5321/44
f 2425/5320/44 2488/5321/44 2426/5322/44
f 2426/5322/44 2488/5321/44 2487/5323/44
f 2426/5322/44 2487/5323/44 2427/5324/44
f 2427/5324/44 2487/5323/44 2486/5325/44
f 2427/5324/44 2486/5325/44 2428/5326/44
f 2428/5326/44 2486/5325/44 2485/5327/44
f 2428/5326/44 2485/5327/44 2484/5328/44
f 2428/5326/44 2484/5328/44 2429/5329/44
f 2429/5329/44 2484/5328/44 2483/5330/44
f 2429/5329/44 2483/5330/44 2430/5331/44
f 2430/5331/44 2483/5330/44 2482/5332/44
f 2430/5331/44 2482/5332/44 2431/5333/44
f 2431/5333/44 2482/5332/44 2481/5334/44
f 2431/5333/44 2481/5334/44 2432/5335/44
f 2432/5335/44 2481/5334/44 2480/5336/44
f 2432/5335/44 2480/5336/44 2433/5337/44
f 2433/5337/44 2480/5336/44 2479/5338/44
f 2433/5337/44 2479/5338/44 2434/5339/44
f 2434/5339/44 2479/5338/44 2478/5340/44
f 2434/5339/44 2478/5340/44 2435/5341/44
f 2435/5341/44 2478/5340/44 2477/5293/44
f 2435/5341/44 2477/5293/44 2413/5295/44
f 3482/5342/3019 3571/5343/3020 3481/599/3021
f 3481/599/3021 3571/5343/3020 3526/3923/2598
f 3481/599/3021 3526/3923/2598 3527/5344/3022
f 3571/5343/3020 3482/5342/3019 3570/5345/3023
f 3570/5345/3023 3482/5342/3019 3483/5346/3024
f 3570/5345/3023 3483/5346/3024 3569/5347/3025
f 3569/5347/3025 3483/5346/3024 3484/5348/3026
f 3569/5347/3025 3484/5348/3026 3568/5349/3027
f 3568/5349/3027 3484/5348/3026 3485/5350/3028
f 3568/5349/3027 3485/5350/3028 3567/5351/3029
f 3567/5351/3029 3485/5350/3028 3486/5352/3030
f 3567/5351/3029 3486/5352/3030 3566/5353/3031
f 3566/5353/3031 3486/5352/3030 3487/5354/3032
f 3566/5353/3031 3487/5354/3032 3565/5355/3033
f 3565/5355/3033 3487/5354/3032 3488/5356/3034
f 3565/5355/3033 3488/5356/3034 3564/5357/3035
f 3564/5357/3035 3488/5356/3034 3489/5358/3036
f 3564/5357/3035 3489/5358/3036 3563/5359/3037
f 3563/5359/3037 3489/5358/3036 3490/4180/3038
f 3563/5359/3037 3490/4180/3038 3562/5360/3039
f 3562/5360/3039 3490/4180/3038 3491/4251/3040
f 3562/5360/3039 3491/4251/3040 3561/5361/3041
f 3561/5361/3041 3491/4251/3040 3492/5362/3042
f 3561/5361/3041 3492/5362/3042 3560/5363/3043
f 3560/5363/3043 3492/5362/3042 3493/5364/3044
f 3560/5363/3043 3493/5364/3044 3559/5365/3045
f 3559/5365/3045 3493/5364/3044 3494/5366/3046
f 3559/5365/3045 3494/5366/3046 3558/5367/3047
f 3558/5367/3047 3494/5366/3046 3495/5368/3048
f 3558/5367/3047 3495/5368/3048 3557/5369/3049
f 3557/5369/3049 3495/5368/3048 3496/5370/3050
f 3557/5369/3049 3496/5370/3050 3556/5371/3051
f 3556/5371/3051 3496/5370/3050 3497/5372/3052
f 3556/5371/3051 3497/5372/3052 3555/5373/3053
f 3555/5373/3053 3497/5372/3052 3498/5374/3054
f 3555/5373/3053 3498/5374/3054 3554/5375/3055
f 3554/5375/3055 3498/5374/3054 3499/5376/3056
f 3554/5375/3055 3499/5376/3056 3553/5377/3057
f 3553/5377/3057 3499/5376/3056 3500/5378/3058
f 3553/5377/3057 3500/5378/3058 3552/5379/3059
f 3552/5379/3059 3500/5378/3058 3501/5380/3060
f 3552/5379/3059 3501/5380/3060 3551/5381/3061
f 3551/5381/3061 3501/5380/3060 3502/5382/3062
f 3551/5381/3061 3502/5382/3062 3550/5383/3063
f 3550/5383/3063 3502/5382/3062 3503/5384/3064
f 3550/5383/3063 3503/5384/3064 3549/5385/3065
f 3549/5386/3065 3503/5387/3064 3504/5388/3066
f 3549/5386/3065 3504/5388/3066 3548/5389/3067
f 3548/5389/3067 3504/5388/3066 3505/5390/3068
f 3548/5389/3067 3505/5390/3068 3547/5391/3069
f 3547/5391/3069 3505/5390/3068 3506/5392/3070
f 3547/5391/3069 3506/5392/3070 3546/5393/3071
f 3546/5393/3071 3506/5392/3070 3507/5394/3072
f 3546/5393/3071 3507/5394/3072 3545/5395/3073
f 3545/5395/3073 3507/5394/3072 3508/5396/3074
f 3545/5395/3073 3508/5396/3074 3544/5397/3075
f 3544/5397/3075 3508/5396/3074 3509/5398/3076
f 3544/5397/3075 3509/5398/3076 3543/5399/3077
f 3543/5399/3077 3509/5398/3076 3510/5400/3078
f 3543/5399/3077 3510/5400/3078 3542/5401/3079
f 3542/5401/3079 3510/5400/3078 3511/5402/3080
f 3542/5401/3079 3511/5402/3080 3541/5403/3081
f 3541/5403/3081 3511/5402/3080 3512/5404/3082
f 3541/5403/3081 3512/5404/3082 3540/5405/3083
f 3540/5405/3083 3512/5404/3082 3513/5406/3084
f 3540/5405/3083 3513/5406/3084 3539/5407/3085
f 3539/5407/3085 3513/5406/3084 3514/5408/3086
f 3539/5407/3085 3514/5408/3086 3538/5409/3087
f 3538/5409/3087 3514/5408/3086 3515/5410/3088
f 3538/5409/3087 3515/5410/3088 3537/5411/3089
f 3537/5411/3089 3515/5410/3088 3516/4227/3090
f 3537/5411/3089 3516/4227/3090 3536/5412/3091
f 3536/5412/3091 3516/4227/3090 3517/5413/3092
f 3536/5412/3091 3517/5413/3092 3535/5414/3093
f 3535/5414/3093 3517/5413/3092 3518/5415/3094
f 3535/5414/3093 3518/5415/3094 3534/5416/3095
f 3534/5416/3095 3518/5415/3094 3519/5417/3096
f 3534/5416/3095 3519/5417/3096 3533/5418/3097
f 3533/5418/3097 3519/5417/3096 3520/5419/3098
f 3533/5418/3097 3520/5419/3098 3532/5420/3099
f 3532/5420/3099 3520/5419/3098 3521/5421/3100
f 3532/5420/3099 3521/5421/3100 3531/5422/3101
f 3531/5422/3101 3521/5421/3100 3522/5423/3102
f 3531/5422/3101 3522/5423/3102 3530/5424/3103
f 3530/5424/3103 3522/5423/3102 3523/5425/3104
f 3530/5424/3103 3523/5425/3104 3529/5426/3105
f 3529/5426/3105 3523/5425/3104 3524/5427/3106
f 3529/5426/3105 3524/5427/3106 3528/5428/3107
f 3528/5428/3107 3524/5427/3106 3525/5429/3108
f 3528/5428/3107 3525/5429/3108 3527/5344/3022
f 3527/5344/3022 3525/5429/3108 3481/599/3021
f 3573/5342/3109 3662/5343/3110 3572/599/3111
f 3572/599/3111 3662/5343/3110 3617/3923/3112
f 3572/599/3111 3617/3923/3112 3618/5344/3113
f 3662/5343/3110 3573/5342/3109 3661/5345/3114
f 3661/5345/3114 3573/5342/3109 3574/5346/3115
f 3661/5345/3114 3574/5346/3115 3660/5347/3116
f 3660/5347/3116 3574/5346/3115 3575/5348/3117
f 3660/5347/3116 3575/5348/3117 3659/5349/3118
f 3659/5349/3118 3575/5348/3117 3576/5350/3119
f 3659/5349/3118 3576/5350/3119 3658/5351/3120
f 3658/5351/3120 3576/5350/3119 3577/5352/3121
f 3658/5351/3120 3577/5352/3121 3657/5353/3122
f 3657/5353/3122 3577/5352/3121 3578/5354/3123
f 3657/5353/3122 3578/5354/3123 3656/5355/3124
f 3656/5355/3124 3578/5354/3123 3579/5356/3125
f 3656/5355/3124 3579/5356/3125 3655/5357/3126
f 3655/5357/3126 3579/5356/3125 3580/5358/3127
f 3655/5357/3126 3580/5358/3127 3654/5359/3128
f 3654/5359/3128 3580/5358/3127 3581/4180/3129
f 3654/5359/3128 3581/4180/3129 3653/5360/3130
f 3653/5360/3130 3581/4180/3129 3582/4251/3131
f 3653/5360/3130 3582/4251/3131 3652/5361/3132
f 3652/5361/3132 3582/4251/3131 3583/5362/3133
f 3652/5361/3132 3583/5362/3133 3651/5363/3134
f 3651/5363/3134 3583/5362/3133 3584/5364/3135
f 3651/5363/3134 3584/5364/3135 3650/5365/3136
f 3650/5365/3136 3584/5364/3135 3585/5366/3137
f 3650/5365/3136 3585/5366/3137 3649/5367/3138
f 3649/5367/3138 3585/5366/3137 3586/5368/3139
f 3649/5367/3138 3586/5368/3139 3648/5369/3140
f 3648/5369/3140 3586/5368/3139 3587/5370/3141
f 3648/5369/3140 3587/5370/3141 3647/5371/3142
f 3647/5371/3142 3587/5370/3141 3588/5372/3143
f 3647/5371/3142 3588/5372/3143 3646/5373/3144
f 3646/5373/3144 3588/5372/3143 3589/5374/3145
f 3646/5373/3144 3589/5374/3145 3645/5375/3146
f 3645/5375/3146 3589/5374/3145 3590/5376/3147
f 3645/5375/3146 3590/5376/3147 3644/5377/3148
f 3644/5377/3148 3590/5376/3147 3591/5378/3149
f 3644/5377/3148 3591/5378/3149 3643/5379/3150
f 3643/5379/3150 3591/5378/3149 3592/5380/3151
f 3643/5379/3150 3592/5380/3151 3642/5381/3152
f 3642/5381/3152 3592/5380/3151 3593/5382/3153
f 3642/5381/3152 3593/5382/3153 3641/5383/3154
f 3641/5383/3154 3593/5382/3153 3594/5384/3155
f 3641/5383/3154 3594/5384/3155 3640/5385/3156
f 3640/5386/3156 3594/5387/3155 3595/5388/3157
f 3640/5386/3156 3595/5388/3157 3639/5389/3158
f 3639/5389/3158 3595/5388/3157 3596/5390/3159
f 3639/5389/3158 3596/5390/3159 3638/5391/3160
f 3638/5391/3160 3596/5390/3159 3597/5430/3161
f 3638/5391/3160 3597/5430/3161 3637/5393/3162
f 3637/5393/3162 3597/5430/3161 3598/5394/3163
f 3637/5393/3162 3598/5394/3163 3636/5395/3164
f 3636/5395/3164 3598/5394/3163 3599/5396/3165
f 3636/5395/3164 3599/5396/3165 3635/5397/3166
f 3635/5397/3166 3599/5396/3165 3600/5398/3167
f 3635/5397/3166 3600/5398/3167 3634/5399/3168
f 3634/5399/3168 3600/5398/3167 3601/5400/3169
f 3634/5399/3168 3601/5400/3169 3633/5401/3170
f 3633/5401/3170 3601/5400/3169 3602/5402/3171
f 3633/5401/3170 3602/5402/3171 3632/5403/3172
f 3632/5403/3172 3602/5402/3171 3603/5431/3173
f 3632/5403/3172 3603/5431/3173 3631/5405/3174
f 3631/5405/3174 3603/5431/3173 3604/5406/3175
f 3631/5405/3174 3604/5406/3175 3630/5407/3176
f 3630/5407/3176 3604/5406/3175 3605/5408/3177
f 3630/5407/3176 3605/5408/3177 3629/5409/3178
f 3629/5409/3178 3605/5408/3177 3606/5410/3179
f 3629/5409/3178 3606/5410/3179 3628/5411/3180
f 3628/5411/3180 3606/5410/3179 3607/4227/3181
f 3628/5411/3180 3607/4227/3181 3627/5412/3182
f 3627/5412/3182 3607/4227/3181 3608/5413/3183
f 3627/5412/3182 3608/5413/3183 3626/5414/3184
f 3626/5414/3184 3608/5413/3183 3609/5415/3185
f 3626/5414/3184 3609/5415/3185 3625/5416/3186
f 3625/5416/3186 3609/5415/3185 3610/5417/3187
f 3625/5416/3186 3610/5417/3187 3624/5418/3188
f 3624/5418/3188 3610/5417/3187 3611/5419/3189
f 3624/5418/3188 3611/5419/3189 3623/5420/3190
f 3623/5420/3190 3611/5419/3189 3612/5421/3191
f 3623/5420/3190 3612/5421/3191 3622/5422/3192
f 3622/5422/3192 3612/5421/3191 3613/5423/3193
f 3622/5422/3192 3613/5423/3193 3621/5424/3194
f 3621/5424/3194 3613/5423/3193 3614/5425/3195
f 3621/5424/3194 3614/5425/3195 3620/5426/3196
f 3620/5426/3196 3614/5425/3195 3615/5427/3197
f 3620/5426/3196 3615/5427/3197 3619/5428/3198
f 3619/5428/3198 3615/5427/3197 3616/5429/3199
f 3619/5428/3198 3616/5429/3199 3618/5344/3113
f 3618/5344/3113 3616/5429/3199 3572/599/3111
f 3694/5432/3200 3663/5433/265 3706/5434/265
f 3706/5435/265 3663/5436/265 3664/5437/2637
f 3706/5435/265 3664/5437/2637 3705/5438/3201
f 3705/5438/3201 3664/5437/2637 3665/5439/2635
f 3705/5438/3201 3665/5439/2635 3704/5440/3202
f 3704/5440/3202 3665/5439/2635 3666/5441/3203
f 3704/5440/3202 3666/5441/3203 3667/3982/453
f 3704/5440/3202 3667/3982/453 3703/5442/3204
f 3703/5442/3204 3667/3982/453 3668/5443/3205
f 3703/5442/3204 3668/5443/3205 3702/5444/3206
f 3702/5444/3206 3668/5443/3205 3669/5445/1469
f 3702/5444/3206 3669/5445/1469 3670/5446/2628
f 3702/5444/3206 3670/5446/2628 3701/5447/3207
f 3701/5447/3207 3670/5446/2628 3671/5448/383
f 3701/5447/3207 3671/5448/383 3700/5449/3208
f 3700/5449/3208 3671/5448/383 3672/5450/2627
f 3700/5449/3208 3672/5450/2627 3699/5451/3209
f 3699/5451/3209 3672/5450/2627 3673/5452/1468
f 3699/5451/3209 3673/5452/1468 3674/5453/3210
f 3699/5451/3209 3674/5453/3210 3698/5454/3211
f 3698/5454/3211 3674/5453/3210 3675/5455/507
f 3698/5454/3211 3675/5455/507 3697/5456/3212
f 3697/5456/3212 3675/5455/507 3676/5457/3213
f 3697/5456/3212 3676/5457/3213 3677/5458/2620
f 3697/5456/3212 3677/5458/2620 3696/5459/3214
f 3696/5459/3214 3677/5458/2620 3678/5460/2618
f 3696/5459/3214 3678/5460/2618 3695/5461/279
f 3695/5461/279 3678/5460/2618 3679/5462/279
f 3695/5461/279 3679/5462/279 3680/5463/3215
f 3695/5461/279 3680/5463/3215 3716/5464/3216
f 3716/5464/3216 3680/5463/3215 3681/5465/3217
f 3716/5464/3216 3681/5465/3217 3715/5466/3218
f 3715/5466/3218 3681/5465/3217 3682/5467/2615
f 3715/5466/3218 3682/5467/2615 3683/5468/1465
f 3715/5466/3218 3683/5468/1465 3714/5469/3219
f 3714/5469/3219 3683/5468/1465 3684/5470/2613
f 3714/5469/3219 3684/5470/2613 3713/5471/3220
f 3713/5471/3220 3684/5470/2613 3685/5472/1473
f 3713/5471/3220 3685/5472/1473 3686/5473/3221
f 3713/5471/3220 3686/5473/3221 3712/5474/3222
f 3712/5474/3222 3686/5473/3221 3687/5475/3223
f 3712/5474/3222 3687/5475/3223 3711/5476/3224
f 3711/5476/3224 3687/5475/3223 3688/5477/3225
f 3711/5476/3224 3688/5477/3225 3710/5478/3226
f 3710/5478/3226 3688/5477/3225 3689/5479/2654
f 3710/5478/3226 3689/5479/2654 3690/5480/2643
f 3710/5478/3226 3690/5480/2643 3709/5481/3227
f 3709/5481/3227 3690/5480/2643 3691/4021/1472
f 3709/5481/3227 3691/4021/1472 3708/5482/3228
f 3708/5482/3228 3691/4021/1472 3692/5483/2641
f 3708/5482/3228 3692/5483/2641 3693/5484/3229
f 3708/5482/3228 3693/5484/3229 3707/5485/3230
f 3707/5485/3230 3693/5484/3229 3694/5432/3200
f 3707/5485/3230 3694/5432/3200 3706/5434/265
f 3748/5432/3200 3717/5433/265 3760/5434/265
f 3760/5435/265 3717/5436/265 3718/5437/2637
f 3760/5435/265 3718/5437/2637 3759/5438/3201
f 3759/5438/3201 3718/5437/2637 3719/5439/2635
f 3759/5438/3201 3719/5439/2635 3758/5440/3202
f 3758/5440/3202 3719/5439/2635 3720/5441/3203
f 3758/5440/3202 3720/5441/3203 3721/3982/453
f 3758/5440/3202 3721/3982/453 3757/5442/3204
f 3757/5442/3204 3721/3982/453 3722/5443/3205
f 3757/5442/3204 3722/5443/3205 3756/5444/3206
f 3756/5444/3206 3722/5443/3205 3723/5445/2630
f 3756/5444/3206 3723/5445/2630 3724/5446/2628
f 3756/5444/3206 3724/5446/2628 3755/5447/3207
f 3755/5447/3207 3724/5446/2628 3725/5448/383
f 3755/5447/3207 3725/5448/383 3754/5449/3208
f 3754/5449/3208 3725/5448/383 3726/5450/2627
f 3754/5449/3208 3726/5450/2627 3753/5451/3209
f 3753/5451/3209 3726/5450/2627 3727/5452/2625
f 3753/5451/3209 3727/5452/2625 3728/5453/3210
f 3753/5451/3209 3728/5453/3210 3752/5454/3211
f 3752/5454/3211 3728/5453/3210 3729/5455/507
f 3752/5454/3211 3729/5455/507 3751/5456/3212
f 3751/5456/3212 3729/5455/507 3730/5457/3213
f 3751/5456/3212 3730/5457/3213 3731/5458/2620
f 3751/5456/3212 3731/5458/2620 3750/5459/3214
f 3750/5459/3214 3731/5458/2620 3732/5460/2618
f 3750/5459/3214 3732/5460/2618 3749/5461/279
f 3749/5461/279 3732/5460/2618 3733/5462/279
f 3749/5461/279 3733/5462/279 3734/5463/3215
f 3749/5461/279 3734/5463/3215 3770/5464/3216
f 3770/5464/3216 3734/5463/3215 3735/5465/3217
f 3770/5464/3216 3735/5465/3217 3769/5466/3218
f 3769/5466/3218 3735/5465/3217 3736/5467/3231
f 3769/5466/3218 3736/5467/3231 3737/5468/1465
f 3769/5466/3218 3737/5468/1465 3768/5469/3219
f 3768/5469/3219 3737/5468/1465 3738/5470/2613
f 3768/5469/3219 3738/5470/2613 3767/5471/3220
f 3767/5471/3220 3738/5470/2613 3739/5472/1473
f 3767/5471/3220 3739/5472/1473 3740/5473/3221
f 3767/5471/3220 3740/5473/3221 3766/5474/3232
f 3766/5474/3232 3740/5473/3221 3741/5475/3223
f 3766/5474/3232 3741/5475/3223 3765/5476/3233
f 3765/5476/3233 3741/5475/3223 3742/5477/3225
f 3765/5476/3233 3742/5477/3225 3764/5478/3226
f 3764/5478/3226 3742/5477/3225 3743/5479/2654
f 3764/5478/3226 3743/5479/2654 3744/5480/2643
f 3764/5478/3226 3744/5480/2643 3763/5481/3227
f 3763/5481/3227 3744/5480/2643 3745/4021/1472
f 3763/5481/3227 3745/4021/1472 3762/5482/3228
f 3762/5482/3228 3745/4021/1472 3746/5483/3234
f 3762/5482/3228 3746/5483/3234 3747/5484/3229
f 3762/5482/3228 3747/5484/3229 3761/5485/3230
f 3761/5485/3230 3747/5484/3229 3748/5432/3200
f 3761/5485/3230 3748/5432/3200 3760/5434/265
f 3616/5486/3235 3504/5487/3236 3572/5488/265
f 3572/5489/265 3504/5490/3236 3503/5491/3237
f 3572/5489/265 3503/5491/3237 3573/5492/3238
f 3573/5492/3238 3503/5491/3237 3502/5493/3239
f 3573/5492/3238 3502/5493/3239 3574/5494/3240
f 3574/5494/3240 3502/5493/3239 3501/5495/3241
f 3574/5494/3240 3501/5495/3241 3575/5496/3242
f 3575/5496/3242 3501/5495/3241 3500/5497/3243
f 3575/5496/3242 3500/5497/3243 3576/5498/3244
f 3576/5498/3244 3500/5497/3243 3499/5499/2640
f 3576/5498/3244 3499/5499/2640 3577/5500/3245
f 3577/5500/3245 3499/5499/2640 3498/5501/3246
f 3577/5500/3245 3498/5501/3246 3578/5502/3247
f 3578/5502/3247 3498/5501/3246 3497/5503/3248
f 3578/5502/3247 3497/5503/3248 3579/5504/3249
f 3579/5504/3249 3497/5503/3248 3496/5505/2695
f 3579/5504/3249 3496/5505/2695 3580/5506/3250
f 3580/5506/3250 3496/5505/2695 3495/5507/3251
f 3580/5506/3250 3495/5507/3251 3581/5508/3252
f 3581/5508/3252 3495/5507/3251 3494/5509/3253
f 3581/5508/3252 3494/5509/3253 3582/5510/3254
f 3582/5510/3254 3494/5509/3253 3493/5511/3255
f 3582/5510/3254 3493/5511/3255 3583/5512/3256
f 3583/5512/3256 3493/5511/3255 3492/5513/3257
f 3583/5512/3256 3492/5513/3257 3584/5514/3258
f 3584/5514/3258 3492/5513/3257 3491/5515/3259
f 3584/5514/3258 3491/5515/3259 3585/5516/3260
f 3585/5516/3260 3491/5515/3259 3490/5517/3261
f 3585/5516/3260 3490/5517/3261 3586/5518/3262
f 3586/5518/3262 3490/5517/3261 3489/5519/3263
f 3586/5518/3262 3489/5519/3263 3587/5520/2706
f 3587/5520/2706 3489/5519/3263 3488/5521/3264
f 3587/5520/2706 3488/5521/3264 3588/5522/3265
f 3588/5522/3265 3488/5521/3264 3487/5523/3266
f 3588/5522/3265 3487/5523/3266 3589/5524/3267
f 3589/5524/3267 3487/5523/3266 3486/5525/3268
f 3589/5524/3267 3486/5525/3268 3590/5526/2614
f 3590/5526/2614 3486/5525/3268 3485/5527/3269
f 3590/5526/2614 3485/5527/3269 3591/5528/3270
f 3591/5528/3270 3485/5527/3269 3484/5529/3271
f 3591/5528/3270 3484/5529/3271 3592/5530/3272
f 3592/5530/3272 3484/5529/3271 3483/5531/3273
f 3592/5530/3272 3483/5531/3273 3593/5532/3274
f 3593/5532/3274 3483/5531/3273 3482/5533/3275
f 3593/5532/3274 3482/5533/3275 3594/5534/3276
f 3594/5534/3276 3482/5533/3275 3481/5535/279
f 3594/5534/3276 3481/5535/279 3595/5536/3277
f 3595/5536/3277 3481/5535/279 3525/5537/3278
f 3595/5536/3277 3525/5537/3278 3596/5538/3279
f 3596/5538/3279 3525/5537/3278 3524/5539/3280
f 3596/5538/3279 3524/5539/3280 3597/5540/3281
f 3597/5540/3281 3524/5539/3280 3523/5541/3282
f 3597/5540/3281 3523/5541/3282 3598/5542/3283
f 3598/5542/3283 3523/5541/3282 3522/5543/3284
f 3598/5542/3283 3522/5543/3284 3599/5544/2621
f 3599/5544/2621 3522/5543/3284 3521/5545/3285
f 3599/5544/2621 3521/5545/3285 3600/5546/3286
f 3600/5546/3286 3521/5545/3285 3520/5547/3287
f 3600/5546/3286 3520/5547/3287 3601/5548/3288
f 3601/5548/3288 3520/5547/3287 3519/5549/3289
f 3601/5548/3288 3519/5549/3289 3602/5550/398
f 3602/5550/398 3519/5549/3289 3518/5551/3290
f 3602/5550/398 3518/5551/3290 3603/5552/3291
f 3603/5552/3291 3518/5551/3290 3517/5553/2626
f 3603/5552/3291 3517/5553/2626 3604/5554/3292
f 3604/5554/3292 3517/5553/2626 3516/5555/3293
f 3604/5554/3292 3516/5555/3293 3605/5556/3294
f 3605/5556/3294 3516/5555/3293 3515/5557/3295
f 3605/5556/3294 3515/5557/3295 3606/5558/3296
f 3606/5558/3296 3515/5557/3295 3514/5559/3297
f 3606/5558/3296 3514/5559/3297 3607/5560/3298
f 3607/5560/3298 3514/5559/3297 3513/5561/3299
f 3607/5560/3298 3513/5561/3299 3608/5562/2629
f 3608/5562/2629 3513/5561/3299 3512/5563/3300
f 3608/5562/2629 3512/5563/3300 3609/5564/3301
f 3609/5564/3301 3512/5563/3300 3511/5565/988
f 3609/5564/3301 3511/5565/988 3610/5566/3302
f 3610/5566/3302 3511/5565/988 3510/5567/3303
f 3610/5566/3302 3510/5567/3303 3611/5568/3304
f 3611/5568/3304 3510/5567/3303 3509/5569/3305
f 3611/5568/3304 3509/5569/3305 3612/5570/3306
f 3612/5570/3306 3509/5569/3305 3508/5571/2633
f 3612/5570/3306 3508/5571/2633 3613/5572/3307
f 3613/5572/3307 3508/5571/2633 3507/5573/3308
f 3613/5572/3307 3507/5573/3308 3614/5574/3309
f 3614/5574/3309 3507/5573/3308 3506/5575/3310
f 3614/5574/3309 3506/5575/3310 3615/5576/3311
f 3615/5576/3311 3506/5575/3310 3505/5577/3312
f 3615/5576/3311 3505/5577/3312 3616/5486/3235
f 3616/5486/3235 3505/5577/3312 3504/5487/3236
f 3772/5578/94 3773/5579/94 3771/3221/94
f 3771/3221/94 3773/5579/94 3774/5580/94
f 3771/3221/94 3774/5580/94 3775/5581/94
f 3776/5582/94 3782/5583/94 3775/5581/94
f 3775/5581/94 3782/5583/94 3783/5584/94
f 3775/5581/94 3783/5584/94 3787/599/94
f 3787/599/94 3783/5584/94 3784/5585/94
f 3787/599/94 3784/5585/94 3785/5586/94
f 3782/5583/94 3776/5582/94 3781/5587/94
f 3781/5587/94 3776/5582/94 3777/5588/94
f 3781/5587/94 3777/5588/94 3780/5589/94
f 3780/5589/94 3777/5588/94 3778/5590/94
f 3780/5589/94 3778/5590/94 3779/5591/94
f 3785/5586/94 3786/4398/94 3787/599/94
f 3787/599/94 3771/3221/94 3775/5581/94
f 3786/5592/279 3788/5578/279 3787/5593/279
f 3787/5593/279 3788/5578/279 3790/5594/279
f 3790/5594/279 3788/5578/279 3789/5595/279
f 3772/5596/265 3771/5597/265 3793/5598/265
f 3793/5598/265 3771/5597/265 3791/5599/265
f 3793/5598/265 3791/5599/265 3792/5600/265
f 3790/5601/44 3545/5602/44 3787/5603/44
f 3787/5603/44 3545/5602/44 3544/5604/44
f 3787/5603/44 3544/5604/44 3543/5605/44
f 3794/5606/44 3549/5607/44 3790/5601/44
f 3790/5601/44 3549/5607/44 3548/5608/44
f 3790/5601/44 3548/5608/44 3547/5609/44
f 3549/5607/44 3794/5606/44 3550/5610/44
f 3550/5610/44 3794/5606/44 3795/5611/44
f 3550/5610/44 3795/5611/44 3796/5612/44
f 3550/5610/44 3796/5612/44 3551/5613/44
f 3551/5613/44 3796/5612/44 3797/5614/44
f 3551/5613/44 3797/5614/44 3798/5615/44
f 3551/5613/44 3798/5615/44 3552/5616/44
f 3552/5616/44 3798/5615/44 3799/5617/44
f 3552/5616/44 3799/5617/44 3553/5618/44
f 3553/5618/44 3799/5617/44 3800/5619/44
f 3553/5618/44 3800/5619/44 3554/5620/44
f 3554/5620/44 3800/5619/44 3801/5621/44
f 3554/5620/44 3801/5621/44 3555/5622/44
f 3555/5622/44 3801/5621/44 3802/5623/44
f 3555/5622/44 3802/5623/44 3556/5624/44
f 3556/5624/44 3802/5623/44 3803/5625/44
f 3556/5624/44 3803/5625/44 3557/5626/44
f 3557/5626/44 3803/5625/44 3804/5627/44
f 3557/5626/44 3804/5627/44 3558/5628/44
f 3558/5628/44 3804/5627/44 3805/5629/44
f 3558/5628/44 3805/5629/44 3559/5630/44
f 3559/5630/44 3805/5629/44 3806/5631/44
f 3559/5630/44 3806/5631/44 3560/5632/44
f 3560/5632/44 3806/5631/44 3807/5633/44
f 3560/5632/44 3807/5633/44 3561/5634/44
f 3561/5634/44 3807/5633/44 3808/5635/44
f 3561/5634/44 3808/5635/44 3562/5636/44
f 3562/5636/44 3808/5635/44 3809/5637/44
f 3562/5636/44 3809/5637/44 3563/5638/44
f 3563/5638/44 3809/5637/44 3810/5639/44
f 3563/5638/44 3810/5639/44 3564/5640/44
f 3564/5640/44 3810/5639/44 3811/5641/44
f 3564/5640/44 3811/5641/44 3565/5642/44
f 3565/5642/44 3811/5641/44 3812/5643/44
f 3565/5642/44 3812/5643/44 3566/5644/44
f 3566/5644/44 3812/5643/44 3813/5645/44
f 3566/5644/44 3813/5645/44 3567/5646/44
f 3567/5646/44 3813/5645/44 3814/5647/44
f 3567/5646/44 3814/5647/44 3568/5648/44
f 3568/5648/44 3814/5647/44 3815/5649/44
f 3568/5648/44 3815/5649/44 3569/5650/44
f 3569/5650/44 3815/5649/44 3816/5651/44
f 3569/5650/44 3816/5651/44 3570/5652/44
f 3570/5652/44 3816/5651/44 3817/5653/44
f 3570/5652/44 3817/5653/44 3818/5654/44
f 3570/5652/44 3818/5654/44 3571/5655/44
f 3571/5655/44 3818/5654/44 3819/5656/44
f 3571/5655/44 3819/5656/44 3820/5657/44
f 3571/5655/44 3820/5657/44 3526/5658/44
f 3526/5658/44 3820/5657/44 3791/5659/44
f 3526/5658/44 3791/5659/44 3527/5660/44
f 3527/5660/44 3791/5659/44 3528/5661/44
f 3528/5661/44 3791/5659/44 3529/5662/44
f 3529/5662/44 3791/5659/44 3530/5663/44
f 3530/5663/44 3791/5659/44 3771/5664/44
f 3530/5663/44 3771/5664/44 3531/5665/44
f 3531/5665/44 3771/5664/44 3532/5666/44
f 3532/5666/44 3771/5664/44 3749/5667/44
f 3532/5666/44 3749/5667/44 3533/5668/44
f 3533/5668/44 3749/5667/44 3770/5669/44
f 3533/5668/44 3770/5669/44 3534/5670/44
f 3534/5670/44 3770/5669/44 3769/5671/44
f 3534/5670/44 3769/5671/44 3535/5672/44
f 3535/5672/44 3769/5671/44 3768/5673/44
f 3535/5672/44 3768/5673/44 3536/5674/44
f 3536/5674/44 3768/5673/44 3767/5675/44
f 3536/5674/44 3767/5675/44 3537/5676/44
f 3537/5676/44 3767/5675/44 3766/5677/44
f 3537/5676/44 3766/5677/44 3765/5678/44
f 3787/5603/44 3700/5679/44 3771/5664/44
f 3771/5664/44 3700/5679/44 3699/5680/44
f 3771/5664/44 3699/5680/44 3698/5681/44
f 3547/5609/44 3546/5682/44 3790/5601/44
f 3790/5601/44 3546/5682/44 3545/5602/44
f 3787/5603/44 3543/5605/44 3760/5683/44
f 3760/5683/44 3543/5605/44 3542/5684/44
f 3760/5683/44 3542/5684/44 3761/5685/44
f 3761/5685/44 3542/5684/44 3541/5686/44
f 3761/5685/44 3541/5686/44 3762/5687/44
f 3762/5687/44 3541/5686/44 3540/5688/44
f 3762/5687/44 3540/5688/44 3763/5689/44
f 3763/5689/44 3540/5688/44 3539/5690/44
f 3763/5689/44 3539/5690/44 3764/5691/44
f 3764/5691/44 3539/5690/44 3538/5692/44
f 3764/5691/44 3538/5692/44 3765/5678/44
f 3765/5678/44 3538/5692/44 3537/5676/44
f 3696/5693/44 3695/5694/44 3771/5664/44
f 3771/5664/44 3695/5694/44 3716/5695/44
f 3771/5664/44 3716/5695/44 3750/5696/44
f 3750/5696/44 3716/5695/44 3751/5697/44
f 3751/5697/44 3716/5695/44 3715/5698/44
f 3751/5697/44 3715/5698/44 3714/5699/44
f 3751/5697/44 3714/5699/44 3752/5700/44
f 3752/5700/44 3714/5699/44 3713/5701/44
f 3752/5700/44 3713/5701/44 3753/5702/44
f 3753/5702/44 3713/5701/44 3712/5703/44
f 3753/5702/44 3712/5703/44 3754/5704/44
f 3754/5704/44 3712/5703/44 3711/5705/44
f 3754/5704/44 3711/5705/44 3755/5706/44
f 3755/5706/44 3711/5705/44 3756/5707/44
f 3756/5707/44 3711/5705/44 3710/5708/44
f 3756/5707/44 3710/5708/44 3757/5709/44
f 3757/5709/44 3710/5708/44 3709/5710/44
f 3757/5709/44 3709/5710/44 3758/5711/44
f 3758/5711/44 3709/5710/44 3708/5712/44
f 3758/5711/44 3708/5712/44 3707/5713/44
f 3706/5714/44 3787/5603/44 3707/5713/44
f 3707/5713/44 3787/5603/44 3759/5715/44
f 3707/5713/44 3759/5715/44 3758/5711/44
f 3706/5714/44 3705/5716/44 3787/5603/44
f 3787/5603/44 3705/5716/44 3704/5717/44
f 3787/5603/44 3704/5717/44 3703/5718/44
f 3703/5718/44 3702/5719/44 3787/5603/44
f 3787/5603/44 3702/5719/44 3701/5720/44
f 3787/5603/44 3701/5720/44 3700/5679/44
f 3698/5681/44 3697/5721/44 3771/5664/44
f 3771/5664/44 3697/5721/44 3696/5693/44
f 3760/5683/44 3759/5715/44 3787/5603/44
f 3750/5696/44 3749/5667/44 3771/5664/44
f 3788/5722/603 3620/5662/603 3789/5659/603
f 3789/5659/603 3620/5662/603 3619/5661/603
f 3789/5659/603 3619/5661/603 3618/5660/603
f 3793/5723/603 3628/5676/603 3788/5722/603
f 3788/5722/603 3628/5676/603 3627/5674/603
f 3788/5722/603 3627/5674/603 3626/5672/603
f 3792/5601/603 3637/5682/603 3793/5723/603
f 3793/5723/603 3637/5682/603 3636/5602/603
f 3793/5723/603 3636/5602/603 3635/5604/603
f 3821/5606/603 3640/5607/603 3792/5601/603
f 3792/5601/603 3640/5607/603 3639/5608/603
f 3792/5601/603 3639/5608/603 3638/5609/603
f 3640/5607/603 3821/5606/603 3641/5610/603
f 3641/5610/603 3821/5606/603 3822/5611/603
f 3641/5610/603 3822/5611/603 3642/5613/603
f 3642/5613/603 3822/5611/603 3823/5612/603
f 3642/5613/603 3823/5612/603 3643/5616/603
f 3643/5616/603 3823/5612/603 3824/5614/603
f 3643/5616/603 3824/5614/603 3644/5618/603
f 3644/5618/603 3824/5614/603 3825/5615/603
f 3644/5618/603 3825/5615/603 3645/5620/603
f 3645/5620/603 3825/5615/603 3826/5617/603
f 3645/5620/603 3826/5617/603 3827/5619/603
f 3645/5620/603 3827/5619/603 3646/5622/603
f 3646/5622/603 3827/5619/603 3828/5621/603
f 3646/5622/603 3828/5621/603 3647/5624/603
f 3647/5624/603 3828/5621/603 3829/5623/603
f 3647/5624/603 3829/5623/603 3648/5626/603
f 3648/5626/603 3829/5623/603 3830/5625/603
f 3648/5626/603 3830/5625/603 3649/5628/603
f 3649/5628/603 3830/5625/603 3831/5627/603
f 3649/5628/603 3831/5627/603 3832/5629/603
f 3649/5628/603 3832/5629/603 3650/5630/603
f 3650/5630/603 3832/5629/603 3833/5631/603
f 3650/5630/603 3833/5631/603 3651/5632/603
f 3651/5632/603 3833/5631/603 3834/5633/603
f 3651/5632/603 3834/5633/603 3652/5634/603
f 3652/5634/603 3834/5633/603 3835/5635/603
f 3652/5634/603 3835/5635/603 3653/5636/603
f 3653/5636/603 3835/5635/603 3836/5637/603
f 3653/5636/603 3836/5637/603 3654/5638/603
f 3654/5638/603 3836/5637/603 3837/5639/603
f 3654/5638/603 3837/5639/603 3838/5641/603
f 3654/5638/603 3838/5641/603 3655/5640/603
f 3655/5640/603 3838/5641/603 3839/5643/603
f 3655/5640/603 3839/5643/603 3656/5642/603
f 3656/5642/603 3839/5643/603 3840/5645/603
f 3656/5642/603 3840/5645/603 3657/5644/603
f 3657/5644/603 3840/5645/603 3841/5647/603
f 3657/5644/603 3841/5647/603 3658/5646/603
f 3658/5646/603 3841/5647/603 3842/5649/603
f 3658/5646/603 3842/5649/603 3843/5651/603
f 3658/5646/603 3843/5651/603 3659/5648/603
f 3659/5648/603 3843/5651/603 3844/5653/603
f 3659/5648/603 3844/5653/603 3660/5650/603
f 3660/5650/603 3844/5653/603 3845/5654/603
f 3660/5650/603 3845/5654/603 3661/5652/603
f 3661/5652/603 3845/5654/603 3846/5656/603
f 3661/5652/603 3846/5656/603 3662/5655/603
f 3662/5655/603 3846/5656/603 3847/5657/603
f 3662/5655/603 3847/5657/603 3617/5658/603
f 3617/5658/603 3847/5657/603 3789/5659/603
f 3617/5658/603 3789/5659/603 3618/5660/603
f 3638/5609/603 3637/5682/603 3792/5601/603
f 3635/5604/603 3634/5605/603 3793/5723/603
f 3793/5723/603 3634/5605/603 3633/5684/603
f 3793/5723/603 3633/5684/603 3632/5686/603
f 3632/5686/603 3631/5688/603 3793/5723/603
f 3793/5723/603 3631/5688/603 3630/5690/603
f 3793/5723/603 3630/5690/603 3629/5692/603
f 3629/5692/603 3628/5676/603 3793/5723/603
f 3626/5672/603 3625/5670/603 3788/5722/603
f 3788/5722/603 3625/5670/603 3624/5668/603
f 3788/5722/603 3624/5668/603 3623/5666/603
f 3623/5666/603 3622/5665/603 3788/5722/603
f 3788/5722/603 3622/5665/603 3621/5663/603
f 3788/5722/603 3621/5663/603 3620/5662/603
f 3792/5724/265 3791/5725/265 3821/5726/3313
f 3821/5726/3313 3791/5725/265 3820/5727/3313
f 3821/5726/3313 3820/5727/3313 3822/5728/3314
f 3822/5728/3314 3820/5727/3313 3819/5729/3314
f 3822/5728/3314 3819/5729/3314 3823/5730/3315
f 3823/5730/3315 3819/5729/3314 3818/5731/3315
f 3823/5730/3315 3818/5731/3315 3824/5732/947
f 3824/5732/947 3818/5731/3315 3817/5733/947
f 3824/5732/947 3817/5733/947 3825/5734/3316
f 3825/5734/3316 3817/5733/947 3816/5735/3316
f 3825/5734/3316 3816/5735/3316 3826/5736/3317
f 3826/5736/3317 3816/5735/3316 3815/5737/3317
f 3826/5736/3317 3815/5737/3317 3827/5738/453
f 3827/5738/453 3815/5737/3317 3814/5739/453
f 3827/5738/453 3814/5739/453 3828/5740/3318
f 3828/5740/3318 3814/5739/453 3813/5741/3318
f 3828/5740/3318 3813/5741/3318 3829/5742/3319
f 3829/5742/3319 3813/5741/3318 3812/5743/3319
f 3829/5742/3319 3812/5743/3319 3830/5744/3320
f 3830/5744/3320 3812/5743/3319 3811/5745/3320
f 3830/5744/3320 3811/5745/3320 3831/5746/3321
f 3831/5746/3321 3811/5745/3320 3810/5747/3321
f 3831/5746/3321 3810/5747/3321 3832/5748/989
f 3832/5748/989 3810/5747/3321 3809/5749/989
f 3832/5748/989 3809/5749/989 3833/5750/3322
f 3833/5750/3322 3809/5749/989 3808/5751/3322
f 3833/5750/3322 3808/5751/3322 3834/5752/383
f 3834/5752/383 3808/5751/3322 3807/5753/383
f 3834/5752/383 3807/5753/383 3835/5754/3323
f 3835/5754/3323 3807/5753/383 3806/5755/3323
f 3835/5754/3323 3806/5755/3323 3836/5756/401
f 3836/5756/401 3806/5755/3323 3805/5757/401
f 3836/5756/401 3805/5757/401 3837/5758/3324
f 3837/5758/3324 3805/5757/401 3804/5759/3324
f 3837/5758/3324 3804/5759/3324 3838/5760/3325
f 3838/5760/3325 3804/5759/3324 3803/5761/3325
f 3838/5760/3325 3803/5761/3325 3839/5762/3326
f 3839/5762/3326 3803/5761/3325 3802/5763/3326
f 3839/5762/3326 3802/5763/3326 3840/5764/3327
f 3840/5764/3327 3802/5763/3326 3801/5765/3327
f 3840/5764/3327 3801/5765/3327 3841/5766/507
f 3841/5766/507 3801/5765/3327 3800/3946/507
f 3841/5766/507 3800/3946/507 3842/5767/3328
f 3842/5767/3328 3800/3946/507 3799/5768/3328
f 3842/5767/3328 3799/5768/3328 3843/5769/3329
f 3843/5769/3329 3799/5768/3328 3798/5770/3329
f 3843/5769/3329 3798/5770/3329 3844/5771/395
f 3844/5771/395 3798/5770/3329 3797/5772/395
f 3844/5771/395 3797/5772/395 3845/5773/3330
f 3845/5773/3330 3797/5772/395 3796/5774/3330
f 3845/5773/3330 3796/5774/3330 3846/5775/3331
f 3846/5775/3331 3796/5774/3330 3795/5776/3331
f 3846/5775/3331 3795/5776/3331 3847/5777/3332
f 3847/5777/3332 3795/5776/3331 3794/5778/3332
f 3847/5777/3332 3794/5778/3332 3789/5779/279
f 3789/5779/279 3794/5778/3332 3790/599/279
f 3786/5780/3333 3785/5781/3334 3788/5782/3333
f 3788/5782/3333 3785/5781/3334 3860/5783/3334
f 3860/5783/3334 3785/5781/3334 3784/5784/3335
f 3860/5783/3334 3784/5784/3335 3859/5785/3335
f 3859/5785/3335 3784/5784/3335 3783/5786/3336
f 3859/5785/3335 3783/5786/3336 3858/5787/3336
f 3858/5787/3336 3783/5786/3336 3782/5788/3337
f 3858/5787/3336 3782/5788/3337 3857/5789/3337
f 3857/5789/3337 3782/5788/3337 3781/5790/3338
f 3857/5789/3337 3781/5790/3338 3856/5791/3338
f 3856/5791/3338 3781/5790/3338 3780/5792/3339
f 3856/5791/3338 3780/5792/3339 3855/5793/3339
f 3855/5793/3339 3780/5792/3339 3717/4826/3339
f 3855/5793/3339 3717/4826/3339 3748/4827/3340
f 3779/5794/603 3668/4935/3341 3780/5792/3339
f 3780/5792/3339 3668/4935/3341 3667/4936/3342
f 3780/5792/3339 3667/4936/3342 3666/4937/3343
f 3778/5795/3344 3673/4933/3345 3779/5794/603
f 3779/5794/603 3673/4933/3345 3672/4934/3346
f 3779/5794/603 3672/4934/3346 3671/4829/603
f 3777/5796/3347 3853/5797/3344 3778/5795/3344
f 3778/5795/3344 3853/5797/3344 3679/4884/3344
f 3778/5795/3344 3679/4884/3344 3678/4885/3348
f 3853/5797/3344 3777/5796/3347 3852/5798/3347
f 3852/5798/3347 3777/5796/3347 3776/5799/3349
f 3852/5798/3347 3776/5799/3349 3851/5800/3349
f 3851/5800/3349 3776/5799/3349 3775/5801/3350
f 3851/5800/3349 3775/5801/3350 3850/5802/3350
f 3850/5802/3350 3775/5801/3350 3774/5803/3351
f 3850/5802/3350 3774/5803/3351 3849/5804/3351
f 3849/5804/3351 3774/5803/3351 3773/5805/3352
f 3849/5804/3351 3773/5805/3352 3848/5806/3352
f 3848/5806/3352 3773/5805/3352 3772/5807/3353
f 3848/5806/3352 3772/5807/3353 3793/5808/3353
f 3854/4886/603 3738/4887/3354 3853/5797/3344
f 3853/5797/3344 3738/4887/3354 3737/4888/3355
f 3853/5797/3344 3737/4888/3355 3736/4889/3356
f 3855/5793/3339 3743/4891/3357 3854/4886/603
f 3854/4886/603 3743/4891/3357 3742/4892/3358
f 3854/4886/603 3742/4892/3358 3741/4939/603
f 3694/4917/3340 3718/4918/3359 3663/4824/3339
f 3663/4824/3339 3718/4918/3359 3717/4826/3339
f 3663/4824/3339 3717/4826/3339 3780/5792/3339
f 3718/4918/3359 3694/4917/3340 3719/4916/3360
f 3719/4916/3360 3694/4917/3340 3693/4915/3361
f 3719/4916/3360 3693/4915/3361 3720/4914/3343
f 3720/4914/3343 3693/4915/3361 3692/4913/3343
f 3720/4914/3343 3692/4913/3343 3721/4912/1996
f 3721/4912/1996 3692/4913/3343 3691/4911/1996
f 3721/4912/1996 3691/4911/1996 3722/4910/3341
f 3722/4910/3341 3691/4911/1996 3690/4909/3341
f 3722/4910/3341 3690/4909/3341 3689/4907/3357
f 3688/4905/3362 3724/4906/3358 3689/4907/3357
f 3689/4907/3357 3724/4906/3358 3723/4908/3357
f 3689/4907/3357 3723/4908/3357 3722/4910/3341
f 3724/4906/3358 3688/4905/3362 3725/4904/603
f 3725/4904/603 3688/4905/3362 3687/4903/603
f 3725/4904/603 3687/4903/603 3726/4902/3363
f 3726/4902/3363 3687/4903/603 3686/4901/3363
f 3726/4902/3363 3686/4901/3363 3727/4919/3345
f 3727/4919/3345 3686/4901/3363 3685/4920/3345
f 3727/4919/3345 3685/4920/3345 3684/4922/3354
f 3683/4924/3364 3729/4923/3364 3684/4922/3354
f 3684/4922/3354 3729/4923/3364 3728/4921/3354
f 3684/4922/3354 3728/4921/3354 3727/4919/3345
f 3729/4923/3364 3683/4924/3364 3730/4925/3356
f 3730/4925/3356 3683/4924/3364 3682/4926/3356
f 3730/4925/3356 3682/4926/3356 3731/4927/3365
f 3731/4927/3365 3682/4926/3356 3681/4928/3365
f 3731/4927/3365 3681/4928/3365 3732/4929/3366
f 3732/4929/3366 3681/4928/3365 3680/4930/3366
f 3732/4929/3366 3680/4930/3366 3733/4931/3344
f 3733/4931/3344 3680/4930/3366 3679/4884/3344
f 3733/4931/3344 3679/4884/3344 3853/5797/3344
f 3678/4885/3348 3677/4833/3365 3778/5795/3344
f 3778/5795/3344 3677/4833/3365 3676/4834/3356
f 3778/5795/3344 3676/4834/3356 3675/4835/3355
f 3675/4835/3355 3674/4932/3367 3778/5795/3344
f 3778/5795/3344 3674/4932/3367 3673/4933/3345
f 3671/4829/603 3670/4830/3358 3779/5794/603
f 3779/5794/603 3670/4830/3358 3669/4831/3357
f 3779/5794/603 3669/4831/3357 3668/4935/3341
f 3666/4937/3343 3665/4938/3361 3780/5792/3339
f 3780/5792/3339 3665/4938/3361 3664/4823/3340
f 3780/5792/3339 3664/4823/3340 3663/4824/3339
f 3748/4827/3340 3747/4944/3361 3855/5793/3339
f 3855/5793/3339 3747/4944/3361 3746/4945/3343
f 3855/5793/3339 3746/4945/3343 3745/4946/3342
f 3745/4946/3342 3744/4890/3368 3855/5793/3339
f 3855/5793/3339 3744/4890/3368 3743/4891/3357
f 3741/4939/603 3740/4940/3346 3854/4886/603
f 3854/4886/603 3740/4940/3346 3739/4941/3345
f 3854/4886/603 3739/4941/3345 3738/4887/3354
f 3736/4889/3356 3735/4942/3365 3853/5797/3344
f 3853/5797/3344 3735/4942/3365 3734/4943/3348
f 3853/5797/3344 3734/4943/3348 3733/4931/3344
f 3793/5809/383 3788/5810/383 3848/5811/383
f 3848/5811/383 3788/5810/383 3860/5812/383
f 3848/5811/383 3860/5812/383 3849/5813/383
f 3849/5813/383 3860/5812/383 3859/5814/383
f 3849/5813/383 3859/5814/383 3850/5815/383
f 3850/5815/383 3859/5814/383 3858/5816/383
f 3850/5815/383 3858/5816/383 3851/5817/383
f 3851/5817/383 3858/5816/383 3857/5818/383
f 3851/5817/383 3857/5818/383 3852/5819/383
f 3852/5819/383 3857/5818/383 3856/5820/383
f 3852/5819/383 3856/5820/383 3853/5821/383
f 3853/5821/383 3856/5820/383 3855/5822/383
f 3853/5821/383 3855/5822/383 3854/4966/383
