# Blender 4.4.3
# www.blender.org
mtllib base_4.mtl
o SMR8-4
v -1.639631 4.099557 -3.123674
v -2.317822 3.738443 -3.121603
v -2.925231 3.267912 -3.119659
v -3.444385 2.701500 -3.117878
v -3.860343 2.055491 -3.116333
v -4.161144 1.348482 -3.115053
v -4.338133 0.600806 -3.114074
v -4.386220 -0.166031 -3.113438
v -4.304018 -0.929963 -3.113146
v -4.093894 -1.669014 -3.113227
v -3.761892 -2.361922 -3.113656
v -3.317564 -2.988757 -3.114433
v -2.773696 -3.531483 -3.115532
v -2.145926 -3.974486 -3.116929
v -1.452318 -4.305027 -3.118574
v -0.712829 -4.513595 -3.120427
v 0.051273 -4.594185 -3.122434
v 0.818002 -4.544474 -3.124525
v 1.565302 -4.365910 -3.126654
v 2.271674 -4.063622 -3.128761
v 2.916799 -3.646289 -3.130769
v 3.482117 -3.125945 -3.132647
v 3.951362 -2.517540 -3.134313
v 4.311039 -1.838586 -3.135730
v 4.550800 -1.108611 -3.136860
v 4.663743 -0.348617 -3.137668
v 4.646622 0.419531 -3.138141
v 4.499934 1.173738 -3.138245
v 4.227890 1.892310 -3.137988
v 3.838324 2.554565 -3.137386
v 3.342435 3.141464 -3.136440
v 2.754498 3.636114 -3.135183
v 2.091421 4.024281 -3.133658
v 1.372283 4.294812 -3.131904
v 0.617770 4.439909 -3.129976
v -0.150413 4.455406 -3.127914
v -0.910166 4.340856 -3.125795
v -1.747274 4.072916 -43.123520
v -1.017808 4.314220 -43.125648
v -0.258056 4.428768 -43.127769
v 0.510127 4.413267 -43.129822
v 1.264640 4.268171 -43.131752
v 1.983778 3.997644 -43.133511
v 2.646858 3.609478 -43.135033
v 3.234796 3.114824 -43.136288
v 3.730681 2.527937 -43.137230
v 4.120248 1.865675 -43.137840
v 4.392292 1.147110 -43.138084
v 4.538983 0.392899 -43.137978
v 4.556102 -0.375254 -43.137520
v 4.443158 -1.135248 -43.136711
v 4.203397 -1.865225 -43.135578
v 3.843721 -2.544178 -43.134163
v 3.374475 -3.152576 -43.132488
v 2.809159 -3.672928 -43.130619
v 2.164034 -4.090254 -43.128616
v 1.457660 -4.392542 -43.126507
v 0.710360 -4.571108 -43.124378
v -0.056369 -4.620819 -43.122288
v -0.820472 -4.540230 -43.120281
v -1.559961 -4.331659 -43.118427
v -2.253568 -4.001123 -43.116779
v -2.881336 -3.558117 -43.115387
v -3.425207 -3.015390 -43.114288
v -3.869534 -2.388561 -43.113506
v -4.201536 -1.695654 -43.113075
v -4.411660 -0.956600 -43.112999
v -4.493863 -0.192667 -43.113289
v -4.445776 0.574169 -43.113926
v -4.268786 1.321846 -43.114906
v -3.967986 2.028854 -43.116188
v -3.552024 2.674864 -43.117729
v -3.032874 3.241283 -43.119499
v -2.425466 3.711807 -43.121456
v 1.889028 -4.238644 -16.460993
v 1.853149 -4.247523 -29.794285
v -2.022277 3.924535 -16.455906
v -2.058159 3.915650 -29.789196
v -1.351785 4.217946 -29.791294
v -1.315903 4.226823 -16.458012
v -2.667402 3.507203 -16.453897
v -2.703284 3.498324 -29.787178
v -3.232717 2.986858 -16.452019
v -3.268599 2.977979 -29.785313
v -3.701966 2.378454 -16.450352
v -3.737845 2.369581 -29.783638
v -4.061643 1.699500 -16.448936
v -4.097522 1.690623 -29.782217
v -4.301400 0.969524 -16.447805
v -4.337282 0.960648 -29.781086
v -4.414345 0.209531 -16.446999
v -4.450224 0.200658 -29.780281
v -4.397225 -0.558625 -16.446535
v -4.433107 -0.567502 -29.779814
v -4.250534 -1.312824 -16.446423
v -4.286416 -1.321710 -29.779711
v -3.978491 -2.031396 -16.446678
v -4.014373 -2.040281 -29.779968
v -3.588924 -2.693659 -16.447290
v -3.624806 -2.702537 -29.780571
v -3.093039 -3.280547 -16.448231
v -3.128918 -3.289432 -29.781521
v -2.505100 -3.775196 -16.449488
v -2.540983 -3.784073 -29.782768
v -1.842025 -4.163368 -16.451008
v -1.877904 -4.172253 -29.784298
v -1.122883 -4.433899 -16.452763
v -1.158765 -4.442771 -29.786045
v -0.368370 -4.578991 -16.454695
v -0.404253 -4.587874 -29.787983
v 0.399813 -4.594492 -16.456753
v 0.363931 -4.603376 -29.790041
v 1.159565 -4.479939 -16.458876
v 1.123683 -4.488822 -29.792166
v 2.567219 -3.877530 -16.463064
v 2.531340 -3.886415 -29.796352
v 3.174631 -3.407007 -16.465017
v 3.138749 -3.415883 -29.798298
v 3.693781 -2.840587 -16.466789
v 3.657900 -2.849463 -29.800068
v 4.109743 -2.194578 -16.468334
v 4.073861 -2.203463 -29.801622
v 4.410544 -1.487564 -16.469616
v 4.374661 -1.496449 -29.802906
v 4.587533 -0.739893 -16.470592
v 4.551651 -0.748765 -29.803877
v 4.635618 0.026945 -16.471230
v 4.599738 0.018064 -29.804522
v 4.553416 0.790877 -16.471519
v 4.517536 0.782000 -29.804802
v 4.343294 1.529928 -16.471439
v 4.307412 1.521050 -29.804720
v 4.011292 2.222836 -16.471008
v 3.975410 2.213958 -29.804289
v 3.566964 2.849671 -16.470234
v 3.531082 2.840797 -29.803516
v 3.023093 3.392397 -16.469135
v 2.987211 3.383519 -29.802414
v 2.395325 3.835400 -16.467735
v 2.359443 3.826522 -29.801018
v 1.701718 4.165940 -16.466091
v 1.665836 4.157063 -29.799374
v 0.962226 4.374508 -16.464239
v 0.926347 4.365630 -29.797520
v 0.198126 4.455099 -16.462233
v 0.162244 4.446215 -29.795525
v -0.568603 4.405393 -16.460144
v -0.604485 4.396514 -29.793427
v -1.706516 4.255849 -3.123593
v -0.970091 4.501279 -3.125736
v -0.203318 4.622150 -3.127881
v 0.572894 4.615162 -3.129964
v 1.337370 4.480508 -3.131935
v 2.069256 4.221863 -3.133732
v 2.748590 3.846280 -3.135305
v 3.356840 3.364004 -3.136629
v 3.877414 2.788191 -3.137645
v 4.296113 2.134551 -3.138336
v 4.601517 1.420909 -3.138684
v 4.785295 0.666737 -3.138671
v 4.842432 -0.107403 -3.138308
v 4.771371 -0.880396 -3.137604
v 4.574052 -1.631139 -3.136576
v 4.255854 -2.339169 -3.135243
v 3.825460 -2.985172 -3.133663
v 3.294606 -3.551520 -3.131856
v 2.677777 -4.022764 -3.129878
v 1.991795 -4.386059 -3.127793
v 1.255373 -4.631489 -3.125649
v 0.488596 -4.752360 -3.123505
v -0.287615 -4.745372 -3.121422
v -1.052092 -4.610718 -3.119451
v -1.783978 -4.352073 -3.117654
v -2.463311 -3.976490 -3.116081
v -3.071561 -3.494213 -3.114757
v -3.592133 -2.918401 -3.113741
v -4.010834 -2.264761 -3.113050
v -4.316239 -1.551119 -3.112702
v -4.500016 -0.796946 -3.112715
v -4.557153 -0.022807 -3.113078
v -4.486093 0.750186 -3.113781
v -4.288773 1.500929 -3.114810
v -3.970576 2.208959 -3.116143
v -3.540181 2.854962 -3.117723
v -3.009327 3.421310 -3.119529
v -2.392498 3.892549 -3.121505
v -1.814156 4.229210 -43.123444
v -2.500138 3.865913 -43.121357
v -3.116970 3.394672 -43.119381
v -3.647821 2.828325 -43.117577
v -4.078218 2.182325 -43.115982
v -4.396416 1.474293 -43.114662
v -4.593736 0.723545 -43.113632
v -4.664796 -0.049435 -43.112919
v -4.607658 -0.823576 -43.112556
v -4.423882 -1.577753 -43.112556
v -4.118476 -2.291395 -43.112904
v -3.699775 -2.945040 -43.113590
v -3.179201 -3.520851 -43.114605
v -2.570951 -4.003128 -43.115929
v -1.891620 -4.378706 -43.117508
v -1.159731 -4.637352 -43.119305
v -0.395258 -4.771997 -43.121265
v 0.380953 -4.778980 -43.123352
v 1.147730 -4.658115 -43.125496
v 1.884152 -4.412693 -43.127647
v 2.570134 -4.049397 -43.129730
v 3.186963 -3.578146 -43.131699
v 3.717817 -3.011803 -43.133503
v 4.148212 -2.365803 -43.135094
v 4.466409 -1.657774 -43.136429
v 4.663731 -0.907026 -43.137459
v 4.734791 -0.134039 -43.138161
v 4.677652 0.640100 -43.138523
v 4.493875 1.394274 -43.138535
v 4.188471 2.107914 -43.138191
v 3.769772 2.761562 -43.137489
v 3.249197 3.337376 -43.136475
v 2.640947 3.819643 -43.135155
v 1.961613 4.195227 -43.133583
v 1.229728 4.453867 -43.131783
v 0.465251 4.588526 -43.129814
v -0.310960 4.595510 -43.127731
v -1.077734 4.474640 -43.125587
v 1.955913 -4.394936 -16.461073
v 1.920034 -4.403813 -29.794353
v -1.369293 4.388219 -16.457977
v -1.405175 4.379342 -29.791258
v -2.138055 4.065706 -29.789076
v -2.102176 4.074584 -16.455795
v -0.593949 4.573494 -16.460184
v -0.629827 4.564617 -29.793465
v 0.201554 4.625063 -16.462358
v 0.165675 4.616186 -29.795639
v 0.994330 4.541449 -16.464434
v 0.958452 4.532572 -29.797714
v 1.761574 4.325058 -16.466354
v 1.725692 4.316173 -29.799644
v 2.481208 3.982119 -16.468063
v 2.445329 3.973234 -29.801353
v 3.132535 3.522487 -16.469513
v 3.096657 3.513609 -29.802795
v 3.696817 2.959386 -16.470659
v 3.660935 2.950514 -29.803944
v 4.157818 2.309026 -16.471464
v 4.121940 2.300154 -29.804749
v 4.502280 1.590120 -16.471912
v 4.466400 1.581243 -29.805191
v 4.720288 0.823327 -16.471989
v 4.684409 0.814454 -29.805275
v 4.805575 0.030735 -16.471687
v 4.769694 0.021851 -29.804977
v 4.755685 -0.764881 -16.471033
v 4.719804 -0.773758 -29.804314
v 4.572053 -1.540623 -16.470018
v 4.536173 -1.549500 -29.803297
v 4.259964 -2.274159 -16.468691
v 4.224085 -2.283036 -29.801970
v 3.828394 -2.944407 -16.467075
v 3.792512 -2.953292 -29.800365
v 3.289759 -3.532082 -16.465237
v 3.253880 -3.540966 -29.798525
v 2.659557 -4.020272 -16.463217
v 2.623675 -4.029149 -29.796497
v 1.199072 -4.645289 -16.458876
v 1.163193 -4.654165 -29.792156
v 0.410811 -4.764136 -16.456669
v 0.374929 -4.773020 -29.789959
v -0.386201 -4.748058 -16.454538
v -0.422083 -4.756930 -29.787823
v -1.169030 -4.597514 -16.452536
v -1.204912 -4.606392 -29.785814
v -1.915156 -4.316831 -16.450706
v -1.951038 -4.325715 -29.783997
v -2.603117 -3.914098 -16.449129
v -2.638997 -3.922970 -29.782413
v -3.213120 -3.400884 -16.447830
v -3.248999 -3.409761 -29.781111
v -3.727615 -2.791963 -16.446848
v -3.763494 -2.800848 -29.780136
v -4.131801 -2.104851 -16.446218
v -4.167684 -2.113735 -29.779509
v -4.414052 -1.359322 -16.445951
v -4.449934 -1.368201 -29.779243
v -4.566248 -0.576809 -16.446066
v -4.602130 -0.585681 -29.779350
v -4.584010 0.220172 -16.446552
v -4.619892 0.211295 -29.779831
v -4.466828 1.008687 -16.447395
v -4.502710 0.999810 -29.780674
v -4.218072 1.766057 -16.448559
v -4.253951 1.757184 -29.781843
v -3.844897 2.470489 -16.450031
v -3.880778 2.461611 -29.783314
v -3.358041 3.101723 -16.451763
v -3.393923 3.092845 -29.785042
v -2.771510 3.641600 -16.453705
v -2.807389 3.632721 -29.786983
v -1.090906 -6.852789 -2.117851
v -0.408863 -6.942143 -2.119621
v 0.278686 -6.963147 -2.121456
v 0.964911 -6.915590 -2.123342
v 1.642991 -6.799943 -2.125239
v 2.306185 -6.617356 -2.127150
v 2.947903 -6.369639 -2.129043
v 3.561771 -6.059265 -2.130900
v 4.141684 -5.689301 -2.132703
v 4.681879 -5.263446 -2.134445
v 5.176985 -4.785915 -2.136096
v 5.622086 -4.261462 -2.137646
v 6.012758 -3.695295 -2.139069
v 6.345116 -3.093043 -2.140361
v 6.615857 -2.460694 -2.141515
v 6.822291 -1.804523 -2.142503
v 6.962366 -1.131072 -2.143332
v 7.034692 -0.447004 -2.143981
v 7.038548 0.240850 -2.144453
v 6.973895 0.925688 -2.144729
v 6.841376 1.600669 -2.144825
v 6.642312 2.259108 -2.144728
v 6.378675 2.894458 -2.144440
v 6.053091 3.500395 -2.143969
v 5.668791 4.070909 -2.143311
v 5.229597 4.600319 -2.142485
v 4.739873 5.083367 -2.141485
v 4.204486 5.515264 -2.140330
v 3.628758 5.891696 -2.139042
v 3.018408 6.208941 -2.137601
v 2.379508 6.463836 -2.136051
v 1.718401 6.653848 -2.134399
v 1.041660 6.777092 -2.132667
v 0.356012 6.832342 -2.130859
v -0.331731 6.819047 -2.129000
v -1.014732 6.737347 -2.127102
v -1.686203 6.588041 -2.125198
v -2.339472 6.372621 -2.123289
v -2.968048 6.093233 -2.121418
v -3.565679 5.752637 -2.119582
v -4.126431 5.354234 -2.117805
v -4.644724 4.901980 -2.116108
v -5.115416 4.400360 -2.114510
v -5.533822 3.854376 -2.113022
v -5.895786 3.269439 -2.111654
v -6.197710 2.651365 -2.110440
v -6.436595 2.006302 -2.109365
v -6.610067 1.340667 -2.108454
v -6.716399 0.661059 -2.107719
v -6.754538 -0.025748 -2.107151
v -6.724101 -0.712950 -2.106779
v -6.625395 -1.393707 -2.106596
v -6.459394 -2.061254 -2.106594
v -6.227757 -2.708946 -2.106780
v -5.932777 -3.330364 -2.107165
v -5.577394 -3.919320 -2.107732
v -5.165133 -4.469968 -2.108475
v -4.700096 -4.976826 -2.109382
v -4.186902 -5.434875 -2.110464
v -3.630654 -5.839533 -2.111688
v -3.036876 -6.186808 -2.113055
v -2.411474 -6.473230 -2.114548
v -1.760663 -6.695958 -2.116149
v -1.020318 -6.459531 -2.518305
v -1.671664 -6.305893 -2.516655
v -2.303763 -6.086095 -2.515104
v -2.909909 -5.802470 -2.513654
v -3.483683 -5.458023 -2.512343
v -4.019002 -5.056406 -2.511171
v -4.510187 -4.601878 -2.510148
v -4.952034 -4.099254 -2.509298
v -5.339859 -3.553863 -2.508614
v -5.669550 -2.971486 -2.508108
v -5.937614 -2.358300 -2.507803
v -6.141211 -1.720792 -2.507679
v -6.278178 -1.065731 -2.507741
v -6.347065 -0.400064 -2.508004
v -6.347144 0.269160 -2.508446
v -6.278411 0.934841 -2.509080
v -6.141598 1.589934 -2.509878
v -5.938153 2.227482 -2.510851
v -5.670233 2.840732 -2.511978
v -5.340678 3.423191 -2.513255
v -4.952978 3.968667 -2.514665
v -4.511250 4.471394 -2.516184
v -4.020173 4.926032 -2.517814
v -3.484951 5.327778 -2.519515
v -2.911256 5.672353 -2.521291
v -2.305174 5.956117 -2.523111
v -1.673130 6.176054 -2.524960
v -1.021816 6.329841 -2.526819
v -0.358147 6.415846 -2.528662
v 0.310854 6.433157 -2.530472
v 0.978085 6.381591 -2.532227
v 1.636476 6.261682 -2.533927
v 2.279051 6.074724 -2.535525
v 2.898997 5.822674 -2.537028
v 3.489740 5.508220 -2.538412
v 4.045022 5.134697 -2.539651
v 4.558955 4.706056 -2.540753
v 5.026091 4.226843 -2.541694
v 5.441476 3.702142 -2.542464
v 5.800711 3.137516 -2.543046
v 6.099987 2.538930 -2.543457
v 6.336129 1.912753 -2.543677
v 6.506638 1.265624 -2.543701
v 6.609702 0.604377 -2.543538
v 6.644230 -0.063953 -2.543189
v 6.609858 -0.732298 -2.542653
v 6.506949 -1.393559 -2.541928
v 6.336593 -2.040734 -2.541046
v 6.100598 -2.666965 -2.539993
v 5.801464 -3.265612 -2.538785
v 5.442361 -3.830330 -2.537443
v 5.027099 -4.355127 -2.535975
v 4.560076 -4.834449 -2.534401
v 4.046244 -5.263206 -2.532730
v 3.491048 -5.636861 -2.530986
v 2.900380 -5.951447 -2.529189
v 2.280491 -6.203640 -2.527358
v 1.637960 -6.390752 -2.525502
v 0.979597 -6.510806 -2.523651
v 0.312377 -6.562535 -2.521823
v -0.356624 -6.545374 -2.520028
v 1.379778 6.715255 -2.216698
v 1.367248 6.648595 -2.368570
v 1.344803 6.526918 -2.479721
v 1.316320 6.371249 -2.530947
v -0.750087 -6.897362 -2.201907
v -0.741708 -6.830380 -2.353918
v -0.725952 -6.707897 -2.465343
v -0.705540 -6.551081 -2.516900
v -1.347149 -6.434235 -2.515248
v -1.383077 -6.588222 -2.463646
v -1.410955 -6.708498 -2.352196
v -1.425970 -6.774274 -2.200167
v -0.065306 -6.952537 -2.203704
v -0.063650 -6.885023 -2.355709
v -0.060177 -6.761544 -2.467096
v -0.055483 -6.603463 -2.518614
v 0.621564 -6.939264 -2.205569
v 0.616477 -6.871876 -2.357545
v 0.607633 -6.748637 -2.468899
v 0.596557 -6.590863 -2.520379
v 1.303698 -6.857662 -2.207460
v 1.291917 -6.791071 -2.359422
v 1.270835 -6.669302 -2.470740
v 1.244102 -6.513393 -2.522169
v 1.974320 -6.708549 -2.209360
v 1.955955 -6.643418 -2.361303
v 1.922846 -6.524323 -2.472587
v 1.880715 -6.371846 -2.523980
v 2.626763 -6.493394 -2.211257
v 2.601990 -6.430391 -2.363186
v 2.557177 -6.315149 -2.474433
v 2.500074 -6.167607 -2.525782
v 3.254539 -6.214363 -2.213135
v 3.223606 -6.154087 -2.365037
v 3.167532 -6.043858 -2.476261
v 3.096018 -5.902717 -2.527558
v 3.851415 -5.874200 -2.214968
v 3.814622 -5.817270 -2.366857
v 3.747842 -5.713135 -2.478044
v 3.662625 -5.579810 -2.529297
v 4.411456 -5.476307 -2.216742
v 4.369164 -5.423278 -2.368612
v 4.292338 -5.326278 -2.479766
v 4.194267 -5.202086 -2.530985
v 4.929094 -5.024613 -2.218431
v 4.881720 -4.976025 -2.370287
v 4.795611 -4.887129 -2.481410
v 4.685656 -4.773304 -2.532594
v 5.399187 -4.523639 -2.220033
v 5.347199 -4.479961 -2.371873
v 5.252658 -4.400053 -2.482960
v 5.131913 -4.297731 -2.534113
v 5.817064 -3.978343 -2.221524
v 5.760972 -3.940019 -2.373339
v 5.658937 -3.869893 -2.484409
v 5.528599 -3.780081 -2.535517
v 6.178570 -3.394149 -2.222885
v 6.118929 -3.361562 -2.374697
v 6.010409 -3.301907 -2.485732
v 5.871773 -3.225510 -2.536813
v 6.480112 -2.776859 -2.224107
v 6.417512 -2.750329 -2.375900
v 6.303583 -2.701757 -2.486927
v 6.158025 -2.639527 -2.537967
v 6.718694 -2.132621 -2.225176
v 6.653751 -2.112412 -2.376958
v 6.535542 -2.075394 -2.487962
v 6.384509 -2.027954 -2.538991
v 6.891790 -1.468555 -2.226083
v 6.824846 -1.456328 -2.377859
v 6.703241 -1.432621 -2.488846
v 6.547956 -1.401755 -2.539842
v 6.998144 -0.789081 -2.226822
v 6.930457 -0.782063 -2.378589
v 6.807236 -0.769139 -2.489563
v 6.649786 -0.752544 -2.540549
v 7.036231 -0.103131 -2.227381
v 6.968172 -0.102849 -2.379143
v 6.844270 -0.102236 -2.490105
v 6.685945 -0.101383 -2.541087
v 7.005834 0.583202 -2.227753
v 6.938072 0.576738 -2.379519
v 6.814714 0.565047 -2.490475
v 6.657090 0.550146 -2.541440
v 6.907251 1.263089 -2.227937
v 6.840459 1.249952 -2.379704
v 6.718868 1.226073 -2.490655
v 6.563505 1.195559 -2.541616
v 6.741463 1.929784 -2.227941
v 6.676299 1.910101 -2.379702
v 6.557680 1.874258 -2.490654
v 6.406124 1.828448 -2.541621
v 6.510119 2.576666 -2.227746
v 6.447224 2.550627 -2.379513
v 6.332757 2.503186 -2.490474
v 6.186510 2.442522 -2.541433
v 6.215516 3.197292 -2.227368
v 6.155513 3.165165 -2.379136
v 6.046329 3.106590 -2.490100
v 5.906846 3.031683 -2.541072
v 5.860579 3.785509 -2.226805
v 5.804062 3.747613 -2.378577
v 5.701246 3.678478 -2.489556
v 5.569910 3.590065 -2.540539
v 5.448843 4.335452 -2.226063
v 5.396367 4.292156 -2.377849
v 5.300936 4.213159 -2.488832
v 5.179051 4.112129 -2.539829
v 4.984395 4.841672 -2.225152
v 4.936480 4.793407 -2.376932
v 4.849378 4.705331 -2.487938
v 4.738155 4.592678 -2.538972
v 4.471851 5.299133 -2.224074
v 4.428966 5.246370 -2.375875
v 4.351060 5.150096 -2.486893
v 4.251601 5.026944 -2.537948
v 3.916309 5.703288 -2.222845
v 3.878876 5.646560 -2.374663
v 3.810934 5.543031 -2.485710
v 3.724228 5.410602 -2.536781
v 3.323284 6.050115 -2.221487
v 3.291673 5.989988 -2.373312
v 3.234369 5.880236 -2.484380
v 3.161276 5.739846 -2.535486
v 2.698673 6.336178 -2.219995
v 2.673194 6.273240 -2.371832
v 2.627094 6.158362 -2.482932
v 2.568339 6.011400 -2.534068
v 2.048683 6.558625 -2.218397
v 2.029587 6.493505 -2.370253
v 1.995145 6.374634 -2.481371
v 1.951308 6.222571 -2.532547
v 0.698599 6.804497 -2.214925
v 0.692757 6.736966 -2.366815
v 0.682528 6.613683 -2.478001
v 0.669684 6.455974 -2.529260
v 0.011920 6.825477 -2.213094
v 0.012819 6.757735 -2.364996
v 0.014907 6.634083 -2.476217
v 0.017827 6.475883 -2.527521
v -0.673435 6.777974 -2.211213
v -0.665809 6.710706 -2.363137
v -0.651427 6.587900 -2.474387
v -0.632775 6.430796 -2.525743
v -1.350658 6.662477 -2.209316
v -1.336382 6.596332 -2.361262
v -1.309852 6.475605 -2.472545
v -1.275655 6.321154 -2.523932
v -2.013009 6.480122 -2.207408
v -1.992232 6.415772 -2.359371
v -1.953824 6.298306 -2.470695
v -1.904423 6.148038 -2.522131
v -2.653918 6.232721 -2.205520
v -2.626847 6.170804 -2.357502
v -2.576942 6.057770 -2.468863
v -2.512827 5.913184 -2.520335
v -3.267005 5.922735 -2.203664
v -3.233916 5.863852 -2.355664
v -3.173014 5.756393 -2.467050
v -3.094829 5.618921 -2.518566
v -3.846182 5.553243 -2.201864
v -3.807410 5.497994 -2.353881
v -3.736119 5.397160 -2.465294
v -3.644635 5.268169 -2.516856
v -4.385693 5.127925 -2.200129
v -4.341624 5.076851 -2.352158
v -4.260653 4.983644 -2.463609
v -4.156789 4.864419 -2.515210
v -4.880173 4.651000 -2.198476
v -4.831248 4.604604 -2.350528
v -4.741410 4.519951 -2.462012
v -4.626195 4.411676 -2.513643
v -5.324713 4.127207 -2.196932
v -5.271422 4.085960 -2.348996
v -5.173611 4.010700 -2.460512
v -5.048191 3.914443 -2.512176
v -5.714887 3.561763 -2.195502
v -5.657768 3.526065 -2.347581
v -5.552958 3.460945 -2.459120
v -5.418579 3.377669 -2.510827
v -6.046827 2.960271 -2.194214
v -5.986448 2.930475 -2.346309
v -5.875682 2.876151 -2.457860
v -5.733687 2.806686 -2.509594
v -6.317223 2.328726 -2.193065
v -6.254191 2.305132 -2.345163
v -6.138578 2.262134 -2.456744
v -5.990374 2.207160 -2.508504
v -6.523396 1.673388 -2.192073
v -6.458342 1.656230 -2.344186
v -6.339028 1.624978 -2.455786
v -6.186090 1.585050 -2.507569
v -6.663411 1.000041 -2.191250
v -6.597212 0.988017 -2.343369
v -6.475609 0.967437 -2.454975
v -6.319667 0.941625 -2.506778
v -6.735528 0.317594 -2.190594
v -6.668390 0.313739 -2.342730
v -6.545273 0.306810 -2.454354
v -6.387467 0.298004 -2.506173
v -6.739381 -0.369399 -2.190134
v -6.672202 -0.366506 -2.342261
v -6.549016 -0.361109 -2.453892
v -6.391121 -0.354151 -2.505725
v -6.674809 -1.053360 -2.189847
v -6.608266 -1.043754 -2.341982
v -6.486240 -1.026089 -2.453621
v -6.329826 -1.003425 -2.505460
v -6.542458 -1.727496 -2.189760
v -6.477214 -1.711268 -2.341891
v -6.357561 -1.681514 -2.453535
v -6.204187 -1.643378 -2.505370
v -6.343645 -2.385100 -2.189856
v -6.280352 -2.362422 -2.341988
v -6.164264 -2.320867 -2.453626
v -6.015454 -2.267636 -2.505462
v -6.080343 -3.019638 -2.190140
v -6.019636 -2.990736 -2.342276
v -5.908269 -2.937798 -2.453906
v -5.765505 -2.869992 -2.505730
v -5.755167 -3.624813 -2.190609
v -5.697654 -3.589961 -2.342737
v -5.592122 -3.526172 -2.454361
v -5.456818 -3.444484 -2.506179
v -5.371356 -4.194604 -2.191265
v -5.317610 -4.154157 -2.343384
v -5.218962 -4.080152 -2.455002
v -5.092471 -3.985380 -2.506803
v -4.932718 -4.723343 -2.192093
v -4.883278 -4.677707 -2.344211
v -4.792497 -4.594219 -2.455810
v -4.676074 -4.487311 -2.507588
v -4.443614 -5.205781 -2.193092
v -4.398976 -5.155413 -2.345193
v -4.316968 -5.063265 -2.456768
v -4.211773 -4.945281 -2.508528
v -3.908906 -5.637128 -2.194241
v -3.869515 -5.582516 -2.346334
v -3.797099 -5.482640 -2.457889
v -3.704178 -5.354755 -2.509625
v -3.333906 -6.013087 -2.195542
v -3.300161 -5.954791 -2.347623
v -3.238059 -5.848163 -2.459147
v -3.158338 -5.711649 -2.510859
v -2.724331 -6.329928 -2.196970
v -2.696572 -6.268516 -2.349035
v -2.645402 -6.156215 -2.460547
v -2.579674 -6.012426 -2.512216
v -2.086240 -6.584498 -2.198521
v -2.064742 -6.520592 -2.350569
v -2.025019 -6.403713 -2.462047
v -1.973938 -6.254088 -2.513686
v -1.081217 -6.850389 1.482132
v -0.399177 -6.939744 1.480362
v 0.288375 -6.960748 1.478526
v 0.974600 -6.913196 1.476645
v 1.652677 -6.797543 1.474744
v 2.315872 -6.614957 1.472833
v 2.957593 -6.367245 1.470943
v 3.571458 -6.056870 1.469087
v 4.151371 -5.686906 1.467284
v 4.691565 -5.261051 1.465541
v 5.186675 -4.783521 1.463891
v 5.631775 -4.259068 1.462340
v 6.022446 -3.692901 1.460918
v 6.354805 -3.090644 1.459622
v 6.625545 -2.458300 1.458471
v 6.831979 -1.802129 1.457484
v 6.972055 -1.128673 1.456650
v 7.044379 -0.444610 1.456006
v 7.048235 0.243244 1.455534
v 6.983582 0.928082 1.455258
v 6.851065 1.603063 1.455161
v 6.651999 2.261507 1.455255
v 6.388363 2.896852 1.455547
v 6.062778 3.502789 1.456017
v 5.678479 4.073303 1.456676
v 5.239285 4.602714 1.457502
v 4.749560 5.085766 1.458498
v 4.214173 5.517663 1.459652
v 3.638444 5.894097 1.460954
v 3.028097 6.211340 1.462382
v 2.389194 6.466235 1.463932
v 1.728087 6.656242 1.465588
v 1.051349 6.779486 1.467320
v 0.365698 6.834736 1.469128
v -0.322045 6.821441 1.470987
v -1.005043 6.739740 1.472884
v -1.676517 6.590435 1.474789
v -2.329786 6.375020 1.476694
v -2.958359 6.095627 1.478569
v -3.555990 5.755036 1.480401
v -4.116741 5.356633 1.482177
v -4.635036 4.904374 1.483878
v -5.105727 4.402760 1.485472
v -5.524132 3.856770 1.486965
v -5.886097 3.271838 1.488329
v -6.188023 2.653767 1.489556
v -6.426909 2.008708 1.490628
v -6.600380 1.343062 1.491532
v -6.706712 0.663461 1.492277
v -6.744849 -0.023353 1.492836
v -6.714415 -0.710556 1.493208
v -6.615705 -1.391312 1.493391
v -6.449708 -2.058855 1.493389
v -6.218067 -2.706547 1.493203
v -5.923092 -3.327969 1.492822
v -5.567705 -3.916925 1.492255
v -5.155447 -4.467574 1.491512
v -4.690410 -4.974427 1.490601
v -4.177216 -5.432469 1.489528
v -3.620965 -5.837138 1.488299
v -3.027190 -6.184409 1.486929
v -2.401788 -6.470836 1.485438
v -1.750974 -6.693563 1.483837
v -1.200021 -7.443477 -2.717170
v -1.905884 -7.279342 -2.715377
v -2.592615 -7.047844 -2.713681
v -3.253797 -6.751147 -2.712101
v -3.883255 -6.392024 -2.710648
v -4.475117 -5.973828 -2.709335
v -5.023853 -5.500459 -2.708172
v -5.524340 -4.976331 -2.707170
v -5.971906 -4.406357 -2.706341
v -6.362373 -3.795840 -2.705699
v -6.692094 -3.150499 -2.705248
v -6.957992 -2.476339 -2.704977
v -7.157583 -1.779670 -2.704907
v -7.289001 -1.066977 -2.705022
v -7.351025 -0.344942 -2.705340
v -7.343074 0.379717 -2.705847
v -7.265217 1.100224 -2.706530
v -7.118186 1.809859 -2.707400
v -6.903352 2.501980 -2.708438
v -6.622722 3.170143 -2.709637
v -6.278914 3.808097 -2.710989
v -5.875141 4.409892 -2.712473
v -5.415174 4.969903 -2.714091
v -4.903300 5.482908 -2.715809
v -4.344309 5.944120 -2.717611
v -3.743410 6.349226 -2.719502
v -3.106220 6.694444 -2.721444
v -2.438687 6.976558 -2.723432
v -1.747043 7.192920 -2.725437
v -1.037745 7.341520 -2.727443
v -0.317413 7.420974 -2.729441
v 0.407221 7.430527 -2.731392
v 1.129396 7.370106 -2.733290
v 1.842369 7.240260 -2.735126
v 2.539478 7.042215 -2.736867
v 3.214222 6.777807 -2.738515
v 3.860297 6.449512 -2.740036
v 4.471672 6.060400 -2.741422
v 5.042637 5.614091 -2.742659
v 5.567862 5.114770 -2.743734
v 6.042444 4.567081 -2.744651
v 6.461950 3.976150 -2.745387
v 6.822464 3.347481 -2.745936
v 7.120622 2.686947 -2.746303
v 7.353637 2.000732 -2.746471
v 7.519336 1.295227 -2.746449
v 7.616171 0.577032 -2.746224
v 7.643236 -0.147167 -2.745824
v 7.600281 -0.870594 -2.745224
v 7.487706 -1.586493 -2.744443
v 7.306563 -2.288192 -2.743490
v 7.058543 -2.969128 -2.742374
v 6.745959 -3.622947 -2.741088
v 6.371732 -4.243544 -2.739672
v 5.939358 -4.825132 -2.738119
v 5.452868 -5.362271 -2.736459
v 4.916811 -5.849953 -2.734688
v 4.336188 -6.283617 -2.732838
v 3.716421 -6.659211 -2.730919
v 3.063296 -6.973240 -2.728951
v 2.382911 -7.222769 -2.726952
v 1.681620 -7.405465 -2.724942
v 0.965971 -7.519630 -2.722940
v 0.242644 -7.564183 -2.720967
v -0.481606 -7.538722 -2.719034
v -1.129429 -7.050211 -3.117615
v -0.438647 -7.141262 -3.119413
v 0.257736 -7.164168 -3.121272
v 0.953010 -7.118706 -3.123174
v 1.640480 -7.005310 -3.125099
v 2.313525 -6.825077 -3.127031
v 2.965662 -6.579744 -3.128952
v 3.590610 -6.271674 -3.130839
v 4.182355 -5.903820 -3.132674
v 4.735194 -5.479748 -3.134449
v 5.243805 -5.003528 -3.136137
v 5.703290 -4.479743 -3.137712
v 6.109221 -3.913448 -3.139189
v 6.457690 -3.310085 -3.140524
v 6.745345 -2.675472 -3.141720
v 6.969409 -2.015726 -3.142760
v 7.127728 -1.337189 -3.143637
v 7.218777 -0.646402 -3.144343
v 7.241681 0.049978 -3.144877
v 7.196215 0.745250 -3.145216
v 7.082820 1.432729 -3.145369
v 6.902587 2.105770 -3.145332
v 6.657253 2.757911 -3.145106
v 6.349179 3.382864 -3.144692
v 5.981332 3.974612 -3.144100
v 5.557256 4.527457 -3.143315
v 5.081034 5.036067 -3.142375
v 4.557253 5.495555 -3.141278
v 3.990956 5.901491 -3.140019
v 3.387599 6.249963 -3.138628
v 2.752990 6.537615 -3.137115
v 2.093241 6.761688 -3.135484
v 1.414708 6.920009 -3.133761
v 0.723925 7.011060 -3.131963
v 0.027542 7.033959 -3.130114
v -0.667731 6.988497 -3.128211
v -1.355201 6.875100 -3.126287
v -2.028244 6.694867 -3.124355
v -2.680383 6.449535 -3.122434
v -3.305332 6.141459 -3.120543
v -3.897077 5.773611 -3.118712
v -4.449915 5.349538 -3.116937
v -4.958526 4.873318 -3.115249
v -5.418011 4.349533 -3.113674
v -5.823943 3.783238 -3.112197
v -6.172413 3.179875 -3.110862
v -6.460067 2.545263 -3.109666
v -6.684133 1.885516 -3.108626
v -6.842451 1.206987 -3.107739
v -6.933500 0.516193 -3.107042
v -6.956404 -0.180188 -3.106508
v -6.910939 -0.875460 -3.106170
v -6.797544 -1.562939 -3.106017
v -6.617312 -2.235980 -3.106054
v -6.371974 -2.888121 -3.106280
v -6.063900 -3.513074 -3.106694
v -5.696053 -4.104822 -3.107286
v -5.271977 -4.657666 -3.108071
v -4.795755 -5.166281 -3.109007
v -4.271975 -5.625765 -3.110108
v -3.705678 -6.031701 -3.111367
v -3.102320 -6.380172 -3.112758
v -2.467711 -6.667825 -3.114271
v -1.807963 -6.891897 -3.115902
v 1.485662 7.305146 -2.817375
v 1.473132 7.238491 -2.969251
v 1.450687 7.116802 -3.080408
v 1.422204 6.961140 -3.131624
v -1.553181 -7.361482 -2.799436
v -1.538267 -7.295684 -2.951464
v -1.510571 -7.175371 -3.062922
v -1.474881 -7.021324 -3.114519
v -0.795961 -7.144964 -3.116261
v -0.816610 -7.301748 -3.064707
v -0.832556 -7.424205 -2.953282
v -0.841038 -7.491169 -2.801266
v -2.249478 -7.163665 -2.797692
v -2.228278 -7.099661 -2.949745
v -2.189093 -6.982603 -3.061227
v -2.138699 -6.832735 -3.112854
v -2.923434 -6.899568 -2.796053
v -2.896148 -6.837941 -2.948119
v -2.845842 -6.725247 -3.059623
v -2.781219 -6.580958 -3.111299
v -3.568758 -6.571653 -2.794532
v -3.535642 -6.512998 -2.946615
v -3.474688 -6.405709 -3.058148
v -3.396438 -6.268341 -3.109842
v -4.179419 -6.182994 -2.793149
v -4.140789 -6.127845 -2.945240
v -4.069761 -6.026969 -3.056801
v -3.978614 -5.897815 -3.108528
v -4.749718 -5.737213 -2.791918
v -4.705938 -5.686086 -2.944020
v -4.625499 -5.592569 -3.055591
v -4.522309 -5.472823 -3.107352
v -5.274333 -5.238461 -2.790831
v -5.225815 -5.191849 -2.942948
v -5.136719 -5.106557 -3.054542
v -5.022450 -4.997339 -3.106313
v -5.748361 -4.691411 -2.789921
v -5.695560 -4.649732 -2.942039
v -5.598643 -4.573466 -3.053653
v -5.474369 -4.475806 -3.105450
v -6.167379 -4.101163 -2.789188
v -6.110796 -4.064818 -2.941319
v -6.006964 -3.998295 -3.052940
v -5.873840 -3.913094 -3.104751
v -6.527473 -3.473234 -2.788641
v -6.467638 -3.442557 -2.940771
v -6.357867 -3.386395 -3.052399
v -6.217138 -3.314458 -3.104226
v -6.825284 -2.813480 -2.788275
v -6.762758 -2.788760 -2.940410
v -6.648072 -2.743477 -3.052045
v -6.501058 -2.685473 -3.103883
v -7.058028 -2.128061 -2.788109
v -6.993401 -2.109528 -2.940239
v -6.874874 -2.075564 -3.051877
v -6.722941 -2.032029 -3.103719
v -7.223535 -1.423378 -2.788124
v -7.157412 -1.411211 -2.940263
v -7.036155 -1.388873 -3.051899
v -6.880728 -1.360220 -3.103740
v -7.320257 -0.706018 -2.788346
v -7.253261 -0.700329 -2.940481
v -7.130407 -0.689817 -3.052113
v -6.972937 -0.676317 -3.103949
v -7.347291 0.017339 -2.788751
v -7.280051 0.016495 -2.940886
v -7.156752 0.015063 -3.052514
v -6.998711 0.013289 -3.104334
v -7.304384 0.739918 -2.789351
v -7.237535 0.732551 -2.941476
v -7.114944 0.719199 -3.053089
v -6.957808 0.702168 -3.104900
v -7.191942 1.454991 -2.790129
v -7.126106 1.441164 -2.942247
v -7.005371 1.416006 -3.053857
v -6.850610 1.383882 -3.105640
v -7.011011 2.155869 -2.791083
v -6.946808 2.135706 -2.943198
v -6.829058 2.098991 -3.054785
v -6.678119 2.052063 -3.106559
v -6.763276 2.836011 -2.792202
v -6.701313 2.809713 -2.944299
v -6.587648 2.761771 -3.055878
v -6.441940 2.700480 -3.107627
v -6.451057 3.489066 -2.793482
v -6.391912 3.456873 -2.945567
v -6.283401 3.398162 -3.057112
v -6.144285 3.323074 -3.108842
v -6.077268 4.108947 -2.794897
v -6.021497 4.071152 -2.946967
v -5.919153 4.002207 -3.058501
v -5.787931 3.914037 -3.110198
v -5.645397 4.689854 -2.796443
v -5.593526 4.646809 -2.948513
v -5.498306 4.568276 -3.060008
v -5.376205 4.467849 -3.111667
v -5.159473 5.226365 -2.798106
v -5.111992 5.178477 -2.950157
v -5.024791 5.091098 -3.061629
v -4.912950 4.979326 -3.113257
v -4.624039 5.713475 -2.799875
v -4.581393 5.661189 -2.951905
v -4.503029 5.565772 -3.063348
v -4.402494 5.443723 -3.114934
v -4.044094 6.146628 -2.801725
v -4.006686 6.090437 -2.953738
v -3.937889 5.987871 -3.065151
v -3.849601 5.856669 -3.116703
v -3.425050 6.521790 -2.803641
v -3.393231 6.462210 -2.955632
v -3.334649 6.353456 -3.067023
v -3.259431 6.214331 -3.118526
v -2.772685 6.835464 -2.805605
v -2.746758 6.773046 -2.957580
v -2.698942 6.659110 -3.068937
v -2.637501 6.513366 -3.120404
v -2.093093 7.084695 -2.807596
v -2.073305 7.020027 -2.959561
v -2.036701 6.901984 -3.070880
v -1.989610 6.750982 -3.122298
v -1.392621 7.267181 -2.809605
v -1.379158 7.200865 -2.961549
v -1.354110 7.079812 -3.072831
v -1.321813 6.924951 -3.124218
v -0.677806 7.381208 -2.811600
v -0.670796 7.313864 -2.963527
v -0.657544 7.190924 -3.074780
v -0.640341 7.033657 -3.126125
v 0.044679 7.425712 -2.813575
v 0.045162 7.357961 -2.965490
v 0.046494 7.234288 -3.076705
v 0.048443 7.076089 -3.128000
v 0.768086 7.400280 -2.815508
v 0.762037 7.332758 -2.967401
v 0.751430 7.209511 -3.078590
v 0.738104 7.051834 -3.129845
v 2.190704 7.141197 -2.819169
v 2.171807 7.076023 -2.971018
v 2.137728 6.957048 -3.082142
v 2.094361 6.804845 -3.133330
v 2.876632 6.909974 -2.820859
v 2.851542 6.846887 -2.972697
v 2.806146 6.731725 -3.083794
v 2.748294 6.584408 -3.134938
v 3.537045 6.613618 -2.822439
v 3.505989 6.553211 -2.974260
v 3.449696 6.442939 -3.085334
v 3.377897 6.301881 -3.136444
v 4.165769 6.254915 -2.823893
v 4.129036 6.197745 -2.975708
v 4.062370 6.093394 -3.086746
v 3.977295 5.959905 -3.137833
v 4.756939 5.837207 -2.825200
v 4.714869 5.783807 -2.977002
v 4.638447 5.686347 -3.088025
v 4.540890 5.561677 -3.139083
v 5.305037 5.364391 -2.826362
v 5.258016 5.315260 -2.978151
v 5.172549 5.225597 -3.089162
v 5.063419 5.110916 -3.140191
v 5.804942 4.840886 -2.827358
v 5.753406 4.796475 -2.979144
v 5.659691 4.715457 -3.090132
v 5.540004 4.611828 -3.141142
v 6.251987 4.271569 -2.828179
v 6.196414 4.232306 -2.979954
v 6.095323 4.160676 -3.090939
v 5.966194 4.069076 -3.141922
v 6.641998 3.661767 -2.828828
v 6.582902 3.628007 -2.980591
v 6.475376 3.566447 -3.091560
v 6.338014 3.487714 -3.142539
v 6.971335 3.017170 -2.829281
v 6.909264 2.989234 -2.981051
v 6.796304 2.938302 -3.092004
v 6.651987 2.873192 -3.142973
v 7.236920 2.343790 -2.829552
v 7.172453 2.321936 -2.981314
v 7.055112 2.282125 -3.092263
v 6.905185 2.231225 -3.143223
v 7.436280 1.647933 -2.829620
v 7.370010 1.632362 -2.981392
v 7.249380 1.604029 -3.092338
v 7.095243 1.567818 -3.143300
v 7.567546 0.936076 -2.829506
v 7.500093 0.926939 -2.981270
v 7.377295 0.910351 -3.092219
v 7.220386 0.889176 -3.143183
v 7.629497 0.214876 -2.829192
v 7.561482 0.212247 -2.980959
v 7.437663 0.207561 -3.091911
v 7.279448 0.201620 -3.142885
v 7.621552 -0.508936 -2.828685
v 7.553611 -0.505024 -2.980451
v 7.429922 -0.497774 -3.091431
v 7.271874 -0.488432 -3.142400
v 7.543788 -1.228604 -2.827997
v 7.476548 -1.218192 -2.979780
v 7.354142 -1.199064 -3.090756
v 7.197735 -1.174527 -3.141752
v 7.396928 -1.937397 -2.827127
v 7.331014 -1.920596 -2.978916
v 7.211031 -1.889766 -3.089905
v 7.057727 -1.850265 -3.140925
v 7.182346 -2.628719 -2.826089
v 7.118369 -2.605665 -2.977887
v 7.001927 -2.563437 -3.088897
v 6.853154 -2.509336 -3.139938
v 6.902042 -3.296101 -2.824893
v 6.840599 -3.267025 -2.976703
v 6.728783 -3.213775 -3.087729
v 6.585927 -3.145580 -3.138789
v 6.558637 -3.933313 -2.823546
v 6.500294 -3.898479 -2.975362
v 6.394145 -3.834723 -3.086415
v 6.258542 -3.753075 -3.137504
v 6.155336 -4.534401 -2.822057
v 6.100635 -4.494144 -2.973894
v 6.001139 -4.420471 -3.084969
v 5.874053 -4.326122 -3.136088
v 5.695902 -5.093765 -2.820451
v 5.645352 -5.048453 -2.972296
v 5.553436 -4.965552 -3.083404
v 5.436049 -4.859392 -3.134549
v 5.184628 -5.606176 -2.818736
v 5.138694 -5.556235 -2.970591
v 5.055215 -5.464875 -3.081723
v 4.948625 -5.347900 -3.132916
v 4.626287 -6.066849 -2.816925
v 4.585394 -6.012749 -2.968806
v 4.511129 -5.913783 -3.079961
v 4.416330 -5.787085 -3.131192
v 4.026090 -6.471482 -2.815037
v 3.990618 -6.413722 -2.966932
v 3.926253 -6.308093 -3.078133
v 3.844131 -6.172842 -3.129402
v 3.389642 -6.816301 -2.813103
v 3.359918 -6.755428 -2.965009
v 3.306054 -6.644106 -3.076236
v 3.237370 -6.501570 -3.127544
v 2.722884 -7.098078 -2.811121
v 2.699183 -7.034661 -2.963047
v 2.656324 -6.918690 -3.074299
v 2.601718 -6.770205 -3.125650
v 2.032046 -7.314196 -2.809113
v 2.014581 -7.248827 -2.961065
v 1.983123 -7.129289 -3.072354
v 1.943103 -6.976237 -3.123743
v 1.323575 -7.462619 -2.807113
v 1.312508 -7.395918 -2.959072
v 1.292739 -7.273926 -3.070398
v 1.267679 -7.117748 -3.121836
v 0.604086 -7.541979 -2.805116
v 0.599515 -7.474557 -2.957102
v 0.591617 -7.351259 -3.068466
v 0.581753 -7.193398 -3.119937
v -0.119706 -7.551522 -2.803165
v -0.117738 -7.484018 -2.955170
v -0.113694 -7.360559 -3.066557
v -0.108274 -7.202502 -3.118075
v 0.901397 4.115458 -4.130520
v 0.360464 4.178500 -4.129108
v -0.184090 4.171856 -4.127640
v -0.723323 4.095634 -4.126139
v -1.248381 3.951075 -4.124622
v -1.750645 3.740566 -4.123133
v -2.221862 3.467550 -4.121682
v -2.654301 3.136518 -4.120301
v -3.040858 2.752908 -4.119004
v -3.375185 2.323008 -4.117822
v -3.651794 1.853895 -4.116759
v -3.866143 1.353251 -4.115855
v -4.014714 0.829314 -4.115108
v -4.095064 0.290674 -4.114532
v -4.105873 -0.253812 -4.114140
v -4.046969 -0.795212 -4.113935
v -3.919315 -1.324639 -4.113925
v -3.725007 -1.833388 -4.114108
v -3.467236 -2.313122 -4.114479
v -3.150237 -2.755949 -4.115042
v -2.779212 -3.154605 -4.115773
v -2.360254 -3.502542 -4.116674
v -1.900246 -3.794047 -4.117714
v -1.406736 -4.024333 -4.118892
v -0.887829 -4.189621 -4.120179
v -0.352045 -4.287192 -4.121550
v 0.191817 -4.315454 -4.123001
v 0.734826 -4.273929 -4.124487
v 1.268066 -4.163316 -4.125998
v 1.782785 -3.985411 -4.127503
v 2.270529 -3.743156 -4.128976
v 2.723287 -3.440509 -4.130395
v 3.133627 -3.082451 -4.131739
v 3.494811 -2.674861 -4.132980
v 3.800910 -2.224425 -4.134099
v 4.046893 -1.738550 -4.135088
v 4.228727 -1.225202 -4.135919
v 4.343423 -0.692826 -4.136582
v 4.389096 -0.150142 -4.137066
v 4.364998 0.393916 -4.137364
v 4.271527 0.930431 -4.137465
v 4.110215 1.450596 -4.137380
v 3.883712 1.945853 -4.137099
v 3.595735 2.408080 -4.136640
v 3.251015 2.829683 -4.135985
v 2.855211 3.203746 -4.135176
v 2.414820 3.524127 -4.134206
v 1.937079 3.785557 -4.133088
v 1.429830 3.983757 -4.131857
v 0.937769 4.312354 -3.930747
v 1.469729 4.181194 -3.932092
v 1.981539 3.985660 -3.933337
v 2.465439 3.728702 -3.934477
v 2.914096 3.414233 -3.935463
v 3.320707 3.047009 -3.936324
v 3.679112 2.632606 -3.937003
v 3.983870 2.177293 -3.937529
v 4.230371 1.687989 -3.937858
v 4.414871 1.172089 -3.938019
v 4.534576 0.637438 -3.937983
v 4.587674 0.092125 -3.937757
v 4.573355 -0.455579 -3.937361
v 4.491838 -0.997376 -3.936784
v 4.344358 -1.525041 -3.936032
v 4.133154 -2.030589 -3.935120
v 3.861422 -2.506346 -3.934075
v 3.533286 -2.945112 -3.932904
v 3.153719 -3.340221 -3.931616
v 2.728473 -3.685694 -3.930244
v 2.263999 -3.976286 -3.928803
v 1.767332 -4.207603 -3.927311
v 1.246004 -4.376132 -3.925798
v 0.707919 -4.479317 -3.924282
v 0.161231 -4.515586 -3.922786
v -0.385772 -4.484407 -3.921329
v -0.924798 -4.386245 -3.919950
v -1.447672 -4.222581 -3.918646
v -1.946473 -3.995912 -3.917459
v -2.413640 -3.709659 -3.916394
v -2.842085 -3.368159 -3.915467
v -3.225320 -2.976600 -3.914690
v -3.557531 -2.540919 -3.914091
v -3.833687 -2.067713 -3.913665
v -4.049595 -1.564154 -3.913418
v -4.201987 -1.037886 -3.913361
v -4.288553 -0.496878 -3.913488
v -4.307978 0.050677 -3.913792
v -4.259967 0.596454 -3.914290
v -4.145253 1.132203 -3.914956
v -3.965570 1.649794 -3.915781
v -3.723641 2.141386 -3.916758
v -3.423139 2.599514 -3.917872
v -3.068616 3.017236 -3.919109
v -2.665446 3.388231 -3.920440
v -2.219740 3.706870 -3.921849
v -1.738254 3.968318 -3.923324
v -1.228292 4.168627 -3.924822
v -0.697577 4.304729 -3.926348
v -0.154159 4.374595 -3.927858
v 0.393723 4.377151 -3.929332
v 0.939923 4.312887 -3.130746
v 1.471882 4.181733 -3.132095
v 1.983692 3.986186 -3.133346
v 2.467593 3.729236 -3.134476
v 2.916250 3.414763 -3.135475
v 3.322860 3.047543 -3.136323
v 3.681262 2.633132 -3.137012
v 3.986024 2.177826 -3.137528
v 4.232525 1.688515 -3.137867
v 4.417025 1.172622 -3.138017
v 4.536731 0.637971 -3.137982
v 4.589825 0.092656 -3.137770
v 4.575506 -0.455046 -3.137360
v 4.493989 -0.996842 -3.136783
v 4.346511 -1.524507 -3.136030
v 4.135304 -2.030058 -3.135132
v 3.863575 -2.505821 -3.134084
v 3.535440 -2.944574 -3.132907
v 3.155873 -3.339687 -3.131615
v 2.730627 -3.685160 -3.130243
v 2.266150 -3.975753 -3.128803
v 1.769486 -4.207070 -3.127310
v 1.248158 -4.375594 -3.125801
v 0.710070 -4.478779 -3.124284
v 0.163382 -4.515053 -3.122785
v -0.383618 -4.483870 -3.121332
v -0.922644 -4.385712 -3.119950
v -1.445519 -4.222055 -3.118654
v -1.944322 -3.995374 -3.117461
v -2.411486 -3.709121 -3.116396
v -2.839931 -3.367625 -3.115466
v -3.223166 -2.976075 -3.114698
v -3.555380 -2.540385 -3.114089
v -3.831533 -2.067180 -3.113664
v -4.047444 -1.563621 -3.113417
v -4.199836 -1.037353 -3.113360
v -4.286400 -0.496345 -3.113487
v -4.305824 0.051203 -3.113801
v -4.257816 0.596987 -3.114290
v -4.143099 1.132736 -3.114955
v -3.963417 1.650328 -3.115779
v -3.721491 2.141912 -3.116766
v -3.420988 2.600039 -3.117880
v -3.066462 3.017770 -3.119108
v -2.663292 3.388765 -3.120439
v -2.217586 3.707408 -3.121851
v -1.736104 3.968852 -3.123323
v -1.226138 4.169153 -3.124831
v -0.695426 4.305263 -3.126347
v -0.152008 4.375128 -3.127857
v 0.395877 4.377685 -3.129331
v 0.829732 3.721924 -4.130067
v 1.328426 3.596191 -4.131330
v 1.805913 3.405116 -4.132480
v 2.253670 3.152088 -4.133525
v 2.663709 2.841648 -4.134414
v 3.028709 2.479316 -4.135157
v 3.342161 2.071573 -4.135734
v 3.598469 1.625686 -4.136116
v 3.793060 1.149620 -4.136326
v 3.922460 0.651862 -4.136342
v 3.984360 0.141290 -4.136172
v 3.977660 -0.372962 -4.135809
v 3.902474 -0.881745 -4.135274
v 3.760145 -1.375963 -4.134564
v 3.553214 -1.846802 -4.133688
v 3.285374 -2.285850 -4.132676
v 2.961401 -2.685290 -4.131540
v 2.587081 -3.037982 -4.130299
v 2.169093 -3.337632 -4.128976
v 1.714894 -3.578896 -4.127586
v 1.232588 -3.757473 -4.126176
v 0.730787 -3.870161 -4.124745
v 0.218441 -3.914967 -4.123332
v -0.295305 -3.891086 -4.121974
v -0.801285 -3.798941 -4.120672
v -1.290468 -3.640173 -4.119459
v -1.754127 -3.417623 -4.118361
v -2.183982 -3.135261 -4.117391
v -2.572371 -2.798123 -4.116570
v -2.912356 -2.412223 -4.115910
v -3.197871 -1.984456 -4.115434
v -3.423827 -1.522445 -4.115124
v -3.586186 -1.034438 -4.115017
v -3.682050 -0.529151 -4.115095
v -3.709712 -0.015590 -4.115356
v -3.668676 0.497071 -4.115808
v -3.559673 0.999685 -4.116445
v -3.384654 1.483294 -4.117238
v -3.146736 1.939258 -4.118177
v -2.850167 2.359438 -4.119260
v -2.500241 2.736353 -4.120448
v -2.103200 3.063252 -4.121737
v -1.666129 3.334312 -4.123089
v -1.196831 3.544702 -4.124498
v -0.703676 3.690665 -4.125922
v -0.195466 3.769591 -4.127336
v 0.318727 3.780075 -4.128729
v 0.834039 3.723001 -2.530072
v 0.323035 3.781134 -2.528737
v -0.191162 3.770655 -2.527347
v -0.699371 3.691725 -2.525929
v -1.192523 3.545774 -2.524500
v -1.661825 3.335376 -2.523100
v -2.098895 3.064312 -2.521744
v -2.495936 2.737413 -2.520455
v -2.845862 2.360510 -2.519262
v -3.142431 1.940322 -2.518188
v -3.380347 1.484365 -2.517239
v -3.555368 1.000756 -2.516446
v -3.664368 0.498135 -2.515819
v -3.705405 -0.014526 -2.515368
v -3.677745 -0.528087 -2.515106
v -3.581878 -1.033378 -2.515025
v -3.419520 -1.521381 -2.515135
v -3.193566 -1.983389 -2.515431
v -2.908048 -2.411159 -2.515921
v -2.568063 -2.797059 -2.516581
v -2.179677 -3.134197 -2.517402
v -1.749820 -3.416564 -2.518369
v -1.286164 -3.639109 -2.519470
v -0.796981 -3.797882 -2.520679
v -0.291000 -3.890019 -2.521971
v 0.222748 -3.913903 -2.523343
v 0.735091 -3.869102 -2.524753
v 1.236896 -3.756401 -2.526177
v 1.719198 -3.577832 -2.527598
v 2.173398 -3.336560 -2.528978
v 2.591387 -3.036910 -2.530300
v 2.965709 -2.684219 -2.531542
v 3.289679 -2.284790 -2.532684
v 3.557519 -1.845730 -2.533690
v 3.764450 -1.374896 -2.534562
v 3.906778 -0.880678 -2.535272
v 3.981964 -0.371903 -2.535816
v 3.988668 0.142362 -2.536174
v 3.926767 0.652921 -2.536349
v 3.797364 1.150679 -2.536333
v 3.602774 1.626750 -2.536127
v 3.346469 2.072640 -2.535731
v 3.033017 2.480381 -2.535168
v 2.668016 2.842708 -2.534421
v 2.257978 3.153156 -2.533523
v 1.810220 3.406175 -2.532488
v 1.332734 3.597259 -2.531328
v 1.498754 7.316600 1.465765
v 2.204618 7.152461 1.463975
v 2.891349 6.920963 1.462280
v 3.552531 6.624266 1.460699
v 4.181988 6.265142 1.459246
v 4.773851 5.846939 1.457923
v 5.322587 5.373582 1.456767
v 5.823075 4.849454 1.455765
v 6.270639 4.279475 1.454939
v 6.661106 3.668963 1.454293
v 6.990828 3.023617 1.453846
v 7.256724 2.349458 1.453575
v 7.456315 1.652781 1.453496
v 7.587734 0.940095 1.453620
v 7.649758 0.218061 1.453938
v 7.641805 -0.506601 1.454432
v 7.563949 -1.227105 1.455128
v 7.416917 -1.936735 1.455995
v 7.202084 -2.628861 1.457036
v 6.921454 -3.297019 1.458232
v 6.577649 -3.934973 1.459584
v 6.173877 -4.536768 1.461068
v 5.713908 -5.096780 1.462686
v 5.202038 -5.609789 1.464407
v 4.643043 -6.071002 1.466210
v 4.042147 -6.476108 1.468100
v 3.404954 -6.821325 1.470041
v 2.737421 -7.103434 1.472026
v 2.045777 -7.319796 1.474031
v 1.336479 -7.468401 1.476040
v 0.616147 -7.547850 1.478035
v -0.108487 -7.557408 1.479990
v -0.830663 -7.496986 1.481887
v -1.543632 -7.367141 1.483724
v -2.240744 -7.169096 1.485465
v -2.915488 -6.904688 1.487113
v -3.561564 -6.576401 1.488625
v -4.172937 -6.187281 1.490021
v -4.743902 -5.740972 1.491258
v -5.269128 -5.241652 1.492332
v -5.743708 -4.693963 1.493249
v -6.163215 -4.103026 1.493981
v -6.523733 -3.474362 1.494534
v -6.821890 -2.813836 1.494892
v -7.054905 -2.127614 1.495069
v -7.220604 -1.422108 1.495047
v -7.317439 -0.703914 1.494823
v -7.344504 0.020286 1.494423
v -7.301548 0.743712 1.493822
v -7.188975 1.459611 1.493042
v -7.007830 2.161310 1.492088
v -6.759811 2.842251 1.490969
v -6.447227 3.496065 1.489686
v -6.072999 4.116667 1.488266
v -5.640622 4.698250 1.486717
v -5.154134 5.235390 1.485057
v -4.618078 5.723072 1.483287
v -4.037455 6.156728 1.481426
v -3.417687 6.532330 1.479517
v -2.764562 6.846358 1.477549
v -2.084177 7.095892 1.475547
v -1.382886 7.278584 1.473540
v -0.667238 7.392749 1.471539
v 0.056089 7.437302 1.469565
v 0.780340 7.411840 1.467632
v -1.109996 2.393404 -44.524120
v -1.251216 2.411016 -44.523750
v -1.381756 2.467701 -44.523438
v -1.491035 2.558870 -44.523201
v -1.570206 2.677130 -44.523064
v -1.612851 2.812902 -44.523048
v -1.615518 2.955189 -44.523132
v -1.577985 3.092474 -44.523323
v -1.503302 3.213614 -44.523605
v -1.397513 3.308805 -44.523956
v -1.269188 3.370344 -44.524338
v -1.128726 3.393225 -44.524738
v -0.987506 3.375612 -44.525108
v -0.856969 3.318928 -44.525421
v -0.747687 3.227766 -44.525650
v -0.668519 3.109507 -44.525787
v -0.625872 2.973726 -44.525810
v -0.623207 2.831440 -44.525726
v -0.660737 2.694162 -44.525528
v -0.735423 2.573023 -44.525246
v -0.841212 2.477823 -44.524902
v -0.969534 2.416292 -44.524513
v -1.105153 2.394602 -42.724129
v -0.964691 2.417490 -42.724522
v -0.836366 2.479021 -42.724911
v -0.730577 2.574221 -42.725250
v -0.655894 2.695364 -42.725540
v -0.618364 2.832636 -42.725731
v -0.621029 2.974930 -42.725822
v -0.663673 3.110704 -42.725792
v -0.742844 3.228964 -42.725655
v -0.852123 3.320126 -42.725426
v -0.982663 3.376818 -42.725105
v -1.123883 3.394426 -42.724747
v -1.264345 3.371540 -42.724342
v -1.392667 3.310003 -42.723961
v -1.498459 3.214811 -42.723610
v -1.573142 3.093670 -42.723328
v -1.610672 2.956392 -42.723145
v -1.608007 2.814098 -42.723053
v -1.565363 2.678331 -42.723076
v -1.486192 2.560068 -42.723206
v -1.376910 2.468897 -42.723442
v -1.246373 2.412212 -42.723763
v 0.430589 2.715731 -43.828476
v 0.408940 2.715408 -43.689362
v 0.345373 2.714294 -43.563744
v 0.246105 2.712498 -43.463924
v 0.120854 2.710196 -43.399658
v -0.018120 2.707603 -43.377266
v -0.157212 2.704987 -43.398907
v -0.282808 2.702593 -43.462490
v -0.382613 2.700657 -43.561783
v -0.446855 2.699381 -43.687046
v -0.469250 2.698872 -43.826042
v -0.447605 2.699196 -43.965160
v -0.384035 2.700312 -44.090778
v -0.284766 2.702106 -44.190598
v -0.159515 2.704411 -44.254860
v -0.020542 2.707003 -44.277260
v 0.118550 2.709620 -44.255615
v 0.244143 2.712011 -44.192032
v 0.343948 2.713943 -44.092751
v 0.408194 2.715223 -43.967476
v 0.393128 4.715378 -43.829716
v 0.370731 4.714872 -43.968704
v 0.306488 4.713593 -44.093979
v 0.206683 4.711660 -44.193260
v 0.081087 4.709269 -44.256844
v -0.058005 4.706652 -44.278488
v -0.196978 4.704060 -44.256092
v -0.322230 4.701750 -44.191837
v -0.421498 4.699953 -44.092018
v -0.485065 4.698837 -43.966396
v -0.506713 4.698526 -43.827278
v -0.484319 4.699030 -43.688271
v -0.420073 4.700306 -43.563007
v -0.320269 4.702236 -43.463726
v -0.194675 4.704628 -43.400143
v -0.055583 4.707253 -43.378494
v 0.083390 4.709837 -43.400894
v 0.208642 4.712147 -43.465149
v 0.307910 4.713943 -43.564972
v 0.371480 4.715057 -43.690590
v -0.364362 -2.900141 -43.822601
v -0.341967 -2.899635 -43.683598
v -0.277721 -2.898355 -43.558334
v -0.177916 -2.896421 -43.459045
v -0.052323 -2.894039 -43.395470
v 0.086769 -2.891415 -43.373817
v 0.225745 -2.888830 -43.396221
v 0.350994 -2.886518 -43.460476
v 0.450262 -2.884716 -43.560303
v 0.513832 -2.883608 -43.685917
v 0.535480 -2.883282 -43.825031
v 0.513082 -2.883787 -43.964035
v 0.448840 -2.885075 -44.089306
v 0.349035 -2.887001 -44.188591
v 0.223442 -2.889391 -44.252174
v 0.084347 -2.892008 -44.273815
v -0.054627 -2.894600 -44.251419
v -0.179878 -2.896912 -44.187164
v -0.279146 -2.898706 -44.087330
v -0.342713 -2.899815 -43.961716
v -0.326898 -4.899790 -43.821373
v -0.305253 -4.899469 -43.960484
v -0.241683 -4.898355 -44.086105
v -0.142415 -4.896553 -44.185928
v -0.017163 -4.894257 -44.250191
v 0.121810 -4.891665 -44.272583
v 0.260902 -4.889048 -44.250942
v 0.386495 -4.886650 -44.187363
v 0.486300 -4.884716 -44.088066
v 0.550546 -4.883442 -43.962803
v 0.572940 -4.882931 -43.823803
v 0.551292 -4.883253 -43.684692
v 0.487725 -4.884373 -43.559071
v 0.388457 -4.886168 -43.459248
v 0.263205 -4.888466 -43.394989
v 0.124232 -4.891064 -43.372589
v -0.014860 -4.893675 -43.394234
v -0.140456 -4.896072 -43.457813
v -0.240261 -4.898003 -43.557095
v -0.304504 -4.899281 -43.682373
v 0.118724 -4.560953 -43.122787
v 0.563296 -4.530415 -43.124012
v 1.002617 -4.455755 -43.125244
v 1.432322 -4.337725 -43.126480
v 1.848143 -4.177498 -43.127701
v 2.245939 -3.976660 -43.128906
v 2.621763 -3.737219 -43.130081
v 2.971880 -3.461542 -43.131203
v 3.292809 -3.152378 -43.132271
v 3.581359 -2.812799 -43.133278
v 3.834666 -2.446165 -43.134197
v 4.050208 -2.056139 -43.135040
v 4.225847 -1.646599 -43.135788
v 4.359835 -1.221592 -43.136425
v 4.450840 -0.785368 -43.136967
v 4.497958 -0.342241 -43.137383
v 4.500720 0.103371 -43.137695
v 4.459103 0.547045 -43.137871
v 4.373515 0.984369 -43.137939
v 4.244810 1.411005 -43.137871
v 4.074265 1.822693 -43.137688
v 3.863576 2.215368 -43.137379
v 3.614837 2.585110 -43.136955
v 3.330520 2.928246 -43.136421
v 3.013449 3.241369 -43.135773
v 2.666781 3.521364 -43.135025
v 2.293952 3.765455 -43.134186
v 1.898675 3.971207 -43.133259
v 1.484876 4.136581 -43.132256
v 1.056669 4.259928 -43.131191
v 0.618307 4.340031 -43.130058
v 0.174146 4.376089 -43.128895
v -0.271395 4.367743 -43.127689
v -0.713894 4.315075 -43.126465
v -1.148947 4.218611 -43.125229
v -1.572234 4.079313 -43.123993
v -1.979550 3.898561 -43.122772
v -2.366843 3.678143 -43.121590
v -2.730266 3.420261 -43.120438
v -3.066207 3.127483 -43.119339
v -3.371324 2.802708 -43.118301
v -3.642591 2.449162 -43.117340
v -3.877306 2.070364 -43.116455
v -4.073139 1.670074 -43.115662
v -4.228146 1.252285 -43.114967
v -4.340779 0.821136 -43.114372
v -4.409929 0.380911 -43.113892
v -4.434900 -0.064013 -43.113533
v -4.415447 -0.509209 -43.113281
v -4.351765 -0.950256 -43.113167
v -4.244486 -1.382776 -43.113171
v -4.094675 -1.802460 -43.113293
v -3.903821 -2.205135 -43.113533
v -3.673822 -2.586815 -43.113899
v -3.406963 -2.943705 -43.114380
v -3.105894 -3.272236 -43.114971
v -2.773612 -3.569170 -43.115669
v -2.413415 -3.831539 -43.116470
v -2.028886 -4.056738 -43.117348
v -1.623845 -4.242537 -43.118317
v -1.202317 -4.387077 -43.119358
v -0.768493 -4.488930 -43.120453
v -0.326682 -4.547085 -43.121605
v 0.119798 -4.560690 -42.722794
v -0.325605 -4.546810 -42.721603
v -0.767416 -4.488665 -42.720459
v -1.201239 -4.386806 -42.719353
v -1.622768 -4.242262 -42.718319
v -2.027810 -4.056475 -42.717354
v -2.412338 -3.831270 -42.716461
v -2.772535 -3.568899 -42.715668
v -3.104817 -3.271973 -42.714973
v -3.405886 -2.943436 -42.714390
v -3.672745 -2.586554 -42.713905
v -3.902745 -2.204878 -42.713535
v -4.093598 -1.802185 -42.713291
v -4.243409 -1.382500 -42.713169
v -4.350688 -0.949991 -42.713169
v -4.414373 -0.508942 -42.713287
v -4.433824 -0.063742 -42.713531
v -4.408852 0.381176 -42.713898
v -4.339703 0.821400 -42.714375
v -4.227069 1.252548 -42.714970
v -4.072062 1.670351 -42.715656
v -3.876229 2.070629 -42.716461
v -3.641514 2.449425 -42.717342
v -3.370247 2.802971 -42.718304
v -3.065130 3.127745 -42.719345
v -2.729189 3.420536 -42.720436
v -2.365766 3.678413 -42.721584
v -1.978473 3.898823 -42.722778
v -1.571160 4.079576 -42.723999
v -1.147870 4.218882 -42.725227
v -0.712816 4.315346 -42.726456
v -0.270317 4.368013 -42.727684
v 0.175223 4.376360 -42.728889
v 0.619384 4.340296 -42.730064
v 1.057746 4.260199 -42.731186
v 1.485953 4.136847 -42.732262
v 1.899752 3.971470 -42.733261
v 2.295029 3.765718 -42.734188
v 2.667854 3.521631 -42.735035
v 3.014526 3.241632 -42.735779
v 3.331597 2.928507 -42.736427
v 3.615914 2.585371 -42.736961
v 3.864651 2.215633 -42.737389
v 4.075342 1.822969 -42.737686
v 4.245886 1.411266 -42.737877
v 4.374592 0.984640 -42.737930
v 4.460179 0.547312 -42.737877
v 4.501798 0.103642 -42.737686
v 4.499033 -0.341974 -42.737389
v 4.451915 -0.785095 -42.736961
v 4.360910 -1.221323 -42.736431
v 4.226922 -1.646322 -42.735786
v 4.051285 -2.055882 -42.735039
v 3.835743 -2.445904 -42.734203
v 3.582436 -2.812523 -42.733273
v 3.293885 -3.152113 -42.732277
v 2.972957 -3.461281 -42.731205
v 2.622840 -3.736948 -42.730072
v 2.247016 -3.976397 -42.728909
v 1.849216 -4.177229 -42.727711
v 1.433399 -4.337452 -42.726475
v 1.003695 -4.455482 -42.725239
v 0.564371 -4.530140 -42.724010
v -0.960443 -0.430813 -43.722641
v -1.076427 -0.411377 -43.722343
v -1.177552 -0.351345 -43.722107
v -1.250166 -0.258846 -43.721977
v -1.284464 -0.146358 -43.721954
v -1.275809 -0.029079 -43.722065
v -1.225369 0.077160 -43.722263
v -1.139962 0.157999 -43.722553
v -1.031119 0.202528 -43.722870
v -0.913542 0.204727 -43.723190
v -0.803107 0.164310 -43.723461
v -0.714729 0.086723 -43.723648
v -0.660348 -0.017550 -43.723728
v -0.647308 -0.134420 -43.723675
v -0.677366 -0.248117 -43.723526
v -0.746466 -0.343271 -43.723274
v -0.845272 -0.407045 -43.722965
v -0.958831 -0.430418 -43.122643
v -0.843659 -0.406645 -43.122967
v -0.744851 -0.342869 -43.123276
v -0.675750 -0.247717 -43.123528
v -0.645693 -0.134020 -43.123680
v -0.658736 -0.017149 -43.123730
v -0.713117 0.087120 -43.123642
v -0.801491 0.164707 -43.123459
v -0.911926 0.205128 -43.123192
v -1.029504 0.202927 -43.122871
v -1.138347 0.158394 -43.122551
v -1.223754 0.077557 -43.122261
v -1.274194 -0.028679 -43.122070
v -1.282849 -0.145958 -43.121956
v -1.248554 -0.258444 -43.121979
v -1.175940 -0.350943 -43.122108
v -1.074812 -0.410976 -43.122345
v 1.039198 -0.393351 -43.728043
v 0.923217 -0.373917 -43.727745
v 0.822089 -0.313892 -43.727516
v 0.749475 -0.221386 -43.727379
v 0.715180 -0.108906 -43.727364
v 0.723835 0.008381 -43.727467
v 0.774272 0.114613 -43.727676
v 0.859679 0.195459 -43.727955
v 0.968522 0.239988 -43.728271
v 1.086102 0.242188 -43.728592
v 1.196535 0.201771 -43.728863
v 1.284912 0.124184 -43.729050
v 1.339293 0.019911 -43.729126
v 1.352336 -0.096968 -43.729088
v 1.322275 -0.210657 -43.728928
v 1.253178 -0.305817 -43.728683
v 1.154370 -0.369585 -43.728367
v 1.040814 -0.392958 -43.128044
v 1.155985 -0.369184 -43.128372
v 1.254790 -0.305414 -43.128689
v 1.323891 -0.210255 -43.128929
v 1.353951 -0.096567 -43.129089
v 1.340908 0.020311 -43.129135
v 1.286527 0.124580 -43.129047
v 1.198150 0.202168 -43.128860
v 1.087715 0.242588 -43.128597
v 0.970138 0.240389 -43.128277
v 0.861295 0.195856 -43.127956
v 0.775887 0.115009 -43.127674
v 0.725447 0.008781 -43.127468
v 0.716792 -0.108505 -43.127369
v 0.751091 -0.220984 -43.127380
v 0.823704 -0.313490 -43.127525
v 0.924832 -0.373516 -43.127747
v -1.454658 4.681200 -43.124710
v -1.458427 4.680265 -44.524712
v -1.890286 4.523359 -44.523445
v -2.305920 4.327475 -44.522190
v -2.701815 4.094263 -44.520966
v -3.074631 3.825693 -44.519783
v -3.421219 3.524031 -44.518654
v -3.738651 3.191826 -44.517586
v -4.024246 2.831881 -44.516571
v -4.275591 2.447247 -44.515636
v -4.490567 2.041161 -44.514786
v -4.667358 1.617048 -44.514030
v -4.804467 1.178499 -44.513374
v -4.900742 0.729219 -44.512810
v -4.955363 0.272997 -44.512363
v -4.967874 -0.186319 -44.512016
v -4.938170 -0.644836 -44.511795
v -4.866496 -1.098696 -44.511684
v -4.753465 -1.544060 -44.511692
v -4.600024 -1.977165 -44.511818
v -4.407474 -2.394348 -44.512062
v -4.177440 -2.792103 -44.512413
v -3.911863 -3.167059 -44.512882
v -3.612985 -3.516054 -44.513458
v -3.283334 -3.836140 -44.514130
v -2.925692 -4.124609 -44.514900
v -2.543079 -4.379025 -44.515755
v -2.138727 -4.597248 -44.516708
v -1.716048 -4.777435 -44.517719
v -1.278613 -4.918051 -44.518806
v -1.274846 -4.917116 -43.118809
v -1.712278 -4.776501 -43.117722
v -2.134958 -4.596313 -43.116707
v -2.539310 -4.378092 -43.115757
v -2.921926 -4.123674 -43.114902
v -3.279568 -3.835205 -43.114128
v -3.609219 -3.515121 -43.113461
v -3.908094 -3.166126 -43.112885
v -4.173671 -2.791170 -43.112415
v -4.403708 -2.393419 -43.112072
v -4.596258 -1.976229 -43.111820
v -4.749696 -1.543123 -43.111694
v -4.862730 -1.097761 -43.111687
v -4.934401 -0.643909 -43.111805
v -4.964108 -0.185387 -43.112022
v -4.951597 0.273932 -43.112366
v -4.896973 0.730146 -43.112823
v -4.800701 1.179432 -43.113373
v -4.663589 1.617977 -43.114029
v -4.486802 2.042088 -43.114796
v -4.271825 2.448179 -43.115639
v -4.020477 2.832813 -43.116573
v -3.734881 3.192760 -43.117584
v -3.417453 3.524965 -43.118652
v -3.070865 3.826622 -43.119797
v -2.698049 4.095196 -43.120972
v -2.302154 4.328409 -43.122192
v -1.886520 4.524294 -43.123444
v 1.341073 4.732710 -44.532272
v 1.344839 4.733637 -43.132282
v 1.782274 4.593016 -43.133369
v 2.204954 4.412834 -43.134384
v 2.609306 4.194613 -43.135323
v 2.991918 3.940191 -43.136185
v 3.349561 3.651720 -43.136955
v 3.679215 3.331642 -43.137634
v 3.978090 2.982641 -43.138199
v 4.243668 2.607691 -43.138660
v 4.473701 2.209940 -43.139019
v 4.666252 1.792746 -43.139252
v 4.819693 1.359644 -43.139381
v 4.932725 0.914284 -43.139389
v 5.004397 0.460428 -43.139282
v 5.034103 0.001902 -43.139050
v 5.021591 -0.457407 -43.138714
v 4.966969 -0.913633 -43.138264
v 4.870695 -1.362917 -43.137711
v 4.733585 -1.801458 -43.137043
v 4.556795 -2.225569 -43.136292
v 4.341819 -2.631657 -43.135437
v 4.090474 -3.016298 -43.134514
v 3.804878 -3.376240 -43.133507
v 3.487446 -3.708443 -43.132423
v 3.140858 -4.010105 -43.131294
v 2.768045 -4.278673 -43.130108
v 2.372147 -4.511889 -43.128899
v 1.956513 -4.707777 -43.127644
v 1.524655 -4.864672 -43.126373
v 1.520885 -4.865604 -44.526367
v 1.952747 -4.708706 -44.527630
v 2.368381 -4.512815 -44.528885
v 2.764276 -4.279608 -44.530106
v 3.137092 -4.011040 -44.531288
v 3.483680 -3.709377 -44.532421
v 3.801110 -3.377165 -44.533493
v 4.086705 -3.017223 -44.534500
v 4.338053 -2.632589 -44.535439
v 4.553029 -2.226503 -44.536293
v 4.729817 -1.802395 -44.537041
v 4.866929 -1.363846 -44.537697
v 4.963200 -0.914568 -44.538261
v 5.017824 -0.458342 -44.538712
v 5.030335 0.000969 -44.539047
v 5.000630 0.459492 -44.539284
v 4.928957 0.913349 -44.539387
v 4.815923 1.358711 -44.539379
v 4.662486 1.791817 -44.539253
v 4.469934 2.209005 -44.539017
v 4.239899 2.606758 -44.538658
v 3.974323 2.981716 -44.538193
v 3.675446 3.330713 -44.537621
v 3.345796 3.650793 -44.536945
v 2.988153 3.939264 -44.536171
v 2.605540 4.193680 -44.535316
v 2.201185 4.411907 -44.534370
v 1.778509 4.592089 -44.533356
v -3.335717 2.066872 -44.517914
v -3.531170 1.726461 -44.517159
v -3.692314 1.368536 -44.516495
v -3.817604 0.996538 -44.515907
v -3.905830 0.614052 -44.515411
v -3.956140 0.224760 -44.515015
v -3.968053 -0.167593 -44.514725
v -3.941455 -0.559217 -44.514534
v -3.876598 -0.946354 -44.514454
v -3.774107 -1.325264 -44.514469
v -3.634974 -1.692305 -44.514603
v -3.460533 -2.043945 -44.514839
v -3.252467 -2.376791 -44.515179
v -3.161620 -2.470226 -44.515366
v -3.045559 -2.529495 -44.515636
v -2.916608 -2.548313 -44.515972
v 3.068973 -2.436188 -44.532150
v 3.197130 -2.412554 -44.532513
v 3.310891 -2.348984 -44.532867
v 3.398175 -2.252214 -44.533165
v 3.593628 -1.911808 -44.533913
v 3.754775 -1.553877 -44.534584
v 3.880064 -1.181885 -44.535164
v 3.968290 -0.799400 -44.535660
v 4.018600 -0.410107 -44.536057
v 4.030515 -0.017757 -44.536343
v 4.003913 0.373869 -44.536533
v 3.939057 0.761007 -44.536617
v 3.836568 1.139917 -44.536598
v 3.697434 1.506964 -44.536469
v 3.522995 1.858599 -44.536232
v 3.314929 2.191448 -44.535896
v 3.224078 2.284882 -44.535706
v 3.108020 2.344149 -44.535439
v 2.979069 2.362968 -44.535103
v -3.006512 2.250841 -44.518921
v -3.134669 2.227207 -44.518562
v -3.248429 2.163637 -44.518208
v -1.995786 1.590763 -42.721199
v 2.003499 1.665678 -42.732010
v 2.272916 1.649548 -42.732727
v 2.536489 1.591473 -42.733391
v 2.787735 1.492867 -42.734009
v 3.020463 1.356180 -42.734535
v 3.228940 1.184769 -42.734989
v 3.408041 0.982855 -42.735336
v 3.553346 0.755415 -42.735569
v 3.661285 0.508030 -42.735699
v 3.729196 0.246819 -42.735710
v 3.755409 -0.021803 -42.735600
v 3.739276 -0.291220 -42.735374
v 3.681197 -0.554792 -42.735043
v 3.582600 -0.806040 -42.734608
v 3.445914 -1.038765 -42.734093
v 3.274504 -1.247248 -42.733486
v 3.072589 -1.426346 -42.732830
v 2.845145 -1.571648 -42.732117
v 2.597769 -1.679590 -42.731377
v 2.336556 -1.747501 -42.730637
v 2.067933 -1.773712 -42.729893
v -1.931352 -1.848625 -42.719078
v -2.200767 -1.832493 -42.718365
v -2.464342 -1.774418 -42.717697
v -2.715586 -1.675812 -42.717083
v -2.948313 -1.539129 -42.716553
v -3.156793 -1.367720 -42.716095
v -3.335891 -1.165800 -42.715755
v -3.481199 -0.938358 -42.715508
v -3.589137 -0.690983 -42.715385
v -3.657047 -0.429768 -42.715378
v -3.683259 -0.161146 -42.715488
v -3.667127 0.108271 -42.715714
v -3.609047 0.371840 -42.716042
v -3.510452 0.623089 -42.716480
v -3.373763 0.855820 -42.716995
v -3.202354 1.064297 -42.717598
v -3.000443 1.243397 -42.718254
v -2.772998 1.388710 -42.718964
v -2.525623 1.496645 -42.719711
v -2.264406 1.564554 -42.720455
v -1.994987 1.490513 -43.121136
v -1.994181 1.490713 -42.821136
v -2.260362 1.463636 -42.820396
v -2.518456 1.393105 -42.819656
v -2.761420 1.281059 -42.818924
v -2.982631 1.130552 -42.818237
v -3.176046 0.945684 -42.817589
v -3.336399 0.731501 -42.817020
v -3.459315 0.493851 -42.816532
v -3.541434 0.239202 -42.816139
v -3.580521 -0.025480 -42.815849
v -3.575510 -0.292986 -42.815689
v -3.526536 -0.556030 -42.815651
v -3.434935 -0.807413 -42.815723
v -3.303208 -1.040297 -42.815933
v -3.134944 -1.248325 -42.816242
v -2.934739 -1.425817 -42.816666
v -2.708047 -1.567938 -42.817181
v -2.461059 -1.670803 -42.817776
v -2.200502 -1.731613 -42.818432
v -1.933493 -1.748711 -42.819141
v -1.934302 -1.748911 -43.119141
v -2.201311 -1.731808 -43.118431
v -2.461864 -1.671003 -43.117775
v -2.708856 -1.568138 -43.117180
v -2.935545 -1.426018 -43.116665
v -3.135753 -1.248520 -43.116245
v -3.304014 -1.040504 -43.115929
v -3.435744 -0.807613 -43.115723
v -3.527342 -0.556231 -43.115646
v -3.576316 -0.293186 -43.115685
v -3.581327 -0.025677 -43.115852
v -3.542241 0.239002 -43.116138
v -3.460120 0.493645 -43.116528
v -3.337209 0.731300 -43.117020
v -3.176856 0.945484 -43.117588
v -2.983437 1.130346 -43.118233
v -2.762229 1.280859 -43.118927
v -2.519262 1.392904 -43.119656
v -2.261171 1.463436 -43.120396
v 2.004295 1.565428 -43.131950
v 2.005104 1.565636 -42.831940
v 2.064983 -1.673998 -43.129951
v 2.065789 -1.673798 -42.829956
v 2.331973 -1.646711 -42.830688
v 2.590064 -1.576187 -42.831436
v 2.833031 -1.464136 -42.832153
v 3.054239 -1.313623 -42.832851
v 3.247658 -1.128761 -42.833492
v 3.408011 -0.914577 -42.834076
v 3.530923 -0.676931 -42.834560
v 3.613043 -0.422291 -42.834953
v 3.652131 -0.157598 -42.835228
v 3.647119 0.109909 -42.835392
v 3.598145 0.372944 -42.835438
v 3.506547 0.624340 -42.835361
v 3.374816 0.857220 -42.835159
v 3.206555 1.065241 -42.834850
v 3.006347 1.242739 -42.834427
v 2.779658 1.384853 -42.833908
v 2.532667 1.487720 -42.833317
v 2.272113 1.548538 -42.832649
v 2.271304 1.548338 -43.132652
v 2.531857 1.487520 -43.133312
v 2.778849 1.384653 -43.133911
v 3.005541 1.242533 -43.134422
v 3.205746 1.065042 -43.134850
v 3.374010 0.857019 -43.135159
v 3.505738 0.624134 -43.135353
v 3.597339 0.372744 -43.135437
v 3.646310 0.109713 -43.135395
v 3.651324 -0.157799 -43.135227
v 3.612234 -0.422491 -43.134949
v 3.530118 -0.677132 -43.134560
v 3.407202 -0.914785 -43.134068
v 3.246849 -1.128963 -43.133503
v 3.053430 -1.313824 -43.132851
v 2.832222 -1.464336 -43.132156
v 2.589257 -1.576387 -43.131432
v 2.331164 -1.646906 -43.130688
v -3.250317 -2.376265 -43.715187
v -3.458382 -2.043409 -43.714840
v -3.632821 -1.691769 -43.714607
v -3.771956 -1.324734 -43.714485
v -3.874445 -0.945814 -43.714458
v -3.939301 -0.558685 -43.714539
v -3.965902 -0.167055 -43.714729
v -3.953989 0.225294 -43.715012
v -3.903676 0.614584 -43.715408
v -3.815451 0.997072 -43.715904
v -3.690163 1.369068 -43.716492
v -3.529016 1.726999 -43.717163
v -3.333563 2.067398 -43.717918
v -3.246276 2.164167 -43.718220
v -3.132518 2.227745 -43.718563
v -3.004361 2.251377 -43.718922
v 2.981219 2.363495 -43.735107
v 3.110171 2.344687 -43.735439
v 3.226232 2.285412 -43.735718
v 3.317083 2.191982 -43.735893
v 3.525148 1.859137 -43.736237
v 3.699587 1.507496 -43.736469
v 3.838722 1.140451 -43.736599
v 3.941210 0.761532 -43.736626
v 4.006067 0.374395 -43.736542
v 4.032666 -0.017227 -43.736355
v 4.020755 -0.409575 -43.736053
v 3.970442 -0.798859 -43.735661
v 3.882218 -1.181355 -43.735176
v 3.756928 -1.553349 -43.734592
v 3.595782 -1.911272 -43.733913
v 3.400329 -2.251678 -43.733162
v 3.313042 -2.348450 -43.732864
v 3.199284 -2.412025 -43.732521
v 3.071126 -2.435650 -43.732155
v -2.914454 -2.547775 -43.715973
v -3.043405 -2.528959 -43.715637
v -3.159466 -2.469692 -43.715363
v -0.225150 -2.899996 -47.822994
v -0.182157 -3.049225 -47.823006
v -0.070311 -3.156948 -47.823238
v 0.080415 -3.194323 -47.823616
v 0.229635 -3.151331 -47.824051
v 0.337366 -3.039486 -47.824402
v 0.374743 -2.888752 -47.824608
v 0.331747 -2.739542 -47.824596
v 0.219901 -2.631800 -47.824364
v 0.069174 -2.594433 -47.823986
v -0.080046 -2.637424 -47.823563
v -0.187776 -2.749273 -47.823189
v 0.067562 -2.594828 -48.423981
v 0.218288 -2.632200 -48.424362
v 0.330132 -2.739943 -48.424591
v 0.373127 -2.889160 -48.424614
v 0.335751 -3.039883 -48.424404
v 0.228020 -3.151731 -48.424049
v 0.078800 -3.194723 -48.423611
v -0.071926 -3.157351 -48.423233
v -0.183770 -3.049620 -48.423008
v -0.226765 -2.900394 -48.422989
v -0.189392 -2.749674 -48.423187
v -0.081658 -2.637825 -48.423561
v -0.330042 2.699018 -47.826439
v -0.287046 2.549803 -47.826447
v -0.175203 2.442066 -47.826683
v -0.024476 2.404690 -47.827061
v 0.124744 2.447683 -47.827496
v 0.232474 2.559532 -47.827858
v 0.269851 2.710260 -47.828056
v 0.226855 2.859476 -47.828049
v 0.115012 2.967213 -47.827808
v -0.035714 3.004583 -47.827431
v -0.184934 2.961596 -47.826996
v -0.292668 2.849747 -47.826641
v -0.026092 2.404289 -48.427055
v -0.176818 2.441664 -48.426682
v -0.288661 2.549400 -48.426445
v -0.331657 2.698618 -48.426437
v -0.294280 2.849346 -48.426636
v -0.186550 2.961187 -48.427002
v -0.037330 3.004187 -48.427429
v 0.113397 2.966812 -48.427803
v 0.225240 2.859076 -48.428043
v 0.268236 2.709860 -48.428051
v 0.230859 2.559132 -48.427849
v 0.123128 2.447281 -48.427494
v 0.364400 2.448381 -48.428135
v 0.739838 2.564451 -48.429230
v 1.087079 2.748438 -48.430279
v 1.393959 2.993900 -48.431274
v 1.649738 3.292233 -48.432159
v 1.845456 3.632990 -48.432915
v 1.974257 4.004265 -48.433510
v 2.031637 4.393023 -48.433918
v 2.015582 4.785667 -48.434135
v 1.926653 5.168449 -48.434155
v 1.767966 5.527954 -48.433968
v 1.545080 5.851603 -48.433586
v 1.265798 6.128061 -48.433014
v 1.431849 5.976017 -48.563232
v 1.577963 5.810211 -48.702980
v 1.596354 5.786646 -48.722664
v 1.704126 5.632669 -48.850346
v 1.832843 5.398144 -49.041870
v 1.958115 5.056190 -49.315685
v 1.977475 4.978825 -49.376862
v 2.002695 4.851398 -49.477089
v 2.030758 4.542395 -49.717636
v 2.001836 4.158188 -50.012974
v 1.901540 3.780718 -50.300793
v 1.727908 3.419348 -50.576195
v 1.613233 3.248764 -50.706894
v 1.479624 3.087116 -50.831573
v 1.200238 2.831482 -50.830658
v 0.879483 2.630190 -50.829655
v 0.527791 2.489765 -50.828613
v 0.156601 2.414793 -50.827568
v -0.222020 2.407701 -50.826546
v -0.595761 2.468718 -50.825577
v -0.952463 2.595875 -50.824699
v -1.280533 2.785017 -50.823944
v -1.569299 3.030006 -50.823326
v -1.708357 3.186750 -50.697750
v -1.828122 3.352198 -50.567001
v -2.013844 3.706947 -50.290531
v -2.126863 4.081034 -50.001663
v -2.168501 4.463737 -49.706276
v -2.160608 4.684252 -49.535355
v -2.129821 4.901726 -49.365887
v -2.076243 5.115757 -49.197994
v -1.999229 5.326128 -49.031689
v -1.977867 5.374407 -48.993332
v -1.775843 5.723211 -48.713768
v -1.759241 5.746092 -48.695274
v -1.618196 5.917963 -48.555748
v -1.456545 6.077059 -48.425659
v -1.725279 5.790342 -48.424744
v -1.935885 5.458574 -48.423950
v -2.080997 5.093376 -48.423321
v -2.155525 4.707531 -48.422859
v -2.156865 4.314562 -48.422592
v -2.084966 3.928223 -48.422539
v -1.942348 3.562038 -48.422676
v -1.734004 3.228848 -48.423012
v -1.467232 2.940298 -48.423542
v -1.151371 2.706501 -48.424232
v -0.797482 2.535654 -48.425072
v -0.417959 2.433722 -48.426025
v 1.498015 -6.267603 -48.425392
v 1.766746 -5.980877 -48.426300
v 1.977355 -5.649107 -48.427090
v 2.122467 -5.283909 -48.427723
v 2.196995 -4.898069 -48.428185
v 2.198331 -4.505104 -48.428444
v 2.126433 -4.118761 -48.428505
v 1.983814 -3.752583 -48.428375
v 1.775474 -3.419384 -48.428024
v 1.508699 -3.130842 -48.427505
v 1.192838 -2.897051 -48.426811
v 0.838952 -2.726191 -48.425968
v 0.459429 -2.624264 -48.425014
v -0.322930 -2.638924 -48.422905
v -0.698368 -2.754988 -48.421814
v -1.045609 -2.938980 -48.420757
v -1.352489 -3.184437 -48.419769
v -1.608268 -3.482769 -48.418880
v -1.803986 -3.823536 -48.418133
v -1.932791 -4.194801 -48.417534
v -1.990166 -4.583565 -48.417122
v -1.974112 -4.976204 -48.416908
v -1.885183 -5.358982 -48.416885
v -1.726496 -5.718489 -48.417076
v -1.503610 -6.042137 -48.417461
v -1.224328 -6.318596 -48.418034
v -1.391078 -6.166723 -48.547554
v -1.537945 -6.001108 -48.686737
v -1.556442 -5.977564 -48.706348
v -1.664897 -5.823763 -48.833649
v -1.794644 -5.589489 -49.024788
v -1.921389 -5.247902 -49.298386
v -1.941080 -5.170620 -49.359566
v -1.966840 -5.043327 -49.459812
v -1.996196 -4.734648 -49.700626
v -1.968868 -4.350830 -49.996632
v -1.870123 -3.973745 -50.285480
v -1.697975 -3.612736 -50.562298
v -1.584007 -3.442335 -50.693832
v -1.451070 -3.280848 -50.819447
v -1.171685 -3.025221 -50.820374
v -0.850929 -2.823921 -50.821365
v -0.499241 -2.683498 -50.822407
v -0.128048 -2.608524 -50.823448
v 0.250573 -2.601433 -50.824478
v 0.624314 -2.662458 -50.825451
v 0.981017 -2.789606 -50.826317
v 1.309087 -2.978748 -50.827080
v 1.597853 -3.223738 -50.827694
v 1.737583 -3.380316 -50.702652
v 1.858052 -3.545593 -50.572327
v 2.045261 -3.899969 -50.296394
v 2.159833 -4.273682 -50.007641
v 2.203063 -4.655983 -49.711975
v 2.196091 -4.876276 -49.540710
v 2.166218 -5.093517 -49.370796
v 2.113542 -5.307333 -49.202324
v 2.037427 -5.517481 -49.035324
v 2.016271 -5.565706 -48.996788
v 1.815756 -5.914133 -48.715694
v 1.799256 -5.936995 -48.697075
v 1.658960 -6.108671 -48.556557
v -8.051394 -0.244261 -44.803688
v -8.026309 0.561182 -44.804283
v -7.921151 1.360123 -44.805103
v -7.736968 2.144627 -44.806122
v -7.475589 2.906893 -44.807335
v -7.139613 3.639349 -44.808723
v -6.732377 4.334707 -44.810284
v -6.257927 4.986065 -44.811996
v -5.720984 5.586946 -44.813843
v -5.126880 6.131376 -44.815796
v -4.481518 6.613949 -44.817856
v -3.791318 7.029869 -44.819992
v -3.063134 7.374992 -44.822182
v -2.304205 7.645903 -44.824402
v -1.522072 7.839899 -44.826645
v -0.724513 7.955059 -44.828861
v 0.080551 7.990231 -44.831055
v 0.885115 7.945068 -44.833191
v 1.681189 7.820030 -44.835251
v 2.460853 7.616343 -44.837212
v 3.216363 7.336037 -44.839058
v 3.940211 6.981903 -44.840767
v 4.625202 6.557453 -44.842335
v 5.264526 6.066910 -44.843727
v 5.851831 5.515156 -44.844933
v 6.381281 4.907660 -44.845955
v 6.847614 4.250467 -44.846767
v 7.246193 3.550104 -44.847382
v 7.573061 2.813541 -44.847771
v 7.824966 2.048086 -44.847939
v 7.999403 1.261360 -44.847885
v 8.094644 0.461178 -44.847610
v 8.109738 -0.344521 -44.847111
v 8.044537 -1.147713 -44.846405
v 7.899685 -1.940422 -44.845486
v 7.676627 -2.714762 -44.844364
v 7.377578 -3.463049 -44.843063
v 7.005509 -4.177851 -44.841587
v 6.564118 -4.852039 -44.839951
v 6.057792 -5.478949 -44.838173
v 5.491565 -6.052313 -44.836273
v 4.871062 -6.566452 -44.834255
v 4.202450 -7.016262 -44.832157
v 3.492374 -7.397257 -44.829994
v 2.747894 -7.705652 -44.827782
v 1.976404 -7.938395 -44.825546
v 1.185573 -8.093172 -44.823322
v 0.383263 -8.168430 -44.821114
v -0.422552 -8.163433 -44.818947
v -1.223866 -8.078220 -44.816849
v -2.012715 -7.913649 -44.814835
v -2.781260 -7.671360 -44.812927
v -3.521858 -7.353743 -44.811150
v -4.227152 -6.963961 -44.809502
v -4.890135 -6.505901 -44.808025
v -5.504213 -5.984100 -44.806725
v -6.063287 -5.403757 -44.805603
v -6.561799 -4.770620 -44.804680
v -6.994792 -4.090998 -44.803974
v -7.357968 -3.371639 -44.803467
v -7.647715 -2.619699 -44.803192
v -7.861151 -1.842648 -44.803131
v -7.996158 -1.048204 -44.803299
v -8.593509 -0.254946 -45.663979
v -8.537671 -1.086306 -45.663578
v -8.401858 -1.908388 -45.663391
v -8.187334 -2.713522 -45.663437
v -7.896108 -3.494200 -45.663704
v -7.530895 -4.243128 -45.664188
v -7.095104 -4.953302 -45.664890
v -6.592806 -5.618107 -45.665791
v -6.028692 -6.231327 -45.666904
v -5.408026 -6.787245 -45.668213
v -4.736605 -7.280655 -45.669682
v -4.020697 -7.706970 -45.671326
v -3.266986 -8.062195 -45.673122
v -2.482510 -8.343023 -45.675045
v -1.674594 -8.546812 -45.677082
v -0.850778 -8.671692 -45.679222
v -0.018758 -8.716471 -45.681423
v 0.813700 -8.680740 -45.683693
v 1.638824 -8.564833 -45.685982
v 2.448906 -8.369829 -45.688293
v 3.236390 -8.097548 -45.690598
v 3.993916 -7.750538 -45.692860
v 4.714416 -7.332035 -45.695080
v 5.391159 -6.845947 -45.697231
v 6.017829 -6.296812 -45.699280
v 6.588576 -5.689766 -45.701221
v 7.098069 -5.030457 -45.703033
v 7.541551 -4.325064 -45.704697
v 7.914884 -3.580149 -45.706188
v 8.214578 -2.802696 -45.707520
v 8.437838 -1.999928 -45.708649
v 8.582578 -1.179377 -45.709591
v 8.647450 -0.348675 -45.710312
v 8.631843 0.484411 -45.710823
v 8.535905 1.312096 -45.711121
v 8.360531 2.126652 -45.711189
v 8.107361 2.920490 -45.711044
v 7.778757 3.686182 -45.710667
v 7.377788 4.416590 -45.710068
v 6.908195 5.104883 -45.709267
v 6.374367 5.744640 -45.708260
v 5.781283 6.329891 -45.707050
v 5.134486 6.855177 -45.705654
v 4.440009 7.315577 -45.704094
v 3.704342 7.706804 -45.702374
v 2.934349 8.025190 -45.700520
v 2.137220 8.267790 -45.698532
v 1.320403 8.432314 -45.696445
v 0.491515 8.517246 -45.694267
v -0.341695 8.521772 -45.692032
v -1.171457 8.445862 -45.689747
v -1.990014 8.290232 -45.687439
v -2.789732 8.056313 -45.685127
v -3.563138 7.746307 -45.682838
v -4.303017 7.363104 -45.680603
v -5.002453 6.910282 -45.678410
v -5.654924 6.392067 -45.676308
v -6.254333 5.813293 -45.674316
v -6.795082 5.179382 -45.672440
v -7.272130 4.496229 -45.670700
v -7.681015 3.770226 -45.669113
v -8.017920 3.008148 -45.667702
v -8.279705 2.217115 -45.666473
v -8.463922 1.404507 -45.665436
v -8.568850 0.577919 -45.664600
v 8.276343 0.061579 -44.870739
v 8.473427 0.065205 -44.969551
v 8.621511 0.067884 -45.132904
v 8.700597 0.069241 -45.338730
v 8.700006 0.069084 -45.559227
v -8.213459 0.151224 -44.826416
v -8.411017 0.156992 -44.924179
v -8.559940 0.161283 -45.086731
v -8.640113 0.163511 -45.292122
v -8.640706 0.163359 -45.512623
v -8.625010 -0.674543 -45.512115
v -8.624414 -0.674397 -45.291603
v -8.544388 -0.668924 -45.086220
v -8.395734 -0.658852 -44.923676
v -8.198533 -0.645567 -44.825928
v -8.151414 0.945721 -44.827118
v -8.347492 0.970518 -44.924892
v -8.495295 0.989117 -45.087456
v -8.574866 0.999006 -45.292858
v -8.575462 0.998861 -45.513351
v -8.012980 1.730534 -44.828011
v -8.205743 1.774105 -44.925804
v -8.351054 1.806847 -45.088379
v -8.429290 1.824318 -45.293800
v -8.429882 1.824175 -45.514290
v -7.799448 2.498320 -44.829090
v -7.987098 2.560266 -44.926914
v -8.128564 2.606831 -45.089523
v -8.204739 2.631723 -45.294937
v -8.205331 2.631573 -45.515442
v -7.512808 3.241915 -44.830357
v -7.693601 3.321653 -44.928219
v -7.829904 3.381615 -45.090836
v -7.903308 3.413681 -45.296276
v -7.903903 3.413536 -45.516769
v -7.155742 3.954369 -44.831795
v -7.327989 4.051163 -44.929680
v -7.457859 4.123945 -45.092335
v -7.527816 4.162897 -45.297783
v -7.528409 4.162754 -45.518272
v -6.731581 4.629034 -44.833382
v -6.893676 4.741972 -44.931309
v -7.015908 4.826912 -45.093987
v -7.081769 4.872377 -45.299458
v -7.082361 4.872232 -45.519951
v -6.244286 5.259611 -44.835121
v -6.394717 5.387640 -44.933086
v -6.508173 5.483946 -45.095791
v -6.569327 5.535500 -45.301273
v -6.569919 5.535349 -45.521774
v -5.698404 5.840216 -44.836967
v -5.835773 5.982143 -44.934990
v -5.939397 6.088900 -45.097725
v -5.995279 6.146063 -45.303230
v -5.995872 6.145918 -45.523727
v -5.099037 6.365423 -44.838936
v -5.222062 6.519924 -44.936989
v -5.314889 6.636135 -45.099773
v -5.364980 6.698374 -45.305286
v -5.365575 6.698223 -45.525787
v -4.451776 6.830336 -44.840984
v -4.559309 6.995956 -44.939095
v -4.640478 7.120546 -45.101910
v -4.684320 7.187275 -45.307442
v -4.684913 7.187124 -45.527946
v -3.762668 7.230602 -44.843102
v -3.853709 7.405807 -44.941261
v -3.922466 7.537607 -45.104118
v -3.959654 7.608196 -45.309677
v -3.960246 7.608053 -45.530167
v -3.038147 7.562490 -44.845284
v -3.111849 7.745642 -44.943485
v -3.167556 7.883419 -45.106384
v -3.197744 7.957214 -45.311958
v -3.198337 7.957071 -45.532455
v -2.284972 7.822910 -44.847473
v -2.340649 8.012285 -44.945744
v -2.382790 8.154755 -45.108673
v -2.405704 8.231070 -45.314270
v -2.406300 8.230917 -45.534775
v -1.510184 8.009417 -44.849693
v -1.547316 8.203262 -44.947998
v -1.575504 8.349085 -45.110973
v -1.590933 8.427200 -45.316605
v -1.591529 8.427057 -45.537094
v -0.721010 8.120275 -44.851883
v -0.739255 8.316772 -44.950249
v -0.753228 8.464592 -45.113262
v -0.761038 8.543779 -45.318909
v -0.761630 8.543634 -45.539406
v 0.870950 8.111622 -44.856163
v 0.890804 8.307907 -44.954636
v 0.905505 8.455582 -45.117718
v 0.913071 8.534676 -45.323410
v 0.912479 8.534534 -45.543903
v 0.076521 8.579565 -45.541687
v 0.078331 8.579704 -45.321190
v 0.079636 8.500187 -45.115524
v 0.080394 8.351738 -44.952477
v 0.080641 8.154417 -44.854057
v 1.658873 7.992191 -44.858200
v 1.697583 8.185619 -44.956726
v 1.726479 8.331135 -45.119846
v 1.741652 8.409086 -45.325546
v 1.741059 8.408937 -45.546055
v 2.431592 7.797264 -44.860157
v 2.488795 7.986038 -44.958717
v 2.531605 8.128040 -45.121876
v 2.554245 8.204103 -45.327606
v 2.553649 8.203959 -45.548103
v 3.181889 7.528675 -44.862000
v 3.257050 7.711016 -44.960602
v 3.313374 7.848190 -45.123795
v 3.343257 7.921658 -45.329540
v 3.342665 7.921515 -45.550034
v 3.902762 7.188932 -44.863712
v 3.995174 7.363134 -44.962357
v 4.064484 7.494186 -45.125587
v 4.101330 7.564377 -45.331337
v 4.100737 7.564226 -45.551842
v 4.587480 6.781193 -44.865280
v 4.696279 6.945637 -44.963974
v 4.777923 7.069347 -45.127220
v 4.821381 7.135597 -45.332993
v 4.820787 7.135452 -45.553490
v 5.229649 6.309271 -44.866699
v 5.353817 6.462431 -44.965412
v 5.447025 6.577633 -45.128696
v 5.496686 6.639328 -45.334473
v 5.496092 6.639179 -45.554985
v 5.823272 5.777575 -44.867939
v 5.961647 5.918007 -44.966690
v 6.065548 6.023643 -45.129990
v 6.120943 6.080200 -45.335785
v 6.120349 6.080050 -45.556290
v 6.362810 5.191074 -44.869003
v 6.514097 5.317465 -44.967781
v 6.627715 5.412531 -45.131096
v 6.688321 5.463430 -45.336906
v 6.687728 5.463285 -45.557396
v 6.843224 4.555237 -44.869869
v 7.006009 4.666410 -44.968666
v 7.128278 4.750019 -45.132004
v 7.193523 4.794775 -45.337814
v 7.192932 4.794630 -45.558311
v 7.260026 3.875994 -44.870541
v 7.432786 3.970921 -44.969353
v 7.562565 4.042290 -45.132698
v 7.631836 4.080488 -45.338516
v 7.631242 4.080343 -45.559021
v 7.609327 3.159704 -44.871002
v 7.790448 3.237478 -44.969826
v 7.926518 3.295952 -45.133186
v 7.999162 3.327229 -45.339008
v 7.998569 3.327089 -45.559505
v 7.887867 2.413036 -44.871254
v 8.075654 2.472946 -44.970078
v 8.216741 2.517977 -45.133446
v 8.292075 2.542042 -45.339279
v 8.291480 2.541897 -45.559769
v 8.093043 1.642977 -44.871292
v 8.285740 1.684458 -44.970123
v 8.430523 1.715618 -45.133484
v 8.507837 1.732244 -45.339314
v 8.507244 1.732092 -45.559818
v 8.222940 0.856709 -44.871120
v 8.418745 0.879370 -44.969948
v 8.565867 0.896364 -45.133308
v 8.644437 0.905405 -45.339130
v 8.643845 0.905254 -45.559631
v 8.252758 -0.735004 -44.870140
v 8.449276 -0.750435 -44.968945
v 8.596936 -0.762108 -45.132278
v 8.675796 -0.768450 -45.338108
v 8.675202 -0.768593 -45.558601
v 8.152402 -1.525583 -44.869347
v 8.346519 -1.559937 -44.968128
v 8.492372 -1.585850 -45.131458
v 8.570260 -1.599823 -45.337269
v 8.569667 -1.599966 -45.557762
v 7.976213 -2.302786 -44.868355
v 8.166114 -2.355734 -44.967110
v 8.308791 -2.395643 -45.130417
v 8.384978 -2.417130 -45.336227
v 8.384385 -2.417278 -45.556717
v 7.725835 -3.059351 -44.867172
v 7.909742 -3.130415 -44.965912
v 8.047913 -3.183956 -45.129200
v 8.121681 -3.212742 -45.334984
v 8.121087 -3.212883 -45.555481
v 7.403607 -3.788223 -44.865822
v 7.579802 -3.876732 -44.964527
v 7.712168 -3.943396 -45.127789
v 7.782826 -3.979225 -45.333561
v 7.782230 -3.979374 -45.554070
v 7.012537 -4.482605 -44.864311
v 7.179373 -4.587723 -44.962975
v 7.304694 -4.666893 -45.126209
v 7.371574 -4.709435 -45.331970
v 7.370981 -4.709572 -45.552467
v 6.556275 -5.135984 -44.862648
v 6.712193 -5.256744 -44.961273
v 6.829296 -5.347689 -45.124481
v 6.891770 -5.396526 -45.330223
v 6.891176 -5.396673 -45.550713
v 6.039083 -5.742283 -44.860847
v 6.182622 -5.877552 -44.959427
v 6.290411 -5.979410 -45.122604
v 6.347889 -6.034115 -45.328331
v 6.347296 -6.034267 -45.548836
v 5.465791 -6.295843 -44.858940
v 5.595610 -6.444355 -44.957470
v 5.693071 -6.556181 -45.120613
v 5.745012 -6.616236 -45.326324
v 5.744419 -6.616377 -45.546822
v 4.841748 -6.791470 -44.856926
v 4.956632 -6.951853 -44.955414
v 5.042854 -7.072613 -45.118515
v 5.088769 -7.137442 -45.324207
v 5.088177 -7.137594 -45.544712
v 4.172782 -7.224573 -44.854843
v 4.271657 -7.395311 -44.953278
v 4.345829 -7.523874 -45.116344
v 4.385284 -7.592888 -45.322014
v 4.384690 -7.593040 -45.542519
v 3.465141 -7.591076 -44.852688
v 3.547080 -7.770597 -44.951084
v 3.608506 -7.905756 -45.114113
v 3.641128 -7.978306 -45.319752
v 3.640532 -7.978460 -45.540253
v 2.725429 -7.887571 -44.850506
v 2.789665 -8.074190 -44.948833
v 2.837767 -8.214693 -45.111820
v 2.863243 -8.290108 -45.317455
v 2.862650 -8.290258 -45.537956
v 1.960553 -8.111296 -44.848297
v 2.006483 -8.303268 -44.946583
v 2.040811 -8.447802 -45.109528
v 2.058899 -8.525383 -45.315136
v 2.058307 -8.525520 -45.535633
v 1.177659 -8.260155 -44.846085
v 1.204849 -8.455683 -44.944321
v 1.225078 -8.602900 -45.107227
v 1.235605 -8.681915 -45.312809
v 1.235009 -8.682064 -45.533318
v -0.412862 -8.328426 -44.841766
v -0.423734 -8.525585 -44.939884
v -0.432155 -8.674026 -45.102718
v -0.436989 -8.753712 -45.308273
v -0.437581 -8.753855 -45.528763
v 0.401328 -8.758373 -45.531017
v 0.403135 -8.758171 -45.310520
v 0.401458 -8.678404 -45.104961
v 0.396651 -8.529833 -44.942093
v 0.389504 -8.332521 -44.843918
v -1.205635 -8.247202 -44.839691
v -1.235479 -8.442421 -44.937763
v -1.258180 -8.589394 -45.100552
v -1.270670 -8.668287 -45.306072
v -1.271265 -8.668436 -45.526577
v -1.986868 -8.089844 -44.837692
v -2.035409 -8.281292 -44.935711
v -2.072179 -8.425442 -45.098476
v -2.092215 -8.502808 -45.303978
v -2.092811 -8.502960 -45.524479
v -2.749264 -7.857821 -44.835793
v -2.816054 -8.043715 -44.933777
v -2.866558 -8.183681 -45.096493
v -2.893957 -8.258808 -45.301979
v -2.894549 -8.258961 -45.522480
v -3.485711 -7.553289 -44.834019
v -3.570123 -7.731903 -44.931946
v -3.633891 -7.866385 -45.094643
v -3.668403 -7.938572 -45.300110
v -3.668995 -7.938725 -45.520615
v -4.189328 -7.179113 -44.832375
v -4.290579 -7.348768 -44.930267
v -4.367022 -7.476513 -45.092934
v -4.408329 -7.545086 -45.298386
v -4.408921 -7.545231 -45.518879
v -4.853547 -6.738766 -44.830868
v -4.970694 -6.897884 -44.928741
v -5.059099 -7.017700 -45.091377
v -5.106822 -7.082024 -45.296810
v -5.107415 -7.082163 -45.517303
v -5.472164 -6.236372 -44.829544
v -5.604119 -6.383472 -44.927380
v -5.703667 -6.494232 -45.089993
v -5.757361 -6.553701 -45.295410
v -5.757957 -6.553852 -45.515911
v -6.039406 -5.676620 -44.828388
v -6.184937 -5.810326 -44.926197
v -6.294701 -5.910999 -45.088783
v -6.353875 -5.965069 -45.294197
v -6.354471 -5.965208 -45.514694
v -6.549978 -5.064732 -44.827423
v -6.707728 -5.183792 -44.925209
v -6.826688 -5.273449 -45.087784
v -6.890795 -5.321611 -45.293182
v -6.891387 -5.321749 -45.513683
v -6.999111 -4.406429 -44.826653
v -7.167610 -4.509722 -44.924416
v -7.294660 -4.587530 -45.086979
v -7.363104 -4.629326 -45.292377
v -7.363700 -4.629471 -45.512871
v -7.382614 -3.707844 -44.826088
v -7.560289 -3.794426 -44.923840
v -7.694247 -3.859648 -45.086388
v -7.766395 -3.894693 -45.291771
v -7.766987 -3.894844 -45.512276
v -7.696902 -2.975512 -44.825726
v -7.882099 -3.044565 -44.923470
v -8.021717 -3.096598 -45.086014
v -8.096899 -3.124575 -45.291401
v -8.097494 -3.124718 -45.511894
v -7.939043 -2.216267 -44.825584
v -8.130033 -2.267147 -44.923317
v -8.274014 -2.305498 -45.085854
v -8.351534 -2.326145 -45.291245
v -8.352130 -2.326298 -45.511742
v -8.106773 -1.437187 -44.825645
v -8.301782 -1.469429 -44.923389
v -8.448781 -1.493748 -45.085922
v -8.527922 -1.506866 -45.291313
v -8.528515 -1.507019 -45.511818
v 1.995668 -3.407148 -50.828648
v 2.438267 -3.098206 -50.830032
v 2.833424 -2.730522 -50.831341
v 3.173398 -2.311295 -50.832542
v 3.451535 -1.848715 -50.833595
v 3.662391 -1.351854 -50.834496
v 3.801836 -0.830414 -50.835213
v 3.867143 -0.294626 -50.835754
v 3.857033 0.245043 -50.836082
v 3.771703 0.778011 -50.836212
v 3.612824 1.293859 -50.836128
v 3.383507 1.782486 -50.835827
v 3.088241 2.234316 -50.835342
v 2.732804 2.640524 -50.834648
v 2.324151 2.993149 -50.833786
v 1.870293 3.285297 -50.832764
v 1.953354 3.414206 -50.742672
v 2.087949 3.675112 -50.561092
v 2.224159 4.086071 -50.275551
v 2.281917 4.510635 -49.978981
v 2.262006 4.932966 -49.680393
v 2.165267 5.348446 -49.381477
v 1.994047 5.740917 -49.092888
v 1.880051 5.927122 -48.953392
v 1.745990 6.105854 -48.817692
v 1.593702 6.272911 -48.689049
v 1.423218 6.426790 -48.568779
v 1.263421 6.528887 -48.493080
v 1.083080 6.607098 -48.441013
v 0.892047 6.665815 -48.405678
v 0.694314 6.707956 -48.383091
v 0.294663 6.751255 -48.364376
v -0.108209 6.757071 -48.361511
v -0.511614 6.735964 -48.362240
v -0.909712 6.677366 -48.378990
v -1.105274 6.627783 -48.400600
v -1.294158 6.561705 -48.435097
v -1.470547 6.477098 -48.486076
v -1.625775 6.369673 -48.560539
v -1.791440 6.208923 -48.680321
v -1.938703 6.035450 -48.808762
v -2.173657 5.662210 -49.082088
v -2.332518 5.260078 -49.372284
v -2.414192 4.843779 -49.668884
v -2.419413 4.418646 -49.969025
v -2.347744 4.000557 -50.263107
v -2.282625 3.795324 -50.407692
v -2.197206 3.593721 -50.550293
v -2.052959 3.336824 -50.733490
v -1.967115 3.213413 -50.822388
v -2.409714 2.904474 -50.820984
v -2.804871 2.536791 -50.819679
v -3.144845 2.117556 -50.818489
v -3.422981 1.654984 -50.817429
v -3.633837 1.158115 -50.816532
v -3.773283 0.636683 -50.815811
v -3.838590 0.100883 -50.815277
v -3.828480 -0.438776 -50.814941
v -3.743150 -0.971752 -50.814819
v -3.584271 -1.487598 -50.814903
v -3.354956 -1.976217 -50.815193
v -3.059688 -2.428055 -50.815693
v -2.704250 -2.834257 -50.816372
v -2.295601 -3.186880 -50.817234
v -1.841740 -3.479031 -50.818275
v -1.924315 -3.607813 -50.727558
v -2.057928 -3.868479 -50.544910
v -2.192601 -4.279060 -50.258091
v -2.248758 -4.703226 -49.960655
v -2.227240 -5.125164 -49.661613
v -2.128890 -5.540249 -49.362679
v -1.956119 -5.932335 -49.074478
v -1.841374 -6.118343 -48.935368
v -1.706583 -6.296898 -48.800152
v -1.553606 -6.463791 -48.672096
v -1.382476 -6.617502 -48.552547
v -1.222274 -6.719498 -48.477577
v -1.041654 -6.797636 -48.426373
v -0.850431 -6.856319 -48.391983
v -0.652580 -6.898426 -48.370399
v -0.252837 -6.941704 -48.353794
v 0.150045 -6.947517 -48.353085
v 0.553441 -6.926416 -48.356007
v 0.951443 -6.867847 -48.374977
v 1.146885 -6.818291 -48.397709
v 1.335581 -6.752247 -48.433308
v 1.511693 -6.667723 -48.485352
v 1.666517 -6.560392 -48.560795
v 1.831535 -6.399807 -48.681679
v 1.978104 -6.226500 -48.811146
v 2.211581 -5.853630 -49.086220
v 2.368874 -5.451880 -49.377808
v 2.448952 -5.035978 -49.675392
v 2.452557 -4.611246 -49.976116
v 2.379303 -4.193546 -50.270363
v 2.313407 -3.988508 -50.414879
v 2.227221 -3.787098 -50.557285
v 2.081990 -3.530443 -50.740047
v -4.491777 -0.181030 -50.407001
v -5.281010 -0.195450 -49.826393
v -6.020247 -0.208904 -49.183327
v -6.704563 -0.221294 -48.482082
v -7.329394 -0.232542 -47.727333
v -7.890572 -0.242554 -46.924110
v -8.384357 -0.251284 -46.077766
v -4.401943 -0.995949 -50.406693
v -3.995495 -2.154377 -50.407021
v -3.291577 -3.160194 -50.408241
v 0.758211 -8.474730 -46.096905
v 2.683536 -3.730127 -50.423943
v 3.002892 -3.472441 -50.424973
v 3.802895 -2.541233 -50.427750
v 4.321994 -1.428713 -50.429890
v 8.422449 0.446514 -46.123466
v 4.514004 0.192886 -50.431488
v 4.269079 1.395872 -50.431622
v 3.708676 2.488169 -50.430843
v 2.874357 3.388765 -50.429195
v 0.443793 8.308798 -46.107224
v -3.404003 2.841003 -50.411942
v -4.069753 1.809526 -50.409462
v -4.432532 0.636688 -50.407707
v 3.528617 -4.064356 -49.847527
v 4.021483 -4.618908 -49.207420
v 4.478206 -5.132408 -48.508911
v 4.895738 -5.601414 -47.756660
v 5.271298 -6.022812 -46.955681
v 5.602380 -6.393801 -46.111324
v 5.006385 -6.874701 -46.109402
v 4.710453 -6.475349 -46.953880
v 4.374808 -6.021740 -47.754986
v 4.001692 -5.516893 -48.507374
v 3.593591 -4.964165 -49.206039
v 3.153226 -4.367247 -49.846317
v 3.564902 -2.875526 -50.426888
v 4.189230 -3.362707 -49.849777
v 4.774489 -3.819126 -49.209976
v 5.316774 -4.241739 -48.511757
v 5.812472 -4.627731 -47.759773
v 6.258276 -4.974527 -46.959034
v 6.651213 -5.279816 -46.114891
v 6.152174 -5.860699 -46.113155
v 5.788667 -5.521154 -46.957413
v 5.376288 -5.135458 -47.758263
v 4.917779 -4.706171 -48.510376
v 4.416206 -4.236172 -49.208740
v 3.874908 -3.728577 -49.848682
v 3.297498 -3.186783 -50.425961
v 4.468980 -2.969761 -49.850792
v 5.093365 -3.371223 -49.211128
v 5.671884 -3.742947 -48.513046
v 6.200681 -4.082451 -47.761181
v 6.676231 -4.387457 -46.960548
v 7.095362 -4.655954 -46.116501
v 4.183017 -1.814817 -50.429253
v 4.915793 -2.115898 -49.852558
v 5.602668 -2.397938 -49.213150
v 6.239061 -2.659065 -48.515289
v 6.820725 -2.897535 -47.763641
v 7.343786 -3.111755 -46.963196
v 7.804753 -3.300304 -46.119308
v 7.480940 -3.994293 -46.117973
v 7.039070 -3.764812 -46.961945
v 6.537696 -3.504120 -47.762474
v 5.980164 -3.213924 -48.514221
v 5.370188 -2.896185 -49.212196
v 4.711840 -2.553003 -49.851723
v 4.009504 -2.186684 -50.428543
v 5.079155 -1.662052 -49.853302
v 5.788877 -1.880617 -49.213997
v 6.446428 -2.082966 -48.516235
v 7.047422 -2.267738 -47.764668
v 7.587853 -2.433693 -46.964302
v 8.064116 -2.579748 -46.120483
v 4.492036 -0.626682 -50.430885
v 5.279032 -0.719297 -49.854462
v 6.016708 -0.806015 -49.215321
v 6.700146 -0.886257 -48.517719
v 7.324790 -0.959482 -47.766289
v 7.886473 -1.025198 -46.966045
v 8.381451 -1.082981 -46.122337
v 8.256881 -1.838587 -46.121490
v 7.769251 -1.736246 -46.965256
v 7.215910 -1.619925 -47.765549
v 6.600549 -1.490387 -48.517044
v 5.927273 -1.348511 -49.214729
v 5.200570 -1.195230 -49.853947
v 4.425286 -1.031574 -50.430431
v 4.521691 -0.217394 -50.431221
v 5.313889 -0.238205 -49.854881
v 6.056441 -0.257643 -49.215797
v 6.744393 -0.275560 -48.518238
v 7.373162 -0.291870 -47.766861
v 7.938552 -0.306429 -46.966667
v 8.436793 -0.319162 -46.122990
v 4.469040 0.600767 -50.431633
v 5.252002 0.723507 -49.855358
v 5.985896 0.838585 -49.216339
v 6.665835 0.945223 -48.518837
v 7.287282 1.042715 -47.767517
v 7.846090 1.130405 -46.967377
v 8.338538 1.207726 -46.123741
v 7.925055 0.414095 -46.967106
v 7.360624 0.377375 -47.767273
v 6.732924 0.336613 -48.518620
v 6.046142 0.292078 -49.216141
v 5.304854 0.244064 -49.855171
v 4.387173 1.002876 -50.431683
v 5.155771 1.196167 -49.855408
v 5.876207 1.377344 -49.216400
v 6.543680 1.545202 -48.518913
v 7.153741 1.698624 -47.767593
v 7.702317 1.836569 -46.967453
v 8.185754 1.958141 -46.123840
v 4.115738 1.776505 -50.431461
v 4.836711 2.105524 -49.855160
v 5.512526 2.413883 -49.216118
v 6.138674 2.699524 -48.518589
v 6.710981 2.960535 -47.767246
v 7.225631 3.195179 -46.967087
v 7.679195 3.401897 -46.123436
v 7.965366 2.691563 -46.123726
v 7.494927 2.526741 -46.967354
v 6.961108 2.339663 -47.767498
v 6.367474 2.131584 -48.518829
v 5.717979 1.903904 -49.216324
v 5.016958 1.658112 -49.855347
v 3.928418 2.141611 -50.431202
v 4.616529 2.534689 -49.854858
v 5.261547 2.903072 -49.215767
v 5.859176 3.244299 -48.518204
v 6.405431 3.556091 -47.766815
v 6.896671 3.836367 -46.966625
v 7.329618 4.083269 -46.122944
v 3.458329 2.813311 -50.430382
v 4.063959 3.324247 -49.853889
v 4.631696 3.803053 -49.214668
v 5.157758 4.246544 -48.516979
v 5.638632 4.651752 -47.765484
v 6.071115 5.015989 -46.965187
v 6.452324 5.336819 -46.121422
v 6.919528 4.730028 -46.122276
v 6.510765 4.444984 -46.965988
v 6.046993 4.121393 -47.766224
v 5.531300 3.761396 -48.517666
v 4.967124 3.367414 -49.215279
v 4.358231 2.942057 -49.854431
v 3.179452 3.114342 -50.429832
v 3.736153 3.678087 -49.853245
v 4.258043 4.206385 -49.213936
v 4.741646 4.695704 -48.516163
v 5.183736 5.142786 -47.764587
v 5.581364 5.544651 -46.964218
v 5.931878 5.898613 -46.120392
v 2.545572 3.634310 -50.428474
v 2.991056 4.289286 -49.851643
v 3.408741 4.903063 -49.212112
v 3.795837 5.471548 -48.514130
v 4.149765 5.990950 -47.762367
v 4.468166 6.457794 -46.961830
v 4.748915 6.868984 -46.117859
v 5.362502 6.410744 -46.119205
v 5.045567 6.026585 -46.963097
v 4.686072 5.590420 -47.763550
v 4.286416 5.105175 -48.515205
v 3.849262 4.574076 -49.213074
v 3.377528 4.000660 -49.852497
v 4.096041 7.269617 -46.116360
v 3.853477 6.834974 -46.960426
v 3.578530 6.341440 -47.761070
v 3.273039 5.792311 -48.512939
v 2.939043 5.191227 -49.211037
v 2.578779 4.542217 -49.850700
v 2.194649 3.849577 -50.427681
v 2.447303 5.434399 -49.209873
v 2.725151 6.063255 -48.511642
v 2.979279 6.637804 -47.759651
v 3.207994 7.154219 -46.958900
v 3.409766 7.609053 -46.114746
v 2.153919 6.283682 -48.510254
v 2.354800 6.878782 -47.758125
v 2.535665 7.413666 -46.957260
v 2.695300 7.884750 -46.113007
v 1.565007 6.451256 -48.508781
v 1.710995 7.061972 -47.756523
v 1.842530 7.610888 -46.955536
v 1.958726 8.094341 -46.111168
v 1.053202 7.185858 -47.754833
v 1.134331 7.744274 -46.953712
v 1.206146 8.236080 -46.109238
v 0.386865 7.249420 -47.753082
v 0.416937 7.812696 -46.951828
v -0.282490 7.252119 -47.751282
v -0.303705 7.815603 -46.949898
v -0.322012 8.311886 -46.105167
v -0.949316 7.193943 -47.749447
v -1.021626 7.752968 -46.947918
v -1.084928 8.245327 -46.103073
v -1.605426 7.075972 -47.747604
v -1.729172 7.625698 -46.945930
v -1.838047 8.109802 -46.100952
v -2.061325 6.300695 -48.498924
v -2.253351 6.897373 -47.745743
v -2.425582 7.433683 -46.943932
v -2.576869 7.906027 -46.098831
v -2.365309 5.453817 -49.196938
v -2.634317 6.084883 -48.497238
v -2.879752 6.661448 -47.743904
v -3.099981 7.179674 -46.941940
v -3.293535 7.636106 -46.096718
v -2.508592 4.562107 -49.837021
v -2.860084 5.214043 -49.195446
v -3.185311 5.817858 -48.495575
v -3.482105 6.369537 -47.742081
v -3.748490 6.865393 -46.939995
v -3.982686 7.302124 -46.094646
v -2.484651 3.654608 -50.414955
v -2.921731 4.313147 -49.835747
v -3.331001 4.930264 -49.193985
v -3.709741 5.501829 -48.493958
v -4.055416 6.024054 -47.740314
v -4.365730 6.493446 -46.938080
v -4.638611 6.906864 -46.092613
v -3.122707 3.139774 -50.412888
v -3.671731 3.707981 -49.833328
v -4.185900 4.240461 -49.191231
v -4.661777 4.733656 -48.490887
v -5.096197 5.184273 -47.736946
v -5.486260 5.589306 -46.934464
v -5.829365 5.946072 -46.088772
v -5.256073 6.453436 -46.090652
v -4.947168 6.066441 -46.936234
v -4.595837 5.627146 -47.738594
v -4.204412 5.138502 -48.492382
v -3.775498 4.603760 -49.192574
v -3.311950 4.026491 -49.834511
v -2.816850 3.410561 -50.413895
v -4.002383 3.356792 -49.832207
v -4.562792 3.840158 -49.189945
v -5.081497 4.287857 -48.489456
v -5.555038 4.696926 -47.735386
v -5.980260 5.064617 -46.932785
v -6.354324 5.388500 -46.086983
v -3.879496 2.173113 -50.410217
v -4.561302 2.571728 -49.830177
v -5.199883 2.945282 -49.187645
v -5.790980 3.291309 -48.486885
v -6.330654 3.607481 -47.732582
v -6.815305 3.891705 -46.929749
v -7.241703 4.142075 -46.083771
v -6.826409 4.785498 -46.085327
v -6.424502 4.497183 -46.931217
v -5.967665 4.169870 -47.733932
v -5.458941 3.805750 -48.488117
v -4.901722 3.407240 -49.188744
v -4.299725 2.976994 -49.831146
v -3.656964 2.517889 -50.411041
v -4.784941 2.144352 -49.829292
v -5.454798 2.458141 -49.186630
v -6.074862 2.748804 -48.485756
v -6.640996 3.014414 -47.731346
v -7.149429 3.253189 -46.928429
v -7.596767 3.463539 -46.082367
v -4.347420 1.038122 -50.408203
v -5.111325 1.237597 -49.827812
v -5.826831 1.424570 -49.184937
v -6.489166 1.597794 -48.483871
v -7.093922 1.756115 -47.729286
v -7.637057 1.898468 -46.926216
v -8.114956 2.023922 -46.080017
v -7.888658 2.755531 -46.081112
v -7.424104 2.586939 -46.927250
v -6.896125 2.395575 -47.730251
v -6.308237 2.182737 -48.484749
v -5.664360 1.949829 -49.185726
v -4.968788 1.698410 -49.828499
v -4.226161 1.430155 -50.408783
v -5.211366 0.765728 -49.827229
v -5.940865 0.886711 -49.184273
v -6.616160 0.998816 -48.483131
v -7.232751 1.101303 -47.728485
v -7.786522 1.193489 -46.925346
v -8.273788 1.274757 -46.079086
v -8.363836 0.514254 -46.078339
v -7.871262 0.477835 -46.924644
v -7.311456 0.436586 -47.727821
v -6.688157 0.390770 -48.482540
v -6.005516 0.340714 -49.183739
v -5.268084 0.286720 -49.826759
v -4.480783 0.229179 -50.407295
v -4.465426 -0.590532 -50.406792
v -5.250032 -0.676813 -49.826168
v -5.984940 -0.757589 -49.183067
v -6.665241 -0.832321 -48.481789
v -7.286407 -0.900517 -47.727005
v -7.844295 -0.961720 -46.923759
v -8.335178 -1.015524 -46.077400
v -4.301859 -1.393911 -50.406700
v -5.057769 -1.621143 -49.826054
v -5.765787 -1.833994 -49.182934
v -6.421185 -2.031034 -48.481644
v -7.019604 -2.210972 -47.726852
v -7.557046 -2.372583 -46.923592
v -8.029928 -2.514801 -46.077217
v -8.216709 -1.772120 -46.077209
v -7.732810 -1.673702 -46.923584
v -7.182857 -1.561821 -47.726845
v -6.570523 -1.437241 -48.481636
v -5.899885 -1.300785 -49.182930
v -5.175415 -1.153357 -49.826046
v -4.166002 -1.781122 -50.406807
v -4.898076 -2.076300 -49.826180
v -5.583756 -2.352804 -49.183083
v -6.218472 -2.608801 -48.481804
v -6.797995 -2.842577 -47.727028
v -7.318455 -3.052591 -46.923782
v -7.776384 -3.237434 -46.077419
v -3.791752 -2.510584 -50.407333
v -4.458164 -2.933743 -49.826794
v -5.082318 -3.330164 -49.183784
v -5.660058 -3.697222 -48.482582
v -6.187529 -4.032459 -47.727879
v -6.661214 -4.333643 -46.924702
v -7.077952 -4.598757 -46.078392
v -7.458183 -3.934002 -46.077812
v -7.019018 -3.708086 -46.924145
v -6.519867 -3.451422 -47.727364
v -5.964062 -3.165735 -48.482117
v -5.355302 -2.852903 -49.183357
v -4.697651 -2.515034 -49.826424
v -3.556463 -2.846781 -50.407738
v -4.181591 -3.328922 -49.827271
v -4.767067 -3.780622 -49.184326
v -5.308984 -4.198862 -48.483192
v -5.803729 -4.580856 -47.728542
v -6.248005 -4.924061 -46.925411
v -6.638852 -5.226183 -46.079155
v -2.999288 -3.448217 -50.408836
v -3.526659 -4.035883 -49.828560
v -4.020537 -4.586454 -49.185799
v -4.477627 -5.096262 -48.484825
v -4.894881 -5.561907 -47.730343
v -5.269516 -5.980280 -46.927345
v -5.599036 -6.348600 -46.081211
v -6.144514 -5.811077 -46.080101
v -5.782824 -5.474463 -46.926304
v -5.371655 -5.092091 -47.729370
v -4.913749 -4.666502 -48.483940
v -4.412160 -4.200546 -49.185005
v -3.870230 -3.697329 -49.827869
v -2.342400 -3.938795 -50.410275
v -2.754517 -4.612532 -49.830257
v -3.140404 -5.243757 -49.187737
v -3.497482 -5.828241 -48.486984
v -3.823376 -6.362120 -47.732681
v -4.115911 -6.841816 -46.929882
v -4.373133 -7.264122 -46.083900
v -5.007146 -6.834145 -46.082481
v -4.712932 -6.436890 -46.928535
v -4.378283 -5.985733 -47.731441
v -4.005418 -5.483694 -48.485847
v -3.596817 -4.934126 -49.186707
v -3.155200 -4.340694 -49.829357
v -2.683503 -3.707367 -50.409523
v -2.332346 -4.845844 -49.831238
v -2.659186 -5.509699 -49.188850
v -2.961586 -6.124407 -48.488220
v -3.237526 -6.685890 -47.734051
v -3.485171 -7.190390 -46.931343
v -3.702865 -7.634544 -46.085464
v -2.155779 -5.730772 -49.190048
v -2.400976 -6.370607 -48.489571
v -2.624665 -6.955036 -47.735516
v -2.825348 -7.480162 -46.932922
v -3.001691 -7.942478 -46.087139
v -1.820302 -6.564812 -48.491013
v -1.989865 -7.167343 -47.737095
v -2.141908 -7.708735 -46.934616
v -2.275415 -8.185373 -46.088924
v -1.334827 -7.321712 -47.738747
v -1.438230 -7.874643 -46.936394
v -1.529288 -8.361368 -46.090824
v -0.675636 -7.414860 -47.740463
v -0.726976 -7.975214 -46.938240
v -0.771815 -8.468561 -46.092789
v -0.007099 -7.448027 -47.742233
v -0.007213 -8.010920 -46.940147
v -0.006940 -8.506502 -46.094830
v 0.661684 -7.420259 -47.744061
v 0.712814 -7.981030 -46.942116
v 1.325173 -7.331791 -47.745899
v 1.427141 -7.885784 -46.944099
v 1.517307 -8.373518 -46.099014
v 1.809121 -6.579456 -48.500767
v 1.977867 -7.183353 -47.747753
v 2.129846 -7.725975 -46.946098
v 2.264052 -8.203695 -46.101131
v 2.391345 -6.389942 -48.502457
v 2.614357 -6.976179 -47.749603
v 2.815109 -7.502922 -46.948093
v 2.992259 -7.966671 -46.103256
v 2.652729 -5.531132 -49.203129
v 2.953921 -6.148283 -48.504128
v 3.229373 -6.711983 -47.751431
v 3.477249 -7.218485 -46.950062
v 3.695896 -7.664404 -46.105350
v 2.340839 -3.958447 -50.422874
v 2.750626 -4.635489 -49.845055
v 3.134939 -5.269768 -49.204605
v 3.491206 -5.857044 -48.505768
v 3.817049 -6.393415 -47.753227
v 4.110288 -6.875313 -46.951992
v 4.368964 -7.299501 -46.107399
v 1.350061 4.773804 -43.032318
v 1.935579 4.576340 -43.033760
v 2.492529 4.308708 -43.035080
v 3.012547 3.974930 -43.036266
v 3.487808 3.580030 -43.037277
v 3.911175 3.129934 -43.038120
v 4.276280 2.631420 -43.038765
v 4.577637 2.091967 -43.039219
v 4.810714 1.519693 -43.039467
v 4.972011 0.923193 -43.039505
v 5.059100 0.311445 -43.039330
v 5.070674 -0.306364 -43.038952
v 5.006559 -0.920946 -43.038372
v 4.867717 -1.523062 -43.037594
v 4.656237 -2.103666 -43.036644
v 4.375296 -2.654016 -43.035519
v 4.029118 -3.165867 -43.034245
v 3.622910 -3.631498 -43.032841
v 3.162770 -4.043921 -43.031326
v 2.655621 -4.396944 -43.029732
v 2.109084 -4.685244 -43.028069
v 1.531373 -4.904493 -43.026363
v 1.542253 -4.970924 -42.959686
v 1.553069 -5.037361 -42.893005
v 1.563827 -5.103802 -42.826321
v 2.168200 -4.878025 -42.828094
v 2.740250 -4.579697 -42.829838
v 3.271300 -4.213329 -42.831505
v 3.753303 -3.784470 -42.833084
v 4.178948 -3.299635 -42.834557
v 4.541786 -2.766167 -42.835896
v 4.836316 -2.192150 -42.837067
v 5.058073 -1.586285 -42.838066
v 5.203694 -0.957766 -42.838875
v 5.270971 -0.316118 -42.839478
v 5.258886 0.328936 -42.839882
v 5.167624 0.967619 -42.840065
v 4.998564 1.590248 -42.840012
v 4.754270 2.187380 -42.839756
v 4.438449 2.749958 -42.839279
v 4.055884 3.269470 -42.838600
v 3.612378 3.738029 -42.837715
v 3.114651 4.148533 -42.836647
v 2.570250 4.494753 -42.835411
v 1.987428 4.771450 -42.834030
v 1.375022 4.974426 -42.832527
v 1.366764 4.907551 -42.899124
v 1.358444 4.840675 -42.965721
v 0.141612 -5.931402 -44.151951
v 0.295045 -5.928501 -44.114563
v 0.413531 -5.926218 -44.010147
v 0.469928 -5.925070 -43.862610
v 0.451316 -5.925325 -43.705765
v 0.361955 -5.926920 -43.575535
v 0.222324 -5.929489 -43.501755
v 0.064403 -5.932444 -43.501324
v -0.075627 -5.935116 -43.574348
v -0.165686 -5.936884 -43.704098
v -0.185144 -5.937340 -43.860840
v -0.129540 -5.936386 -44.008671
v -0.011617 -5.934246 -44.113735
v 0.122883 -4.931576 -44.152557
v -0.030347 -4.934416 -44.114349
v -0.148270 -4.936562 -44.009293
v -0.203874 -4.937521 -43.861454
v -0.184416 -4.937054 -43.704704
v -0.094356 -4.935289 -43.574959
v 0.045670 -4.932621 -43.501942
v 0.203591 -4.929657 -43.502365
v 0.343226 -4.927094 -43.576141
v 0.432586 -4.925501 -43.706383
v 0.451198 -4.925251 -43.863228
v 0.394801 -4.926386 -44.010757
v 0.276314 -4.928677 -44.115181
v -0.058430 4.746723 -44.158512
v 0.095002 4.749624 -44.121124
v 0.213489 4.751907 -44.016708
v 0.269885 4.753046 -43.869183
v 0.251274 4.752804 -43.712326
v 0.161913 4.751209 -43.582100
v 0.022282 4.748640 -43.508320
v -0.135639 4.745676 -43.507896
v -0.275669 4.743013 -43.580917
v -0.365729 4.741243 -43.710663
v -0.385186 4.740776 -43.867409
v -0.329583 4.741732 -44.015244
v -0.211660 4.743877 -44.120300
v -0.077160 5.746544 -44.159134
v -0.230390 5.743700 -44.120918
v -0.348313 5.741554 -44.015865
v -0.403916 5.740608 -43.868023
v -0.384459 5.741062 -43.711281
v -0.294399 5.742832 -43.581535
v -0.154369 5.745502 -43.508507
v 0.003548 5.748459 -43.508934
v 0.143183 5.751026 -43.582718
v 0.232543 5.752623 -43.712944
v 0.251155 5.752878 -43.869793
v 0.194758 5.751730 -44.017326
v 0.076272 5.749445 -44.121746
v -1.460841 4.721146 -43.024723
v -2.038550 4.501894 -43.023018
v -2.585087 4.213593 -43.021355
v -3.092238 3.860575 -43.019760
v -3.552375 3.448151 -43.018246
v -3.958586 2.982519 -43.016846
v -4.304764 2.470675 -43.015572
v -4.585704 1.920321 -43.014442
v -4.797185 1.339716 -43.013496
v -4.936025 0.737598 -43.012714
v -5.000141 0.123014 -43.012135
v -4.988567 -0.494795 -43.011757
v -4.901477 -1.106541 -43.011581
v -4.740182 -1.703039 -43.011620
v -4.507102 -2.275312 -43.011868
v -4.205746 -2.814762 -43.012321
v -3.840641 -3.313282 -43.012966
v -3.417276 -3.763378 -43.013809
v -2.942012 -4.158278 -43.014820
v -2.421998 -4.492060 -43.016003
v -1.865045 -4.759687 -43.017326
v -1.279529 -4.957151 -43.018768
v -1.292446 -4.960346 -47.818748
v -1.842264 -4.777256 -47.817390
v -2.367433 -4.532267 -47.816139
v -2.861005 -4.228607 -47.815010
v -3.316457 -3.870295 -47.814026
v -3.727770 -3.462076 -47.813194
v -4.089503 -3.009335 -47.812523
v -4.396875 -2.518061 -47.812012
v -4.402257 -2.519396 -49.812008
v -4.661888 -1.969618 -49.811676
v -4.853432 -1.392593 -49.811546
v -4.974096 -0.796690 -49.811615
v -5.022131 -0.190598 -49.811893
v -4.996832 0.416870 -49.812366
v -4.898570 1.016872 -49.813026
v -4.728776 1.600674 -49.813873
v -4.489919 2.159782 -49.814888
v -4.484535 2.161118 -47.814896
v -4.195779 2.663553 -47.816010
v -3.851257 3.129524 -47.817245
v -3.455521 3.552862 -47.818588
v -3.013810 3.927982 -47.820030
v -2.531955 4.249914 -47.821541
v -2.016331 4.514397 -47.823105
v -1.473758 4.717951 -47.824703
v -1.395961 -5.959385 -42.817787
v -2.055008 -5.758106 -42.816151
v -2.686841 -5.483076 -42.814625
v -3.283236 -5.137867 -42.813255
v -3.836427 -4.726978 -42.812038
v -4.339216 -4.255739 -42.811001
v -4.785058 -3.730309 -42.810158
v -5.168152 -3.157509 -42.809502
v -5.483507 -2.544804 -42.809055
v -5.727022 -1.900169 -42.808834
v -5.895528 -1.231985 -42.808823
v -5.986826 -0.548973 -42.809036
v -5.999735 0.140011 -42.809456
v -5.934080 0.825974 -42.810089
v -5.790720 1.499994 -42.810921
v -5.571520 2.153299 -42.811951
v -5.279335 2.777384 -42.813148
v -4.917966 3.364130 -42.814514
v -4.492115 3.905886 -42.816017
v -4.007326 4.395618 -42.817650
v -3.469913 4.826944 -42.819389
v -2.886868 5.194248 -42.821198
v -2.265781 5.492752 -42.823067
v -1.614734 5.718563 -42.824966
v -1.620115 5.717228 -44.824963
v -2.271163 5.491417 -44.823063
v -2.892250 5.192913 -44.821190
v -3.475295 4.825617 -44.819374
v -4.012708 4.394289 -44.817646
v -4.497497 3.904564 -44.816010
v -4.923347 3.362795 -44.814507
v -5.284717 2.776052 -44.813148
v -5.576905 2.151964 -44.811943
v -5.796104 1.498659 -44.810917
v -5.939461 0.824638 -44.810081
v -6.005117 0.138676 -44.809448
v -5.992210 -0.550295 -44.809021
v -5.900909 -1.233322 -44.808815
v -5.732403 -1.901506 -44.808826
v -5.488892 -2.546133 -44.809052
v -5.173534 -3.158844 -44.809494
v -4.790440 -3.731636 -44.810143
v -4.344597 -4.257074 -44.810993
v -3.841809 -4.728300 -44.812027
v -3.288617 -5.139202 -44.813251
v -2.692223 -5.484411 -44.814621
v -2.060389 -5.759434 -44.816135
v -1.401343 -5.960712 -44.817772
v -2.361948 1.959602 -49.820484
v -2.283279 -2.239653 -49.817894
v -2.285971 -2.240324 -50.817898
v -2.364638 1.958939 -50.820477
v 2.395883 -2.152008 -49.830551
v 2.317214 2.047255 -49.833130
v 2.314524 2.046585 -50.833130
v 2.393191 -2.152670 -50.830544
v -2.248883 -2.359030 -49.817909
v -2.159407 -2.445225 -49.818096
v -2.038828 -2.475122 -49.818398
v -2.041517 -2.475788 -50.818405
v -2.162099 -2.445885 -50.818092
v -2.251575 -2.359699 -50.817909
v 2.160421 -2.396465 -49.829758
v 2.279796 -2.362070 -49.830101
v 2.365982 -2.272587 -49.830391
v 2.363293 -2.273249 -50.830383
v 2.277107 -2.362730 -50.830093
v 2.157729 -2.397125 -50.829750
v 2.282818 2.166632 -49.833118
v 2.193344 2.252815 -49.832935
v 2.072762 2.282721 -49.832626
v 2.070070 2.282047 -50.832630
v 2.190652 2.252151 -50.832932
v 2.280128 2.165960 -50.833122
v -2.126487 2.204056 -49.821278
v -2.245861 2.169661 -49.820930
v -2.332047 2.080181 -49.820648
v -2.334739 2.079517 -50.820641
v -2.248554 2.168997 -50.820927
v -2.129176 2.203392 -50.821274
v 4.529236 -2.350859 -47.836151
v 1.518456 -4.907690 -47.826344
v 2.061032 -4.704142 -47.827950
v 2.576656 -4.439655 -47.829506
v 3.058507 -4.117722 -47.831017
v 3.500223 -3.742603 -47.832455
v 3.895956 -3.319263 -47.833801
v 4.240479 -2.853292 -47.835037
v 4.523852 -2.352194 -49.836143
v 4.441576 2.328320 -47.839031
v 4.436194 2.326992 -49.839016
v 1.462188 5.774965 -44.833298
v 2.121235 5.573694 -44.834938
v 2.753068 5.298666 -44.836449
v 3.349463 4.953451 -44.837833
v 3.902655 4.542559 -44.839046
v 4.405443 4.071335 -44.840080
v 4.851285 3.545895 -44.840935
v 5.234379 2.973101 -44.841583
v 5.549735 2.360392 -44.842022
v 5.793250 1.715757 -44.842239
v 5.961755 1.047575 -44.842255
v 6.053053 0.364552 -44.842049
v 6.065961 -0.324419 -44.841621
v 6.000308 -1.010387 -44.840988
v 5.856949 -1.684406 -44.840153
v 5.637748 -2.337706 -44.839134
v 5.345562 -2.961794 -44.837925
v 4.984193 -3.548534 -44.836563
v 4.558342 -4.090303 -44.835068
v 4.073555 -4.580029 -44.833427
v 3.536140 -5.011358 -44.831703
v 2.953095 -5.378660 -44.829880
v 2.332008 -5.677156 -44.828011
v 1.680961 -5.902975 -44.826107
v -1.937154 3.225567 -50.822475
v -1.904690 3.229342 -50.822563
v -1.839929 3.218546 -50.822723
v -1.733095 3.166428 -50.822983
v 1.638156 3.229555 -50.832096
v 1.742963 3.285645 -50.832420
v 1.807296 3.298872 -50.832603
v 1.839886 3.296329 -50.832687
v 1.965707 -3.419313 -50.828552
v 1.933243 -3.423073 -50.828457
v 1.868482 -3.412277 -50.828293
v 1.761649 -3.360159 -50.828041
v -1.609602 -3.423286 -50.818924
v -1.714413 -3.479383 -50.818607
v -1.778743 -3.492611 -50.818428
v -1.811336 -3.490061 -50.818336
v 1.686342 -5.901648 -42.826122
v 2.337389 -5.675829 -42.828026
v 2.958477 -5.377333 -42.829895
v 3.541522 -5.010023 -42.831707
v 4.078937 -4.578707 -42.833439
v 4.563724 -4.088968 -42.835072
v 4.989574 -3.547207 -42.836578
v 5.350944 -2.960466 -42.837940
v 5.643131 -2.336384 -42.839142
v 5.862330 -1.683077 -42.840172
v 6.005690 -1.009050 -42.840996
v 6.071342 -0.323097 -42.841637
v 6.058436 0.365887 -42.842056
v 5.967136 1.048908 -42.842262
v 5.798631 1.717085 -42.842258
v 5.555117 2.361727 -42.842026
v 5.239761 2.974432 -42.841583
v 4.856668 3.547230 -42.840939
v 4.410826 4.072657 -42.840088
v 3.908036 4.543888 -42.839050
v 3.354844 4.954786 -42.837837
v 2.758450 5.300001 -42.836456
v 2.126619 5.575029 -42.834946
v 1.467570 5.776300 -42.833305
v -1.303411 -5.157509 -42.818565
v -1.915820 -4.954527 -42.817051
v -2.498641 -4.677828 -42.815666
v -3.043040 -4.331610 -42.814434
v -3.540766 -3.921106 -42.813366
v -3.984275 -3.452547 -42.812485
v -4.366838 -2.933043 -42.811810
v -4.682661 -2.370459 -42.811325
v -4.926954 -1.773323 -42.811066
v -5.096015 -1.150703 -42.811028
v -5.187278 -0.512026 -42.811207
v -5.199362 0.133034 -42.811600
v -5.132085 0.774691 -42.812210
v -4.986462 1.403208 -42.813019
v -4.764707 2.009066 -42.814026
v -4.470177 2.583082 -42.815193
v -4.107338 3.116558 -42.816528
v -3.681691 3.601395 -42.817997
v -3.199691 4.030247 -42.819584
v -2.668639 4.396614 -42.821251
v -2.096591 4.694948 -42.822987
v -1.492215 4.920719 -42.824772
v 1.337144 4.770609 -47.832298
v 1.886965 4.587519 -47.833656
v 2.412131 4.342527 -47.834908
v 2.905703 4.038868 -47.836029
v 3.361159 3.680555 -47.837021
v 3.772470 3.272329 -47.837860
v 4.134204 2.819588 -47.838531
v 4.695825 1.777220 -49.839352
v 4.887367 1.200184 -49.839485
v 5.008032 0.604280 -49.839417
v 5.056066 -0.001812 -49.839142
v 5.030767 -0.609282 -49.838669
v 4.932505 -1.209282 -49.838005
v 4.762712 -1.793079 -49.837162
v -1.287551 -5.023930 -42.952034
v -1.295512 -5.090721 -42.885303
v -1.471359 4.787663 -42.958076
v -1.481820 4.854191 -42.891422
v 1.223565 -6.472914 -48.424515
v 0.898632 -6.639496 -48.423527
v 0.536076 -6.750109 -48.422474
v 0.146820 -6.794079 -48.421398
v -0.242861 -6.765099 -48.420380
v -0.609215 -6.668585 -48.419449
v -0.940771 -6.514452 -48.418663
v -1.182094 6.282381 -48.426529
v -0.857162 6.448959 -48.427513
v -0.494606 6.559570 -48.428566
v -0.105350 6.603544 -48.429642
v 0.284331 6.574556 -48.430672
v 0.650685 6.478052 -48.431595
v 0.982241 6.323915 -48.432381
v -1.558634 6.322153 -48.598602
v -1.497738 6.255064 -48.601097
v -1.455590 6.182186 -48.567509
v -1.440851 6.118498 -48.504730
v -1.617055 6.011469 -48.682350
v -1.742252 3.208073 -50.757492
v -1.681176 6.104635 -48.728912
v -1.863851 3.381615 -50.625103
v -1.971000 3.573530 -50.480003
v -2.057374 3.774803 -50.328728
v -2.121677 3.980682 -50.174423
v -2.164185 4.189009 -50.018303
v -2.185579 4.399487 -49.860229
v -2.185856 4.611870 -49.700043
v -2.165020 4.822605 -49.540131
v -2.123435 5.029493 -49.381943
v -2.061131 5.232410 -49.225418
v -1.977665 5.430685 -49.070965
v -1.874064 5.620434 -48.921566
v -1.750193 5.800613 -48.778152
v -1.605333 5.970409 -48.641506
v -1.764416 5.840199 -48.817612
v -1.890706 5.658180 -48.959778
v -1.996578 5.466261 -49.108040
v -2.082111 5.265524 -49.261475
v -2.146210 5.059925 -49.417084
v -2.189307 4.850166 -49.574440
v -2.211344 4.636389 -49.733616
v -2.211935 4.420845 -49.893135
v -2.191056 4.207167 -50.050598
v -2.148705 3.995615 -50.206165
v -2.084193 3.786489 -50.359978
v -1.997230 3.582020 -50.510780
v -1.889117 3.387016 -50.655464
v -1.766247 3.210670 -50.787476
v -1.794514 3.207726 -50.814522
v -1.919417 3.386864 -50.682617
v -2.029341 3.585014 -50.538071
v -2.117791 3.792854 -50.387394
v -2.183439 4.005482 -50.233730
v -2.226570 4.220642 -50.078339
v -2.247882 4.438028 -49.921062
v -2.247367 4.657379 -49.761765
v -2.225044 4.874996 -49.602840
v -2.181295 5.088591 -49.445770
v -2.116170 5.298014 -49.290489
v -2.029230 5.502539 -49.137436
v -1.921581 5.698141 -48.989609
v -1.793143 5.883696 -48.847927
v -1.643256 6.058327 -48.713207
v -1.833373 5.925375 -48.864311
v -1.963513 5.735216 -49.006630
v -2.072333 5.535057 -49.155067
v -2.159965 5.326023 -49.308678
v -2.225333 5.112215 -49.464493
v -2.268921 4.894363 -49.622063
v -2.290707 4.672609 -49.781456
v -2.290327 4.449265 -49.941200
v -2.267790 4.228083 -50.098888
v -2.223118 4.009321 -50.254669
v -2.155611 3.793259 -50.408691
v -2.064993 3.582195 -50.559708
v -1.952630 3.381088 -50.704567
v -1.987818 3.369923 -50.720787
v -2.102903 3.573765 -50.575058
v -2.195994 3.787817 -50.423111
v -2.265679 4.007086 -50.268112
v -2.312222 4.229248 -50.111294
v -2.336330 4.454027 -49.952499
v -2.337967 4.681189 -49.791576
v -2.317085 4.906931 -49.630936
v -2.274018 5.128916 -49.472042
v -2.208759 5.347038 -49.314812
v -2.120769 5.560570 -49.159672
v -2.011070 5.765335 -49.009636
v -1.879438 5.960215 -48.865620
v -1.725037 6.144293 -48.728409
v 1.357699 6.376776 -48.606491
v 1.299345 6.307455 -48.608665
v 1.260138 6.233059 -48.574848
v 1.248136 6.168871 -48.511997
v 1.207297 6.275417 -48.547714
v -1.391613 6.184671 -48.506477
v 1.255591 6.374359 -48.578789
v -1.456311 6.323606 -48.571426
v -1.333055 6.241016 -48.496372
v -1.196128 6.344473 -48.476009
v -1.039274 6.433838 -48.458355
v -0.868271 6.507694 -48.444687
v -0.499019 6.607784 -48.429199
v -0.106142 6.646101 -48.425751
v 0.286904 6.622850 -48.431274
v 0.414116 6.601309 -48.435513
v 0.659450 6.537113 -48.448654
v 0.833616 6.469706 -48.463253
v 0.993684 6.386486 -48.481716
v 1.135284 6.287743 -48.502945
v 1.196489 6.233107 -48.513481
v -1.426479 6.274736 -48.563484
v -1.367059 6.328621 -48.539391
v -1.224331 6.425541 -48.497631
v -1.060049 6.506704 -48.465317
v -0.882138 6.571707 -48.442059
v -0.503595 6.656111 -48.417675
v -0.106890 6.687809 -48.412483
v 0.289700 6.671244 -48.419746
v 0.419092 6.654354 -48.425804
v 0.670849 6.601475 -48.446011
v 0.851538 6.543209 -48.470200
v 1.018641 6.468466 -48.503296
v 1.165735 6.376535 -48.546028
v 1.227650 6.324411 -48.570675
v 1.147212 6.329586 -48.529907
v 1.004626 6.426144 -48.497047
v 0.841913 6.505917 -48.470287
v 0.664903 6.569218 -48.450027
v 0.416562 6.628038 -48.432499
v 0.288289 6.647314 -48.427048
v -0.106525 6.667252 -48.420284
v -0.501310 6.632215 -48.424980
v -0.874966 6.539635 -48.446072
v -1.048994 6.469749 -48.465408
v -1.208657 6.383732 -48.491371
v -1.346684 6.282387 -48.523323
v -1.404184 6.226549 -48.540634
v -1.392383 6.375118 -48.542297
v -1.242080 6.466831 -48.493942
v -1.071859 6.542669 -48.457893
v -0.889498 6.602602 -48.432693
v -0.505815 6.678905 -48.407421
v -0.107232 6.707380 -48.402470
v 0.291104 6.694075 -48.409492
v 0.421637 6.679501 -48.415588
v 0.677053 6.632555 -48.436668
v 0.861985 6.579535 -48.462811
v 1.034780 6.510330 -48.499653
v 1.189244 6.423918 -48.549026
v 1.287384 6.419327 -48.571953
v 1.215146 6.466976 -48.539268
v 1.051787 6.548695 -48.486732
v 0.872665 6.612959 -48.448700
v 0.683259 6.661251 -48.422478
v 0.424129 6.702829 -48.402161
v 0.292471 6.715281 -48.396591
v -0.107544 6.725626 -48.390465
v -0.507921 6.700081 -48.394493
v -0.896747 6.631092 -48.418465
v -1.083763 6.575714 -48.443726
v -1.260517 6.504583 -48.480949
v -1.419875 6.417192 -48.532421
v -1.489722 6.367352 -48.564419
v 1.646450 3.271980 -50.766327
v 1.416515 6.027933 -48.648926
v 1.486758 6.164951 -48.736725
v 1.887025 3.444796 -50.729641
v 1.995981 3.655245 -50.582829
v 2.080887 3.871597 -50.432106
v 2.142641 4.093004 -50.277679
v 2.181644 4.319059 -50.119484
v 2.197658 4.545704 -49.959988
v 2.191097 4.770977 -49.800304
v 2.162312 4.994717 -49.640270
v 2.111010 5.216480 -49.479980
v 2.038001 5.431782 -49.322510
v 1.943691 5.639109 -49.168896
v 1.827739 5.838285 -49.019241
v 1.689013 6.028780 -48.873959
v 1.529099 6.206257 -48.736443
v 1.698388 3.273592 -50.823643
v 1.818187 3.459103 -50.691109
v 1.922145 3.663603 -50.545464
v 2.002677 3.873592 -50.395981
v 2.060656 4.088221 -50.242889
v 2.096481 4.307070 -50.086098
v 2.109975 4.526176 -49.928120
v 2.101583 4.743622 -49.770035
v 2.071669 4.959219 -49.611710
v 2.020007 5.172499 -49.453255
v 1.947468 5.379116 -49.297729
v 1.854532 5.577593 -49.146194
v 1.740958 5.767736 -48.998745
v 1.605778 5.948997 -48.855835
v 1.450697 6.117241 -48.720818
v 1.644305 5.992191 -48.872429
v 1.781364 5.806374 -49.015991
v 1.896269 5.611752 -49.164032
v 1.990056 5.408834 -49.316151
v 2.063008 5.197851 -49.472206
v 2.114676 4.980288 -49.631157
v 2.144211 4.760550 -49.789948
v 2.151870 4.539110 -49.948471
v 2.137294 4.316141 -50.106857
v 2.100053 4.093594 -50.264015
v 2.040348 3.875463 -50.417473
v 1.957787 3.662197 -50.567272
v 1.851482 3.454611 -50.713226
v 1.670174 3.275480 -50.796440
v 1.788030 3.458090 -50.663788
v 1.890283 3.659342 -50.518005
v 1.969466 3.865911 -50.368385
v 2.026454 4.077011 -50.215126
v 2.061636 4.292183 -50.058174
v 2.074845 4.507545 -49.900002
v 2.066529 4.721212 -49.741688
v 2.037055 4.933006 -49.583115
v 1.986201 5.142439 -49.424381
v 1.914840 5.345285 -49.268524
v 1.823441 5.540071 -49.116615
v 1.711773 5.726627 -48.968754
v 1.578888 5.904425 -48.825378
v 1.426454 6.069422 -48.689827
v 1.566395 5.864325 -48.785828
v 1.696777 5.688276 -48.930458
v 1.806101 5.503790 -49.079422
v 1.895359 5.311354 -49.232338
v 1.964812 5.111122 -49.389099
v 2.014030 4.904512 -49.548649
v 2.042184 4.695698 -49.707970
v 2.049511 4.485123 -49.866936
v 2.035651 4.272955 -50.025719
v 2.000177 4.061031 -50.183235
v 1.943270 3.853180 -50.336990
v 1.864542 3.649805 -50.487072
v 1.763135 3.451712 -50.633293
v 1.599174 -6.512917 -48.598560
v 1.538262 -6.445835 -48.600815
v 1.496296 -6.372917 -48.567101
v 1.481896 -6.309135 -48.504314
v 1.657140 -6.202356 -48.683033
v 1.771157 -3.401728 -50.762550
v 1.721010 -6.295570 -48.729824
v 1.893468 -3.575087 -50.630585
v 2.001397 -3.766811 -50.485809
v 2.088583 -3.967876 -50.334740
v 2.153718 -4.173553 -50.180496
v 2.197066 -4.381670 -50.024330
v 2.219313 -4.591934 -49.866096
v 2.220451 -4.804115 -49.705627
v 2.200478 -5.014637 -49.545322
v 2.159742 -5.221312 -49.386646
v 2.098285 -5.424023 -49.229507
v 2.015654 -5.622087 -49.074341
v 1.912858 -5.811634 -48.924149
v 1.789758 -5.991617 -48.779831
v 1.645638 -6.161236 -48.642185
v 1.803770 -6.031256 -48.819317
v 1.929293 -5.849430 -48.962399
v 2.034365 -5.657717 -49.111481
v 2.119071 -5.457180 -49.265640
v 2.182332 -5.251783 -49.421864
v 2.224579 -5.042236 -49.579739
v 2.245759 -4.828672 -49.739304
v 2.245491 -4.613338 -49.899109
v 2.223763 -4.399874 -50.056763
v 2.180573 -4.188534 -50.212368
v 2.115232 -3.979616 -50.366108
v 2.027459 -3.775341 -50.516716
v 1.918571 -3.580530 -50.661064
v 1.794991 -3.404362 -50.792656
v 1.823111 -3.401445 -50.819855
v 1.948724 -3.580412 -50.688377
v 2.059426 -3.778376 -50.544159
v 2.148685 -3.986010 -50.393692
v 2.215160 -4.198435 -50.240112
v 2.259127 -4.413380 -50.084660
v 2.281287 -4.630564 -49.927212
v 2.281629 -4.849695 -49.767616
v 2.260161 -5.067102 -49.608292
v 2.217259 -5.280493 -49.450699
v 2.152974 -5.489706 -49.294792
v 2.066856 -5.694029 -49.141003
v 1.960009 -5.889429 -48.992340
v 1.832334 -6.074795 -48.849716
v 1.683174 -6.249254 -48.713966
v 1.872474 -6.116501 -48.866272
v 2.001848 -5.926535 -49.009533
v 2.109863 -5.726568 -49.158817
v 2.196668 -5.517744 -49.313187
v 2.261195 -5.304136 -49.469627
v 2.303937 -5.086498 -49.627724
v 2.324865 -4.864960 -49.787525
v 2.323622 -4.641832 -49.947563
v 2.300237 -4.420855 -50.105423
v 2.254727 -4.202299 -50.261253
v 2.186388 -3.986450 -50.415199
v 2.094959 -3.775583 -50.566002
v 1.981817 -3.574669 -50.710526
v 2.016917 -3.563522 -50.726952
v 2.132784 -3.767172 -50.581570
v 2.226692 -3.981026 -50.429840
v 2.297212 -4.200079 -50.274921
v 2.344602 -4.422037 -50.118073
v 2.369565 -4.646606 -49.959099
v 2.372068 -4.873549 -49.797890
v 2.352050 -5.099075 -49.636833
v 2.309841 -5.320854 -49.477417
v 2.245430 -5.538767 -49.319557
v 2.158275 -5.752089 -49.163666
v 2.049387 -5.956661 -49.012760
v 1.918535 -6.151340 -48.867775
v 1.764872 -6.335239 -48.729496
v -1.317163 -6.567545 -48.590679
v -1.258818 -6.498236 -48.593258
v -1.219432 -6.423790 -48.559757
v -1.207088 -6.359509 -48.497047
v -1.166444 -6.466112 -48.532845
v 1.432650 -6.375313 -48.505711
v -1.214904 -6.565100 -48.563522
v 1.496997 -6.514339 -48.570831
v 1.374146 -6.431643 -48.495220
v 1.237334 -6.535080 -48.473980
v 1.080575 -6.624411 -48.455364
v 0.909648 -6.698256 -48.440678
v 0.540484 -6.798315 -48.423073
v 0.147633 -6.836632 -48.417458
v -0.245439 -6.813389 -48.420906
v -0.372672 -6.791857 -48.424477
v -0.618074 -6.727671 -48.436394
v -0.792311 -6.660282 -48.450134
v -0.952479 -6.577087 -48.467842
v -1.094190 -6.478374 -48.488453
v -1.155454 -6.423748 -48.498726
v 1.467206 -6.465454 -48.562782
v 1.407918 -6.519316 -48.538307
v 1.265417 -6.616175 -48.495651
v 1.101312 -6.697296 -48.462334
v 0.923529 -6.762266 -48.438046
v 0.545122 -6.846636 -48.411514
v 0.148453 -6.878317 -48.404133
v -0.248169 -6.861765 -48.409283
v -0.377593 -6.844879 -48.414673
v -0.629457 -6.792030 -48.433598
v -0.810273 -6.733805 -48.456890
v -0.977552 -6.659103 -48.489185
v -1.124874 -6.567225 -48.531242
v -1.186921 -6.515133 -48.555634
v -1.106263 -6.520256 -48.515289
v -0.963503 -6.616768 -48.483070
v -0.800649 -6.696505 -48.457077
v -0.623533 -6.759777 -48.437679
v -0.375100 -6.818581 -48.421413
v -0.246801 -6.837843 -48.416626
v 0.148047 -6.857779 -48.411961
v 0.542800 -6.822742 -48.418842
v 0.916337 -6.730194 -48.442059
v 1.090255 -6.660339 -48.462418
v 1.249776 -6.574350 -48.489357
v 1.387630 -6.473045 -48.522194
v 1.445035 -6.417233 -48.539883
v 1.433229 -6.565805 -48.541286
v 1.283186 -6.657459 -48.492004
v 1.113163 -6.733252 -48.454933
v 0.930938 -6.793146 -48.428680
v 0.547400 -6.869415 -48.401230
v 0.148849 -6.897875 -48.394108
v -0.249521 -6.884581 -48.399006
v -0.380084 -6.870024 -48.404408
v -0.635610 -6.823099 -48.424179
v -0.820677 -6.770119 -48.449390
v -0.993671 -6.700958 -48.485390
v -1.148400 -6.614611 -48.534054
v -1.246659 -6.610050 -48.556469
v -1.174248 -6.657654 -48.524101
v -1.010608 -6.739304 -48.472336
v -0.831285 -6.803520 -48.435196
v -0.641741 -6.851770 -48.409912
v -0.382503 -6.893322 -48.390938
v -0.250815 -6.905773 -48.386059
v 0.149226 -6.916115 -48.382072
v 0.549574 -6.890574 -48.388290
v 0.938266 -6.821613 -48.414452
v 1.125144 -6.766273 -48.440792
v 1.301697 -6.695185 -48.479057
v 1.460771 -6.607874 -48.531509
v 1.530446 -6.558067 -48.563942
v -1.617543 -3.465631 -50.753059
v -1.376207 -6.218758 -48.633255
v -1.446920 -6.355890 -48.720497
v -1.857916 -3.638391 -50.714844
v -1.966081 -3.848650 -50.567173
v -2.050172 -4.064796 -50.415710
v -2.111094 -4.285997 -50.260658
v -2.149244 -4.511841 -50.101944
v -2.164396 -4.738272 -49.942074
v -2.156977 -4.963335 -49.782120
v -2.127331 -5.186865 -49.621948
v -2.075166 -5.408413 -49.461647
v -2.001312 -5.623505 -49.304276
v -1.906176 -5.830626 -49.150894
v -1.789415 -6.029596 -49.001610
v -1.649910 -6.219902 -48.856823
v -1.489260 -6.397194 -48.719929
v -1.669790 -3.467318 -50.810089
v -1.788870 -3.652647 -50.676666
v -1.892045 -3.856962 -50.530190
v -1.971771 -4.066738 -50.379997
v -2.028925 -4.281172 -50.226303
v -2.063905 -4.499811 -50.069046
v -2.076549 -4.718710 -49.910698
v -2.067304 -4.935940 -49.752380
v -2.036537 -5.151331 -49.593925
v -1.984021 -5.364397 -49.435471
v -1.910647 -5.570801 -49.280060
v -1.816893 -5.769083 -49.128754
v -1.702526 -5.959019 -48.981682
v -1.566580 -6.140100 -48.839260
v -1.410776 -6.308165 -48.704849
v -1.605196 -6.183313 -48.855587
v -1.743025 -5.997686 -48.998653
v -1.858727 -5.803253 -49.146332
v -1.953332 -5.600555 -49.298210
v -2.027124 -5.389776 -49.454155
v -2.079647 -5.172419 -49.613110
v -2.110039 -4.952894 -49.772034
v -2.118550 -4.731661 -49.930805
v -2.104827 -4.508911 -50.089565
v -2.068433 -4.286572 -50.247223
v -2.009557 -4.068651 -50.401287
v -1.927804 -3.855581 -50.551811
v -1.822284 -3.648193 -50.698612
v -1.641431 -3.469172 -50.783043
v -1.758567 -3.651604 -50.649517
v -1.860035 -3.852655 -50.502911
v -1.938411 -4.059029 -50.352592
v -1.994572 -4.269926 -50.198746
v -2.028906 -4.484886 -50.041321
v -2.041264 -4.700037 -49.882790
v -2.032096 -4.913494 -49.724251
v -2.001768 -5.125071 -49.565544
v -1.950060 -5.334307 -49.406815
v -1.877858 -5.536934 -49.251072
v -1.785643 -5.731525 -49.099396
v -1.673182 -5.917881 -48.951897
v -1.539525 -6.095486 -48.808998
v -1.386363 -6.260298 -48.674057
v -1.526820 -6.055330 -48.769569
v -1.657980 -5.879477 -48.913734
v -1.768108 -5.695198 -49.062347
v -1.858185 -5.502951 -49.215042
v -1.928485 -5.302931 -49.371689
v -1.978557 -5.096535 -49.531258
v -2.007571 -4.887934 -49.690693
v -2.015755 -4.677572 -49.849899
v -2.002747 -4.465614 -50.009037
v -1.968126 -4.253901 -50.167019
v -1.912048 -4.046253 -50.321358
v -1.834126 -3.843079 -50.472130
v -1.733512 -3.645182 -50.619164
vn 0.5431 -0.8396 -0.0010
vn 0.4700 -0.8827 -0.0004
vn 0.3934 -0.9194 -0.0006
vn 0.3141 -0.9494 -0.0001
vn 0.2324 -0.9726 -0.0001
vn 0.1491 -0.9888 0.0005
vn 0.0647 -0.9979 0.0005
vn -0.0202 -0.9998 0.0010
vn -0.1049 -0.9945 0.0009
vn -0.1888 -0.9820 0.0013
vn -0.2714 -0.9625 0.0013
vn -0.3521 -0.9360 0.0017
vn -0.4302 -0.9027 0.0016
vn -0.5052 -0.8630 0.0025
vn -0.5766 -0.8170 0.0021
vn -0.6438 -0.7652 0.0024
vn -0.7064 -0.7079 0.0023
vn -0.7638 -0.6454 0.0024
vn -0.8158 -0.5783 0.0026
vn -0.8619 -0.5070 0.0028
vn -0.9018 -0.4321 0.0026
vn -0.9352 -0.3541 0.0029
vn -0.9619 -0.2735 0.0028
vn -0.9816 -0.1909 0.0027
vn -0.9943 -0.1070 0.0027
vn -0.9997 -0.0223 0.0033
vn -0.9980 0.0626 0.0026
vn -0.9891 0.1470 0.0025
vn -0.9731 0.2304 0.0025
vn -0.9501 0.3121 0.0023
vn -0.9202 0.3915 0.0022
vn -0.8837 0.4681 0.0022
vn -0.8408 0.5414 0.0019
vn -0.7918 0.6107 0.0020
vn -0.7372 0.6757 0.0014
vn -0.6772 0.7358 0.0013
vn -0.6124 0.7905 0.0010
vn -0.5431 0.8396 0.0009
vn -0.4700 0.8827 0.0006
vn -0.3934 0.9194 0.0006
vn -0.3141 0.9494 0.0001
vn -0.2324 0.9726 0.0001
vn -0.1491 0.9888 -0.0004
vn -0.0647 0.9979 -0.0004
vn 0.0202 0.9998 -0.0008
vn 0.1049 0.9945 -0.0008
vn 0.1889 0.9820 -0.0012
vn 0.2714 0.9625 -0.0011
vn 0.3521 0.9360 -0.0016
vn 0.4302 0.9027 -0.0012
vn 0.5052 0.8630 -0.0020
vn 0.5766 0.8170 -0.0018
vn 0.6438 0.7652 -0.0024
vn 0.7064 0.7079 -0.0023
vn 0.7638 0.6454 -0.0024
vn 0.8158 0.5783 -0.0026
vn 0.8619 0.5070 -0.0028
vn 0.9018 0.4321 -0.0025
vn 0.9352 0.3541 -0.0028
vn 0.9619 0.2735 -0.0026
vn 0.9816 0.1909 -0.0027
vn 0.9943 0.1070 -0.0028
vn 0.9997 0.0223 -0.0028
vn 0.9980 -0.0626 -0.0027
vn 0.9891 -0.1470 -0.0025
vn 0.9731 -0.2304 -0.0023
vn 0.9501 -0.3121 -0.0024
vn 0.9202 -0.3915 -0.0022
vn 0.8837 -0.4681 -0.0022
vn 0.8408 -0.5414 -0.0019
vn 0.7918 -0.6107 -0.0017
vn 0.7372 -0.6757 -0.0014
vn 0.6772 -0.7358 -0.0014
vn 0.6124 -0.7905 -0.0009
vn 0.2324 -0.9726 0.0001
vn 0.3141 -0.9494 -0.0002
vn 0.3934 -0.9193 -0.0005
vn 0.4700 -0.8827 -0.0008
vn 0.5431 -0.8396 -0.0009
vn 0.6124 -0.7905 -0.0017
vn 0.6772 -0.7358 -0.0013
vn 0.7372 -0.6757 -0.0015
vn 0.7918 -0.6107 -0.0016
vn 0.8837 -0.4681 -0.0021
vn 0.9731 -0.2304 -0.0024
vn 0.9980 -0.0626 -0.0026
vn 0.9997 0.0223 -0.0027
vn 0.9943 0.1070 -0.0029
vn 0.9619 0.2735 -0.0029
vn 0.9352 0.3541 -0.0027
vn 0.9018 0.4321 -0.0028
vn 0.8619 0.5070 -0.0027
vn 0.8158 0.5783 -0.0027
vn 0.7638 0.6454 -0.0025
vn 0.7064 0.7079 -0.0025
vn 0.6438 0.7652 -0.0021
vn 0.5766 0.8170 -0.0022
vn 0.5052 0.8630 -0.0018
vn 0.4302 0.9027 -0.0019
vn 0.2714 0.9625 -0.0020
vn 0.1888 0.9820 -0.0011
vn 0.1049 0.9945 -0.0011
vn 0.0202 0.9998 -0.0006
vn -0.0647 0.9979 -0.0006
vn -0.1491 0.9888 -0.0001
vn -0.2324 0.9726 -0.0000
vn -0.3140 0.9494 0.0003
vn -0.3934 0.9194 0.0003
vn -0.4700 0.8827 0.0007
vn -0.5431 0.8396 0.0008
vn -0.6124 0.7906 0.0012
vn -0.6772 0.7358 0.0012
vn -0.7372 0.6757 0.0016
vn -0.7918 0.6107 0.0016
vn -0.8408 0.5414 0.0020
vn -0.8837 0.4681 0.0018
vn -0.9501 0.3121 0.0021
vn -0.9731 0.2303 0.0025
vn -0.9891 0.1470 0.0024
vn -0.9997 -0.0223 0.0026
vn -0.9943 -0.1070 0.0028
vn -0.9816 -0.1909 0.0029
vn -0.9352 -0.3541 0.0028
vn -0.9018 -0.4321 0.0027
vn -0.8619 -0.5070 0.0027
vn -0.7638 -0.6454 0.0026
vn -0.7064 -0.7078 0.0025
vn -0.6438 -0.7652 0.0021
vn -0.5766 -0.8170 0.0022
vn -0.5052 -0.8630 0.0018
vn -0.4302 -0.9027 0.0017
vn -0.3521 -0.9360 0.0014
vn -0.2714 -0.9625 0.0015
vn -0.1049 -0.9945 0.0010
vn -0.0202 -0.9998 0.0006
vn 0.1491 -0.9888 0.0001
vn -0.2368 0.9716 0.0001
vn -0.3141 0.9494 -0.0001
vn -0.3934 0.9193 0.0005
vn -0.5394 0.8421 0.0010
vn -0.6124 0.7905 0.0005
vn -0.6706 0.7418 0.0015
vn -0.7836 0.6213 0.0017
vn -0.8408 0.5414 0.0018
vn -0.8752 0.4838 0.0021
vn -0.9202 0.3915 0.0021
vn -0.9429 0.3332 0.0024
vn -0.9731 0.2303 0.0024
vn -0.9848 0.1735 0.0026
vn -1.0000 0.0090 0.0027
vn -0.9943 -0.1070 0.0026
vn -0.9878 -0.1557 0.0028
vn -0.9619 -0.2735 0.0023
vn -0.9487 -0.3162 0.0028
vn -0.9018 -0.4321 0.0023
vn -0.8837 -0.4680 0.0028
vn -0.7946 -0.6071 0.0025
vn -0.7064 -0.7079 0.0020
vn -0.6839 -0.7296 0.0023
vn -0.5766 -0.8171 0.0017
vn -0.5544 -0.8322 0.0026
vn -0.4302 -0.9027 0.0015
vn -0.4099 -0.9121 0.0019
vn -0.2714 -0.9625 0.0011
vn -0.2542 -0.9672 0.0014
vn -0.1049 -0.9945 0.0007
vn -0.0915 -0.9958 0.0012
vn 0.0647 -0.9979 0.0003
vn 0.0736 -0.9973 0.0006
vn 0.2368 -0.9716 0.0001
vn 0.3934 -0.9194 -0.0005
vn 0.3934 -0.9194 -0.0004
vn 0.5394 -0.8421 -0.0008
vn 0.6706 -0.7418 -0.0011
vn 0.6772 -0.7358 -0.0015
vn 0.7836 -0.6213 -0.0014
vn 0.7918 -0.6107 -0.0019
vn 0.8751 -0.4839 -0.0016
vn 0.8837 -0.4681 -0.0020
vn 0.9428 -0.3332 -0.0018
vn 0.9501 -0.3121 -0.0027
vn 0.9848 -0.1735 -0.0025
vn 0.9891 -0.1470 -0.0029
vn 1.0000 -0.0090 -0.0026
vn 0.9997 0.0223 -0.0031
vn 0.9878 0.1557 -0.0027
vn 0.9816 0.1909 -0.0032
vn 0.9487 0.3162 -0.0026
vn 0.9352 0.3541 -0.0029
vn 0.8837 0.4680 -0.0026
vn 0.8619 0.5070 -0.0026
vn 0.7946 0.6071 -0.0025
vn 0.6839 0.7296 -0.0023
vn 0.5545 0.8322 -0.0020
vn 0.5052 0.8630 -0.0025
vn 0.4099 0.9121 -0.0016
vn 0.3521 0.9360 -0.0017
vn 0.2542 0.9672 -0.0013
vn 0.0915 0.9958 -0.0008
vn 0.0202 0.9998 -0.0010
vn -0.0736 0.9973 -0.0004
vn -0.5394 0.8421 0.0008
vn -0.4700 0.8827 0.0008
vn -0.3934 0.9194 0.0004
vn -0.3141 0.9494 0.0005
vn -0.2368 0.9716 -0.0002
vn -0.1491 0.9888 -0.0000
vn -0.0736 0.9973 -0.0005
vn 0.0915 0.9958 -0.0011
vn 0.2542 0.9672 -0.0014
vn 0.3521 0.9360 -0.0013
vn 0.4099 0.9121 -0.0018
vn 0.5052 0.8630 -0.0014
vn 0.5545 0.8322 -0.0021
vn 0.6438 0.7652 -0.0020
vn 0.9487 0.3162 -0.0028
vn 0.9816 0.1909 -0.0023
vn 0.9878 0.1557 -0.0028
vn 0.9997 0.0223 -0.0023
vn 1.0000 -0.0090 -0.0034
vn 0.9891 -0.1470 -0.0022
vn 0.9848 -0.1735 -0.0026
vn 0.9501 -0.3121 -0.0020
vn 0.9429 -0.3332 -0.0023
vn 0.8837 -0.4681 -0.0018
vn 0.8751 -0.4839 -0.0024
vn 0.7918 -0.6107 -0.0015
vn 0.7836 -0.6213 -0.0020
vn 0.6773 -0.7357 -0.0017
vn 0.6706 -0.7418 -0.0015
vn 0.5431 -0.8396 -0.0008
vn 0.5394 -0.8421 -0.0010
vn 0.2368 -0.9716 -0.0001
vn 0.0736 -0.9973 0.0003
vn 0.0647 -0.9979 0.0006
vn -0.0915 -0.9958 0.0006
vn -0.1049 -0.9945 0.0011
vn -0.2542 -0.9672 0.0009
vn -0.2714 -0.9625 0.0016
vn -0.4099 -0.9121 0.0012
vn -0.4302 -0.9027 0.0021
vn -0.5545 -0.8322 0.0020
vn -0.5766 -0.8171 0.0024
vn -0.6839 -0.7296 0.0022
vn -0.7064 -0.7079 0.0024
vn -0.7946 -0.6071 0.0024
vn -0.8158 -0.5783 0.0025
vn -0.8837 -0.4680 0.0026
vn -0.9018 -0.4321 0.0032
vn -0.9487 -0.3162 0.0027
vn -0.9619 -0.2735 0.0033
vn -0.9878 -0.1557 0.0026
vn -0.9943 -0.1070 0.0033
vn -1.0000 0.0090 0.0026
vn -0.9980 0.0626 0.0028
vn -0.9848 0.1735 0.0025
vn -0.9731 0.2304 0.0023
vn -0.9429 0.3332 0.0023
vn -0.8752 0.4838 0.0019
vn -0.7836 0.6213 0.0016
vn -0.6706 0.7418 0.0012
vn 0.0027 0.0006 1.0000
vn 0.0027 0.0007 1.0000
vn 0.0026 0.0007 1.0000
vn -0.0027 -0.0007 -1.0000
vn -0.0027 -0.0006 -1.0000
vn 0.0803 0.9968 -0.0009
vn 0.1276 0.9700 0.2069
vn 0.1792 0.9838 -0.0011
vn 0.2236 0.9525 0.2067
vn 0.2762 0.9611 -0.0014
vn 0.3173 0.9256 0.2064
vn 0.3705 0.9288 -0.0016
vn 0.4078 0.8895 0.2062
vn 0.4612 0.8873 -0.0018
vn 0.4944 0.8445 0.2060
vn 0.5472 0.8370 -0.0020
vn 0.5760 0.7911 0.2058
vn 0.6279 0.7783 -0.0022
vn 0.6519 0.7299 0.2057
vn 0.7022 0.7120 -0.0024
vn 0.7213 0.6614 0.2055
vn 0.7696 0.6385 -0.0025
vn 0.7836 0.5864 0.2054
vn 0.8294 0.5587 -0.0026
vn 0.8381 0.5055 0.2053
vn 0.8809 0.4733 -0.0027
vn 0.8842 0.4196 0.2053
vn 0.9236 0.3832 -0.0027
vn 0.9216 0.3295 0.2052
vn 0.9572 0.2894 -0.0027
vn 0.9498 0.2362 0.2052
vn 0.9813 0.1926 -0.0027
vn 0.9686 0.1405 0.2052
vn 0.9956 0.0940 -0.0027
vn 0.9777 0.0434 0.2053
vn 1.0000 -0.0056 -0.0027
vn 0.9772 -0.0541 0.2053
vn 0.9945 -0.1051 -0.0025
vn 0.9670 -0.1510 0.2054
vn 0.9790 -0.2036 -0.0025
vn 0.9471 -0.2465 0.2055
vn 0.9539 -0.3001 -0.0023
vn 0.9178 -0.3396 0.2057
vn 0.9193 -0.3936 -0.0022
vn 0.8794 -0.4292 0.2058
vn 0.8755 -0.4832 -0.0020
vn 0.8323 -0.5146 0.2060
vn 0.8231 -0.5679 -0.0018
vn 0.7769 -0.5948 0.2062
vn 0.7624 -0.6471 -0.0016
vn 0.7138 -0.6692 0.2065
vn 0.6942 -0.7198 -0.0014
vn 0.6437 -0.7369 0.2067
vn 0.6191 -0.7853 -0.0011
vn 0.5670 -0.7973 0.2069
vn 0.5378 -0.8431 -0.0009
vn 0.4849 -0.8497 0.2072
vn 0.4512 -0.8924 -0.0006
vn 0.3979 -0.8937 0.2074
vn 0.3601 -0.9329 -0.0003
vn 0.3069 -0.9288 0.2077
vn 0.2655 -0.9641 -0.0000
vn 0.2129 -0.9547 0.2080
vn 0.1681 -0.9858 0.0002
vn 0.1167 -0.9711 0.2083
vn 0.0691 -0.9976 0.0005
vn 0.0195 -0.9778 0.2085
vn -0.0305 -0.9995 0.0008
vn -0.0780 -0.9748 0.2088
vn -0.1299 -0.9915 0.0010
vn -0.1747 -0.9622 0.2091
vn -0.2280 -0.9737 0.0012
vn -0.2696 -0.9400 0.2092
vn -0.3238 -0.9461 0.0015
vn -0.3619 -0.9084 0.2095
vn -0.4164 -0.9092 0.0018
vn -0.4505 -0.8678 0.2097
vn -0.5048 -0.8632 0.0020
vn -0.5347 -0.8185 0.2099
vn -0.5883 -0.8087 0.0022
vn -0.6136 -0.7612 0.2101
vn -0.6659 -0.7461 0.0023
vn -0.6863 -0.6962 0.2102
vn -0.7369 -0.6761 0.0025
vn -0.7523 -0.6244 0.2104
vn -0.8005 -0.5993 0.0026
vn -0.8107 -0.5463 0.2105
vn -0.8562 -0.5166 0.0027
vn -0.8611 -0.4628 0.2106
vn -0.9034 -0.4288 0.0027
vn -0.9029 -0.3747 0.2106
vn -0.9416 -0.3367 0.0028
vn -0.9357 -0.2829 0.2106
vn -0.9704 -0.2414 0.0028
vn -0.9593 -0.1883 0.2106
vn -0.9896 -0.1435 0.0028
vn -0.9733 -0.0918 0.2106
vn -0.9990 -0.0443 0.0027
vn -0.9776 0.0056 0.2106
vn -0.9985 0.0554 0.0027
vn -0.9722 0.1030 0.2105
vn -0.9880 0.1546 0.0026
vn -0.9571 0.1994 0.2104
vn -0.9677 0.2522 0.0024
vn -0.9325 0.2937 0.2102
vn -0.9378 0.3473 0.0023
vn -0.8986 0.3851 0.2101
vn -0.8985 0.4389 0.0021
vn -0.8558 0.4728 0.2099
vn -0.8504 0.5262 0.0020
vn -0.8045 0.5557 0.2097
vn -0.7937 0.6083 0.0018
vn -0.7452 0.6331 0.2095
vn -0.7292 0.6843 0.0015
vn -0.6785 0.7041 0.2093
vn -0.6575 0.7535 0.0013
vn -0.6050 0.7683 0.2090
vn -0.5792 0.8152 0.0010
vn -0.5255 0.8248 0.2088
vn -0.4951 0.8688 0.0008
vn -0.4408 0.8731 0.2085
vn -0.4062 0.9138 0.0005
vn -0.3517 0.9127 0.2083
vn -0.3132 0.9497 0.0003
vn -0.2591 0.9432 0.2080
vn -0.2170 0.9762 -0.0001
vn -0.1639 0.9644 0.2077
vn -0.1188 0.9929 -0.0003
vn -0.0671 0.9759 0.2074
vn -0.0193 0.9998 -0.0006
vn 0.0304 0.9778 0.2072
vn 0.0265 0.1025 0.9944
vn 0.0163 0.1043 0.9944
vn 0.0059 0.1051 0.9944
vn -0.0046 0.1050 0.9945
vn -0.0149 0.1037 0.9945
vn -0.0251 0.1015 0.9945
vn -0.0350 0.0982 0.9945
vn -0.0445 0.0940 0.9946
vn -0.0535 0.0888 0.9946
vn 0.0028 0.0006 1.0000
vn -0.0621 0.0827 0.9946
vn -0.0698 0.0759 0.9947
vn -0.0770 0.0683 0.9947
vn -0.0834 0.0600 0.9947
vn -0.0888 0.0512 0.9947
vn -0.0935 0.0418 0.9947
vn -0.0971 0.0320 0.9948
vn -0.0997 0.0220 0.9948
vn -0.1014 0.0117 0.9948
vn -0.4872 0.1027 0.8673
vn -0.4949 0.0531 0.8673
vn -0.7904 0.1654 0.5898
vn -0.8029 0.0855 0.5899
vn 0.0365 0.0996 0.9944
vn 0.0462 0.0957 0.9943
vn 0.0554 0.0909 0.9943
vn 0.0642 0.0852 0.9943
vn 0.0723 0.0787 0.9943
vn 0.0797 0.0713 0.9943
vn 0.0863 0.0633 0.9943
vn 0.0922 0.0547 0.9942
vn 0.0972 0.0455 0.9942
vn 0.1012 0.0359 0.9942
vn 0.1043 0.0259 0.9942
vn 0.1061 0.0157 0.9942
vn 0.1071 0.0053 0.9942
vn 0.1070 -0.0051 0.9942
vn 0.0028 0.0007 1.0000
vn 0.1061 -0.0154 0.9942
vn 0.1039 -0.0257 0.9943
vn 0.4964 -0.0765 0.8647
vn 0.4862 -0.1255 0.8648
vn 0.8009 -0.1244 0.5857
vn 0.7845 -0.2036 0.5858
vn 0.1007 -0.0356 0.9943
vn 0.4712 -0.1731 0.8649
vn 0.4516 -0.2189 0.8650
vn 0.7285 -0.3547 0.5861
vn 0.6895 -0.4253 0.5862
vn 0.0966 -0.0452 0.9943
vn 0.4275 -0.2625 0.8650
vn 0.6437 -0.4917 0.5864
vn 0.0916 -0.0543 0.9943
vn 0.3992 -0.3036 0.8651
vn 0.5915 -0.5532 0.5865
vn 0.0858 -0.0630 0.9943
vn 0.3669 -0.3416 0.8653
vn 0.5335 -0.6092 0.5867
vn 0.0789 -0.0709 0.9944
vn 0.3311 -0.3762 0.8654
vn 0.4701 -0.6591 0.5869
vn 0.0714 -0.0781 0.9944
vn 0.2919 -0.4070 0.8655
vn 0.4022 -0.7025 0.5872
vn 0.0633 -0.0846 0.9944
vn 0.2499 -0.4338 0.8656
vn 0.3302 -0.7389 0.5873
vn 0.0545 -0.0902 0.9944
vn 0.2054 -0.4563 0.8658
vn 0.2549 -0.7679 0.5876
vn 0.0451 -0.0948 0.9945
vn 0.1589 -0.4743 0.8659
vn 0.1772 -0.7893 0.5878
vn 0.0027 0.0008 1.0000
vn 0.0354 -0.0986 0.9945
vn 0.1109 -0.4875 0.8661
vn 0.0977 -0.8029 0.5880
vn 0.0254 -0.1014 0.9945
vn 0.0617 -0.4959 0.8662
vn 0.0172 -0.8085 0.5883
vn 0.0151 -0.1032 0.9945
vn 0.0120 -0.4993 0.8663
vn -0.0634 -0.8060 0.5885
vn 0.0047 -0.1039 0.9946
vn -0.0378 -0.4978 0.8664
vn -0.1434 -0.7955 0.5887
vn -0.0057 -0.1035 0.9946
vn -0.0872 -0.4913 0.8666
vn -0.2219 -0.7772 0.5889
vn -0.0160 -0.1022 0.9946
vn -0.1358 -0.4800 0.8667
vn -0.2982 -0.7510 0.5891
vn -0.0262 -0.0999 0.9947
vn -0.1830 -0.4639 0.8668
vn -0.3715 -0.7175 0.5892
vn -0.0361 -0.0965 0.9947
vn -0.2283 -0.4431 0.8669
vn -0.4412 -0.6767 0.5894
vn -0.0456 -0.0921 0.9947
vn -0.2713 -0.4179 0.8670
vn -0.5064 -0.6293 0.5895
vn -0.0546 -0.0869 0.9947
vn -0.3116 -0.3886 0.8671
vn -0.5665 -0.5756 0.5897
vn -0.0630 -0.0807 0.9947
vn -0.3488 -0.3554 0.8672
vn -0.6211 -0.5161 0.5898
vn -0.0707 -0.0738 0.9948
vn -0.3825 -0.3187 0.8673
vn -0.6694 -0.4516 0.5899
vn -0.0778 -0.0661 0.9948
vn -0.4124 -0.2788 0.8673
vn -0.7111 -0.3825 0.5899
vn 0.0026 0.0006 1.0000
vn -0.0841 -0.0577 0.9948
vn -0.4381 -0.2361 0.8674
vn -0.7457 -0.3097 0.5900
vn -0.0894 -0.0488 0.9948
vn -0.4595 -0.1910 0.8674
vn -0.7728 -0.2337 0.5900
vn -0.0939 -0.0394 0.9948
vn -0.4762 -0.1441 0.8674
vn -0.7923 -0.1555 0.5900
vn -0.0974 -0.0296 0.9948
vn -0.4883 -0.0958 0.8674
vn -0.8039 -0.0756 0.5900
vn -0.1000 -0.0195 0.9948
vn -0.4955 -0.0464 0.8674
vn -0.8074 0.0049 0.5899
vn -0.1013 -0.0092 0.9948
vn -0.4977 0.0034 0.8673
vn -0.1019 0.0012 0.9948
vn 0.1067 0.8026 0.5870
vn 0.1860 0.7881 0.5868
vn 0.2635 0.7658 0.5866
vn 0.3385 0.7360 0.5864
vn 0.4100 0.6987 0.5862
vn 0.4775 0.6546 0.5861
vn 0.5403 0.6040 0.5860
vn 0.5977 0.5473 0.5858
vn 0.6492 0.4852 0.5857
vn 0.6943 0.4184 0.5856
vn 0.7324 0.3473 0.5856
vn 0.7634 0.2728 0.5855
vn 0.7867 0.1956 0.5855
vn 0.8022 0.1165 0.5855
vn 0.8098 0.0362 0.5856
vn 0.8094 -0.0445 0.5856
vn 0.0673 0.4963 0.8655
vn 0.1163 0.4874 0.8654
vn 0.1642 0.4736 0.8653
vn 0.2105 0.4552 0.8651
vn 0.2548 0.4322 0.8651
vn 0.2965 0.4049 0.8650
vn 0.3353 0.3736 0.8649
vn 0.3708 0.3386 0.8648
vn 0.4026 0.3002 0.8647
vn 0.4304 0.2589 0.8647
vn 0.4540 0.2150 0.8647
vn 0.4731 0.1690 0.8646
vn 0.4876 0.1212 0.8646
vn 0.4972 0.0723 0.8646
vn 0.5018 0.0227 0.8647
vn 0.5016 -0.0272 0.8647
vn 0.0263 0.8090 0.5872
vn -0.0544 0.8075 0.5874
vn -0.1344 0.7979 0.5876
vn -0.2132 0.7804 0.5879
vn -0.2897 0.7552 0.5880
vn -0.3635 0.7224 0.5883
vn -0.4336 0.6824 0.5885
vn -0.4993 0.6357 0.5887
vn -0.5601 0.5827 0.5889
vn -0.6152 0.5239 0.5891
vn -0.6643 0.4599 0.5893
vn -0.7068 0.3913 0.5894
vn -0.7421 0.3188 0.5896
vn -0.7701 0.2432 0.5897
vn 0.0176 0.5003 0.8657
vn -0.0323 0.4994 0.8658
vn -0.0817 0.4935 0.8659
vn -0.1304 0.4827 0.8660
vn -0.1777 0.4670 0.8662
vn -0.2233 0.4468 0.8663
vn -0.2666 0.4221 0.8665
vn -0.3072 0.3932 0.8666
vn -0.3448 0.3605 0.8667
vn -0.3789 0.3241 0.8668
vn -0.4092 0.2845 0.8669
vn -0.4354 0.2422 0.8670
vn -0.4573 0.1974 0.8671
vn -0.4747 0.1506 0.8672
vn 0.7603 -0.2806 0.5859
vn 0.3706 0.9288 -0.0016
vn 0.7022 0.7119 -0.0024
vn 0.9236 0.3833 -0.0027
vn 0.9572 0.2894 -0.0028
vn 0.9813 0.1926 -0.0028
vn 0.9945 -0.1051 -0.0026
vn 0.9539 -0.3001 -0.0024
vn 0.2654 -0.9641 -0.0001
vn -0.0305 -0.9995 0.0007
vn -0.2280 -0.9737 0.0013
vn -0.4164 -0.9092 0.0017
vn -0.5048 -0.8632 0.0019
vn -0.5883 -0.8087 0.0021
vn -0.7368 -0.6761 0.0024
vn -0.8562 -0.5166 0.0026
vn -0.9704 -0.2413 0.0028
vn -0.9990 -0.0442 0.0027
vn -0.8504 0.5262 0.0019
vn -0.7937 0.6083 0.0017
vn -0.3132 0.9497 0.0002
vn -0.2171 0.9762 -0.0001
vn -0.2733 -0.9619 0.0014
vn -0.2221 -0.9529 -0.2067
vn -0.1792 -0.9838 0.0011
vn -0.1291 -0.9698 -0.2069
vn -0.0834 -0.9965 0.0009
vn -0.0349 -0.9777 -0.2072
vn 0.0132 -0.9999 0.0006
vn 0.0596 -0.9764 -0.2074
vn 0.1096 -0.9940 0.0004
vn 0.1535 -0.9661 -0.2077
vn 0.2051 -0.9787 0.0001
vn 0.2460 -0.9467 -0.2079
vn 0.2986 -0.9544 -0.0002
vn 0.3362 -0.9185 -0.2082
vn 0.3893 -0.9211 -0.0005
vn 0.4233 -0.8817 -0.2085
vn 0.4764 -0.8793 -0.0007
vn 0.5064 -0.8367 -0.2087
vn 0.5590 -0.8292 -0.0010
vn 0.5848 -0.7838 -0.2090
vn 0.6364 -0.7714 -0.0012
vn 0.6577 -0.7237 -0.2092
vn 0.7079 -0.7063 -0.0015
vn 0.7244 -0.6568 -0.2094
vn 0.7727 -0.6347 -0.0017
vn 0.7844 -0.5837 -0.2096
vn 0.8304 -0.5572 -0.0019
vn 0.8371 -0.5053 -0.2098
vn 0.8803 -0.4744 -0.0020
vn 0.8819 -0.4221 -0.2100
vn 0.9220 -0.3872 -0.0022
vn 0.9185 -0.3349 -0.2102
vn 0.9550 -0.2964 -0.0024
vn 0.9465 -0.2446 -0.2103
vn 0.9792 -0.2029 -0.0025
vn 0.9657 -0.1521 -0.2104
vn 0.9942 -0.1074 -0.0026
vn 0.9759 -0.0581 -0.2105
vn 0.9999 -0.0110 -0.0027
vn 0.9769 0.0364 -0.2106
vn 0.9963 0.0856 -0.0028
vn 0.9688 0.1306 -0.2106
vn 0.9834 0.1813 -0.0028
vn 0.9517 0.2235 -0.2106
vn 0.9613 0.2754 -0.0028
vn 0.9257 0.3143 -0.2106
vn 0.9303 0.3669 -0.0027
vn 0.8910 0.4023 -0.2106
vn 0.8905 0.4550 -0.0027
vn 0.8480 0.4865 -0.2106
vn 0.8424 0.5388 -0.0026
vn 0.7970 0.5661 -0.2104
vn 0.7865 0.6176 -0.0025
vn 0.7387 0.6404 -0.2103
vn 0.7232 0.6906 -0.0024
vn 0.6734 0.7088 -0.2102
vn 0.6532 0.7572 -0.0023
vn 0.6018 0.7705 -0.2100
vn 0.5771 0.8167 -0.0021
vn 0.5246 0.8251 -0.2099
vn 0.4956 0.8686 -0.0019
vn 0.4426 0.8719 -0.2097
vn 0.4094 0.9123 -0.0018
vn 0.3563 0.9106 -0.2095
vn 0.3194 0.9476 -0.0014
vn 0.2668 0.9408 -0.2093
vn 0.2265 0.9740 -0.0013
vn 0.1747 0.9622 -0.2090
vn 0.1314 0.9913 -0.0010
vn 0.0810 0.9746 -0.2088
vn 0.0351 0.9994 -0.0008
vn -0.0135 0.9779 -0.2085
vn -0.0615 0.9981 -0.0006
vn -0.1078 0.9721 -0.2083
vn -0.1575 0.9875 -0.0003
vn -0.2011 0.9572 -0.2080
vn -0.2521 0.9677 -0.0000
vn -0.2926 0.9334 -0.2078
vn -0.3443 0.9389 0.0003
vn -0.3813 0.9008 -0.2075
vn -0.4333 0.9012 0.0006
vn -0.4665 0.8599 -0.2072
vn -0.5183 0.8552 0.0008
vn -0.5473 0.8109 -0.2070
vn -0.5984 0.8012 0.0011
vn -0.6231 0.7543 -0.2067
vn -0.6730 0.7397 0.0013
vn -0.6930 0.6908 -0.2065
vn -0.7412 0.6713 0.0015
vn -0.7564 0.6207 -0.2063
vn -0.8025 0.5966 0.0018
vn -0.8128 0.5449 -0.2061
vn -0.8563 0.5164 0.0020
vn -0.8616 0.4639 -0.2059
vn -0.9022 0.4313 0.0021
vn -0.9024 0.3787 -0.2057
vn -0.9396 0.3422 0.0023
vn -0.9347 0.2898 -0.2056
vn -0.9683 0.2499 0.0024
vn -0.9584 0.1983 -0.2055
vn -0.9879 0.1553 0.0025
vn -0.9730 0.1049 -0.2054
vn -0.9982 0.0593 0.0026
vn -0.9786 0.0106 -0.2053
vn -0.9993 -0.0373 0.0027
vn -0.9751 -0.0839 -0.2052
vn -0.9910 -0.1336 0.0028
vn -0.9625 -0.1775 -0.2052
vn -0.9735 -0.2286 0.0028
vn -0.9409 -0.2695 -0.2052
vn -0.9469 -0.3215 0.0027
vn -0.9105 -0.3590 -0.2052
vn -0.9114 -0.4114 0.0027
vn -0.8716 -0.4452 -0.2053
vn -0.8675 -0.4975 0.0026
vn -0.8246 -0.5272 -0.2054
vn -0.8154 -0.5789 0.0025
vn -0.7698 -0.6042 -0.2055
vn -0.7557 -0.6549 0.0024
vn -0.7080 -0.6756 -0.2055
vn -0.6890 -0.7247 0.0023
vn -0.6395 -0.7408 -0.2057
vn -0.6158 -0.7879 0.0022
vn -0.5650 -0.7990 -0.2059
vn -0.5369 -0.8436 0.0020
vn -0.4853 -0.8497 -0.2060
vn -0.4530 -0.8915 0.0017
vn -0.4010 -0.8926 -0.2062
vn -0.3649 -0.9311 0.0015
vn -0.3130 -0.9270 -0.2064
vn -0.0164 -0.1043 -0.9944
vn -0.0264 -0.1024 -0.9944
vn -0.0361 -0.0997 -0.9944
vn -0.0455 -0.0961 -0.9943
vn -0.0545 -0.0915 -0.9943
vn -0.0028 -0.0007 -1.0000
vn -0.0629 -0.0860 -0.9943
vn -0.0710 -0.0798 -0.9943
vn -0.0783 -0.0729 -0.9943
vn -0.0850 -0.0652 -0.9942
vn -0.0026 -0.0006 -1.0000
vn -0.0907 -0.0569 -0.9943
vn -0.0026 -0.0007 -1.0000
vn -0.0958 -0.0482 -0.9942
vn -0.0999 -0.0390 -0.9942
vn -0.0028 -0.0006 -1.0000
vn -0.1032 -0.0295 -0.9942
vn -0.1054 -0.0196 -0.9942
vn -0.1068 -0.0096 -0.9942
vn -0.1072 0.0005 -0.9942
vn -0.1068 0.0106 -0.9942
vn -0.1050 0.0206 -0.9943
vn -0.0031 -0.0007 -1.0000
vn -0.1026 0.0304 -0.9943
vn -0.0991 0.0398 -0.9943
vn -0.0946 0.0489 -0.9943
vn -0.0895 0.0575 -0.9943
vn -0.0835 0.0657 -0.9943
vn -0.0025 -0.0007 -1.0000
vn -0.0766 0.0732 -0.9944
vn -0.0692 0.0799 -0.9944
vn -0.0611 0.0860 -0.9944
vn -0.0525 0.0912 -0.9944
vn -0.0433 0.0956 -0.9945
vn -0.0339 0.0992 -0.9945
vn -0.0241 0.1016 -0.9945
vn -0.0141 0.1033 -0.9946
vn -0.0040 0.1039 -0.9946
vn 0.0060 0.1035 -0.9946
vn 0.0160 0.1021 -0.9946
vn 0.0259 0.0999 -0.9947
vn 0.0872 0.4913 -0.8666
vn 0.1343 0.4804 -0.8667
vn 0.1434 0.7956 -0.5887
vn 0.2195 0.7778 -0.5889
vn -0.0063 -0.1051 -0.9944
vn 0.0037 -0.1050 -0.9945
vn 0.0138 -0.1039 -0.9945
vn 0.0237 -0.1018 -0.9945
vn 0.0333 -0.0988 -0.9945
vn 0.0426 -0.0949 -0.9946
vn 0.0516 -0.0900 -0.9946
vn 0.0599 -0.0844 -0.9946
vn 0.0678 -0.0780 -0.9946
vn 0.0748 -0.0709 -0.9947
vn 0.0812 -0.0630 -0.9947
vn 0.0868 -0.0547 -0.9947
vn 0.0918 -0.0457 -0.9947
vn 0.0954 -0.0364 -0.9948
vn 0.0984 -0.0268 -0.9948
vn 0.1005 -0.0169 -0.9948
vn 0.1017 -0.0069 -0.9948
vn 0.1018 0.0032 -0.9948
vn 0.1010 0.0133 -0.9948
vn 0.0992 0.0233 -0.9948
vn 0.0965 0.0330 -0.9948
vn 0.0927 0.0424 -0.9948
vn 0.0880 0.0514 -0.9948
vn 0.0826 0.0599 -0.9948
vn 0.0763 0.0678 -0.9948
vn 0.0694 0.0751 -0.9948
vn 0.0617 0.0817 -0.9947
vn 0.0534 0.0875 -0.9947
vn 0.0447 0.0926 -0.9947
vn 0.0355 0.0967 -0.9947
vn 0.0659 0.8058 -0.5885
vn -0.0123 0.8086 -0.5883
vn -0.0903 0.8038 -0.5881
vn -0.1675 0.7915 -0.5878
vn -0.2431 0.7717 -0.5877
vn -0.3165 0.7448 -0.5874
vn -0.3870 0.7110 -0.5872
vn -0.4538 0.6704 -0.5870
vn -0.5165 0.6236 -0.5868
vn -0.5743 0.5710 -0.5866
vn -0.6268 0.5131 -0.5864
vn -0.6734 0.4504 -0.5863
vn -0.7137 0.3834 -0.5861
vn -0.7475 0.3129 -0.5859
vn -0.7742 0.2394 -0.5858
vn -0.7938 0.1637 -0.5858
vn -0.8060 0.0865 -0.5856
vn -0.8106 0.0085 -0.5856
vn -0.8076 -0.0696 -0.5855
vn -0.7972 -0.1471 -0.5855
vn -0.7793 -0.2232 -0.5855
vn -0.7542 -0.2972 -0.5855
vn -0.7220 -0.3685 -0.5856
vn -0.6831 -0.4363 -0.5856
vn -0.6379 -0.5000 -0.5857
vn -0.5867 -0.5591 -0.5858
vn -0.5300 -0.6130 -0.5859
vn -0.4685 -0.6611 -0.5860
vn -0.4025 -0.7031 -0.5862
vn -0.3328 -0.7385 -0.5864
vn -0.2600 -0.7670 -0.5866
vn -0.1848 -0.7884 -0.5868
vn -0.1079 -0.8024 -0.5870
vn -0.0300 -0.8089 -0.5871
vn 0.0482 -0.8079 -0.5874
vn 0.1259 -0.7993 -0.5876
vn 0.2024 -0.7833 -0.5878
vn 0.2770 -0.7599 -0.5881
vn 0.3490 -0.7295 -0.5882
vn 0.4177 -0.6923 -0.5884
vn 0.4825 -0.6486 -0.5886
vn 0.5428 -0.5988 -0.5888
vn 0.5981 -0.5435 -0.5890
vn 0.6477 -0.4831 -0.5892
vn 0.6912 -0.4182 -0.5893
vn 0.7283 -0.3494 -0.5895
vn 0.7586 -0.2773 -0.5896
vn 0.7818 -0.2026 -0.5897
vn 0.7976 -0.1261 -0.5898
vn 0.8060 -0.0484 -0.5899
vn 0.8069 0.0298 -0.5900
vn 0.8002 0.1077 -0.5900
vn 0.7860 0.1846 -0.5900
vn 0.7645 0.2597 -0.5900
vn 0.7358 0.3325 -0.5900
vn 0.7002 0.4021 -0.5899
vn 0.6581 0.4679 -0.5898
vn 0.6098 0.5294 -0.5898
vn 0.5558 0.5860 -0.5896
vn 0.4966 0.6370 -0.5896
vn 0.4328 0.6821 -0.5894
vn 0.3649 0.7209 -0.5892
vn 0.2936 0.7528 -0.5891
vn 0.0393 0.4977 -0.8665
vn -0.0089 0.4994 -0.8663
vn -0.0572 0.4965 -0.8662
vn -0.1048 0.4888 -0.8661
vn -0.1516 0.4766 -0.8659
vn -0.1970 0.4600 -0.8658
vn -0.2405 0.4391 -0.8656
vn -0.2818 0.4140 -0.8655
vn -0.3206 0.3851 -0.8654
vn -0.3563 0.3526 -0.8653
vn -0.3887 0.3168 -0.8652
vn -0.4175 0.2780 -0.8651
vn -0.4425 0.2366 -0.8650
vn -0.4634 0.1931 -0.8649
vn -0.4799 0.1476 -0.8648
vn -0.4919 0.1009 -0.8648
vn -0.4995 0.0531 -0.8647
vn -0.5023 0.0049 -0.8647
vn -0.5005 -0.0434 -0.8647
vn -0.4941 -0.0913 -0.8646
vn -0.4830 -0.1383 -0.8646
vn -0.4675 -0.1840 -0.8646
vn -0.4476 -0.2281 -0.8646
vn -0.4235 -0.2700 -0.8647
vn -0.3956 -0.3094 -0.8648
vn -0.3639 -0.3459 -0.8648
vn -0.3289 -0.3792 -0.8649
vn -0.2909 -0.4089 -0.8650
vn -0.2501 -0.4349 -0.8651
vn -0.2071 -0.4568 -0.8652
vn -0.1621 -0.4744 -0.8653
vn -0.1156 -0.4876 -0.8654
vn -0.0681 -0.4962 -0.8655
vn -0.0199 -0.5003 -0.8656
vn 0.0284 -0.4996 -0.8658
vn 0.0764 -0.4943 -0.8659
vn 0.1237 -0.4844 -0.8660
vn 0.1698 -0.4700 -0.8662
vn 0.2143 -0.4512 -0.8663
vn 0.2568 -0.4282 -0.8664
vn 0.2969 -0.4012 -0.8666
vn 0.3341 -0.3704 -0.8667
vn 0.3682 -0.3362 -0.8668
vn 0.3989 -0.2989 -0.8669
vn 0.4259 -0.2588 -0.8670
vn 0.4488 -0.2162 -0.8671
vn 0.4675 -0.1717 -0.8671
vn 0.4818 -0.1256 -0.8672
vn 0.4916 -0.0782 -0.8673
vn 0.4967 -0.0302 -0.8674
vn 0.4974 0.0181 -0.8674
vn 0.4932 0.0662 -0.8674
vn 0.4844 0.1138 -0.8674
vn 0.4711 0.1602 -0.8674
vn 0.4534 0.2051 -0.8674
vn 0.4314 0.2482 -0.8673
vn 0.4054 0.2889 -0.8673
vn 0.3755 0.3269 -0.8673
vn 0.3422 0.3618 -0.8672
vn 0.3056 0.3934 -0.8671
vn 0.2661 0.4212 -0.8670
vn 0.2242 0.4452 -0.8669
vn 0.1801 0.4649 -0.8668
vn 0.0348 0.7056 -0.7078
vn 0.0384 0.7055 -0.7077
vn 0.1248 0.6951 -0.7080
vn 0.1248 0.6952 -0.7079
vn 0.2093 0.6744 -0.7081
vn -0.0487 0.7051 -0.7074
vn -0.0558 0.7046 -0.7075
vn -0.1351 0.6940 -0.7072
vn -0.1455 0.6919 -0.7072
vn -0.2194 0.6724 -0.7070
vn -0.2329 0.6678 -0.7069
vn -0.3004 0.6405 -0.7067
vn -0.3164 0.6328 -0.7067
vn -0.3770 0.5990 -0.7065
vn -0.3949 0.5873 -0.7065
vn -0.4477 0.5484 -0.7063
vn -0.4668 0.5323 -0.7062
vn -0.5118 0.4894 -0.7060
vn -0.5311 0.4685 -0.7060
vn -0.5682 0.4230 -0.7059
vn -0.5867 0.3970 -0.7058
vn -0.6159 0.3503 -0.7057
vn -0.6327 0.3189 -0.7057
vn -0.6543 0.2722 -0.7055
vn -0.6684 0.2356 -0.7055
vn -0.6829 0.1899 -0.7054
vn -0.6931 0.1484 -0.7054
vn -0.7010 0.1046 -0.7054
vn -0.7065 0.0588 -0.7053
vn -0.7087 0.0177 -0.7052
vn -0.7083 -0.0317 -0.7052
vn -0.7057 -0.0690 -0.7052
vn -0.6985 -0.1218 -0.7052
vn -0.6919 -0.1551 -0.7051
vn -0.6773 -0.2099 -0.7051
vn -0.6677 -0.2386 -0.7051
vn -0.6449 -0.2945 -0.7052
vn -0.6334 -0.3186 -0.7052
vn -0.6020 -0.3744 -0.7053
vn -0.5895 -0.3938 -0.7053
vn -0.5493 -0.4480 -0.7053
vn -0.5367 -0.4630 -0.7054
vn -0.4876 -0.5144 -0.7055
vn -0.4758 -0.5253 -0.7055
vn -0.4179 -0.5723 -0.7056
vn -0.4077 -0.5795 -0.7056
vn -0.3413 -0.6208 -0.7058
vn -0.3335 -0.6250 -0.7058
vn -0.2592 -0.6591 -0.7060
vn -0.2543 -0.6610 -0.7060
vn -0.1729 -0.6866 -0.7062
vn -0.1711 -0.6870 -0.7062
vn -0.0838 -0.7028 -0.7064
vn -0.0856 -0.7026 -0.7064
vn 0.0013 -0.7076 -0.7066
vn 0.0067 -0.7075 -0.7066
vn 0.0882 -0.7018 -0.7069
vn 0.0971 -0.7006 -0.7069
vn 0.1738 -0.6854 -0.7071
vn 0.1858 -0.6822 -0.7072
vn 0.2566 -0.6586 -0.7074
vn 0.2714 -0.6526 -0.7074
vn 0.3355 -0.6219 -0.7076
vn 0.3526 -0.6123 -0.7077
vn 0.4093 -0.5757 -0.7078
vn 0.4279 -0.5619 -0.7079
vn 0.4769 -0.5208 -0.7080
vn 0.4962 -0.5024 -0.7081
vn 0.5372 -0.4581 -0.7082
vn 0.5563 -0.4346 -0.7083
vn 0.5894 -0.3883 -0.7084
vn 0.6072 -0.3596 -0.7085
vn 0.6325 -0.3127 -0.7086
vn 0.6481 -0.2788 -0.7087
vn 0.6661 -0.2324 -0.7088
vn 0.6783 -0.1933 -0.7089
vn 0.6894 -0.1487 -0.7090
vn 0.6975 -0.1048 -0.7089
vn 0.7025 -0.0624 -0.7090
vn 0.7051 -0.0145 -0.7090
vn 0.7048 0.0247 -0.7090
vn 0.7010 0.0760 -0.7091
vn 0.6963 0.1113 -0.7091
vn 0.6855 0.1653 -0.7091
vn 0.6773 0.1963 -0.7091
vn 0.6587 0.2518 -0.7091
vn 0.6480 0.2782 -0.7090
vn 0.6210 0.3342 -0.7090
vn 0.6088 0.3560 -0.7090
vn 0.5731 0.4111 -0.7089
vn 0.5604 0.4283 -0.7089
vn 0.5157 0.4813 -0.7088
vn 0.5034 0.4941 -0.7088
vn 0.4499 0.5435 -0.7087
vn 0.4388 0.5525 -0.7086
vn 0.3766 0.5968 -0.7085
vn 0.3675 0.6024 -0.7085
vn 0.2971 0.6403 -0.7083
vn 0.2906 0.6433 -0.7083
vn 0.2127 0.6732 -0.7082
vn 0.0569 0.9984 -0.0008
vn 0.2987 0.9543 -0.0014
vn 0.4137 0.9104 -0.0017
vn -0.0662 0.9978 -0.0005
vn -0.1883 0.9821 -0.0001
vn -0.3076 0.9515 0.0002
vn -0.4222 0.9065 0.0005
vn -0.5304 0.8478 0.0009
vn -0.6305 0.7761 0.0012
vn -0.6306 0.7761 0.0012
vn -0.7211 0.6928 0.0015
vn -0.8008 0.5989 0.0018
vn -0.8683 0.4960 0.0020
vn -0.9227 0.3855 0.0022
vn -0.9631 0.2692 0.0024
vn -0.9889 0.1488 0.0026
vn -0.9997 0.0261 0.0027
vn -0.9953 -0.0969 0.0027
vn -0.9758 -0.2185 0.0028
vn -0.8931 -0.4499 0.0027
vn -0.8310 -0.5562 0.0026
vn -0.7564 -0.6541 0.0025
vn -0.7564 -0.6542 0.0025
vn -0.6702 -0.7421 0.0023
vn -0.5740 -0.8189 0.0021
vn -0.4690 -0.8832 0.0019
vn -0.3569 -0.9341 0.0016
vn -0.2394 -0.9709 0.0013
vn -0.1183 -0.9930 0.0010
vn 0.0047 -1.0000 0.0007
vn 0.1275 -0.9918 0.0003
vn 0.2484 -0.9686 -0.0000
vn 0.3656 -0.9308 -0.0004
vn 0.4772 -0.8788 -0.0007
vn 0.5816 -0.8135 -0.0010
vn 0.6771 -0.7359 -0.0013
vn 0.8362 -0.5485 -0.0019
vn 0.8972 -0.4416 -0.0021
vn 0.9447 -0.3280 -0.0023
vn 0.9778 -0.2094 -0.0025
vn 0.9961 -0.0876 -0.0026
vn 0.9994 0.0355 -0.0027
vn 0.9874 0.1580 -0.0028
vn 0.9605 0.2781 -0.0028
vn 0.9191 0.3941 -0.0027
vn 0.8637 0.5040 -0.0027
vn 0.7952 0.6063 -0.0025
vn 0.7147 0.6995 -0.0024
vn 0.6233 0.7820 -0.0022
vn 0.5225 0.8527 -0.0020
vn -0.3087 -0.9512 0.0015
vn -0.0464 -0.9989 0.0008
vn 0.0871 -0.9962 0.0004
vn 0.2191 -0.9757 0.0001
vn 0.3472 -0.9378 -0.0003
vn 0.4691 -0.8831 -0.0007
vn 0.5826 -0.8127 -0.0010
vn 0.6858 -0.7278 -0.0014
vn 0.7767 -0.6299 -0.0017
vn 0.8537 -0.5208 -0.0019
vn 0.8537 -0.5208 -0.0020
vn 0.9155 -0.4024 -0.0022
vn 0.9609 -0.2767 -0.0024
vn 0.9893 -0.1462 -0.0026
vn 0.9999 -0.0130 -0.0027
vn 0.9927 0.1204 -0.0028
vn 0.9678 0.2516 -0.0028
vn 0.9257 0.3784 -0.0027
vn 0.8670 0.4984 -0.0027
vn 0.7928 0.6095 -0.0025
vn 0.7045 0.7097 -0.0024
vn 0.6036 0.7973 -0.0022
vn 0.4920 0.8706 -0.0019
vn 0.3715 0.9284 -0.0016
vn 0.2445 0.9697 -0.0013
vn 0.1130 0.9936 -0.0010
vn 0.1131 0.9936 -0.0010
vn -0.0204 0.9998 -0.0006
vn -0.1535 0.9882 -0.0002
vn -0.2838 0.9589 0.0001
vn -0.4091 0.9125 0.0005
vn -0.5271 0.8498 0.0009
vn -0.5270 0.8498 0.0008
vn -0.6356 0.7720 0.0012
vn -0.7328 0.6804 0.0015
vn -0.8170 0.5766 0.0018
vn -0.8866 0.4626 0.0021
vn -0.9403 0.3403 0.0023
vn -0.9773 0.2119 0.0025
vn -0.9968 0.0798 0.0026
vn -0.9985 -0.0538 0.0027
vn -0.9825 -0.1864 0.0028
vn -0.9489 -0.3157 0.0028
vn -0.8983 -0.4393 0.0027
vn -0.8317 -0.5552 0.0026
vn -0.7503 -0.6611 0.0025
vn -0.6555 -0.7552 0.0023
vn -0.5490 -0.8358 0.0020
vn -0.4327 -0.9015 0.0018
vn -0.1314 -0.9913 0.0011
vn -0.2265 -0.9740 0.0012
vn -0.3194 -0.9476 0.0015
vn -0.4094 -0.9124 0.0018
vn -0.4955 -0.8686 0.0020
vn -0.5771 -0.8167 0.0022
vn -0.6532 -0.7572 0.0023
vn -0.7232 -0.6906 0.0025
vn -0.7865 -0.6176 0.0026
vn -0.8424 -0.5388 0.0027
vn -0.8905 -0.4550 0.0028
vn -0.9303 -0.3669 0.0028
vn -0.9613 -0.2754 0.0028
vn -0.9834 -0.1813 0.0028
vn -0.9963 -0.0856 0.0028
vn -0.9999 0.0110 0.0027
vn -0.9942 0.1074 0.0027
vn -0.9792 0.2029 0.0025
vn -0.9550 0.2964 0.0024
vn -0.9220 0.3872 0.0022
vn -0.8803 0.4744 0.0020
vn -0.8304 0.5572 0.0019
vn -0.7728 0.6347 0.0017
vn -0.7079 0.7063 0.0014
vn -0.6364 0.7713 0.0013
vn -0.5590 0.8292 0.0010
vn -0.4764 0.8793 0.0007
vn -0.3893 0.9211 0.0005
vn -0.2986 0.9544 0.0002
vn -0.2051 0.9788 -0.0000
vn -0.1096 0.9940 -0.0003
vn -0.0132 0.9999 -0.0006
vn 0.0834 0.9965 -0.0008
vn 0.1792 0.9838 -0.0010
vn 0.2733 0.9619 -0.0013
vn 0.3649 0.9311 -0.0015
vn 0.4530 0.8915 -0.0018
vn 0.5369 0.8436 -0.0020
vn 0.6158 0.7879 -0.0021
vn 0.6890 0.7247 -0.0023
vn 0.7557 0.6549 -0.0024
vn 0.8154 0.5789 -0.0026
vn 0.8675 0.4975 -0.0026
vn 0.9114 0.4114 -0.0027
vn 0.9469 0.3215 -0.0027
vn 0.9735 0.2286 -0.0027
vn 0.9910 0.1336 -0.0027
vn 0.9993 0.0373 -0.0027
vn 0.9982 -0.0593 -0.0027
vn 0.9879 -0.1553 -0.0025
vn 0.9683 -0.2500 -0.0024
vn 0.9396 -0.3422 -0.0022
vn 0.9022 -0.4313 -0.0021
vn 0.8564 -0.5164 -0.0019
vn 0.8025 -0.5966 -0.0018
vn 0.7412 -0.6713 -0.0014
vn 0.6729 -0.7397 -0.0013
vn 0.5984 -0.8012 -0.0010
vn 0.5183 -0.8552 -0.0008
vn 0.4333 -0.9012 -0.0005
vn 0.3443 -0.9389 -0.0002
vn 0.2521 -0.9677 -0.0000
vn 0.1575 -0.9875 0.0002
vn 0.0615 -0.9981 0.0005
vn -0.0351 -0.9994 0.0008
vn 0.2637 0.9646 -0.0014
vn -0.0187 0.9998 -0.0006
vn -0.2996 0.9541 0.0002
vn -0.5563 0.8310 0.0009
vn -0.7679 0.6406 0.0016
vn -0.9173 0.3983 0.0022
vn -0.9172 0.3983 0.0022
vn -0.9923 0.1238 0.0026
vn -0.9870 -0.1608 0.0028
vn -0.9017 -0.4324 0.0027
vn -0.7433 -0.6689 0.0024
vn -0.5248 -0.8512 0.0020
vn -0.2637 -0.9646 0.0014
vn 0.0187 -0.9998 0.0006
vn 0.2996 -0.9541 -0.0002
vn 0.2997 -0.9540 -0.0002
vn 0.5563 -0.8310 -0.0009
vn 0.5248 0.8512 -0.0020
vn 0.7433 0.6689 -0.0024
vn 0.7434 0.6689 -0.0024
vn 0.9017 0.4324 -0.0027
vn 0.9870 0.1608 -0.0028
vn 0.9923 -0.1237 -0.0026
vn 0.9923 -0.1238 -0.0026
vn 0.9172 -0.3983 -0.0022
vn 0.9173 -0.3983 -0.0022
vn 0.7679 -0.6406 -0.0016
vn -0.9517 -0.0180 -0.3064
vn -0.9517 -0.0180 -0.3065
vn -0.9998 -0.0187 0.0027
vn -0.9501 -0.0176 0.3116
vn -0.8073 -0.0148 0.5900
vn -0.5855 -0.0105 0.8106
vn -0.3064 -0.0052 0.9519
vn 0.3115 0.0064 0.9502
vn 0.5899 0.0115 0.8074
vn 0.5898 0.0116 0.8074
vn 0.8105 0.0155 0.5856
vn 0.9517 0.0180 0.3064
vn 0.9998 0.0187 -0.0027
vn 0.9501 0.0176 -0.3116
vn 0.8073 0.0148 -0.5900
vn 0.5855 0.0105 -0.8106
vn 0.3064 0.0052 -0.9519
vn -0.3115 -0.0064 -0.9502
vn -0.5899 -0.0115 -0.8074
vn -0.8105 -0.0155 -0.5856
vn -0.8104 -0.0155 -0.5856
vn 0.9500 0.0176 -0.3116
vn 0.9517 0.0180 0.3065
vn 0.1182 -0.9930 0.0004
vn -0.0809 -0.9967 0.0009
vn -0.1798 -0.9837 0.0011
vn -0.2768 -0.9609 0.0014
vn -0.3711 -0.9286 0.0016
vn -0.4617 -0.8870 0.0018
vn -0.5477 -0.8366 0.0020
vn -0.6283 -0.7780 0.0022
vn -0.6283 -0.7779 0.0022
vn -0.7027 -0.7115 0.0024
vn -0.7700 -0.6380 0.0025
vn -0.8297 -0.5582 0.0026
vn -0.8812 -0.4728 0.0027
vn -0.9239 -0.3827 0.0027
vn -0.9239 -0.3827 0.0028
vn -0.9574 -0.2888 0.0028
vn -0.9814 -0.1921 0.0028
vn -0.9956 -0.0934 0.0027
vn -1.0000 0.0062 0.0027
vn -0.9944 0.1057 0.0026
vn -0.9789 0.2042 0.0025
vn -0.9537 0.3007 0.0024
vn -0.9190 0.3941 0.0022
vn -0.8752 0.4837 0.0020
vn -0.8227 0.5684 0.0018
vn -0.7620 0.6475 0.0016
vn -0.6938 0.7202 0.0014
vn -0.6186 0.7857 0.0011
vn -0.5373 0.8434 0.0009
vn -0.4507 0.8927 0.0006
vn -0.3596 0.9331 0.0004
vn -0.3596 0.9331 0.0003
vn -0.2649 0.9643 0.0001
vn -0.1675 0.9859 -0.0002
vn -0.0685 0.9976 -0.0005
vn 0.0311 0.9995 -0.0008
vn 0.1305 0.9914 -0.0010
vn 0.2286 0.9735 -0.0013
vn 0.3244 0.9459 -0.0015
vn 0.4169 0.9089 -0.0017
vn 0.5054 0.8629 -0.0019
vn 0.5888 0.8083 -0.0021
vn 0.6663 0.7457 -0.0023
vn 0.7373 0.6756 -0.0024
vn 0.8009 0.5989 -0.0025
vn 0.8009 0.5988 -0.0026
vn 0.8565 0.5161 -0.0026
vn 0.8565 0.5161 -0.0027
vn 0.9036 0.4283 -0.0027
vn 0.9418 0.3362 -0.0028
vn 0.9706 0.2407 -0.0028
vn 0.9897 0.1429 -0.0028
vn 0.9990 0.0436 -0.0027
vn 0.9984 -0.0560 -0.0026
vn 0.9879 -0.1552 -0.0026
vn 0.9675 -0.2528 -0.0024
vn 0.9376 -0.3478 -0.0023
vn 0.9375 -0.3478 -0.0023
vn 0.8983 -0.4395 -0.0021
vn 0.8500 -0.5267 -0.0019
vn 0.7934 -0.6087 -0.0017
vn 0.7288 -0.6847 -0.0015
vn 0.6570 -0.7539 -0.0013
vn 0.5787 -0.8155 -0.0010
vn 0.4946 -0.8691 -0.0008
vn 0.4056 -0.9140 -0.0005
vn 0.3126 -0.9499 -0.0002
vn 0.2165 -0.9763 0.0001
vn 0.3437 0.9391 -0.0015
vn -0.0188 0.9998 -0.0006
vn -0.3787 0.9255 0.0004
vn -0.6874 0.7262 0.0014
vn -0.6874 0.7263 0.0014
vn -0.9034 0.4289 0.0021
vn -0.9033 0.4289 0.0021
vn -0.9973 0.0736 0.0026
vn -0.9565 -0.2916 0.0028
vn -0.7866 -0.6175 0.0025
vn -0.5104 -0.8599 0.0019
vn -0.1653 -0.9862 0.0011
vn 0.2021 -0.9794 0.0001
vn 0.5423 -0.8402 -0.0009
vn 0.8092 -0.5876 -0.0018
vn 0.8091 -0.5876 -0.0018
vn 0.9668 -0.2556 -0.0024
vn 0.9938 0.1109 -0.0028
vn 0.9938 0.1109 -0.0027
vn 0.8866 0.4624 -0.0027
vn 0.6597 0.7515 -0.0023
vn 0.6598 0.7515 -0.0023
vn 0.3438 0.9391 -0.0015
vn 0.3437 0.9391 -0.0016
vn -0.3786 0.9256 0.0004
vn 0.8867 0.4624 -0.0027
vn -0.2980 0.9546 0.0002
vn -0.2979 0.9546 0.0002
vn -0.3843 0.9232 0.0004
vn -0.4674 0.8840 0.0007
vn -0.5466 0.8374 0.0009
vn -0.6212 0.7837 0.0012
vn -0.6905 0.7233 0.0014
vn -0.7540 0.6569 0.0016
vn -0.8111 0.5849 0.0018
vn -0.8614 0.5080 0.0020
vn -0.9044 0.4268 0.0021
vn -0.9044 0.4268 0.0022
vn -0.9397 0.3419 0.0023
vn -0.9671 0.2542 0.0024
vn -0.9864 0.1644 0.0025
vn -0.9973 0.0731 0.0026
vn -0.9939 -0.1104 0.0027
vn -0.9795 -0.2012 0.0028
vn -0.9569 -0.2903 0.0028
vn -0.9262 -0.3769 0.0027
vn -0.9263 -0.3769 0.0027
vn -0.8877 -0.4603 0.0027
vn -0.8417 -0.5399 0.0026
vn -0.7886 -0.6149 0.0025
vn -0.7288 -0.6847 0.0024
vn -0.6629 -0.7487 0.0023
vn -0.5914 -0.8064 0.0021
vn -0.5149 -0.8573 0.0020
vn -0.4340 -0.9009 0.0018
vn -0.3495 -0.9370 0.0016
vn -0.3495 -0.9369 0.0016
vn -0.2620 -0.9651 0.0013
vn 0.2620 0.9651 -0.0013
vn 0.3495 0.9370 -0.0016
vn 0.4340 0.9009 -0.0018
vn 0.5149 0.8573 -0.0020
vn 0.5914 0.8064 -0.0021
vn 0.6629 0.7487 -0.0023
vn 0.7288 0.6847 -0.0024
vn 0.7886 0.6149 -0.0025
vn 0.8417 0.5399 -0.0026
vn 0.8877 0.4603 -0.0027
vn 0.9263 0.3769 -0.0027
vn 0.9262 0.3769 -0.0027
vn 0.9569 0.2903 -0.0028
vn 0.9795 0.2012 -0.0028
vn 0.9939 0.1104 -0.0027
vn 0.9973 -0.0731 -0.0026
vn 0.9864 -0.1644 -0.0025
vn 0.9671 -0.2542 -0.0024
vn 0.9397 -0.3419 -0.0023
vn 0.9044 -0.4268 -0.0021
vn 0.8614 -0.5080 -0.0020
vn 0.8111 -0.5849 -0.0018
vn 0.7540 -0.6569 -0.0016
vn 0.6905 -0.7233 -0.0014
vn 0.6212 -0.7837 -0.0011
vn 0.5466 -0.8374 -0.0009
vn 0.4674 -0.8840 -0.0007
vn 0.3843 -0.9232 -0.0004
vn 0.2979 -0.9546 -0.0002
vn -0.0027 -0.0005 -1.0000
vn 0.0188 -0.9998 0.0006
vn 0.1830 -0.9831 0.0002
vn 0.3424 -0.9396 -0.0003
vn 0.4923 -0.8704 -0.0007
vn 0.6289 -0.7775 -0.0012
vn 0.7483 -0.6634 -0.0016
vn 0.8473 -0.5312 -0.0019
vn 0.9231 -0.3845 -0.0022
vn 0.9738 -0.2273 -0.0025
vn 0.9980 -0.0639 -0.0026
vn 0.9949 0.1012 -0.0027
vn 0.9646 0.2636 -0.0028
vn 0.9081 0.4188 -0.0027
vn 0.8268 0.5625 -0.0026
vn 0.7229 0.6909 -0.0024
vn 0.5993 0.8005 -0.0021
vn 0.4594 0.8882 -0.0018
vn 0.3069 0.9517 -0.0015
vn 0.1461 0.9893 -0.0010
vn -0.1830 0.9831 -0.0002
vn -0.3424 0.9396 0.0003
vn -0.4923 0.8704 0.0007
vn -0.6289 0.7775 0.0012
vn -0.7483 0.6634 0.0016
vn -0.8473 0.5312 0.0019
vn -0.9231 0.3845 0.0022
vn -0.9738 0.2273 0.0025
vn -0.9980 0.0639 0.0026
vn -0.9949 -0.1012 0.0027
vn -0.9646 -0.2636 0.0028
vn -0.9081 -0.4188 0.0027
vn -0.8268 -0.5625 0.0026
vn -0.7229 -0.6909 0.0024
vn -0.5993 -0.8005 0.0022
vn -0.4594 -0.8882 0.0018
vn -0.3069 -0.9517 0.0015
vn -0.1461 -0.9893 0.0011
vn 0.0027 0.0004 1.0000
vn 0.0187 -0.9998 0.0007
vn 0.0188 -0.9998 0.0010
vn 0.0187 -0.9998 0.0005
vn -0.0187 0.9998 -0.0007
vn -0.0187 0.9998 -0.0005
vn -0.0027 -0.0008 -1.0000
vn -0.0028 -0.0008 -1.0000
vn -0.0024 -0.0007 -1.0000
vn 0.8209 0.5711 -0.0026
vn 0.8729 0.4878 -0.0027
vn 0.8209 0.5710 -0.0026
vn 0.9166 0.3999 -0.0027
vn 0.9165 0.3999 -0.0027
vn 0.9513 0.3082 -0.0028
vn 0.9770 0.2134 -0.0028
vn 0.9932 0.1166 -0.0028
vn 0.9968 -0.0794 -0.0026
vn 0.9843 -0.1767 -0.0025
vn 0.9622 -0.2723 -0.0024
vn 0.9309 -0.3653 -0.0023
vn 0.8906 -0.4548 -0.0021
vn 0.8417 -0.5399 -0.0019
vn -0.8417 0.5399 0.0019
vn -0.8906 0.4548 0.0021
vn -0.9309 0.3653 0.0023
vn -0.9622 0.2723 0.0024
vn -0.9843 0.1767 0.0025
vn -0.9968 0.0794 0.0026
vn -0.9932 -0.1166 0.0028
vn -0.9770 -0.2134 0.0028
vn -0.9513 -0.3081 0.0028
vn -0.9166 -0.3999 0.0027
vn -0.8729 -0.4878 0.0027
vn -0.8209 -0.5710 0.0026
vn -0.8209 -0.5711 0.0026
vn 0.0189 -0.9998 0.0006
vn 0.3391 -0.9407 -0.0003
vn 0.6235 -0.7818 -0.0012
vn -0.5938 -0.8046 0.0021
vn -0.3036 -0.9528 0.0015
vn -0.3037 -0.9528 0.0015
vn -0.3391 0.9407 0.0003
vn -0.6235 0.7818 0.0012
vn 0.5938 0.8046 -0.0021
vn 0.3036 0.9528 -0.0015
vn 0.3037 0.9528 -0.0015
vn 0.0152 -0.7065 0.7075
vn 0.1255 -0.6958 0.7072
vn 0.1313 -0.6947 0.7072
vn 0.2330 -0.6678 0.7069
vn 0.2440 -0.6639 0.7069
vn 0.3346 -0.6235 0.7066
vn 0.3500 -0.6150 0.7066
vn 0.4282 -0.5638 0.7063
vn 0.4466 -0.5493 0.7062
vn 0.5112 -0.4901 0.7060
vn 0.5310 -0.4686 0.7060
vn 0.5817 -0.4044 0.7058
vn 0.6010 -0.3751 0.7057
vn 0.6379 -0.3087 0.7056
vn 0.6547 -0.2714 0.7055
vn 0.6784 -0.2054 0.7054
vn 0.6905 -0.1602 0.7054
vn 0.7023 -0.0971 0.7053
vn 0.7076 -0.0447 0.7052
vn 0.7087 0.0137 0.7053
vn 0.7053 0.0720 0.7052
vn 0.6980 0.1243 0.7052
vn 0.6840 0.1869 0.7052
vn 0.6702 0.2315 0.7052
vn 0.6440 0.2966 0.7052
vn 0.6258 0.3332 0.7052
vn 0.5865 0.3983 0.7053
vn 0.5661 0.4267 0.7053
vn 0.5131 0.4890 0.7054
vn 0.4924 0.5098 0.7054
vn 0.4257 0.5665 0.7056
vn 0.4067 0.5802 0.7056
vn 0.3268 0.6285 0.7058
vn 0.3111 0.6364 0.7058
vn 0.2189 0.6734 0.7061
vn 0.2078 0.6769 0.7061
vn 0.1052 0.7000 0.7064
vn 0.0994 0.7008 0.7064
vn -0.0113 0.7075 0.7067
vn -0.0114 0.7075 0.7067
vn 0.0151 -0.7065 0.7075
vn -0.1217 0.6967 0.7070
vn -0.1275 0.6956 0.7070
vn -0.2292 0.6688 0.7073
vn -0.2402 0.6648 0.7073
vn -0.3309 0.6244 0.7076
vn -0.3462 0.6159 0.7076
vn -0.4244 0.5647 0.7079
vn -0.4428 0.5503 0.7079
vn -0.5074 0.4910 0.7081
vn -0.5272 0.4695 0.7082
vn -0.5779 0.4053 0.7084
vn -0.5972 0.3760 0.7085
vn -0.6340 0.3097 0.7086
vn -0.6508 0.2723 0.7087
vn -0.6745 0.2064 0.7088
vn -0.6867 0.1612 0.7089
vn -0.6984 0.0980 0.7089
vn -0.7037 0.0457 0.7090
vn -0.7049 -0.0128 0.7092
vn -0.7015 -0.0711 0.7091
vn -0.6943 -0.1232 0.7091
vn -0.6802 -0.1859 0.7091
vn -0.6664 -0.2306 0.7091
vn -0.6402 -0.2957 0.7090
vn -0.6220 -0.3323 0.7090
vn -0.5827 -0.3973 0.7090
vn -0.5622 -0.4258 0.7089
vn -0.5093 -0.4881 0.7088
vn -0.4886 -0.5088 0.7088
vn -0.4219 -0.5656 0.7086
vn -0.4030 -0.5793 0.7085
vn -0.3230 -0.6276 0.7084
vn -0.3073 -0.6354 0.7084
vn -0.2152 -0.6725 0.7082
vn -0.2040 -0.6760 0.7081
vn -0.1014 -0.6990 0.7079
vn -0.0956 -0.6999 0.7078
vn 0.8752 -0.4837 -0.0020
vn 0.5161 -0.8565 -0.0008
vn -0.4837 -0.8752 0.0019
vn -0.8565 -0.5161 0.0026
vn -0.8565 -0.5161 0.0027
vn -0.5161 0.8565 0.0008
vn 0.4837 0.8752 -0.0019
vn -0.2047 0.9788 -0.0001
vn -0.1088 0.9941 -0.0003
vn 0.0715 0.9974 -0.0009
vn 0.1679 0.9858 -0.0011
vn 0.2495 0.9684 -0.0013
vn 0.3486 0.9373 -0.0016
vn 0.4193 0.9078 -0.0017
vn 0.5171 0.8559 -0.0020
vn 0.5756 0.8178 -0.0021
vn 0.6675 0.7446 -0.0023
vn 0.7130 0.7011 -0.0024
vn 0.7946 0.6072 -0.0025
vn 0.7794 0.6265 -0.0025
vn 0.8366 0.5477 -0.0027
vn -0.2855 0.9584 0.0002
vn -0.3835 0.9236 0.0004
vn -0.4530 0.8915 0.0006
vn -0.5488 0.8359 0.0009
vn -0.6058 0.7957 0.0011
vn -0.6949 0.7191 0.0014
vn -0.7388 0.6739 0.0016
vn -0.8167 0.5770 0.0018
vn -0.8022 0.5970 0.0017
vn -0.8567 0.5158 0.0019
vn -0.9099 0.4147 0.0022
vn -0.9390 0.3438 0.0023
vn -0.9713 0.2379 0.0025
vn -0.9864 0.1642 0.0025
vn -0.9986 0.0528 0.0026
vn -0.9998 -0.0188 0.0026
vn -0.9910 -0.1342 0.0028
vn -0.9862 -0.1658 0.0028
vn -0.9740 -0.2264 0.0027
vn -0.9486 -0.3164 0.0028
vn -0.9647 -0.2632 0.0027
vn -0.9047 -0.4260 0.0026
vn -0.8730 -0.4876 0.0027
vn -0.8432 -0.5376 0.0026
vn -0.7669 -0.6417 0.0025
vn -0.7917 -0.6109 0.0024
vn -0.7830 -0.6221 0.0025
vn -0.7131 -0.7010 0.0024
vn -0.6339 -0.7734 0.0022
vn 0.8938 0.4485 -0.0027
vn 0.9254 0.3790 -0.0028
vn 0.9617 0.2741 -0.0028
vn 0.9796 0.2008 -0.0028
vn 0.9959 0.0902 -0.0028
vn 0.9953 -0.0970 -0.0026
vn 0.9963 -0.0861 -0.0026
vn 0.9818 -0.1898 -0.0026
vn 0.9598 -0.2807 -0.0024
vn 0.9565 -0.2916 -0.0024
vn 0.9201 -0.3917 -0.0022
vn 0.8907 -0.4546 -0.0021
vn 0.9100 -0.4147 -0.0022
vn 0.8140 -0.5808 -0.0019
vn 0.7904 -0.6126 -0.0017
vn 0.8061 -0.5917 -0.0019
vn 0.7393 -0.6734 -0.0016
vn 0.6624 -0.7491 -0.0013
vn -0.6624 0.7491 0.0012
vn -0.7904 0.6126 0.0017
vn -0.7393 0.6734 0.0015
vn -0.8063 0.5915 0.0017
vn -0.8141 0.5807 0.0017
vn -0.8907 0.4546 0.0021
vn -0.9100 0.4147 0.0022
vn -0.9201 0.3917 0.0022
vn -0.9598 0.2807 0.0024
vn -0.9565 0.2916 0.0024
vn -0.9818 0.1898 0.0024
vn -0.9953 0.0970 0.0026
vn -0.9963 0.0862 0.0027
vn -0.9959 -0.0902 0.0027
vn -0.9796 -0.2008 0.0027
vn -0.9617 -0.2741 0.0028
vn -0.9254 -0.3790 0.0028
vn -0.8938 -0.4485 0.0027
vn -0.8366 -0.5478 0.0026
vn -0.7946 -0.6072 0.0026
vn -0.7794 -0.6265 0.0025
vn -0.7130 -0.7011 0.0024
vn -0.6675 -0.7446 0.0023
vn -0.5755 -0.8178 0.0021
vn -0.5171 -0.8559 0.0019
vn -0.4193 -0.9078 0.0017
vn -0.3486 -0.9373 0.0015
vn -0.2495 -0.9684 0.0013
vn -0.1679 -0.9858 0.0011
vn -0.0715 -0.9974 0.0009
vn 0.1088 -0.9941 0.0004
vn 0.2047 -0.9788 0.0001
vn 0.2856 -0.9584 -0.0001
vn 0.3835 -0.9236 -0.0004
vn 0.4531 -0.8915 -0.0006
vn 0.5488 -0.8360 -0.0009
vn 0.6058 -0.7956 -0.0011
vn 0.6950 -0.7191 -0.0014
vn 0.7388 -0.6740 -0.0015
vn 0.8168 -0.5770 -0.0018
vn 0.8022 -0.5970 -0.0018
vn 0.8567 -0.5158 -0.0020
vn 0.9099 -0.4147 -0.0022
vn 0.9391 -0.3437 -0.0023
vn 0.9713 -0.2379 -0.0024
vn 0.9864 -0.1641 -0.0025
vn 0.9986 -0.0528 -0.0027
vn 0.9998 0.0188 -0.0028
vn 0.9910 0.1342 -0.0028
vn 0.9862 0.1658 -0.0028
vn 0.9740 0.2264 -0.0028
vn 0.9486 0.3164 -0.0028
vn 0.9647 0.2632 -0.0028
vn 0.9047 0.4260 -0.0028
vn 0.8730 0.4876 -0.0027
vn 0.8432 0.5376 -0.0027
vn 0.7669 0.6418 -0.0025
vn 0.7919 0.6107 -0.0025
vn 0.7830 0.6221 -0.0025
vn 0.7131 0.7010 -0.0024
vn 0.6340 0.7733 -0.0023
vn -0.2710 0.0087 0.9625
vn -0.2704 -0.0177 0.9626
vn -0.2674 -0.0440 0.9626
vn -0.2619 -0.0698 0.9626
vn -0.2538 -0.0950 0.9626
vn -0.2434 -0.1193 0.9625
vn -0.2307 -0.1425 0.9625
vn -0.2158 -0.1643 0.9625
vn -0.1988 -0.1846 0.9625
vn -0.1800 -0.2032 0.9624
vn -0.1595 -0.2199 0.9624
vn -0.1374 -0.2345 0.9623
vn -0.1141 -0.2469 0.9623
vn -0.0897 -0.2570 0.9622
vn -0.0644 -0.2647 0.9622
vn -0.0384 -0.2699 0.9621
vn -0.0121 -0.2727 0.9620
vn 0.0146 -0.2728 0.9620
vn 0.0407 -0.2704 0.9619
vn 0.0860 -0.5963 0.7982
vn 0.0666 -0.2654 0.9618
vn 0.1432 -0.5854 0.7980
vn 0.0920 -0.2580 0.9618
vn 0.1991 -0.5691 0.7978
vn 0.1165 -0.2481 0.9617
vn 0.2532 -0.5474 0.7977
vn 0.1401 -0.2360 0.9616
vn 0.3048 -0.5206 0.7975
vn 0.1622 -0.2216 0.9615
vn 0.3537 -0.4889 0.7974
vn 0.1829 -0.2052 0.9615
vn 0.3993 -0.4527 0.7972
vn 0.2020 -0.1868 0.9614
vn 0.4412 -0.4122 0.7971
vn 0.2191 -0.1667 0.9613
vn 0.4790 -0.3680 0.7970
vn 0.2343 -0.1450 0.9613
vn 0.5123 -0.3202 0.7968
vn 0.2472 -0.1220 0.9612
vn 0.5409 -0.2695 0.7967
vn 0.2580 -0.0978 0.9612
vn 0.5645 -0.2162 0.7966
vn 0.2663 -0.0727 0.9612
vn 0.5827 -0.1609 0.7966
vn 0.2721 -0.0469 0.9611
vn 0.5956 -0.1042 0.7965
vn 0.2754 -0.0207 0.9611
vn 0.6030 -0.0464 0.7964
vn 0.2762 0.0058 0.9611
vn 0.6047 0.0118 0.7964
vn 0.2745 0.0322 0.9611
vn 0.6008 0.0699 0.7963
vn 0.2701 0.0582 0.9611
vn 0.5913 0.1274 0.7963
vn 0.2633 0.0838 0.9611
vn 0.5763 0.1836 0.7963
vn 0.2541 0.1086 0.9611
vn 0.5559 0.2382 0.7964
vn 0.2425 0.1323 0.9611
vn 0.5304 0.2905 0.7964
vn 0.2287 0.1549 0.9611
vn 0.5000 0.3402 0.7964
vn 0.2126 0.1760 0.9612
vn 0.4649 0.3866 0.7965
vn 0.1948 0.1954 0.9612
vn 0.4254 0.4295 0.7966
vn 0.1751 0.2131 0.9612
vn 0.3821 0.4683 0.7967
vn 0.1538 0.2288 0.9613
vn 0.3351 0.5028 0.7968
vn 0.1311 0.2423 0.9613
vn 0.2851 0.5326 0.7969
vn 0.1072 0.2535 0.9614
vn 0.2324 0.5575 0.7970
vn 0.0823 0.2625 0.9614
vn 0.1776 0.5771 0.7972
vn 0.0566 0.2690 0.9615
vn 0.1211 0.5913 0.7973
vn 0.0305 0.2729 0.9616
vn 0.0636 0.6001 0.7974
vn 0.0043 0.2743 0.9616
vn 0.0057 0.6032 0.7976
vn -0.0223 0.2732 0.9617
vn -0.0528 0.6007 0.7978
vn -0.0485 0.2695 0.9618
vn -0.1104 0.5926 0.7979
vn -0.0742 0.2633 0.9619
vn -0.1670 0.5789 0.7981
vn -0.0992 0.2547 0.9619
vn -0.2221 0.5599 0.7982
vn -0.1233 0.2437 0.9620
vn -0.2750 0.5357 0.7984
vn -0.1462 0.2304 0.9621
vn -0.3254 0.5064 0.7986
vn -0.1676 0.2150 0.9621
vn -0.3727 0.4724 0.7987
vn -0.1875 0.1975 0.9622
vn -0.4165 0.4341 0.7988
vn -0.2056 0.1783 0.9623
vn -0.4564 0.3917 0.7990
vn -0.2218 0.1573 0.9623
vn -0.4919 0.3456 0.7991
vn -0.2359 0.1349 0.9624
vn -0.5230 0.2963 0.7992
vn -0.2477 0.1113 0.9624
vn -0.5490 0.2442 0.7993
vn -0.2572 0.0866 0.9625
vn -0.5699 0.1899 0.7994
vn -0.2643 0.0611 0.9625
vn -0.5856 0.1338 0.7995
vn -0.2689 0.0351 0.9625
vn -0.5957 0.0764 0.7995
vn -0.6002 0.0184 0.7996
vn -0.5991 -0.0399 0.7996
vn -0.5924 -0.0977 0.7997
vn -0.5802 -0.1546 0.7997
vn -0.5625 -0.2101 0.7996
vn -0.5395 -0.2636 0.7996
vn -0.5115 -0.3147 0.7996
vn -0.4787 -0.3627 0.7996
vn -0.4414 -0.4075 0.7995
vn -0.3999 -0.4483 0.7994
vn -0.3547 -0.4851 0.7993
vn -0.3062 -0.5173 0.7992
vn -0.2548 -0.5446 0.7990
vn -0.2010 -0.5669 0.7989
vn -0.1453 -0.5838 0.7988
vn -0.0882 -0.5953 0.7986
vn -0.0302 -0.6012 0.7985
vn 0.0283 -0.6015 0.7983
vn 0.0382 -0.8491 0.5269
vn 0.1197 -0.8416 0.5266
vn 0.1372 -0.9733 0.1840
vn 0.2004 -0.8262 0.5265
vn 0.2305 -0.9556 0.1837
vn 0.2792 -0.8032 0.5262
vn 0.3217 -0.9289 0.1835
vn 0.3555 -0.7726 0.5259
vn 0.4099 -0.8935 0.1832
vn 0.4285 -0.7349 0.5257
vn 0.4942 -0.8499 0.1830
vn 0.4974 -0.6902 0.5255
vn 0.5740 -0.7982 0.1827
vn 0.5617 -0.6391 0.5254
vn 0.6483 -0.7392 0.1825
vn 0.6209 -0.5821 0.5251
vn 0.7166 -0.6732 0.1822
vn 0.6742 -0.5195 0.5250
vn 0.7783 -0.6010 0.1820
vn 0.7212 -0.4522 0.5248
vn 0.8327 -0.5231 0.1817
vn 0.7615 -0.3806 0.5246
vn 0.8793 -0.4403 0.1817
vn 0.7948 -0.3055 0.5245
vn 0.9177 -0.3534 0.1815
vn 0.8205 -0.2275 0.5244
vn 0.9475 -0.2633 0.1813
vn 0.8387 -0.1474 0.5242
vn 0.9685 -0.1706 0.1812
vn 0.8491 -0.0658 0.5241
vn 0.9805 -0.0764 0.1811
vn 0.8515 0.0163 0.5241
vn 0.9833 0.0185 0.1810
vn 0.8460 0.0982 0.5241
vn 0.9769 0.1133 0.1809
vn 0.8326 0.1793 0.5241
vn 0.9615 0.2070 0.1809
vn 0.8115 0.2587 0.5240
vn 0.9370 0.2988 0.1811
vn 0.7827 0.3357 0.5241
vn 0.9038 0.3878 0.1810
vn 0.7467 0.4095 0.5242
vn 0.8622 0.4731 0.1812
vn 0.7038 0.4795 0.5242
vn 0.8125 0.5541 0.1811
vn 0.6542 0.5451 0.5243
vn 0.7552 0.6299 0.1814
vn 0.5986 0.6055 0.5244
vn 0.6909 0.6998 0.1814
vn 0.5374 0.6604 0.5245
vn 0.6202 0.7632 0.1815
vn 0.4712 0.7090 0.5247
vn 0.5436 0.8194 0.1817
vn 0.4006 0.7510 0.5248
vn 0.4620 0.8680 0.1819
vn 0.3263 0.7860 0.5250
vn 0.3761 0.9085 0.1819
vn 0.2490 0.8138 0.5252
vn 0.2867 0.9405 0.1823
vn 0.1693 0.8338 0.5254
vn 0.1946 0.9637 0.1826
vn 0.0881 0.8462 0.5256
vn 0.1007 0.9780 0.1828
vn 0.0064 0.8506 0.5259
vn 0.0061 0.9831 0.1830
vn -0.0760 0.8470 0.5261
vn -0.0891 0.9790 0.1833
vn -0.1574 0.8356 0.5263
vn -0.1831 0.9658 0.1835
vn -0.2373 0.8164 0.5265
vn -0.2755 0.9436 0.1839
vn -0.3149 0.7895 0.5268
vn -0.3652 0.9125 0.1841
vn -0.3896 0.7553 0.5269
vn -0.4516 0.8730 0.1843
vn -0.4606 0.7141 0.5272
vn -0.5337 0.8253 0.1846
vn -0.5274 0.6661 0.5274
vn -0.6109 0.7699 0.1848
vn -0.5891 0.6120 0.5276
vn -0.6823 0.7073 0.1850
vn -0.6454 0.5521 0.5278
vn -0.7473 0.6381 0.1854
vn -0.6956 0.4871 0.5280
vn -0.8054 0.5629 0.1856
vn -0.7394 0.4176 0.5281
vn -0.8560 0.4825 0.1857
vn -0.7762 0.3441 0.5283
vn -0.8985 0.3976 0.1859
vn -0.8057 0.2675 0.5284
vn -0.9327 0.3090 0.1860
vn -0.8277 0.1883 0.5286
vn -0.9582 0.2174 0.1861
vn -0.8421 0.1074 0.5286
vn -0.9747 0.1239 0.1862
vn -0.8484 0.0255 0.5287
vn -0.9821 0.0292 0.1863
vn -0.8469 -0.0566 0.5287
vn -0.9803 -0.0658 0.1864
vn -0.8374 -0.1382 0.5287
vn -0.9693 -0.1601 0.1864
vn -0.8202 -0.2185 0.5288
vn -0.9494 -0.2530 0.1864
vn -0.7952 -0.2968 0.5287
vn -0.9205 -0.3435 0.1864
vn -0.7628 -0.3723 0.5287
vn -0.8830 -0.4307 0.1864
vn -0.7233 -0.4443 0.5286
vn -0.8373 -0.5140 0.1863
vn -0.6770 -0.5122 0.5286
vn -0.7838 -0.5925 0.1862
vn -0.6243 -0.5753 0.5285
vn -0.7230 -0.6654 0.1861
vn -0.5658 -0.6330 0.5284
vn -0.6553 -0.7321 0.1861
vn -0.5021 -0.6848 0.5283
vn -0.5816 -0.7920 0.1856
vn -0.4336 -0.7302 0.5281
vn -0.5024 -0.8445 0.1856
vn -0.3610 -0.7687 0.5279
vn -0.4186 -0.8891 0.1854
vn -0.2851 -0.8001 0.5277
vn -0.3308 -0.9254 0.1852
vn -0.2065 -0.8241 0.5275
vn -0.2399 -0.9530 0.1850
vn -0.1260 -0.8403 0.5273
vn -0.1468 -0.9718 0.1848
vn -0.0443 -0.8487 0.5271
vn -0.0523 -0.9814 0.1845
vn 0.0429 -0.9819 0.1843
vn 0.0418 -0.9822 -0.1832
vn 0.1363 -0.9735 -0.1834
vn 0.0808 -0.8964 -0.4359
vn 0.1669 -0.8843 -0.4361
vn -0.8950 -0.1039 -0.4338
vn -0.9813 -0.0660 -0.1811
vn -0.9008 -0.0171 -0.4338
vn -0.9830 0.0290 -0.1811
vn -0.8983 0.0698 -0.4339
vn -0.9756 0.1237 -0.1812
vn -0.8873 0.1560 -0.4339
vn -0.9591 0.2172 -0.1813
vn -0.8681 0.2408 -0.4341
vn -0.9337 0.3087 -0.1814
vn -0.8408 0.3234 -0.4342
vn -0.8995 0.3973 -0.1815
vn -0.8056 0.4029 -0.4344
vn -0.8570 0.4822 -0.1818
vn -0.7630 0.4786 -0.4345
vn -0.8064 0.5627 -0.1819
vn -0.7132 0.5499 -0.4347
vn -0.7483 0.6378 -0.1822
vn -0.6568 0.6161 -0.4349
vn -0.6833 0.7070 -0.1824
vn -0.5942 0.6765 -0.4351
vn -0.6118 0.7696 -0.1826
vn -0.5261 0.7306 -0.4353
vn -0.5347 0.8250 -0.1829
vn -0.4531 0.7778 -0.4356
vn -0.4526 0.8727 -0.1831
vn -0.3759 0.8178 -0.4358
vn -0.3662 0.9123 -0.1834
vn -0.2952 0.8501 -0.4360
vn -0.2764 0.9433 -0.1836
vn -0.2118 0.8745 -0.4363
vn -0.1841 0.9655 -0.1839
vn -0.1263 0.8908 -0.4365
vn -0.0900 0.9788 -0.1841
vn -0.0398 0.8987 -0.4367
vn 0.0049 0.9828 -0.1845
vn 0.0472 0.8982 -0.4370
vn 0.0997 0.9777 -0.1847
vn 0.1337 0.8894 -0.4372
vn 0.1936 0.9635 -0.1849
vn 0.2189 0.8722 -0.4374
vn 0.2857 0.9403 -0.1851
vn 0.3021 0.8469 -0.4376
vn 0.3751 0.9083 -0.1854
vn 0.3824 0.8137 -0.4378
vn 0.4610 0.8678 -0.1856
vn 0.4592 0.7728 -0.4380
vn 0.5427 0.8192 -0.1857
vn 0.5317 0.7248 -0.4382
vn 0.6192 0.7629 -0.1859
vn 0.5992 0.6700 -0.4383
vn 0.6899 0.6995 -0.1861
vn 0.6611 0.6089 -0.4384
vn 0.7542 0.6296 -0.1862
vn 0.7168 0.5422 -0.4385
vn 0.8115 0.5539 -0.1863
vn 0.7658 0.4703 -0.4386
vn 0.8612 0.4729 -0.1864
vn 0.8076 0.3941 -0.4387
vn 0.9028 0.3875 -0.1864
vn 0.8419 0.3142 -0.4387
vn 0.9360 0.2985 -0.1865
vn 0.8683 0.2314 -0.4387
vn 0.9605 0.2068 -0.1865
vn 0.8866 0.1464 -0.4387
vn 0.9759 0.1131 -0.1865
vn 0.8966 0.0600 -0.4387
vn 0.9823 0.0183 -0.1864
vn 0.8983 -0.0269 -0.4386
vn 0.9795 -0.0767 -0.1863
vn 0.8915 -0.1136 -0.4386
vn 0.9675 -0.1709 -0.1862
vn 0.8764 -0.1992 -0.4385
vn 0.9465 -0.2635 -0.1861
vn 0.8531 -0.2830 -0.4384
vn 0.9167 -0.3537 -0.1860
vn 0.8218 -0.3641 -0.4382
vn 0.8783 -0.4406 -0.1858
vn 0.7829 -0.4419 -0.4381
vn 0.8317 -0.5233 -0.1856
vn 0.7366 -0.5155 -0.4379
vn 0.7773 -0.6012 -0.1854
vn 0.6834 -0.5843 -0.4377
vn 0.7156 -0.6735 -0.1852
vn 0.6238 -0.6476 -0.4375
vn 0.6473 -0.7394 -0.1850
vn 0.5585 -0.7049 -0.4373
vn 0.5730 -0.7985 -0.1848
vn 0.4879 -0.7556 -0.4370
vn 0.4932 -0.8501 -0.1845
vn 0.4127 -0.7993 -0.4368
vn 0.4089 -0.8938 -0.1842
vn 0.3336 -0.8355 -0.4366
vn 0.3207 -0.9291 -0.1840
vn 0.2514 -0.8639 -0.4363
vn 0.2296 -0.9558 -0.1837
vn -0.9703 -0.1603 -0.1810
vn -0.8808 -0.1897 -0.4338
vn -0.9503 -0.2532 -0.1810
vn -0.8584 -0.2737 -0.4338
vn -0.9215 -0.3437 -0.1810
vn -0.8281 -0.3552 -0.4338
vn -0.8840 -0.4310 -0.1811
vn -0.7900 -0.4333 -0.4338
vn -0.8383 -0.5142 -0.1811
vn -0.7445 -0.5074 -0.4339
vn -0.7848 -0.5927 -0.1812
vn -0.6921 -0.5768 -0.4340
vn -0.7239 -0.6656 -0.1814
vn -0.6332 -0.6408 -0.4341
vn -0.6563 -0.7324 -0.1815
vn -0.5685 -0.6988 -0.4343
vn -0.5826 -0.7922 -0.1816
vn -0.4984 -0.7503 -0.4344
vn -0.5034 -0.8447 -0.1818
vn -0.4236 -0.7948 -0.4346
vn -0.4196 -0.8893 -0.1820
vn -0.3450 -0.8318 -0.4348
vn -0.3318 -0.9256 -0.1822
vn -0.2631 -0.8611 -0.4350
vn -0.2409 -0.9532 -0.1825
vn -0.1789 -0.8824 -0.4352
vn -0.1478 -0.9720 -0.1827
vn -0.0929 -0.8954 -0.4354
vn -0.0533 -0.9817 -0.1829
vn -0.0061 -0.9001 -0.4356
vn 0.2559 -0.4320 -0.8648
vn 0.3136 -0.3917 -0.8650
vn 0.2634 -0.4420 -0.8575
vn 0.3274 -0.4494 -0.8312
vn 0.2851 -0.4776 -0.8310
vn 0.3192 -0.5340 -0.7829
vn 0.2852 -0.4990 -0.8183
vn 0.2869 -0.5363 -0.7938
vn 0.2805 -0.5748 -0.7687
vn 0.3512 -0.5869 -0.7295
vn 0.2966 -0.6165 -0.7294
vn 0.3217 -0.6680 -0.6711
vn 0.2452 -0.6496 -0.7196
vn 0.2596 -0.6946 -0.6709
vn 0.2164 -0.6840 -0.6966
vn 0.1954 -0.7155 -0.6707
vn 0.1990 -0.7000 -0.6859
vn 0.1801 -0.7148 -0.6757
vn 0.1625 -0.7249 -0.6694
vn 0.2095 -0.7658 -0.6080
vn 0.1390 -0.7819 -0.6078
vn 0.2222 -0.8110 -0.5412
vn 0.1475 -0.8280 -0.5409
vn 0.2333 -0.8508 -0.4708
vn 0.1550 -0.8687 -0.4705
vn 0.3668 -0.4176 -0.8313
vn 0.3650 -0.3438 -0.8652
vn 0.4032 -0.3823 -0.8314
vn 0.4363 -0.3438 -0.8315
vn 0.4883 -0.3844 -0.7834
vn 0.5213 -0.3383 -0.7835
vn 0.5731 -0.3717 -0.7303
vn 0.6047 -0.3179 -0.7303
vn 0.6555 -0.3444 -0.6721
vn 0.6840 -0.2832 -0.6723
vn 0.7324 -0.3030 -0.6098
vn 0.7569 -0.2350 -0.6098
vn 0.8020 -0.2489 -0.5430
vn 0.8213 -0.1748 -0.5431
vn 0.8618 -0.1833 -0.4729
vn 0.8749 -0.1041 -0.4730
vn 0.8807 -0.0240 -0.4731
vn 0.8792 0.0563 -0.4731
vn 0.8392 -0.0229 -0.5434
vn 0.8378 0.0536 -0.5433
vn 0.7921 -0.0217 -0.6099
vn 0.7908 0.0506 -0.6100
vn 0.7397 -0.0203 -0.6727
vn 0.7384 0.0472 -0.6727
vn 0.6824 -0.0188 -0.7307
vn 0.6813 0.0435 -0.7307
vn 0.6206 -0.0172 -0.7839
vn 0.6195 0.0395 -0.7840
vn 0.5545 -0.0155 -0.8321
vn 0.5535 0.0352 -0.8321
vn 0.4997 -0.0263 -0.8658
vn 0.4984 0.0440 -0.8658
vn 0.4093 -0.2891 -0.8654
vn 0.4657 -0.3025 -0.8316
vn 0.5498 -0.2893 -0.7836
vn 0.6309 -0.2614 -0.7305
vn 0.7069 -0.2197 -0.6724
vn 0.7752 -0.1651 -0.6098
vn 0.8336 -0.0992 -0.5433
vn 0.4456 -0.2289 -0.8655
vn 0.4912 -0.2587 -0.8317
vn 0.5737 -0.2379 -0.7837
vn 0.6520 -0.2028 -0.7306
vn 0.7238 -0.1543 -0.6726
vn 0.7869 -0.0938 -0.6100
vn 0.5126 -0.2128 -0.8318
vn 0.4730 -0.1641 -0.8656
vn 0.5298 -0.1651 -0.8319
vn 0.4912 -0.0962 -0.8657
vn 0.5425 -0.1161 -0.8320
vn 0.5508 -0.0660 -0.8320
vn 0.6164 -0.0738 -0.7839
vn 0.5479 0.0856 -0.8321
vn 0.4873 0.1134 -0.8658
vn 0.5378 0.1353 -0.8321
vn 0.5232 0.1838 -0.8321
vn 0.5855 0.2057 -0.7841
vn 0.5645 0.2583 -0.7840
vn 0.6208 0.2840 -0.7307
vn 0.5924 0.3395 -0.7307
vn 0.6421 0.3679 -0.6726
vn 0.6059 0.4248 -0.6726
vn 0.6490 0.4549 -0.6098
vn 0.6049 0.5122 -0.6097
vn 0.6408 0.5425 -0.5432
vn 0.5888 0.5987 -0.5431
vn 0.6180 0.6281 -0.4728
vn 0.5583 0.6818 -0.4727
vn 0.4939 0.7299 -0.4725
vn 0.4255 0.7719 -0.4724
vn 0.3535 0.8075 -0.4722
vn 0.2786 0.8364 -0.4720
vn 0.2013 0.8584 -0.4718
vn 0.1224 0.8733 -0.4716
vn 0.0424 0.8809 -0.4714
vn -0.0378 0.8812 -0.4712
vn -0.1179 0.8742 -0.4710
vn -0.0363 0.8398 -0.5417
vn -0.1126 0.8332 -0.5413
vn -0.0346 0.7929 -0.6084
vn -0.1066 0.7866 -0.6082
vn -0.0602 0.7495 -0.6592
vn -0.1040 0.7435 -0.6606
vn 0.4666 0.1807 -0.8658
vn 0.5043 0.2309 -0.8321
vn 0.5386 0.3087 -0.7840
vn 0.5589 0.3920 -0.7307
vn 0.5648 0.4784 -0.6724
vn 0.5557 0.5652 -0.6098
vn 0.5319 0.6498 -0.5429
vn 0.4367 0.2443 -0.8658
vn 0.4812 0.2759 -0.8321
vn 0.5082 0.3566 -0.7839
vn 0.5210 0.4415 -0.7305
vn 0.5188 0.5279 -0.6724
vn 0.5020 0.6135 -0.6096
vn 0.4706 0.6957 -0.5427
vn 0.4540 0.3188 -0.8320
vn 0.3983 0.3032 -0.8657
vn 0.4231 0.3589 -0.8320
vn 0.3519 0.3561 -0.8656
vn 0.3886 0.3961 -0.8319
vn 0.3510 0.4300 -0.8318
vn 0.3929 0.4810 -0.7838
vn 0.3475 0.5149 -0.7837
vn 0.3823 0.5661 -0.7304
vn 0.3290 0.5987 -0.7303
vn 0.3569 0.6488 -0.6721
vn 0.2965 0.6787 -0.6719
vn 0.3176 0.7266 -0.6092
vn 0.2502 0.7527 -0.6090
vn 0.2653 0.7972 -0.5423
vn 0.1916 0.8181 -0.5421
vn 0.2987 0.4021 -0.8655
vn 0.3103 0.4603 -0.8317
vn 0.2990 0.5446 -0.7836
vn 0.2588 0.5841 -0.7693
vn 0.2733 0.6263 -0.7301
vn 0.2434 0.6218 -0.7444
vn 0.2207 0.6576 -0.7203
vn 0.2394 0.4402 -0.8654
vn 0.2468 0.4507 -0.8579
vn 0.2669 0.4869 -0.8316
vn 0.2580 0.4726 -0.8427
vn 0.2665 0.5083 -0.8189
vn 0.2665 0.5460 -0.7943
vn 0.2066 0.6746 -0.7087
vn 0.2335 0.7030 -0.6718
vn 0.1905 0.6909 -0.6974
vn 0.1727 0.7061 -0.6867
vn 0.1685 0.7215 -0.6716
vn 0.1532 0.7202 -0.6766
vn 0.1352 0.7297 -0.6703
vn 0.1151 0.7370 -0.6660
vn 0.1097 0.7858 -0.6087
vn 0.1807 0.7724 -0.6089
vn 0.0940 0.7427 -0.6630
vn 0.0722 0.7469 -0.6610
vn 0.0377 0.7926 -0.6085
vn 0.0283 0.7511 -0.6595
vn -0.0160 0.7518 -0.6592
vn -0.1255 0.7385 -0.6625
vn -0.1774 0.7739 -0.6080
vn -0.1878 0.8197 -0.5411
vn -0.1969 0.8600 -0.4708
vn -0.2743 0.8387 -0.4705
vn -0.3495 0.8104 -0.4703
vn -0.4218 0.7753 -0.4701
vn -0.4906 0.7339 -0.4699
vn -0.5553 0.6863 -0.4696
vn -0.6154 0.6331 -0.4695
vn -0.6705 0.5746 -0.4693
vn -0.7200 0.5114 -0.4691
vn -0.7636 0.4439 -0.4689
vn -0.8008 0.3727 -0.4688
vn -0.8314 0.2985 -0.4687
vn -0.8552 0.2218 -0.4685
vn -0.8718 0.1432 -0.4684
vn -0.8812 0.0634 -0.4684
vn -0.8834 -0.0168 -0.4683
vn -0.8782 -0.0970 -0.4683
vn -0.8422 -0.0161 -0.5389
vn -0.8374 -0.0925 -0.5387
vn -0.7956 -0.0153 -0.6057
vn -0.7909 -0.0874 -0.6057
vn -0.7435 -0.0143 -0.6686
vn -0.7392 -0.0817 -0.6685
vn -0.6864 -0.0133 -0.7271
vn -0.6824 -0.0755 -0.7271
vn -0.6249 -0.0122 -0.7806
vn -0.6213 -0.0688 -0.7805
vn -0.5590 -0.0110 -0.8291
vn -0.5558 -0.0616 -0.8290
vn -0.5031 -0.0451 -0.8631
vn -0.5479 -0.1117 -0.8291
vn -0.4920 -0.1146 -0.8630
vn -0.5355 -0.1608 -0.8291
vn -0.4712 -0.1818 -0.8631
vn -0.5188 -0.2087 -0.8290
vn -0.4977 -0.2548 -0.8291
vn -0.5563 -0.2848 -0.7806
vn -0.5281 -0.3341 -0.7807
vn -0.5801 -0.3671 -0.7271
vn -0.5444 -0.4181 -0.7272
vn -0.5896 -0.4530 -0.6687
vn -0.5460 -0.5046 -0.6688
vn -0.5842 -0.5401 -0.6058
vn -0.5326 -0.5907 -0.6061
vn -0.5639 -0.6257 -0.5391
vn -0.4768 -0.6365 -0.6062
vn -0.5048 -0.6742 -0.5392
vn -0.4170 -0.6772 -0.6062
vn -0.4413 -0.7171 -0.5395
vn -0.3744 -0.7543 -0.5394
vn -0.3924 -0.7911 -0.4691
vn -0.3189 -0.8234 -0.4693
vn -0.2427 -0.8489 -0.4695
vn -0.1645 -0.8674 -0.4697
vn -0.0850 -0.8786 -0.4699
vn -0.0047 -0.8826 -0.4701
vn 0.0754 -0.8793 -0.4703
vn -0.0049 -0.8414 -0.5404
vn 0.0716 -0.8381 -0.5408
vn -0.0048 -0.7944 -0.6074
vn 0.0674 -0.7914 -0.6076
vn 0.0124 -0.7526 -0.6583
vn 0.0567 -0.7504 -0.6586
vn -0.1465 0.7321 -0.6652
vn -0.1661 0.7240 -0.6695
vn -0.1837 0.7139 -0.6757
vn -0.2028 0.6991 -0.6857
vn -0.2314 0.7049 -0.6705
vn -0.2475 0.7548 -0.6075
vn -0.2201 0.6831 -0.6963
vn -0.2946 0.6811 -0.6703
vn -0.3151 0.7292 -0.6075
vn -0.3801 0.6977 -0.6073
vn -0.4023 0.7391 -0.5403
vn -0.4678 0.6994 -0.5403
vn -0.2491 0.6487 -0.7192
vn -0.2721 0.6285 -0.7287
vn -0.3554 0.6517 -0.6701
vn -0.3282 0.6013 -0.7285
vn -0.4132 0.6168 -0.6700
vn -0.3817 0.5693 -0.7281
vn -0.4678 0.5768 -0.6697
vn -0.4320 0.5322 -0.7281
vn -0.5183 0.5322 -0.6695
vn -0.4785 0.4910 -0.7280
vn -0.5644 0.4829 -0.6695
vn -0.5213 0.4457 -0.7277
vn -0.6061 0.4298 -0.6693
vn -0.5596 0.3965 -0.7277
vn -0.6427 0.3731 -0.6691
vn -0.5935 0.3442 -0.7275
vn -0.6740 0.3132 -0.6690
vn -0.6224 0.2890 -0.7274
vn -0.6998 0.2508 -0.6688
vn -0.6461 0.2314 -0.7274
vn -0.7198 0.1863 -0.6687
vn -0.6646 0.1719 -0.7272
vn -0.7337 0.1202 -0.6687
vn -0.6775 0.1109 -0.7271
vn -0.7416 0.0532 -0.6688
vn -0.6848 0.0490 -0.7271
vn -0.2707 0.6118 -0.7433
vn -0.2847 0.5737 -0.7680
vn -0.2989 0.5470 -0.7819
vn -0.3475 0.5177 -0.7818
vn -0.3934 0.4841 -0.7816
vn -0.4357 0.4467 -0.7815
vn -0.4745 0.4053 -0.7814
vn -0.5095 0.3607 -0.7812
vn -0.5402 0.3130 -0.7811
vn -0.5665 0.2629 -0.7810
vn -0.5882 0.2104 -0.7809
vn -0.6049 0.1563 -0.7808
vn -0.6167 0.1008 -0.7807
vn -0.6233 0.0445 -0.7807
vn -0.2912 0.5352 -0.7929
vn -0.2896 0.4979 -0.8175
vn -0.3111 0.4628 -0.8301
vn -0.3521 0.4327 -0.8299
vn -0.3899 0.3993 -0.8298
vn -0.4247 0.3623 -0.8297
vn -0.4559 0.3224 -0.8296
vn -0.4834 0.2798 -0.8295
vn -0.5069 0.2349 -0.8294
vn -0.5262 0.1881 -0.8293
vn -0.5412 0.1396 -0.8292
vn -0.5517 0.0900 -0.8292
vn -0.5577 0.0397 -0.8291
vn -0.2859 0.4798 -0.8295
vn -0.2798 0.4624 -0.8414
vn -0.2680 0.4409 -0.8566
vn -0.2605 0.4309 -0.8640
vn -0.3182 0.3905 -0.8638
vn -0.3697 0.3426 -0.8637
vn -0.4140 0.2880 -0.8635
vn -0.4502 0.2277 -0.8634
vn -0.4777 0.1630 -0.8633
vn -0.4959 0.0950 -0.8632
vn -0.5044 0.0252 -0.8631
vn -0.4414 -0.2455 -0.8631
vn -0.4725 -0.2988 -0.8291
vn -0.4956 -0.3805 -0.7808
vn -0.5041 -0.4656 -0.7274
vn -0.4979 -0.5520 -0.6689
vn -0.4458 -0.5946 -0.6691
vn -0.3898 -0.6327 -0.6692
vn -0.3537 -0.7121 -0.6065
vn -0.3042 -0.7850 -0.5397
vn -0.4029 -0.3044 -0.8632
vn -0.4435 -0.3403 -0.8291
vn -0.4590 -0.4238 -0.7809
vn -0.4598 -0.5095 -0.7274
vn -0.4117 -0.5489 -0.7275
vn -0.3600 -0.5840 -0.7276
vn -0.3307 -0.6654 -0.6693
vn -0.2875 -0.7412 -0.6066
vn -0.2316 -0.8093 -0.5398
vn -0.4108 -0.3790 -0.8292
vn -0.3566 -0.3573 -0.8632
vn -0.3746 -0.4146 -0.8293
vn -0.3033 -0.4032 -0.8634
vn -0.3356 -0.4466 -0.8294
vn -0.2935 -0.4752 -0.8295
vn -0.3750 -0.4995 -0.7810
vn -0.3279 -0.5313 -0.7811
vn -0.2441 -0.4414 -0.8635
vn -0.2515 -0.4518 -0.8559
vn -0.2623 -0.4737 -0.8407
vn -0.2709 -0.5093 -0.8168
vn -0.2708 -0.5471 -0.7921
vn -0.2782 -0.5588 -0.7813
vn -0.2629 -0.5851 -0.7672
vn -0.3054 -0.6141 -0.7277
vn -0.2473 -0.6228 -0.7423
vn -0.2484 -0.6391 -0.7279
vn -0.2246 -0.6585 -0.7183
vn -0.2689 -0.6925 -0.6695
vn -0.2105 -0.6755 -0.7067
vn -0.2048 -0.7139 -0.6696
vn -0.1942 -0.6918 -0.6955
vn -0.1764 -0.7071 -0.6848
vn -0.1568 -0.7211 -0.6748
vn -0.1388 -0.7306 -0.6686
vn -0.2190 -0.7642 -0.6066
vn -0.1482 -0.7808 -0.6070
vn -0.1569 -0.8270 -0.5399
vn -0.0813 -0.8376 -0.5402
vn -0.1187 -0.7380 -0.6643
vn -0.0975 -0.7436 -0.6615
vn -0.0770 -0.7908 -0.6072
vn -0.0758 -0.7477 -0.6597
vn -0.0318 -0.7520 -0.6584
vn 0.1004 -0.7444 -0.6602
vn 0.1220 -0.7394 -0.6621
vn 0.1429 -0.7330 -0.6651
vn 0.2667 -0.6128 -0.7439
vn 0.2816 -0.4809 -0.8303
vn 0.2751 -0.4635 -0.8423
vn 0.6726 0.5692 -0.4729
vn 0.6875 0.4818 -0.5432
vn 0.6876 0.3939 -0.6099
vn 0.6729 0.3078 -0.6726
vn 0.6441 0.2262 -0.7307
vn 0.6020 0.1514 -0.7841
vn 0.7216 0.5056 -0.4730
vn 0.7285 0.4172 -0.5433
vn 0.7205 0.3295 -0.6101
vn 0.6982 0.2452 -0.6726
vn 0.6620 0.1665 -0.7308
vn 0.6133 0.0958 -0.7840
vn 0.7646 0.4377 -0.4731
vn 0.7635 0.3491 -0.5434
vn 0.7475 0.2625 -0.6102
vn 0.7175 0.1805 -0.6728
vn 0.6745 0.1054 -0.7307
vn 0.8013 0.3663 -0.4731
vn 0.7922 0.2781 -0.5432
vn 0.7685 0.1933 -0.6100
vn 0.7310 0.1143 -0.6727
vn 0.8313 0.2918 -0.4731
vn 0.8142 0.2048 -0.5433
vn 0.7828 0.1224 -0.6101
vn 0.8544 0.2149 -0.4732
vn 0.8294 0.1297 -0.5433
vn 0.8704 0.1362 -0.4731
vn 0.8416 -0.2610 -0.4728
vn 0.7761 -0.3209 -0.5429
vn 0.7019 -0.3686 -0.6095
vn 0.6215 -0.4028 -0.6719
vn 0.5372 -0.4226 -0.7300
vn 0.4514 -0.4275 -0.7833
vn 0.8144 -0.3366 -0.4727
vn 0.7437 -0.3903 -0.5428
vn 0.6655 -0.4310 -0.6094
vn 0.5822 -0.4577 -0.6719
vn 0.4965 -0.4698 -0.7300
vn 0.4107 -0.4670 -0.7831
vn 0.7805 -0.4094 -0.4725
vn 0.7052 -0.4564 -0.5426
vn 0.6236 -0.4899 -0.6093
vn 0.5382 -0.5089 -0.6718
vn 0.4517 -0.5132 -0.7298
vn 0.3665 -0.5025 -0.7830
vn 0.7400 -0.4788 -0.4724
vn 0.6607 -0.5188 -0.5425
vn 0.5765 -0.5447 -0.6091
vn 0.4898 -0.5560 -0.6716
vn 0.4032 -0.5523 -0.7296
vn 0.6934 -0.5442 -0.4722
vn 0.6109 -0.5769 -0.5421
vn 0.5246 -0.5950 -0.6089
vn 0.4373 -0.5984 -0.6714
vn 0.3810 -0.6359 -0.6712
vn 0.6411 -0.6051 -0.4720
vn 0.5559 -0.6302 -0.5421
vn 0.4683 -0.6404 -0.6088
vn 0.4081 -0.6806 -0.6085
vn 0.3446 -0.7149 -0.6084
vn 0.5835 -0.6610 -0.4718
vn 0.4963 -0.6782 -0.5419
vn 0.4326 -0.7207 -0.5417
vn 0.3653 -0.7572 -0.5415
vn 0.2782 -0.7434 -0.6082
vn 0.5210 -0.7115 -0.4716
vn 0.4541 -0.7560 -0.4714
vn 0.3835 -0.7943 -0.4712
vn 0.2950 -0.7874 -0.5413
vn 0.3097 -0.8260 -0.4710
vn -0.4627 -0.7523 -0.4690
vn -0.5292 -0.7072 -0.4688
vn -0.5913 -0.6563 -0.4687
vn -0.6184 -0.5719 -0.5389
vn -0.6308 -0.4848 -0.6059
vn -0.6283 -0.3977 -0.6687
vn -0.6111 -0.3130 -0.7270
vn -0.5798 -0.2333 -0.7806
vn -0.6485 -0.5999 -0.4686
vn -0.6678 -0.5134 -0.5389
vn -0.6723 -0.4256 -0.6057
vn -0.6618 -0.3391 -0.6686
vn -0.6369 -0.2563 -0.7271
vn -0.5986 -0.1798 -0.7806
vn -0.7003 -0.5386 -0.4685
vn -0.7117 -0.4507 -0.5388
vn -0.7083 -0.3629 -0.6055
vn -0.6899 -0.2776 -0.6686
vn -0.6576 -0.1975 -0.7270
vn -0.6126 -0.1248 -0.7805
vn -0.7464 -0.4728 -0.4684
vn -0.7498 -0.3843 -0.5386
vn -0.7382 -0.2972 -0.6056
vn -0.7122 -0.2139 -0.6685
vn -0.6729 -0.1371 -0.7269
vn -0.7863 -0.4031 -0.4683
vn -0.7815 -0.3146 -0.5388
vn -0.7620 -0.2289 -0.6058
vn -0.7286 -0.1484 -0.6686
vn -0.8196 -0.3300 -0.4683
vn -0.8069 -0.2424 -0.5387
vn -0.7797 -0.1588 -0.6056
vn -0.8462 -0.2542 -0.4682
vn -0.8255 -0.1681 -0.5388
vn -0.8658 -0.1763 -0.4682
vn -0.7936 0.0570 -0.6058
vn -0.7852 0.1288 -0.6057
vn -0.7701 0.1995 -0.6059
vn -0.7487 0.2685 -0.6061
vn -0.7212 0.3353 -0.6062
vn -0.6877 0.3994 -0.6063
vn -0.6485 0.4601 -0.6064
vn -0.6039 0.5170 -0.6066
vn -0.5544 0.5697 -0.6067
vn -0.5003 0.6175 -0.6070
vn -0.4419 0.6603 -0.6072
vn -0.8402 0.0604 -0.5389
vn -0.8312 0.1364 -0.5389
vn -0.8154 0.2113 -0.5389
vn -0.7928 0.2845 -0.5391
vn -0.7636 0.3553 -0.5392
vn -0.7281 0.4231 -0.5393
vn -0.6865 0.4874 -0.5396
vn -0.6395 0.5477 -0.5395
vn -0.5869 0.6034 -0.5399
vn -0.5296 0.6541 -0.5400
vn 0.5929 -0.1846 -0.7838
vn 0.6678 -0.1425 -0.7305
vn 0.7348 -0.0877 -0.6726
vn 0.6072 -0.1297 -0.7839
vn 0.6779 -0.0810 -0.7307
vn 0.4736 0.4015 -0.7839
vn 0.4786 0.4872 -0.7305
vn 0.4687 0.5731 -0.6722
vn 0.4441 0.6568 -0.6094
vn 0.4053 0.7358 -0.5426
vn 0.4351 0.4432 -0.7838
vn 0.4322 0.5288 -0.7305
vn 0.4146 0.6135 -0.6721
vn 0.3824 0.6947 -0.6092
vn 0.3367 0.7696 -0.5425
vn 0.1164 0.8324 -0.5419
vn 0.0402 0.8396 -0.5417
vn -0.2618 0.7994 -0.5408
vn -0.3334 0.7723 -0.5408
vn -0.4186 -0.4636 -0.7809
vn -0.2647 -0.6545 0.7082
vn -0.2615 -0.6558 0.7082
vn -0.1826 -0.6821 0.7081
vn -0.1788 -0.6831 0.7081
vn -0.2019 -0.6764 0.7083
vn -0.3401 -0.6185 0.7084
vn -0.3428 -0.6169 0.7084
vn -0.4135 -0.5718 0.7086
vn -0.4158 -0.5700 0.7086
vn -0.4807 -0.5164 0.7087
vn -0.4826 -0.5145 0.7088
vn -0.5406 -0.4532 0.7088
vn -0.5419 -0.4515 0.7089
vn -0.5922 -0.3830 0.7090
vn -0.5931 -0.3815 0.7090
vn -0.6348 -0.3071 0.7090
vn -0.6354 -0.3056 0.7091
vn -0.6679 -0.2268 0.7088
vn -0.6681 -0.2252 0.7092
vn -0.6907 -0.1426 0.7089
vn -0.6907 -0.1416 0.7091
vn -0.7030 -0.0563 0.7090
vn -0.7029 -0.0559 0.7090
vn -0.7046 0.0305 0.7090
vn -0.7046 0.0308 0.7089
vn -0.6955 0.1165 0.7090
vn -0.6956 0.1175 0.7087
vn -0.6761 0.2009 0.7089
vn -0.6760 0.2025 0.7086
vn -0.6464 0.2828 0.7087
vn -0.6459 0.2840 0.7086
vn -0.6070 0.3599 0.7085
vn -0.6062 0.3614 0.7085
vn -0.5584 0.4318 0.7083
vn -0.5572 0.4335 0.7083
vn -0.5015 0.4970 0.7082
vn -0.4998 0.4988 0.7081
vn -0.4369 0.5549 0.7079
vn -0.4347 0.5567 0.7079
vn -0.3657 0.6045 0.7077
vn -0.3631 0.6061 0.7077
vn -0.2891 0.6449 0.7075
vn -0.2859 0.6464 0.7074
vn -0.2080 0.6757 0.7072
vn -0.2044 0.6768 0.7072
vn 0.0705 0.6901 0.7203
vn 0.0927 0.6929 0.7151
vn -0.1642 -0.6944 0.7006
vn -0.4623 -0.0081 0.8867
vn 0.4670 0.0093 0.8842
vn 0.8244 0.0158 0.5658
vn 0.9929 0.0187 0.1179
vn 0.9339 0.0173 -0.3571
vn 0.6610 0.0119 -0.7503
vn 0.2367 0.0038 -0.9716
vn -0.2419 -0.0051 -0.9703
vn -0.6650 -0.0129 -0.7467
vn -0.9358 -0.0177 -0.3521
vn -0.9922 -0.0185 0.1232
vn -0.8213 -0.0150 0.5703
vn -0.4622 -0.0081 0.8867
vn 0.9929 0.0187 0.1178
vn 0.2366 0.0038 -0.9716
vn 0.2969 -0.9549 -0.0002
vn 0.2968 -0.9549 -0.0006
vn 0.4044 -0.9146 -0.0003
vn 0.4115 -0.9114 -0.0005
vn 0.5068 -0.8621 -0.0007
vn 0.5199 -0.8542 -0.0009
vn 0.6024 -0.7982 -0.0010
vn 0.6205 -0.7842 -0.0012
vn 0.6901 -0.7238 -0.0014
vn 0.7118 -0.7023 -0.0014
vn 0.7686 -0.6398 -0.0015
vn 0.7924 -0.6100 -0.0018
vn 0.8369 -0.5473 -0.0018
vn 0.8611 -0.5084 -0.0020
vn 0.8942 -0.4477 -0.0021
vn 0.9169 -0.3992 -0.0022
vn 0.8942 -0.4476 -0.0021
vn 0.9416 -0.3367 -0.0022
vn 0.9588 -0.2840 -0.0025
vn 0.9753 -0.2209 -0.0025
vn 0.9864 -0.1645 -0.0025
vn 0.9948 -0.1018 -0.0025
vn 0.9991 -0.0426 -0.0027
vn 0.9998 0.0187 -0.0026
vn 0.9968 0.0800 -0.0027
vn 0.9903 0.1390 -0.0028
vn 0.9795 0.2014 -0.0028
vn 0.9663 0.2572 -0.0027
vn 0.9475 0.3197 -0.0029
vn 0.9283 0.3717 -0.0027
vn 0.9013 0.4333 -0.0028
vn 0.8768 0.4808 -0.0027
vn 0.8415 0.5403 -0.0026
vn 0.8159 0.5783 -0.0026
vn 0.7690 0.6392 -0.0025
vn 0.7441 0.6681 -0.0024
vn 0.6850 0.7285 -0.0023
vn 0.6625 0.7491 -0.0022
vn 0.5907 0.8069 -0.0022
vn 0.5721 0.8202 -0.0019
vn 0.4875 0.8731 -0.0019
vn 0.4741 0.8804 -0.0018
vn 0.3770 0.9262 -0.0016
vn 0.3698 0.9291 -0.0014
vn 0.2609 0.9654 -0.0013
vn -0.2371 -0.9715 0.0013
vn -0.3462 -0.9382 0.0016
vn -0.4508 -0.8926 0.0018
vn -0.5495 -0.8355 0.0020
vn -0.6411 -0.7675 0.0022
vn -0.7243 -0.6894 0.0024
vn -0.7982 -0.6024 0.0025
vn -0.8616 -0.5076 0.0027
vn -0.9138 -0.4062 0.0027
vn -0.9541 -0.2994 0.0028
vn -0.9820 -0.1888 0.0028
vn -0.9971 -0.0757 0.0027
vn -0.9993 0.0383 0.0027
vn -0.9884 0.1519 0.0026
vn -0.9647 0.2635 0.0024
vn -0.9284 0.3717 0.0023
vn -0.8800 0.4750 0.0021
vn -0.8202 0.5721 0.0018
vn -0.7497 0.6618 0.0016
vn -0.6694 0.7429 0.0013
vn -0.5804 0.8143 0.0010
vn -0.4839 0.8751 0.0007
vn -0.3811 0.9246 0.0004
vn -0.2733 0.9619 0.0001
vn 0.9998 0.0188 -0.0027
vn -0.9998 -0.0188 0.0027
vn -0.5162 0.8565 0.0008
vn 0.0027 0.0005 1.0000
vn -0.0027 -0.0012 -1.0000
vn -0.0026 -0.0008 -1.0000
vn -0.0026 -0.0012 -1.0000
vn -0.0028 -0.0011 -1.0000
vn -0.0038 -0.0001 -1.0000
vn -0.0027 -0.0014 -1.0000
vn 0.2733 -0.9619 -0.0001
vn 0.3811 -0.9246 -0.0004
vn 0.4839 -0.8751 -0.0007
vn 0.5804 -0.8143 -0.0010
vn 0.6694 -0.7429 -0.0013
vn 0.7497 -0.6618 -0.0016
vn 0.8202 -0.5721 -0.0018
vn 0.8800 -0.4750 -0.0021
vn 0.9284 -0.3717 -0.0023
vn 0.9647 -0.2635 -0.0024
vn 0.9884 -0.1519 -0.0026
vn 0.9993 -0.0383 -0.0027
vn 0.9971 0.0757 -0.0027
vn 0.9820 0.1888 -0.0028
vn 0.9541 0.2994 -0.0028
vn 0.9138 0.4062 -0.0027
vn 0.8616 0.5076 -0.0027
vn 0.7982 0.6024 -0.0025
vn 0.7243 0.6894 -0.0024
vn 0.6411 0.7675 -0.0022
vn 0.5495 0.8355 -0.0020
vn 0.4508 0.8926 -0.0018
vn 0.3462 0.9382 -0.0016
vn 0.2371 0.9715 -0.0013
vn -0.0188 0.9998 -0.0005
vn -0.2968 0.9549 0.0002
vn -0.2969 0.9549 -0.0003
vn -0.4044 0.9146 0.0007
vn -0.4114 0.9115 -0.0001
vn -0.5068 0.8621 0.0009
vn -0.5199 0.8542 0.0007
vn -0.6024 0.7982 0.0012
vn -0.6205 0.7842 0.0010
vn -0.6900 0.7238 0.0015
vn -0.7118 0.7023 0.0014
vn -0.7686 0.6398 0.0017
vn -0.7924 0.6100 0.0017
vn -0.8369 0.5473 0.0019
vn -0.8611 0.5084 0.0020
vn -0.8942 0.4476 0.0021
vn -0.9169 0.3992 0.0022
vn -0.9416 0.3367 0.0024
vn -0.9588 0.2840 0.0023
vn -0.9753 0.2209 0.0025
vn -0.9864 0.1645 0.0025
vn -0.9948 0.1018 0.0027
vn -0.9991 0.0426 0.0027
vn -0.9998 -0.0187 0.0028
vn -0.9968 -0.0800 0.0027
vn -0.9903 -0.1390 0.0028
vn -0.9795 -0.2014 0.0027
vn -0.9663 -0.2572 0.0028
vn -0.9475 -0.3197 0.0026
vn -0.9283 -0.3717 0.0028
vn -0.9013 -0.4333 0.0027
vn -0.8768 -0.4808 0.0027
vn -0.8415 -0.5403 0.0026
vn -0.8158 -0.5783 0.0027
vn -0.7690 -0.6392 0.0024
vn -0.7441 -0.6681 0.0025
vn -0.6850 -0.7285 0.0023
vn -0.6625 -0.7491 0.0023
vn -0.5907 -0.8069 0.0020
vn -0.5721 -0.8202 0.0023
vn -0.4876 -0.8731 0.0019
vn -0.4742 -0.8804 0.0017
vn -0.3770 -0.9262 0.0015
vn -0.3698 -0.9291 0.0018
vn -0.2609 -0.9654 0.0013
vn 0.0188 -0.9998 0.0005
vn -0.0113 0.7074 0.7067
vn -0.0113 0.7075 0.7066
vn 0.2652 0.6567 0.7059
vn 0.1827 0.6841 0.7062
vn 0.1863 0.6831 0.7062
vn 0.0825 0.6921 0.7171
vn 0.3827 0.6447 0.6617
vn 0.2686 0.6553 0.7060
vn 0.3438 0.6195 0.7057
vn 0.3467 0.6178 0.7058
vn 0.4174 0.5726 0.7056
vn 0.4196 0.5710 0.7056
vn 0.4845 0.5173 0.7054
vn 0.4863 0.5156 0.7055
vn 0.5444 0.4541 0.7053
vn 0.5457 0.4524 0.7053
vn 0.5960 0.3839 0.7053
vn 0.5969 0.3824 0.7053
vn 0.6386 0.3081 0.7051
vn 0.6392 0.3063 0.7054
vn 0.6716 0.2274 0.7052
vn 0.6719 0.2266 0.7051
vn 0.6945 0.1435 0.7050
vn 0.6945 0.1426 0.7052
vn 0.7068 0.0572 0.7051
vn 0.7068 0.0569 0.7052
vn 0.7084 -0.0295 0.7052
vn 0.7084 -0.0298 0.7051
vn 0.6993 -0.1156 0.7054
vn 0.6994 -0.1166 0.7051
vn 0.6799 -0.1999 0.7055
vn 0.6796 -0.2012 0.7054
vn 0.6502 -0.2817 0.7056
vn 0.6497 -0.2830 0.7055
vn 0.6109 -0.3588 0.7058
vn 0.6100 -0.3604 0.7057
vn 0.5622 -0.4308 0.7059
vn 0.5610 -0.4324 0.7059
vn 0.5053 -0.4961 0.7061
vn 0.5035 -0.4980 0.7060
vn 0.4407 -0.5540 0.7063
vn 0.4385 -0.5557 0.7063
vn 0.3695 -0.6036 0.7065
vn 0.3668 -0.6052 0.7065
vn 0.2929 -0.6440 0.7067
vn 0.2896 -0.6456 0.7067
vn 0.2119 -0.6747 0.7070
vn 0.2081 -0.6759 0.7070
vn 0.2084 -0.6769 0.7059
vn 0.2512 -0.6818 0.6870
vn 0.0151 -0.7065 0.7076
vn -0.0027 -0.0009 -1.0000
vn 0.0027 0.0009 1.0000
vn 0.6199 0.7207 -0.3102
vn 0.4760 0.7436 -0.4696
vn 0.4999 0.7338 -0.4601
vn 0.3586 0.7189 -0.5955
vn 0.3997 0.6910 -0.6023
vn 0.2085 0.6757 -0.7071
vn 0.2336 0.6622 -0.7120
vn 0.0577 0.6064 -0.7931
vn 0.0729 0.6023 -0.7950
vn -0.0037 0.5844 -0.8114
vn -0.1289 0.5161 -0.8468
vn 0.0885 0.5975 -0.7970
vn 0.1041 0.5918 -0.7994
vn 0.1194 0.5851 -0.8021
vn 0.1344 0.5773 -0.8054
vn 0.1489 0.5681 -0.8093
vn 0.3645 0.5535 -0.7489
vn 0.3853 0.5252 -0.7587
vn 0.6020 0.4491 -0.6603
vn 0.6229 0.3979 -0.6735
vn 0.7821 0.3442 -0.5195
vn 0.8016 0.2738 -0.5315
vn 0.9095 0.2216 -0.3517
vn 0.9230 0.1360 -0.3600
vn 0.9281 0.0484 -0.3690
vn 0.9244 -0.0413 -0.3791
vn 0.9110 -0.1333 -0.3904
vn 0.8870 -0.2260 -0.4027
vn 0.8515 -0.3190 -0.4162
vn 0.8028 -0.4121 -0.4310
vn 0.7409 -0.5420 -0.3966
vn 0.1627 0.5576 -0.8140
vn 0.4033 0.4952 -0.7695
vn 0.6388 0.3439 -0.6882
vn 0.8143 0.2005 -0.5447
vn 0.1753 0.5455 -0.8196
vn 0.1862 0.5318 -0.8261
vn 0.1955 0.5161 -0.8339
vn 0.2020 0.4986 -0.8430
vn 0.4379 0.3885 -0.8107
vn 0.4399 0.3479 -0.8279
vn 0.6494 0.1626 -0.7429
vn 0.6368 0.0964 -0.7650
vn 0.8038 -0.0373 -0.5937
vn 0.7804 -0.1211 -0.6135
vn 0.2052 0.4790 -0.8535
vn 0.4356 0.3047 -0.8470
vn 0.6132 0.0276 -0.7895
vn 0.7442 -0.2067 -0.6352
vn 0.2042 0.4574 -0.8655
vn 0.1520 0.4764 -0.8660
vn 0.4235 0.2591 -0.8680
vn 0.4565 0.1409 -0.8785
vn 0.6673 -0.2234 -0.7105
vn 0.8882 0.3045 -0.3441
vn 0.8596 0.3838 -0.3372
vn 0.8241 0.4597 -0.3309
vn 0.7252 0.4747 -0.4987
vn 0.6889 0.5344 -0.4897
vn 0.5477 0.5421 -0.6374
vn 0.5152 0.5837 -0.6275
vn 0.3168 0.6030 -0.7322
vn 0.2904 0.6247 -0.7249
vn 0.7816 0.5324 -0.3251
vn 0.6475 0.5909 -0.4813
vn 0.4795 0.6227 -0.6184
vn 0.2625 0.6445 -0.7182
vn 0.7324 0.6012 -0.3197
vn 0.6776 0.6647 -0.3147
vn 0.5512 0.6918 -0.4665
vn 0.6013 0.6435 -0.4736
vn 0.4407 0.6586 -0.6100
vn 0.7564 0.4114 -0.5086
vn 0.5767 0.4973 -0.6482
vn 0.3415 0.5793 -0.7401
vn 0.8195 0.1243 -0.5594
vn 0.6492 0.2867 -0.7045
vn 0.4186 0.4623 -0.7817
vn 0.8164 0.0446 -0.5758
vn 0.6531 0.2260 -0.7227
vn 0.4304 0.4268 -0.7954
vn 0.6257 -0.4908 -0.6064
vn 0.5222 -0.4560 -0.7207
vn 0.4149 -0.6639 -0.6222
vn 0.3449 -0.3535 -0.8695
vn 0.2055 -0.2309 -0.9510
vn 0.1568 -0.0513 -0.9863
vn 0.0706 0.0549 -0.9960
vn 0.0347 0.2153 -0.9759
vn -0.0201 0.3503 -0.9364
vn -0.0312 0.4644 -0.8851
vn -0.0118 0.5033 -0.8640
vn -0.0134 0.5946 -0.8039
vn 0.0158 0.5712 -0.8206
vn 0.0201 0.5550 -0.8316
vn 0.0147 0.5137 -0.8578
vn -0.0054 0.4789 -0.8778
vn -0.0439 0.4461 -0.8939
vn -0.1085 0.4213 -0.9004
vn -0.1557 0.4171 -0.8954
vn -0.2379 0.2060 -0.9492
vn -0.3146 0.1923 -0.9295
vn -0.3555 -0.0309 -0.9341
vn -0.4544 -0.0574 -0.8890
vn -0.4482 -0.2656 -0.8536
vn -0.5562 -0.3024 -0.7741
vn -0.5078 -0.4748 -0.7188
vn -0.6101 -0.5140 -0.6030
vn -0.3916 -0.6778 -0.6222
vn -0.7221 -0.5694 -0.3928
vn -0.6621 -0.2484 -0.7070
vn -0.4661 0.1235 -0.8760
vn -0.1744 0.4702 -0.8652
vn 0.5628 -0.2814 -0.7772
vn 0.4540 -0.2491 -0.8555
vn 0.3521 -0.0179 -0.9358
vn 0.2038 0.0518 -0.9776
vn 0.1150 0.2583 -0.9592
vn 0.0426 0.3134 -0.9487
vn -0.0170 0.4786 -0.8779
vn -0.0384 0.5122 -0.8580
vn 0.4513 -0.0404 -0.8914
vn 0.3021 0.2039 -0.9312
vn 0.1351 0.4226 -0.8962
vn 0.0881 0.4249 -0.9009
vn 0.0229 0.4470 -0.8943
vn 0.2255 0.2146 -0.9503
vn -0.0418 0.5703 -0.8204
vn -0.1482 -0.4023 -0.9034
vn -0.2007 -0.2371 -0.9505
vn -0.3344 -0.3650 -0.8689
vn -0.0248 -0.1321 -0.9909
vn -0.0300 0.0473 -0.9984
vn -0.1043 -0.1072 -0.9888
vn -0.1592 -0.0560 -0.9856
vn -0.2797 -0.1667 -0.9455
vn -0.2097 0.0449 -0.9767
vn -0.0120 0.1092 -0.9939
vn -0.0024 -0.0161 -0.9999
vn -0.0063 0.1968 -0.9804
vn 0.0028 0.1086 -0.9941
vn -0.0082 0.3027 -0.9531
vn -0.0087 0.2306 -0.9730
vn -0.0101 0.4055 -0.9141
vn 0.0248 -0.1322 -0.9909
vn 0.1595 -0.3984 -0.9032
vn 0.1039 -0.1047 -0.9891
vn 0.2823 -0.1573 -0.9463
vn -0.0051 0.2316 -0.9728
vn 0.0020 0.3513 -0.9362
vn 0.0089 0.4653 -0.8851
vn -0.0178 0.1811 -0.9833
vn -0.0051 0.3128 -0.9498
vn 0.0076 0.4385 -0.8987
vn -0.0769 0.0534 -0.9956
vn -0.0473 0.2149 -0.9755
vn -0.0163 0.3703 -0.9288
vn 0.1016 0.1335 -0.9858
vn -0.0022 0.3697 -0.9291
vn -0.1111 0.1303 -0.9852
vn -0.1290 0.2542 -0.9585
vn -0.0588 0.3118 -0.9483
vn 0.1047 0.5204 -0.8475
vn -0.0848 0.6036 -0.7927
vn -0.1001 0.5989 -0.7945
vn -0.2911 0.6337 -0.7167
vn -0.3180 0.6129 -0.7233
vn -0.5064 0.6035 -0.6159
vn -0.5406 0.5634 -0.6248
vn -0.7117 0.5073 -0.4860
vn -0.7460 0.4456 -0.4950
vn -0.8759 0.3494 -0.3327
vn -0.9015 0.2686 -0.3394
vn -0.9194 0.1854 -0.3468
vn -0.9295 0.0997 -0.3551
vn -0.0227 0.5841 -0.8114
vn -0.2375 0.6673 -0.7059
vn -0.2625 0.6527 -0.7107
vn -0.4290 0.6751 -0.6001
vn -0.4692 0.6408 -0.6077
vn -0.6285 0.6194 -0.4704
vn -0.6725 0.5652 -0.4779
vn -0.8035 0.5015 -0.3209
vn -0.8431 0.4274 -0.3265
vn -0.3884 0.7046 -0.5938
vn -0.5063 0.7250 -0.4669
vn -0.5296 0.7143 -0.4574
vn -0.6483 0.6968 -0.3068
vn -0.7043 0.6382 -0.3110
vn -0.7572 0.5717 -0.3157
vn -0.9312 0.0114 -0.3643
vn -0.9240 -0.0781 -0.3744
vn -0.9072 -0.1684 -0.3856
vn -0.8266 0.0915 -0.5554
vn -0.8205 0.0130 -0.5715
vn -0.6634 0.2607 -0.7014
vn -0.6650 0.2006 -0.7194
vn -0.4505 0.4093 -0.7934
vn -0.4563 0.3714 -0.8086
vn -0.2107 0.5240 -0.8252
vn -0.2192 0.5082 -0.8329
vn -0.2251 0.4905 -0.8419
vn -0.2276 0.4708 -0.8524
vn -0.2258 0.4492 -0.8644
vn -0.8799 -0.2596 -0.3979
vn -0.8049 -0.0678 -0.5895
vn -0.6590 0.1377 -0.7394
vn -0.4569 0.3310 -0.8256
vn -0.8408 -0.3516 -0.4117
vn -0.7888 -0.4423 -0.4268
vn -0.6178 0.0042 -0.7863
vn -0.7391 -0.2349 -0.6313
vn -0.7783 -0.1511 -0.6095
vn -0.4375 0.2427 -0.8658
vn -0.2002 0.5382 -0.8187
vn -0.4402 0.4451 -0.7798
vn -0.6552 0.3183 -0.6851
vn -0.8243 0.1680 -0.5407
vn -0.1881 0.5508 -0.8131
vn -0.4263 0.4786 -0.7676
vn -0.6413 0.3733 -0.6704
vn -0.8144 0.2422 -0.5274
vn -0.1748 0.5618 -0.8086
vn -0.1607 0.5715 -0.8047
vn -0.1459 0.5799 -0.8015
vn -0.3896 0.5385 -0.7471
vn -0.3677 0.5654 -0.7384
vn -0.5990 0.4739 -0.6454
vn -0.5717 0.5200 -0.6346
vn -0.7748 0.3807 -0.5048
vn -0.1307 0.5873 -0.7988
vn -0.3437 0.5902 -0.7304
vn -0.1153 0.5935 -0.7965
vn -0.4093 0.5097 -0.7568
vn -0.6224 0.4251 -0.6572
vn -0.7976 0.3131 -0.5155
vn -0.4508 0.2881 -0.8449
vn -0.6438 0.0718 -0.7618
vn -0.5798 0.6701 -0.4635
vn -0.6216 -0.7211 -0.3060
vn -0.4784 -0.7443 -0.4661
vn -0.5025 -0.7342 -0.4565
vn -0.3619 -0.7197 -0.5925
vn -0.4028 -0.6919 -0.5992
vn -0.2124 -0.6766 -0.7051
vn -0.2374 -0.6631 -0.7099
vn -0.0619 -0.6074 -0.7920
vn -0.0771 -0.6034 -0.7937
vn -0.0009 -0.5855 -0.8107
vn 0.1243 -0.5172 -0.8468
vn -0.0927 -0.5985 -0.7957
vn -0.1084 -0.5928 -0.7980
vn -0.1238 -0.5862 -0.8007
vn -0.1389 -0.5783 -0.8039
vn -0.1531 -0.5692 -0.8078
vn -0.3684 -0.5545 -0.7462
vn -0.3892 -0.5264 -0.7560
vn -0.6055 -0.4500 -0.6564
vn -0.6265 -0.3988 -0.6697
vn -0.7848 -0.3449 -0.5149
vn -0.8045 -0.2744 -0.5268
vn -0.9114 -0.2220 -0.3465
vn -0.9250 -0.1364 -0.3547
vn -0.9301 -0.0489 -0.3640
vn -0.9265 0.0408 -0.3741
vn -0.9130 0.1328 -0.3857
vn -0.8892 0.2255 -0.3982
vn -0.8537 0.3185 -0.4120
vn -0.8051 0.4115 -0.4272
vn -0.7431 0.5414 -0.3934
vn -0.1671 -0.5587 -0.8124
vn -0.4076 -0.4958 -0.7668
vn -0.6424 -0.3449 -0.6844
vn -0.8171 -0.2013 -0.5402
vn -0.1795 -0.5466 -0.8179
vn -0.1908 -0.5329 -0.8244
vn -0.1998 -0.5172 -0.8322
vn -0.2067 -0.4997 -0.8412
vn -0.4424 -0.3896 -0.8078
vn -0.4446 -0.3487 -0.8250
vn -0.6534 -0.1635 -0.7391
vn -0.6409 -0.0975 -0.7614
vn -0.8070 0.0365 -0.5894
vn -0.7837 0.1202 -0.6094
vn -0.2099 -0.4802 -0.8517
vn -0.4402 -0.3059 -0.8442
vn -0.6174 -0.0286 -0.7862
vn -0.7475 0.2059 -0.6315
vn -0.2089 -0.4586 -0.8638
vn -0.1566 -0.4775 -0.8646
vn -0.4283 -0.2602 -0.8654
vn -0.4612 -0.1421 -0.8758
vn -0.6711 0.2225 -0.7072
vn -0.8900 -0.3050 -0.3389
vn -0.8614 -0.3843 -0.3320
vn -0.8258 -0.4602 -0.3259
vn -0.7280 -0.4753 -0.4941
vn -0.6916 -0.5351 -0.4852
vn -0.5511 -0.5429 -0.6337
vn -0.5187 -0.5846 -0.6239
vn -0.3209 -0.6039 -0.7296
vn -0.2942 -0.6257 -0.7225
vn -0.7833 -0.5328 -0.3201
vn -0.6501 -0.5915 -0.4770
vn -0.4827 -0.6235 -0.6150
vn -0.2662 -0.6455 -0.7159
vn -0.7341 -0.6016 -0.3149
vn -0.6792 -0.6652 -0.3102
vn -0.5536 -0.6925 -0.4626
vn -0.6039 -0.6442 -0.4694
vn -0.4439 -0.6594 -0.6067
vn -0.7592 -0.4120 -0.5039
vn -0.5802 -0.4981 -0.6444
vn -0.3456 -0.5802 -0.7375
vn -0.8226 -0.1250 -0.5547
vn -0.6531 -0.2876 -0.7005
vn -0.4228 -0.4633 -0.7788
vn -0.8194 -0.0454 -0.5714
vn -0.6570 -0.2269 -0.7190
vn -0.4347 -0.4278 -0.7925
vn -0.6289 0.4899 -0.6037
vn -0.5261 0.4550 -0.7184
vn -0.4182 0.6631 -0.6209
vn -0.3495 0.3524 -0.8681
vn -0.2106 0.2297 -0.9502
vn -0.1621 0.0500 -0.9855
vn -0.0759 -0.0563 -0.9955
vn -0.0399 -0.2167 -0.9754
vn 0.0152 -0.3515 -0.9361
vn 0.0263 -0.4655 -0.8847
vn 0.0072 -0.5044 -0.8634
vn 0.0090 -0.5956 -0.8032
vn -0.0203 -0.5725 -0.8196
vn -0.0246 -0.5560 -0.8308
vn -0.0193 -0.5148 -0.8571
vn 0.0007 -0.4802 -0.8771
vn 0.0391 -0.4472 -0.8936
vn 0.1036 -0.4225 -0.9004
vn 0.1509 -0.4184 -0.8957
vn 0.2330 -0.2073 -0.9501
vn 0.3096 -0.1936 -0.9310
vn 0.3506 0.0296 -0.9361
vn 0.4496 0.0562 -0.8915
vn 0.4435 0.2645 -0.8564
vn 0.5519 0.3014 -0.7775
vn 0.5038 0.4739 -0.7223
vn 0.6069 0.5131 -0.6070
vn 0.3883 0.6770 -0.6252
vn 0.7200 0.5689 -0.3974
vn 0.6583 0.2476 -0.7109
vn 0.4614 -0.1247 -0.8784
vn 0.1697 -0.4713 -0.8655
vn -0.5669 0.2804 -0.7746
vn -0.4587 0.2480 -0.8533
vn -0.3574 0.0166 -0.9338
vn -0.2092 -0.0531 -0.9764
vn -0.1201 -0.2596 -0.9582
vn -0.0476 -0.3145 -0.9480
vn 0.0122 -0.4797 -0.8773
vn 0.0339 -0.5134 -0.8575
vn -0.4561 0.0392 -0.8891
vn -0.3071 -0.2052 -0.9293
vn -0.1399 -0.4238 -0.8949
vn -0.0930 -0.4261 -0.8999
vn -0.0276 -0.4482 -0.8935
vn -0.2307 -0.2158 -0.9488
vn 0.0373 -0.5712 -0.8200
vn 0.1434 0.4011 -0.9047
vn 0.1955 0.2360 -0.9519
vn 0.3298 0.3639 -0.8711
vn 0.0195 0.1307 -0.9912
vn 0.0246 -0.0485 -0.9985
vn 0.0991 0.1058 -0.9894
vn 0.1539 0.0548 -0.9866
vn 0.2746 0.1655 -0.9472
vn 0.2043 -0.0462 -0.9778
vn 0.0067 -0.1105 -0.9939
vn -0.0030 0.0145 -0.9999
vn 0.0011 -0.1982 -0.9802
vn -0.0081 -0.1099 -0.9939
vn 0.0031 -0.3040 -0.9527
vn 0.0036 -0.2321 -0.9727
vn 0.0052 -0.4067 -0.9136
vn -0.0302 0.1310 -0.9909
vn -0.1644 0.3972 -0.9029
vn -0.1093 0.1034 -0.9886
vn -0.2874 0.1560 -0.9450
vn -0.0001 -0.2328 -0.9725
vn -0.0070 -0.3524 -0.9358
vn -0.0138 -0.4665 -0.8844
vn 0.0125 -0.1823 -0.9832
vn -0.0000 -0.3139 -0.9495
vn -0.0125 -0.4396 -0.8981
vn 0.0717 -0.0548 -0.9959
vn 0.0421 -0.2161 -0.9755
vn 0.0114 -0.3714 -0.9284
vn -0.1069 -0.1348 -0.9851
vn -0.0027 -0.3710 -0.9286
vn 0.1057 -0.1317 -0.9856
vn 0.1238 -0.2555 -0.9588
vn 0.0536 -0.3132 -0.9482
vn -0.1088 -0.5216 -0.8462
vn 0.0805 -0.6047 -0.7924
vn 0.0957 -0.6000 -0.7943
vn 0.2873 -0.6346 -0.7174
vn 0.3140 -0.6139 -0.7242
vn 0.5029 -0.6044 -0.6178
vn 0.5373 -0.5642 -0.6269
vn 0.7090 -0.5080 -0.4892
vn 0.7434 -0.4461 -0.4983
vn 0.8742 -0.3497 -0.3368
vn 0.8997 -0.2690 -0.3438
vn 0.9175 -0.1859 -0.3516
vn 0.9276 -0.1002 -0.3599
vn 0.0185 -0.5851 -0.8107
vn 0.2337 -0.6683 -0.7062
vn 0.2588 -0.6536 -0.7112
vn 0.4258 -0.6760 -0.6015
vn 0.4660 -0.6416 -0.6093
vn 0.6260 -0.6201 -0.4730
vn 0.6699 -0.5658 -0.4807
vn 0.8018 -0.5019 -0.3245
vn 0.8412 -0.4279 -0.3305
vn 0.3857 -0.7056 -0.5945
vn 0.5038 -0.7257 -0.4685
vn 0.5274 -0.7148 -0.4593
vn 0.6467 -0.6972 -0.3094
vn 0.7025 -0.6387 -0.3140
vn 0.7555 -0.5722 -0.3191
vn 0.9293 -0.0119 -0.3692
vn 0.9219 0.0776 -0.3795
vn 0.9051 0.1679 -0.3907
vn 0.8235 -0.0923 -0.5597
vn 0.8174 -0.0137 -0.5760
vn 0.6597 -0.2616 -0.7045
vn 0.6612 -0.2015 -0.7227
vn 0.4462 -0.4104 -0.7953
vn 0.4520 -0.3724 -0.8106
vn 0.2063 -0.5251 -0.8257
vn 0.2147 -0.5093 -0.8334
vn 0.2206 -0.4916 -0.8424
vn 0.2231 -0.4719 -0.8530
vn 0.2212 -0.4504 -0.8650
vn 0.8778 0.2590 -0.4030
vn 0.8018 0.0671 -0.5939
vn 0.6550 -0.1387 -0.7427
vn 0.4522 -0.3322 -0.8277
vn 0.8386 0.3510 -0.4167
vn 0.7865 0.4418 -0.4316
vn 0.6136 -0.0053 -0.7896
vn 0.7357 0.2341 -0.6356
vn 0.7750 0.1502 -0.6139
vn 0.4329 -0.2439 -0.8678
vn 0.1958 -0.5393 -0.8190
vn 0.4359 -0.4462 -0.7816
vn 0.6515 -0.3192 -0.6882
vn 0.8214 -0.1687 -0.5448
vn 0.1839 -0.5519 -0.8134
vn 0.4220 -0.4797 -0.7693
vn 0.6376 -0.3742 -0.6733
vn 0.8116 -0.2429 -0.5314
vn 0.1704 -0.5629 -0.8087
vn 0.1564 -0.5726 -0.8048
vn 0.1416 -0.5810 -0.8015
vn 0.3856 -0.5395 -0.7485
vn 0.3637 -0.5663 -0.7396
vn 0.5957 -0.4747 -0.6480
vn 0.5684 -0.5208 -0.6370
vn 0.7722 -0.3813 -0.5083
vn 0.1264 -0.5883 -0.7987
vn 0.3398 -0.5912 -0.7315
vn 0.1111 -0.5946 -0.7963
vn 0.4053 -0.5107 -0.7583
vn 0.6189 -0.4260 -0.6600
vn 0.7948 -0.3138 -0.5195
vn 0.4466 -0.2889 -0.8468
vn 0.6396 -0.0729 -0.7652
vn 0.5772 -0.6708 -0.4657
vt 0.000000 -0.384633
vt 6.666667 -0.192316
vt 0.000000 0.000000
vt 6.666667 0.192316
vt 0.000000 0.384633
vt 6.666667 0.576949
vt 0.000000 0.769266
vt 6.666667 0.961582
vt 0.000000 1.153898
vt 6.666667 1.346215
vt 0.000000 1.538531
vt 6.666667 1.730848
vt 0.000000 1.923164
vt 6.666667 2.115481
vt 0.000000 2.307797
vt 6.666667 2.500113
vt 0.000000 2.692430
vt 6.666667 2.884746
vt 0.000000 3.077063
vt 6.666667 3.269379
vt 0.000000 3.461695
vt 6.666667 3.654012
vt -0.000000 3.846328
vt 6.666667 4.038645
vt -0.000000 4.230961
vt 6.666667 4.423278
vt -0.000000 4.615594
vt 6.666667 4.807910
vt -0.000000 5.000227
vt 6.666667 5.192543
vt -0.000000 5.384860
vt 6.666667 5.577176
vt -0.000000 5.769492
vt 6.666667 5.961809
vt -0.000000 6.154125
vt 6.666667 6.346442
vt -0.000000 6.538758
vt 6.666667 6.731075
vt -0.000000 6.923391
vt 6.666667 7.115707
vt 0.000000 7.308024
vt 0.000000 -6.923391
vt 6.666667 -7.115707
vt 6.666667 -6.731075
vt 0.000000 -6.538758
vt 6.666667 -6.346442
vt 0.000000 -6.154125
vt 6.666667 -5.961809
vt 0.000000 -5.769492
vt 6.666667 -5.577176
vt 0.000000 -5.384860
vt 6.666667 -5.192543
vt 0.000000 -5.000227
vt 6.666667 -4.807910
vt 0.000000 -4.615594
vt 6.666667 -4.423278
vt 0.000000 -4.230961
vt 6.666667 -4.038645
vt 0.000000 -3.846328
vt 6.666667 -3.654012
vt 0.000000 -3.461695
vt 6.666667 -3.269379
vt 0.000000 -3.077063
vt 6.666667 -2.884746
vt 0.000000 -2.692430
vt 6.666667 -2.500113
vt 0.000000 -2.307797
vt 6.666667 -2.115481
vt 0.000000 -1.923164
vt 6.666667 -1.730848
vt 0.000000 -1.538531
vt 6.666667 -1.346215
vt 0.000000 -1.153898
vt 6.666667 -0.961582
vt 0.000000 -0.769266
vt 6.666667 -0.576949
vt 20.000000 0.384633
vt 13.333333 0.192316
vt 20.000000 0.000000
vt 13.333333 -0.192316
vt 20.000000 -0.384633
vt 13.333333 -0.576949
vt 20.000000 -0.769266
vt 13.333333 -0.961582
vt 20.000000 -1.153898
vt 13.333333 -1.346215
vt 20.000000 -1.538531
vt 13.333333 -1.730848
vt 20.000000 -1.923164
vt 13.333333 -2.115481
vt 20.000000 -2.307797
vt 13.333333 -2.500113
vt 20.000000 -2.692430
vt 13.333333 -2.884746
vt 20.000000 -3.077063
vt 13.333333 -3.269379
vt 20.000000 -3.461695
vt 13.333333 -3.654012
vt 20.000000 -3.846328
vt 13.333333 -4.038645
vt 20.000000 -4.230961
vt 13.333333 -4.423278
vt 20.000000 -4.615594
vt 13.333333 -4.807910
vt 20.000000 -5.000227
vt 13.333333 -5.192543
vt 20.000000 -5.384860
vt 13.333333 -5.577176
vt 20.000000 -5.769492
vt 13.333333 -5.961809
vt 20.000000 -6.154125
vt 13.333333 -6.346442
vt 20.000000 -6.538758
vt 13.333333 -6.731075
vt 20.000000 -6.923391
vt 13.333333 -7.115707
vt 20.000000 -7.308024
vt 20.000000 6.923391
vt 13.333333 7.115707
vt 13.333333 6.731075
vt 20.000000 6.538758
vt 13.333333 6.346442
vt 20.000000 6.154125
vt 13.333333 5.961809
vt 20.000000 5.769492
vt 13.333333 5.577176
vt 20.000000 5.384860
vt 13.333333 5.192543
vt 20.000000 5.000227
vt 13.333333 4.807910
vt 20.000000 4.615594
vt 13.333333 4.423278
vt 20.000000 4.230961
vt 13.333333 4.038645
vt 20.000000 3.846328
vt 13.333333 3.654012
vt 20.000000 3.461695
vt 13.333333 3.269379
vt 20.000000 3.077063
vt 13.333333 2.884746
vt 20.000000 2.692430
vt 13.333333 2.500113
vt 20.000000 2.307797
vt 13.333333 2.115481
vt 20.000000 1.923164
vt 13.333333 1.730848
vt 20.000000 1.538531
vt 13.333333 1.346215
vt 20.000000 1.153898
vt 13.333333 0.961582
vt 20.000000 0.769266
vt 13.333333 0.576949
vt -0.000000 0.388565
vt -6.666667 0.199534
vt -6.666667 -0.199534
vt -0.000000 -0.388565
vt -6.666667 -0.598601
vt -0.000000 -0.777131
vt -6.666667 -0.997668
vt -0.000000 -1.165696
vt -6.666667 -1.396735
vt -0.000000 -1.554262
vt -6.666667 -1.795802
vt -0.000000 -1.942827
vt -6.666667 -2.194869
vt -0.000000 -2.331392
vt -6.666667 -2.593937
vt -0.000000 -2.719958
vt -6.666667 -2.993004
vt -0.000000 -3.108523
vt -6.666667 -3.392071
vt -0.000000 -3.497089
vt -6.666667 -3.791138
vt -0.000000 -3.885654
vt -6.666667 -4.190205
vt -0.000000 -4.274219
vt -6.666667 -4.589273
vt -0.000000 -4.662785
vt -6.666667 -4.988340
vt -0.000000 -5.051350
vt -6.666667 -5.387407
vt -0.000000 -5.439916
vt -6.666667 -5.786474
vt -0.000000 -5.828481
vt -6.666667 -6.185541
vt -0.000000 -6.217047
vt -6.666667 -6.584608
vt -0.000000 -6.605612
vt -6.666667 -6.983676
vt -0.000000 -6.994177
vt -6.666667 -7.382743
vt 0.000000 -7.382743
vt 0.000000 7.382743
vt -6.666667 7.382743
vt 0.000000 6.994177
vt -6.666667 6.983676
vt 0.000000 6.605612
vt -6.666667 6.584608
vt 0.000000 6.217047
vt -6.666667 6.185541
vt 0.000000 5.828481
vt -6.666667 5.786474
vt 0.000000 5.439916
vt -6.666667 5.387407
vt 0.000000 5.051350
vt -6.666667 4.988340
vt 0.000000 4.662785
vt -6.666667 4.589273
vt 0.000000 4.274219
vt -6.666667 4.190205
vt 0.000000 3.885654
vt -6.666667 3.791138
vt -0.000000 3.497089
vt -6.666667 3.392071
vt -0.000000 3.108523
vt -6.666667 2.993004
vt -0.000000 2.719958
vt -6.666667 2.593937
vt -0.000000 2.331392
vt -6.666667 2.194869
vt -0.000000 1.942827
vt -6.666667 1.795802
vt -0.000000 1.554262
vt -6.666667 1.396735
vt -0.000000 1.165696
vt -6.666667 0.997668
vt -0.000000 0.777131
vt -6.666667 0.598601
vt -20.000000 -0.388565
vt -13.333333 -0.199534
vt -20.000000 0.000000
vt -13.333333 0.199534
vt -20.000000 0.388565
vt -13.333333 0.598601
vt -20.000000 0.777131
vt -13.333333 0.997668
vt -20.000000 1.165696
vt -13.333333 1.396735
vt -20.000000 1.554262
vt -13.333333 1.795802
vt -20.000000 1.942827
vt -13.333333 2.194869
vt -20.000000 2.331392
vt -13.333333 2.593937
vt -20.000000 2.719958
vt -13.333333 2.993004
vt -20.000000 3.108523
vt -13.333333 3.392071
vt -20.000000 3.497089
vt -13.333333 3.791138
vt -20.000000 3.885654
vt -13.333333 4.190205
vt -20.000000 4.274219
vt -13.333333 4.589273
vt -20.000000 4.662785
vt -13.333333 4.988340
vt -20.000000 5.051350
vt -13.333333 5.387407
vt -20.000000 5.439916
vt -13.333333 5.786474
vt -20.000000 5.828481
vt -13.333333 6.185541
vt -20.000000 6.217047
vt -13.333333 6.584608
vt -20.000000 6.605612
vt -13.333333 6.983676
vt -20.000000 6.994177
vt -13.333333 7.382743
vt -20.000000 7.382743
vt -20.000000 -7.382743
vt -13.333333 -7.382743
vt -20.000000 -6.994177
vt -13.333333 -6.983676
vt -20.000000 -6.605612
vt -13.333333 -6.584608
vt -20.000000 -6.217047
vt -13.333333 -6.185541
vt -20.000000 -5.828481
vt -13.333333 -5.786474
vt -20.000000 -5.439916
vt -13.333333 -5.387407
vt -20.000000 -5.051350
vt -13.333333 -4.988340
vt -20.000000 -4.662785
vt -13.333333 -4.589273
vt -20.000000 -4.274219
vt -13.333333 -4.190205
vt -20.000000 -3.885654
vt -13.333333 -3.791138
vt -20.000000 -3.497089
vt -13.333333 -3.392071
vt -20.000000 -3.108523
vt -13.333333 -2.993004
vt -20.000000 -2.719958
vt -13.333333 -2.593937
vt -20.000000 -2.331392
vt -13.333333 -2.194869
vt -20.000000 -1.942827
vt -13.333333 -1.795802
vt -20.000000 -1.554262
vt -13.333333 -1.396735
vt -20.000000 -1.165696
vt -13.333333 -0.997668
vt -20.000000 -0.777131
vt -13.333333 -0.598601
vt -2.317949 0.386797
vt -2.350000 0.000000
vt -2.265000 0.000000
vt -2.317949 -0.386797
vt -2.232420 -0.382787
vt -2.222671 -0.763044
vt -2.135617 -0.754562
vt -2.066763 -1.118476
vt -1.977377 -1.104629
vt -1.854480 -1.443400
vt -1.762251 -1.422918
vt -1.591612 -1.728951
vt -1.496428 -1.700273
vt -1.285328 -1.967341
vt -1.187556 -1.928713
vt -0.943984 -2.152067
vt -0.844520 -2.101669
vt -0.576891 -2.278091
vt -0.477189 -2.214163
vt -0.194061 -2.341974
vt -0.096129 -2.262959
vt 0.194061 -2.341974
vt 0.287695 -2.246654
vt 0.576891 -2.278091
vt 0.663244 -2.165718
vt 0.943984 -2.152067
vt 1.019711 -2.022477
vt 1.285328 -1.967341
vt 1.346844 -1.821054
vt 1.591612 -1.728951
vt 1.635231 -1.567242
vt 1.854480 -1.443400
vt 1.876574 -1.268343
vt 2.066763 -1.118476
vt 2.063933 -0.932956
vt 2.222671 -0.763044
vt 2.191915 -0.570730
vt 2.317949 -0.386797
vt 2.256840 -0.192085
vt 2.350000 0.000000
vt 2.256840 0.192085
vt 2.317949 0.386797
vt 2.191915 0.570730
vt 2.222671 0.763044
vt 2.063933 0.932956
vt 2.066763 1.118476
vt 1.876574 1.268343
vt 1.854480 1.443400
vt 1.635231 1.567242
vt 1.591612 1.728951
vt 1.346844 1.821054
vt 1.285328 1.967341
vt 1.019711 2.022477
vt 0.943984 2.152067
vt 0.663244 2.165718
vt 0.576891 2.278091
vt 0.287695 2.246654
vt 0.194061 2.341974
vt -0.096129 2.262959
vt -0.194061 2.341974
vt -0.477189 2.214163
vt -0.576891 2.278091
vt -0.844520 2.101669
vt -0.943984 2.152067
vt -1.187556 1.928713
vt -1.285328 1.967341
vt -1.496428 1.700273
vt -1.591612 1.728951
vt -1.762251 1.422918
vt -1.854480 1.443400
vt -1.977377 1.104629
vt -2.066763 1.118476
vt -2.135617 0.754562
vt -2.222671 0.763044
vt -2.232420 0.382787
vt 2.265000 0.000000
vt 2.232420 0.382787
vt 2.135617 0.754562
vt 1.977377 1.104629
vt 1.762251 1.422918
vt 1.496428 1.700273
vt 1.187556 1.928713
vt 0.844520 2.101669
vt 0.477189 2.214163
vt 0.096129 2.262959
vt -0.287695 2.246654
vt -0.663244 2.165718
vt -1.019711 2.022477
vt -1.346844 1.821054
vt -1.635231 1.567242
vt -1.876574 1.268343
vt -2.063933 0.932956
vt -2.191915 0.570730
vt -2.256840 0.192085
vt -2.256840 -0.192085
vt -2.191915 -0.570730
vt -2.063933 -0.932956
vt -1.876574 -1.268343
vt -1.635231 -1.567242
vt -1.346844 -1.821054
vt -1.019711 -2.022477
vt -0.663244 -2.165718
vt -0.287695 -2.246654
vt 0.096129 -2.262959
vt 0.477189 -2.214163
vt 0.844520 -2.101669
vt 1.187556 -1.928713
vt 1.496428 -1.700273
vt 1.762251 -1.422918
vt 1.977377 -1.104629
vt 2.135617 -0.754562
vt 2.232420 -0.382787
vt 0.000000 -0.338237
vt 0.041888 -0.169118
vt 0.041888 0.169118
vt 0.000000 0.338237
vt 0.041888 0.507355
vt 0.000000 0.676474
vt 0.041888 0.845592
vt 0.000000 1.014711
vt 0.041888 1.183829
vt 0.000000 1.352948
vt 0.041888 1.522066
vt 0.000000 1.691185
vt 0.041888 1.860303
vt 0.000000 2.029422
vt 0.041888 2.198540
vt 0.000000 2.367659
vt 0.041888 2.536777
vt 0.000000 2.705896
vt 0.041888 2.875014
vt 0.000000 3.044133
vt 0.041888 3.213251
vt 0.000000 3.382370
vt 0.041888 3.551488
vt 0.000000 3.720607
vt 0.041888 3.889725
vt 0.000000 4.058844
vt 0.041888 4.227962
vt 0.000000 4.397081
vt 0.041888 4.566199
vt 0.000000 4.735318
vt 0.041888 4.904436
vt 0.000000 5.073554
vt 0.041888 5.242303
vt 0.000000 5.411791
vt 0.041888 5.580910
vt 0.000000 5.750028
vt 0.041888 5.919147
vt 0.000000 6.088265
vt 0.041888 6.257384
vt 0.000000 6.426502
vt 0.041888 6.595621
vt 0.000000 6.764739
vt 0.041888 6.933858
vt 0.000000 7.102976
vt 0.041888 7.272095
vt 0.000000 7.441213
vt 0.041888 7.610332
vt 0.000000 7.779450
vt 0.041888 7.948569
vt 0.000000 8.117687
vt 0.041888 8.286806
vt 0.000000 8.455924
vt 0.041888 8.625043
vt 0.000000 8.794161
vt 0.041888 8.963280
vt 0.000000 9.132398
vt 0.041888 9.301517
vt 0.000000 9.470635
vt 0.041888 9.639754
vt 0.000000 9.808872
vt 0.041888 9.977990
vt 0.000000 10.147109
vt 0.041888 10.316227
vt 0.000000 10.485346
vt 0.041888 10.654464
vt 0.000000 10.823583
vt 0.000000 -10.485346
vt 0.041888 -10.654464
vt 0.041888 -10.316227
vt 0.000000 -10.147109
vt 0.041888 -9.977990
vt 0.000000 -9.808872
vt 0.041888 -9.639754
vt 0.000000 -9.470635
vt 0.041888 -9.301517
vt 0.000000 -9.132398
vt 0.041888 -8.963280
vt 0.000000 -8.794161
vt 0.041888 -8.625043
vt 0.000000 -8.455924
vt 0.041888 -8.286806
vt 0.000000 -8.117687
vt 0.041888 -7.948569
vt 0.000000 -7.779450
vt 0.041888 -7.610332
vt 0.000000 -7.441213
vt 0.041888 -7.272095
vt 0.000000 -7.102976
vt 0.041888 -6.933858
vt 0.000000 -6.764739
vt 0.041888 -6.595621
vt 0.000000 -6.426502
vt 0.041888 -6.257384
vt 0.000000 -6.088265
vt 0.041888 -5.919147
vt 0.000000 -5.750028
vt 0.041888 -5.580910
vt 0.000000 -5.411791
vt 0.041888 -5.242303
vt 0.000000 -5.073554
vt 0.041888 -4.904436
vt 0.000000 -4.735318
vt 0.041888 -4.566199
vt 0.000000 -4.397081
vt 0.041888 -4.227962
vt 0.000000 -4.058844
vt 0.041888 -3.889725
vt 0.000000 -3.720607
vt 0.041888 -3.551488
vt 0.000000 -3.382370
vt 0.041888 -3.213251
vt 0.000000 -3.044133
vt 0.041888 -2.875014
vt 0.000000 -2.705896
vt 0.041888 -2.536777
vt 0.000000 -2.367659
vt 0.041888 -2.198540
vt 0.000000 -2.029422
vt 0.041888 -1.860303
vt 0.000000 -1.691185
vt 0.041888 -1.522066
vt 0.000000 -1.352948
vt 0.041888 -1.183829
vt 0.000000 -1.014711
vt 0.041888 -0.845592
vt 0.000000 -0.676474
vt 0.041888 -0.507355
vt 0.314159 0.349327
vt 0.293215 0.169118
vt 0.314159 0.000000
vt 0.293215 -0.169118
vt 0.314159 -0.349327
vt 0.293215 -0.507355
vt 0.314159 -0.698653
vt 0.293215 -0.845592
vt 0.314159 -1.047980
vt 0.293215 -1.183829
vt 0.314159 -1.397307
vt 0.293215 -1.522066
vt 0.314159 -1.746634
vt 0.293215 -1.860303
vt 0.314159 -2.095960
vt 0.293215 -2.198540
vt 0.314159 -2.445287
vt 0.293215 -2.536777
vt 0.314159 -2.794614
vt 0.293215 -2.875014
vt 0.314159 -3.143940
vt 0.293215 -3.213251
vt 0.314159 -3.493267
vt 0.293215 -3.551488
vt 0.314159 -3.842594
vt 0.293215 -3.889725
vt 0.314159 -4.191920
vt 0.293215 -4.227962
vt 0.314159 -4.541247
vt 0.293215 -4.566199
vt 0.314159 -4.890574
vt 0.293215 -4.904436
vt 0.314159 -5.239901
vt 0.293215 -5.240085
vt 0.293215 -5.580910
vt 0.209440 -5.240825
vt 0.209440 -5.580910
vt 0.125664 -5.241564
vt 0.125664 -5.580910
vt 0.293215 0.507355
vt 0.314159 0.698653
vt 0.293215 0.845592
vt 0.314159 1.047980
vt 0.293215 1.183829
vt 0.314159 1.397307
vt 0.293215 1.522066
vt 0.314159 1.746634
vt 0.293215 1.860303
vt 0.314159 2.095960
vt 0.293215 2.198540
vt 0.314159 2.445287
vt 0.293215 2.536777
vt 0.314159 2.794614
vt 0.293215 2.875014
vt 0.314159 3.143940
vt 0.293215 3.213251
vt 0.314159 3.493267
vt 0.293215 3.551488
vt 0.314159 3.842594
vt 0.293215 3.889725
vt 0.314159 4.191920
vt 0.293215 4.227962
vt 0.314159 4.541247
vt 0.293215 4.566199
vt 0.314159 4.890574
vt 0.293215 4.904436
vt 0.314159 5.239901
vt 0.293215 5.240085
vt 0.293215 5.580910
vt 0.209440 5.240825
vt 0.209440 5.580910
vt 0.125664 5.241564
vt 0.125664 5.580910
vt 0.314159 5.589227
vt 0.293215 5.919147
vt 0.209440 5.919147
vt 0.209440 6.257384
vt 0.125664 6.257384
vt 0.125664 6.595621
vt 0.314159 5.938554
vt 0.293215 6.257384
vt 0.209440 6.595621
vt 0.125664 6.933858
vt 0.314159 6.287881
vt 0.293215 6.595621
vt 0.209440 6.933858
vt 0.125664 7.272095
vt 0.314159 6.637207
vt 0.293215 6.933858
vt 0.209440 7.272095
vt 0.125664 7.610332
vt 0.314159 6.986534
vt 0.293215 7.272095
vt 0.209440 7.610332
vt 0.125664 7.948569
vt 0.314159 7.335861
vt 0.293215 7.610332
vt 0.209440 7.948569
vt 0.125664 8.286806
vt 0.314159 7.685187
vt 0.293215 7.948569
vt 0.209440 8.286806
vt 0.125664 8.625043
vt 0.314159 8.034514
vt 0.293215 8.286806
vt 0.209440 8.625043
vt 0.125664 8.963280
vt 0.314159 8.383841
vt 0.293215 8.625043
vt 0.209440 8.963280
vt 0.125664 9.301517
vt 0.314159 8.733168
vt 0.293215 8.963280
vt 0.209440 9.301517
vt 0.125664 9.639754
vt 0.314159 9.082494
vt 0.293215 9.301517
vt 0.209440 9.639754
vt 0.125664 9.977990
vt 0.314159 9.431821
vt 0.293215 9.639754
vt 0.209440 9.977990
vt 0.125664 10.316227
vt 0.314159 9.781148
vt 0.293215 9.977990
vt 0.209440 10.316227
vt 0.125664 10.654464
vt 0.125664 -10.654464
vt 0.314159 10.130474
vt 0.293215 10.316227
vt 0.209440 10.654464
vt 0.209440 -10.654464
vt 0.125664 -10.316227
vt 0.314159 10.479801
vt 0.293215 10.654464
vt 0.293215 -10.654464
vt 0.209440 -10.316227
vt 0.125664 -9.977990
vt 0.314159 -10.829128
vt 0.314159 -10.479801
vt 0.293215 -10.316227
vt 0.209440 -9.977990
vt 0.125664 -9.639754
vt 0.314159 -10.130474
vt 0.293215 -9.977990
vt 0.209440 -9.639754
vt 0.125664 -9.301517
vt 0.314159 -9.781148
vt 0.293215 -9.639754
vt 0.209440 -9.301517
vt 0.125664 -8.963280
vt 0.314159 -9.431821
vt 0.293215 -9.301517
vt 0.209440 -8.963280
vt 0.125664 -8.625043
vt 0.314159 -9.082494
vt 0.293215 -8.963280
vt 0.209440 -8.625043
vt 0.125664 -8.286806
vt 0.314159 -8.733168
vt 0.293215 -8.625043
vt 0.209440 -8.286806
vt 0.125664 -7.948569
vt 0.314159 -8.383841
vt 0.293215 -8.286806
vt 0.209440 -7.948569
vt 0.125664 -7.610332
vt 0.314159 -8.034514
vt 0.293215 -7.948569
vt 0.209440 -7.610332
vt 0.125664 -7.272095
vt 0.314159 -7.685187
vt 0.293215 -7.610332
vt 0.209440 -7.272095
vt 0.125664 -6.933858
vt 0.314159 -7.335861
vt 0.293215 -7.272095
vt 0.209440 -6.933858
vt 0.125664 -6.595621
vt 0.314159 -6.986534
vt 0.293215 -6.933858
vt 0.209440 -6.595621
vt 0.125664 -6.257384
vt 0.314159 -6.637207
vt 0.293215 -6.595621
vt 0.209440 -6.257384
vt 0.125664 -5.919147
vt 0.314159 -6.287881
vt 0.293215 -6.257384
vt 0.209440 -5.919147
vt 0.314159 -5.938554
vt 0.293215 -5.919147
vt 0.314159 -5.589227
vt 0.125664 -0.169118
vt 0.125664 0.169118
vt 0.125664 0.507355
vt 0.125664 0.845592
vt 0.125664 1.183829
vt 0.125664 1.522066
vt 0.125664 1.860303
vt 0.125664 2.198540
vt 0.125664 2.536777
vt 0.125664 2.875014
vt 0.125664 3.213251
vt 0.125664 3.551488
vt 0.125664 3.889725
vt 0.125664 4.227962
vt 0.125664 4.566199
vt 0.125664 4.904436
vt 0.209440 -0.169118
vt 0.209440 0.169118
vt 0.209440 0.507355
vt 0.209440 0.845592
vt 0.209440 1.183829
vt 0.209440 1.522066
vt 0.209440 1.860303
vt 0.209440 2.198540
vt 0.209440 2.536777
vt 0.209440 2.875014
vt 0.209440 3.213251
vt 0.209440 3.551488
vt 0.209440 3.889725
vt 0.209440 4.227962
vt 0.209440 4.566199
vt 0.209440 4.904436
vt 0.125664 -0.507355
vt 0.125664 -0.845592
vt 0.125664 -1.183829
vt 0.125664 -1.522066
vt 0.125664 -1.860303
vt 0.125664 -2.198540
vt 0.125664 -2.536777
vt 0.125664 -2.875014
vt 0.125664 -3.213251
vt 0.125664 -3.551488
vt 0.125664 -3.889725
vt 0.125664 -4.227962
vt 0.125664 -4.566199
vt 0.125664 -4.904436
vt 0.209440 -0.507355
vt 0.209440 -0.845592
vt 0.209440 -1.183829
vt 0.209440 -1.522066
vt 0.209440 -1.860303
vt 0.209440 -2.198540
vt 0.209440 -2.536777
vt 0.209440 -2.875014
vt 0.209440 -3.213251
vt 0.209440 -3.551488
vt 0.209440 -3.889725
vt 0.209440 -4.227962
vt 0.209440 -4.566199
vt 0.209440 -4.904436
vt 0.125664 5.919147
vt 0.000000 -0.344079
vt 1.800000 0.000000
vt 1.800000 0.344079
vt 0.000000 0.344079
vt 1.800000 0.688158
vt 0.000000 0.688158
vt 1.800000 1.032238
vt 0.000000 1.032238
vt 1.800000 1.376317
vt 0.000000 1.376317
vt 1.800000 1.720396
vt 0.000000 1.720396
vt 1.800000 2.064475
vt 0.000000 2.064475
vt 1.800000 2.408554
vt 0.000000 2.408554
vt 1.800000 2.752634
vt 0.000000 2.752634
vt 1.800000 3.096713
vt 0.000000 3.096713
vt 1.800000 3.440792
vt 0.000000 3.440792
vt 1.800000 3.784871
vt 0.000000 3.784871
vt 1.800000 4.128950
vt 0.000000 4.128950
vt 1.800000 4.473030
vt 0.000000 4.473030
vt 1.800000 4.817109
vt 0.000000 4.817109
vt 1.800000 5.161188
vt 0.000000 5.161188
vt 1.800000 5.505267
vt 0.000000 5.505267
vt 1.800000 5.849346
vt 0.000000 5.849346
vt 1.800000 6.193426
vt 0.000000 6.193426
vt 1.800000 6.537505
vt 0.000000 6.537505
vt 1.800000 6.881584
vt 0.000000 6.881584
vt 1.800000 7.225663
vt 0.000000 7.225663
vt 1.800000 7.569742
vt 0.000000 7.569742
vt 1.800000 7.913821
vt 0.000000 7.913821
vt 1.800000 8.257901
vt 0.000000 8.257901
vt 1.800000 8.601980
vt 0.000000 8.601980
vt 1.800000 8.946059
vt 0.000000 8.946059
vt 1.800000 9.290138
vt 0.000000 9.290138
vt 1.800000 9.634217
vt 0.000000 9.634217
vt 1.800000 9.978297
vt 0.000000 9.978297
vt 1.800000 10.322376
vt 0.000000 10.322376
vt 1.800000 10.666455
vt 0.000000 10.666455
vt 0.000000 -11.010534
vt 1.800000 -11.010534
vt 1.800000 -10.666455
vt 0.000000 -10.666455
vt 1.800000 -10.322376
vt 0.000000 -10.322376
vt 1.800000 -9.978297
vt 0.000000 -9.978297
vt 1.800000 -9.634217
vt 0.000000 -9.634217
vt 1.800000 -9.290138
vt 0.000000 -9.290138
vt 1.800000 -8.946059
vt 0.000000 -8.946059
vt 1.800000 -8.601980
vt 0.000000 -8.601980
vt 1.800000 -8.257901
vt 0.000000 -8.257901
vt 1.800000 -7.913821
vt 0.000000 -7.913821
vt 1.800000 -7.569742
vt 0.000000 -7.569742
vt 1.800000 -7.225663
vt 0.000000 -7.225663
vt 1.800000 -6.881584
vt 0.000000 -6.881584
vt 1.800000 -6.537505
vt 0.000000 -6.537505
vt 1.800000 -6.193426
vt 0.000000 -6.193426
vt 1.800000 -5.849346
vt 0.000000 -5.849346
vt 1.800000 -5.505267
vt 0.000000 -5.505267
vt 1.800000 -5.161188
vt 0.000000 -5.161188
vt 1.800000 -4.817109
vt 0.000000 -4.817109
vt 1.800000 -4.473030
vt 0.000000 -4.473030
vt 1.800000 -4.128950
vt 0.000000 -4.128950
vt 1.800000 -3.784871
vt 0.000000 -3.784871
vt 1.800000 -3.440792
vt 0.000000 -3.440792
vt 1.800000 -3.096713
vt 0.000000 -3.096713
vt 1.800000 -2.752634
vt 0.000000 -2.752634
vt 1.800000 -2.408554
vt 0.000000 -2.408554
vt 1.800000 -2.064475
vt 0.000000 -2.064475
vt 1.800000 -1.720396
vt 0.000000 -1.720396
vt 1.800000 -1.376317
vt 0.000000 -1.376317
vt 1.800000 -1.032238
vt 0.000000 -1.032238
vt 1.800000 -0.688158
vt 0.000000 -0.688158
vt 1.800000 -0.344079
vt -0.000000 0.356829
vt -0.041888 0.178414
vt -0.041888 -0.178414
vt -0.000000 -0.356829
vt -0.041888 -0.535243
vt -0.000000 -0.713658
vt -0.041888 -0.892072
vt -0.000000 -1.070487
vt -0.041888 -1.248901
vt -0.000000 -1.427316
vt -0.041888 -1.605730
vt -0.000000 -1.784145
vt -0.041888 -1.962559
vt -0.000000 -2.140974
vt -0.041888 -2.319388
vt -0.000000 -2.497803
vt -0.041888 -2.676217
vt -0.000000 -2.854632
vt -0.041888 -3.033046
vt -0.000000 -3.211461
vt -0.041888 -3.389875
vt -0.000000 -3.568290
vt -0.041888 -3.746704
vt -0.000000 -3.925119
vt -0.041888 -4.103533
vt -0.000000 -4.281948
vt -0.041888 -4.460362
vt -0.000000 -4.638777
vt -0.041888 -4.817191
vt -0.000000 -4.995606
vt -0.041888 -5.174020
vt -0.000000 -5.352435
vt -0.041888 -5.530849
vt -0.000000 -5.709264
vt -0.041888 -5.887678
vt -0.000000 -6.066093
vt -0.041888 -6.244507
vt -0.000000 -6.422922
vt -0.041888 -6.601336
vt -0.000000 -6.779751
vt -0.041888 -6.958165
vt -0.000000 -7.136580
vt -0.041888 -7.314994
vt -0.000000 -7.493409
vt -0.041888 -7.671823
vt -0.000000 -7.850238
vt -0.041888 -8.028652
vt -0.000000 -8.207067
vt -0.041888 -8.385481
vt -0.000000 -8.563896
vt -0.041888 -8.742310
vt -0.000000 -8.920725
vt -0.041888 -9.099139
vt -0.000000 -9.277554
vt -0.041888 -9.455968
vt -0.000000 -9.634383
vt -0.041888 -9.812797
vt -0.000000 -9.991212
vt -0.041888 -10.169626
vt -0.000000 -10.348041
vt -0.041888 -10.526455
vt -0.000000 -10.704870
vt -0.041888 -10.883284
vt -0.000000 -11.061699
vt -0.041888 -11.240113
vt -0.000000 -11.418528
vt -0.041888 -11.596942
vt 0.000000 -11.775357
vt -0.000000 11.418528
vt -0.041888 11.596942
vt -0.041888 11.240113
vt -0.000000 11.061699
vt -0.041888 10.883284
vt -0.000000 10.704870
vt -0.041888 10.526455
vt -0.000000 10.348041
vt -0.041888 10.169626
vt -0.000000 9.991212
vt -0.041888 9.812797
vt -0.000000 9.634383
vt -0.041888 9.455968
vt -0.000000 9.277554
vt -0.041888 9.099139
vt -0.000000 8.920725
vt -0.041888 8.742310
vt -0.000000 8.563896
vt -0.041888 8.385481
vt -0.000000 8.207067
vt -0.041888 8.028652
vt -0.000000 7.850238
vt -0.041888 7.671823
vt -0.000000 7.493409
vt -0.041888 7.314994
vt -0.000000 7.136580
vt -0.041888 6.958165
vt -0.000000 6.779751
vt -0.041888 6.601336
vt -0.000000 6.422922
vt -0.041888 6.244507
vt -0.000000 6.066093
vt -0.041888 5.887678
vt -0.000000 5.709264
vt -0.041888 5.530849
vt -0.000000 5.352435
vt -0.041888 5.174020
vt -0.000000 4.995606
vt -0.041888 4.817191
vt -0.000000 4.638777
vt -0.041888 4.460362
vt -0.000000 4.281948
vt -0.041888 4.103533
vt -0.000000 3.925119
vt -0.041888 3.746704
vt -0.000000 3.568290
vt -0.041888 3.389875
vt -0.000000 3.211461
vt -0.041888 3.033046
vt -0.000000 2.854632
vt -0.041888 2.676217
vt -0.000000 2.497803
vt -0.041888 2.319388
vt -0.000000 2.140974
vt -0.041888 1.962559
vt -0.000000 1.784145
vt -0.041888 1.605730
vt -0.000000 1.427316
vt -0.041888 1.248901
vt -0.000000 1.070487
vt -0.041888 0.892072
vt -0.000000 0.713658
vt -0.041888 0.535243
vt -0.314159 -0.362404
vt -0.293215 -0.178414
vt -0.314159 0.000000
vt -0.293215 0.178414
vt -0.314159 0.362404
vt -0.293215 0.535243
vt -0.314159 0.724809
vt -0.293215 0.892072
vt -0.314159 1.087213
vt -0.293215 1.248901
vt -0.314159 1.449618
vt -0.293215 1.605730
vt -0.314159 1.812022
vt -0.293215 1.962559
vt -0.314159 2.174427
vt -0.293215 2.319388
vt -0.314159 2.536831
vt -0.293215 2.676217
vt -0.314159 2.899236
vt -0.293215 3.033046
vt -0.314159 3.261640
vt -0.293215 3.389875
vt -0.314159 3.624044
vt -0.293215 3.746704
vt -0.314159 3.986449
vt -0.293215 4.103533
vt -0.314159 4.348853
vt -0.293215 4.460362
vt -0.314159 4.711258
vt -0.293215 4.817191
vt -0.314159 5.073662
vt -0.293215 5.174020
vt -0.314159 5.436067
vt -0.293215 5.530849
vt -0.314159 5.798471
vt -0.293215 5.887678
vt -0.314159 6.160876
vt -0.293215 6.244507
vt -0.314159 6.523280
vt -0.293215 6.601336
vt -0.314159 6.885684
vt -0.293215 6.958165
vt -0.314159 7.248089
vt -0.293215 7.314994
vt -0.314159 7.610493
vt -0.293215 7.671823
vt -0.314159 7.972898
vt -0.293215 8.028652
vt -0.314159 8.335302
vt -0.293215 8.385481
vt -0.314159 8.697707
vt -0.293215 8.742310
vt -0.314159 9.060111
vt -0.293215 9.099139
vt -0.314159 9.422516
vt -0.293215 9.455968
vt -0.314159 9.784920
vt -0.293215 9.812797
vt -0.314159 10.147324
vt -0.293215 10.169626
vt -0.314159 10.509729
vt -0.293215 10.526455
vt -0.314159 10.872133
vt -0.293215 10.883284
vt -0.314159 11.234538
vt -0.293215 11.240113
vt -0.314159 11.596942
vt -0.293215 11.596942
vt -0.314159 -11.596942
vt -0.293215 -11.596942
vt -0.293215 -11.240113
vt -0.209440 -11.596942
vt -0.209440 -11.240113
vt -0.125664 -11.596942
vt -0.125664 -11.240113
vt -0.293215 -0.535243
vt -0.314159 -0.724809
vt -0.293215 -0.892072
vt -0.314159 -1.087213
vt -0.293215 -1.248901
vt -0.314159 -1.449618
vt -0.293215 -1.605730
vt -0.314159 -1.812022
vt -0.293215 -1.962559
vt -0.314159 -2.174427
vt -0.293215 -2.319388
vt -0.314159 -2.536831
vt -0.293215 -2.676217
vt -0.314159 -2.899236
vt -0.293215 -3.033046
vt -0.314159 -3.261640
vt -0.293215 -3.389875
vt -0.314159 -3.624044
vt -0.293215 -3.746704
vt -0.314159 -3.986449
vt -0.293215 -4.103533
vt -0.314159 -4.348853
vt -0.293215 -4.460362
vt -0.314159 -4.711258
vt -0.293215 -4.817191
vt -0.314159 -5.073662
vt -0.293215 -5.174020
vt -0.314159 -5.436067
vt -0.293215 -5.530849
vt -0.314159 -5.798471
vt -0.293215 -5.887678
vt -0.314159 -6.160876
vt -0.293215 -6.244507
vt -0.314159 -6.523280
vt -0.293215 -6.601336
vt -0.314159 -6.885684
vt -0.293215 -6.958165
vt -0.314159 -7.248089
vt -0.293215 -7.314994
vt -0.314159 -7.610493
vt -0.293215 -7.671823
vt -0.314159 -7.972898
vt -0.293215 -8.028652
vt -0.314159 -8.335302
vt -0.293215 -8.385481
vt -0.314159 -8.697707
vt -0.293215 -8.742310
vt -0.314159 -9.060111
vt -0.293215 -9.099139
vt -0.314159 -9.422516
vt -0.293215 -9.455968
vt -0.314159 -9.784920
vt -0.293215 -9.812797
vt -0.314159 -10.147324
vt -0.293215 -10.169626
vt -0.314159 -10.509729
vt -0.293215 -10.526455
vt -0.314159 -10.872133
vt -0.293215 -10.883284
vt -0.314159 -11.234538
vt -0.125664 11.596942
vt -0.125664 11.240113
vt -0.125664 10.883284
vt -0.125664 10.526455
vt -0.125664 10.169626
vt -0.125664 9.812797
vt -0.125664 9.455968
vt -0.125664 9.099139
vt -0.125664 8.742310
vt -0.125664 8.385481
vt -0.125664 8.028652
vt -0.125664 7.671823
vt -0.125664 7.314994
vt -0.125664 6.958165
vt -0.125664 6.601336
vt -0.125664 6.244507
vt -0.125664 5.887678
vt -0.125664 5.530849
vt -0.125664 5.174020
vt -0.125664 4.817191
vt -0.125664 4.460362
vt -0.125664 4.103533
vt -0.125664 3.746704
vt -0.125664 3.389875
vt -0.125664 3.033046
vt -0.125664 2.676217
vt -0.125664 2.319388
vt -0.125664 1.962559
vt -0.125664 1.605730
vt -0.125664 1.248901
vt -0.125664 0.892072
vt -0.125664 0.535243
vt -0.125664 0.178414
vt -0.125664 -0.178414
vt -0.125664 -0.535243
vt -0.125664 -0.892072
vt -0.125664 -1.248901
vt -0.125664 -1.605730
vt -0.125664 -1.962559
vt -0.125664 -2.319388
vt -0.125664 -2.676217
vt -0.125664 -3.033046
vt -0.125664 -3.389875
vt -0.125664 -3.746704
vt -0.125664 -4.103533
vt -0.125664 -4.460362
vt -0.125664 -4.817191
vt -0.125664 -5.174020
vt -0.125664 -5.530849
vt -0.125664 -5.887678
vt -0.125664 -6.244507
vt -0.125664 -6.601336
vt -0.125664 -6.958165
vt -0.125664 -7.314994
vt -0.125664 -7.671823
vt -0.125664 -8.028652
vt -0.125664 -8.385481
vt -0.125664 -8.742310
vt -0.125664 -9.099139
vt -0.125664 -9.455968
vt -0.125664 -9.812797
vt -0.125664 -10.169626
vt -0.125664 -10.526455
vt -0.125664 -10.883284
vt -0.209440 11.596942
vt -0.209440 11.240113
vt -0.209440 10.883284
vt -0.209440 10.526455
vt -0.209440 10.169626
vt -0.209440 9.812797
vt -0.209440 9.455968
vt -0.209440 9.099139
vt -0.209440 8.742310
vt -0.209440 8.385481
vt -0.209440 8.028652
vt -0.209440 7.671823
vt -0.209440 7.314994
vt -0.209440 6.958165
vt -0.209440 6.601336
vt -0.209440 6.244507
vt -0.209440 5.887678
vt -0.209440 5.530849
vt -0.209440 5.174020
vt -0.209440 4.817191
vt -0.209440 4.460362
vt -0.209440 4.103533
vt -0.209440 3.746704
vt -0.209440 3.389875
vt -0.209440 3.033046
vt -0.209440 2.676217
vt -0.209440 2.319388
vt -0.209440 1.962559
vt -0.209440 1.605730
vt -0.209440 1.248901
vt -0.209440 0.892072
vt -0.209440 0.535243
vt -0.209440 0.178414
vt -0.209440 -0.178414
vt -0.209440 -0.535243
vt -0.209440 -0.892072
vt -0.209440 -1.248901
vt -0.209440 -1.605730
vt -0.209440 -1.962559
vt -0.209440 -2.319388
vt -0.209440 -2.676217
vt -0.209440 -3.033046
vt -0.209440 -3.389875
vt -0.209440 -3.746704
vt -0.209440 -4.103533
vt -0.209440 -4.460362
vt -0.209440 -4.817191
vt -0.209440 -5.174020
vt -0.209440 -5.530849
vt -0.209440 -5.887678
vt -0.209440 -6.244507
vt -0.209440 -6.601336
vt -0.209440 -6.958165
vt -0.209440 -7.314994
vt -0.209440 -7.671823
vt -0.209440 -8.028652
vt -0.209440 -8.385481
vt -0.209440 -8.742310
vt -0.209440 -9.099139
vt -0.209440 -9.455968
vt -0.209440 -9.812797
vt -0.209440 -10.169626
vt -0.209440 -10.526455
vt -0.209440 -10.883284
vt -0.000000 0.278896
vt -0.141421 0.267959
vt -0.141421 0.000000
vt -0.141421 -0.267959
vt -0.141421 0.535919
vt -0.000000 0.557793
vt -0.141421 0.803878
vt -0.000000 0.836689
vt -0.141421 1.071837
vt -0.000000 1.115586
vt -0.141421 1.339797
vt -0.000000 1.394482
vt -0.141421 1.607756
vt -0.000000 1.673379
vt -0.141421 1.875716
vt -0.000000 1.952275
vt -0.141421 2.143675
vt -0.000000 2.231172
vt -0.141421 2.411634
vt -0.000000 2.510068
vt -0.141421 2.679594
vt -0.000000 2.788965
vt -0.141421 2.947553
vt -0.000000 3.067861
vt -0.141421 3.215512
vt -0.000000 3.346758
vt -0.141421 3.483472
vt 0.000000 3.625654
vt -0.141421 3.751431
vt -0.000000 3.904551
vt -0.141421 4.019391
vt -0.000000 4.183447
vt -0.141421 4.287350
vt -0.000000 4.462344
vt -0.141421 4.555309
vt -0.000000 4.741240
vt -0.141421 4.823269
vt -0.000000 5.020137
vt -0.141421 5.091228
vt -0.000000 5.299033
vt -0.141421 5.359187
vt -0.000000 5.577930
vt -0.141421 5.627147
vt -0.000000 5.856826
vt -0.141421 5.895106
vt -0.000000 6.135723
vt -0.141421 6.163066
vt -0.000000 6.414619
vt -0.141421 6.431025
vt 0.000000 6.693516
vt -0.141421 6.698984
vt 0.000000 6.972412
vt -0.141421 6.966944
vt -0.141421 -6.698984
vt 0.000000 -6.693516
vt -0.141421 -6.431025
vt -0.000000 -6.414619
vt -0.141421 -6.163066
vt -0.000000 -6.135723
vt -0.141421 -5.895106
vt -0.000000 -5.856826
vt -0.141421 -5.627147
vt -0.000000 -5.577930
vt -0.141421 -5.359187
vt -0.000000 -5.299033
vt -0.141421 -5.091228
vt -0.000000 -5.020137
vt -0.141421 -4.823269
vt -0.000000 -4.741240
vt -0.141421 -4.555309
vt -0.000000 -4.462344
vt -0.141421 -4.287350
vt -0.000000 -4.183447
vt -0.141421 -4.019391
vt -0.000000 -3.904551
vt -0.141421 -3.751431
vt -0.000000 -3.625654
vt -0.141421 -3.483472
vt 0.000000 -3.346758
vt -0.141421 -3.215512
vt -0.000000 -3.067861
vt -0.141421 -2.947553
vt 0.000000 -2.788965
vt -0.141421 -2.679594
vt 0.000000 -2.510068
vt -0.141421 -2.411634
vt 0.000000 -2.231172
vt -0.141421 -2.143675
vt 0.000000 -1.952275
vt -0.141421 -1.875716
vt 0.000000 -1.673379
vt -0.141421 -1.607756
vt 0.000000 -1.394482
vt -0.141421 -1.339797
vt 0.000000 -1.115586
vt -0.141421 -1.071837
vt 0.000000 -0.836689
vt -0.141421 -0.803878
vt 0.000000 -0.557793
vt -0.141421 -0.535919
vt 0.000000 -0.278896
vt -0.100000 0.274119
vt -0.500000 0.274119
vt -0.100000 0.000000
vt -0.500000 0.000000
vt -0.100000 -0.274119
vt -0.500000 -0.274119
vt -0.500000 -0.548239
vt -0.100000 0.548239
vt -0.500000 0.548239
vt -0.100000 0.822358
vt -0.500000 0.822358
vt -0.100000 1.096477
vt -0.500000 1.096477
vt -0.100000 1.370597
vt -0.500000 1.370597
vt -0.100000 1.644716
vt -0.500000 1.644716
vt -0.100000 1.918836
vt -0.500000 1.918836
vt -0.100000 2.192955
vt -0.500000 2.192955
vt -0.100000 2.467074
vt -0.500000 2.467074
vt -0.100000 2.741194
vt -0.500000 2.741194
vt -0.100000 3.015313
vt -0.500000 3.015313
vt -0.100000 3.289432
vt -0.500000 3.289432
vt -0.100000 3.563552
vt -0.500000 3.563552
vt -0.100000 3.837671
vt -0.500000 3.837671
vt -0.100000 4.111790
vt -0.500000 4.111790
vt -0.100000 4.385910
vt -0.500000 4.385910
vt -0.100000 4.660029
vt -0.500000 4.660029
vt -0.100000 4.934148
vt -0.500000 4.934148
vt -0.100000 5.208268
vt -0.500000 5.208268
vt -0.100000 5.482387
vt -0.500000 5.482387
vt -0.100000 5.756507
vt -0.500000 5.756507
vt -0.100000 6.030626
vt -0.500000 6.030626
vt -0.100000 6.304745
vt -0.500000 6.304745
vt -0.100000 6.578865
vt -0.500000 6.578865
vt -0.100000 6.852984
vt -0.500000 6.852984
vt -0.100000 7.127103
vt -0.500000 7.127103
vt -0.500000 -6.852984
vt -0.100000 -6.852984
vt -0.100000 -6.578865
vt -0.500000 -6.578865
vt -0.100000 -6.304745
vt -0.500000 -6.304745
vt -0.100000 -6.030626
vt -0.500000 -6.030626
vt -0.100000 -5.756507
vt -0.500000 -5.756507
vt -0.100000 -5.482387
vt -0.500000 -5.482387
vt -0.100000 -5.208268
vt -0.500000 -5.208268
vt -0.100000 -4.934148
vt -0.500000 -4.934148
vt -0.100000 -4.660029
vt -0.500000 -4.660029
vt -0.100000 -4.385910
vt -0.500000 -4.385910
vt -0.100000 -4.111790
vt -0.500000 -4.111790
vt -0.100000 -3.837671
vt -0.500000 -3.837671
vt -0.100000 -3.563552
vt -0.500000 -3.563552
vt -0.100000 -3.289432
vt -0.500000 -3.289432
vt -0.100000 -3.015313
vt -0.500000 -3.015313
vt -0.100000 -2.741194
vt -0.500000 -2.741194
vt -0.100000 -2.467074
vt -0.500000 -2.467074
vt -0.100000 -2.192955
vt -0.500000 -2.192955
vt -0.100000 -1.918836
vt -0.500000 -1.918836
vt -0.100000 -1.644716
vt -0.500000 -1.644716
vt -0.100000 -1.370597
vt -0.500000 -1.370597
vt -0.100000 -1.096477
vt -0.500000 -1.096477
vt -0.100000 -0.822358
vt -0.500000 -0.822358
vt -0.100000 -0.548239
vt -0.500000 -0.257343
vt 0.300000 0.000000
vt 0.300000 0.257343
vt -0.500000 0.257343
vt 0.300000 0.514686
vt -0.500000 0.514686
vt 0.300000 0.772030
vt -0.500000 0.772030
vt 0.300000 1.029373
vt -0.500000 1.029373
vt 0.300000 1.286716
vt -0.500000 1.286716
vt 0.300000 1.544059
vt -0.500000 1.544059
vt 0.300000 1.801403
vt -0.500000 1.801403
vt 0.300000 2.058746
vt -0.500000 2.058746
vt 0.300000 2.316089
vt -0.500000 2.316089
vt 0.300000 2.573432
vt -0.500000 2.573432
vt 0.300000 2.830776
vt -0.500000 2.830776
vt 0.300000 3.088119
vt -0.500000 3.088119
vt 0.300000 3.345462
vt -0.500000 3.345462
vt 0.300000 3.602805
vt -0.500000 3.602805
vt 0.300000 3.860148
vt -0.500000 3.860148
vt 0.300000 4.117492
vt -0.500000 4.117492
vt 0.300000 4.374835
vt -0.500000 4.374835
vt 0.300000 4.632178
vt -0.500000 4.632178
vt 0.300000 4.889521
vt -0.500000 4.889521
vt 0.300000 5.146865
vt -0.500000 5.146865
vt 0.300000 5.404208
vt -0.500000 5.404208
vt 0.300000 5.661551
vt -0.500000 5.661551
vt 0.300000 5.918894
vt -0.500000 5.918894
vt -0.500000 -6.176237
vt 0.300000 -6.176237
vt 0.300000 -5.918894
vt -0.500000 -5.918894
vt 0.300000 -5.661551
vt -0.500000 -5.661551
vt 0.300000 -5.404208
vt -0.500000 -5.404208
vt 0.300000 -5.146865
vt -0.500000 -5.146865
vt 0.300000 -4.889521
vt -0.500000 -4.889521
vt 0.300000 -4.632178
vt -0.500000 -4.632178
vt 0.300000 -4.374835
vt -0.500000 -4.374835
vt 0.300000 -4.117492
vt -0.500000 -4.117492
vt 0.300000 -3.860148
vt -0.500000 -3.860148
vt 0.300000 -3.602805
vt -0.500000 -3.602805
vt 0.300000 -3.345462
vt -0.500000 -3.345462
vt 0.300000 -3.088119
vt -0.500000 -3.088119
vt 0.300000 -2.830776
vt -0.500000 -2.830776
vt 0.300000 -2.573432
vt -0.500000 -2.573432
vt 0.300000 -2.316089
vt -0.500000 -2.316089
vt 0.300000 -2.058746
vt -0.500000 -2.058746
vt 0.300000 -1.801403
vt -0.500000 -1.801403
vt 0.300000 -1.544059
vt -0.500000 -1.544059
vt 0.300000 -1.286716
vt -0.500000 -1.286716
vt 0.300000 -1.029373
vt -0.500000 -1.029373
vt 0.300000 -0.772030
vt -0.500000 -0.772030
vt 0.300000 -0.514686
vt -0.500000 -0.514686
vt 0.300000 -0.257343
vt -0.200000 -11.418481
vt -2.300000 -11.599727
vt -0.200000 -11.780972
vt -0.200000 11.780972
vt -2.300000 11.962218
vt -2.300000 11.599727
vt -0.200000 11.418481
vt -2.300000 11.237235
vt -0.200000 11.055990
vt -2.300000 10.874744
vt -0.200000 10.693498
vt -2.300000 10.512252
vt -0.200000 10.331007
vt -2.300000 10.149761
vt -0.200000 9.968515
vt -2.300000 9.787269
vt -0.200000 9.606024
vt -2.300000 9.424778
vt -0.200000 9.243532
vt -2.300000 9.062286
vt -0.200000 8.881041
vt -2.300000 8.699795
vt -0.200000 8.518549
vt -2.300000 8.337304
vt -0.200000 8.156058
vt -2.300000 7.974812
vt -0.200000 7.793566
vt -2.300000 7.612321
vt -0.200000 7.431075
vt -2.300000 7.249829
vt -0.200000 7.068583
vt -2.300000 6.887338
vt -0.200000 6.706092
vt -2.300000 6.524846
vt -0.200000 6.343601
vt -2.300000 6.162355
vt -0.200000 5.981109
vt -2.300000 5.799863
vt -0.200000 5.618618
vt -2.300000 5.437372
vt -0.200000 5.256126
vt -2.300000 5.074880
vt -0.200000 4.893635
vt -2.300000 4.712389
vt -0.200000 4.531143
vt -2.300000 4.349898
vt -0.200000 4.168652
vt -2.300000 3.987406
vt -0.200000 3.806160
vt -2.300000 3.624915
vt -0.200000 3.443669
vt -2.300000 3.262423
vt -0.200000 3.081177
vt -2.300000 2.899932
vt -0.200000 2.718686
vt -2.300000 2.537440
vt -0.200000 2.356194
vt -2.300000 2.174949
vt -0.200000 1.993703
vt -2.300000 1.812457
vt -0.200000 1.631212
vt -2.300000 1.449966
vt -0.200000 1.268720
vt -2.300000 1.087474
vt -0.200000 0.906229
vt -2.300000 0.724983
vt -0.200000 0.543737
vt -2.300000 0.362491
vt -0.200000 0.181246
vt -2.300000 0.000000
vt -0.200000 -0.181246
vt -2.300000 -0.362491
vt -0.200000 -0.543737
vt -2.300000 -0.724983
vt -0.200000 -0.906229
vt -2.300000 -1.087474
vt -0.200000 -1.268720
vt -2.300000 -1.449966
vt -0.200000 -1.631212
vt -2.300000 -1.812457
vt -0.200000 -1.993703
vt -2.300000 -2.174949
vt -0.200000 -2.356194
vt -2.300000 -2.537440
vt -0.200000 -2.718686
vt -2.300000 -2.899932
vt -0.200000 -3.081177
vt -2.300000 -3.262423
vt -0.200000 -3.443669
vt -2.300000 -3.624915
vt -0.200000 -3.806160
vt -2.300000 -3.987406
vt -0.200000 -4.168652
vt -2.300000 -4.349898
vt -0.200000 -4.531143
vt -2.300000 -4.712389
vt -0.200000 -4.893635
vt -2.300000 -5.074880
vt -0.200000 -5.256126
vt -2.300000 -5.437372
vt -0.200000 -5.618618
vt -2.300000 -5.799863
vt -0.200000 -5.981109
vt -2.300000 -6.162355
vt -0.200000 -6.343601
vt -2.300000 -6.524846
vt -0.200000 -6.706092
vt -2.300000 -6.887338
vt -0.200000 -7.068583
vt -2.300000 -7.249829
vt -0.200000 -7.431075
vt -2.300000 -7.612321
vt -0.200000 -7.793566
vt -2.300000 -7.974812
vt -0.200000 -8.156058
vt -2.300000 -8.337304
vt -0.200000 -8.518549
vt -2.300000 -8.699795
vt -0.200000 -8.881041
vt -2.300000 -9.062286
vt -0.200000 -9.243532
vt -2.300000 -9.424778
vt -0.200000 -9.606024
vt -2.300000 -9.787269
vt -0.200000 -9.968515
vt -2.300000 -10.149761
vt -0.200000 -10.331007
vt -2.300000 -10.512252
vt -0.200000 -10.693498
vt -2.300000 -10.874744
vt -0.200000 -11.055990
vt -2.300000 -11.237235
vt -3.232775 -0.334168
vt -1.920701 -0.128576
vt -3.250000 0.000000
vt -1.920701 0.128576
vt -3.232775 0.334168
vt -1.886426 0.383433
vt -3.181281 0.664794
vt -3.096065 0.988373
vt -1.818488 0.631448
vt -2.978030 1.301475
vt -1.718099 0.868194
vt -2.828427 1.600781
vt -1.587050 1.089448
vt -2.648842 1.883119
vt -1.427680 1.291261
vt -2.441179 2.145494
vt -2.207638 2.385127
vt -1.242834 1.470030
vt -1.950696 2.599478
vt -1.035809 1.622568
vt -1.673077 2.786273
vt -0.810299 1.746150
vt -1.377722 2.943532
vt -1.067763 3.069590
vt -0.570330 1.838572
vt -0.746485 3.163109
vt -0.320184 1.898185
vt -0.417295 3.223099
vt -0.064324 1.923925
vt -0.083681 3.248923
vt 0.250820 3.240307
vt 0.192684 1.915332
vt 0.582662 3.197343
vt 0.446254 1.872560
vt 0.908328 3.120487
vt 0.691860 1.796373
vt 1.224366 3.010553
vt 0.925120 1.688129
vt 1.527424 2.868706
vt 1.814292 2.696450
vt 1.141871 1.549760
vt 2.081928 2.495611
vt 1.338245 1.383736
vt 2.327495 2.268319
vt 1.510739 1.193019
vt 2.548389 2.016981
vt 2.742271 1.744263
vt 1.656273 0.981012
vt 2.907083 1.453055
vt 1.772251 0.751499
vt 3.041080 1.146444
vt 1.856603 0.508576
vt 3.142840 0.827681
vt 3.211286 0.500144
vt 1.907824 0.256577
vt 3.245691 0.167306
vt 1.925000 0.000000
vt 3.245691 -0.167306
vt 1.907824 -0.256577
vt 3.211286 -0.500144
vt 1.856603 -0.508576
vt 3.142840 -0.827681
vt 3.041080 -1.146444
vt 1.772251 -0.751499
vt 2.907083 -1.453055
vt 1.656273 -0.981012
vt 2.742271 -1.744263
vt 1.510739 -1.193019
vt 2.548389 -2.016981
vt 2.327495 -2.268319
vt 1.338245 -1.383736
vt 2.081928 -2.495611
vt 1.141871 -1.549760
vt 1.814292 -2.696450
vt 0.925120 -1.688129
vt 1.527424 -2.868706
vt 1.224366 -3.010553
vt 0.691860 -1.796373
vt 0.908328 -3.120487
vt 0.446254 -1.872560
vt 0.582662 -3.197343
vt 0.192684 -1.915332
vt 0.250820 -3.240307
vt -0.064324 -1.923925
vt -0.083681 -3.248923
vt -0.417295 -3.223099
vt -0.320184 -1.898185
vt -0.746485 -3.163109
vt -0.570330 -1.838572
vt -1.067763 -3.069590
vt -0.810299 -1.746150
vt -1.377722 -2.943532
vt -1.673077 -2.786273
vt -1.035809 -1.622568
vt -1.950696 -2.599478
vt -1.242834 -1.470030
vt -2.207638 -2.385127
vt -1.427680 -1.291261
vt -2.441179 -2.145494
vt -2.648842 -1.883119
vt -1.587050 -1.089448
vt -2.828427 -1.600781
vt -1.718099 -0.868194
vt -2.978030 -1.301475
vt -1.818488 -0.631448
vt -3.096065 -0.988373
vt -1.886426 -0.383433
vt -3.181281 -0.664794
vt 3.532906 0.347961
vt 2.220780 0.136973
vt 3.550000 0.000000
vt 2.220780 -0.136973
vt 3.532906 -0.347961
vt 2.187115 -0.408843
vt 3.481788 -0.692571
vt 3.397138 -1.030511
vt 2.120296 -0.674515
vt 3.279772 -1.358526
vt 2.021335 -0.929962
vt 3.130820 -1.673458
vt 1.891733 -1.171312
vt 2.951717 -1.972274
vt 1.733454 -1.394905
vt 2.744187 -2.252096
vt 2.510229 -2.510229
vt 1.548898 -1.597354
vt 2.252096 -2.744187
vt 1.340862 -1.775588
vt 1.972274 -2.951717
vt 1.112500 -1.926907
vt 1.673458 -3.130820
vt 0.867274 -2.049015
vt 1.358526 -3.279772
vt 1.030511 -3.397138
vt 0.608900 -2.140062
vt 0.692571 -3.481788
vt 0.341296 -2.198668
vt 0.347961 -3.532906
vt 0.068519 -2.223945
vt -0.000000 -3.550000
vt -0.205297 -2.215509
vt -0.347961 -3.532906
vt -0.692571 -3.481788
vt -0.476001 -2.173488
vt -1.030511 -3.397138
vt -0.739489 -2.098519
vt -1.358526 -3.279772
vt -0.991768 -1.991738
vt -1.673458 -3.130820
vt -1.229012 -1.854765
vt -1.972274 -2.951717
vt -2.252096 -2.744187
vt -1.447626 -1.689676
vt -2.510229 -2.510229
vt -1.644295 -1.498973
vt -2.744187 -2.252096
vt -1.816038 -1.285547
vt -2.951717 -1.972274
vt -1.960252 -1.052633
vt -3.130820 -1.673458
vt -3.279772 -1.358526
vt -2.074751 -0.803763
vt -3.397138 -1.030511
vt -2.157798 -0.542708
vt -3.481788 -0.692571
vt -2.208136 -0.273426
vt -3.532906 -0.347961
vt -2.225000 0.000000
vt -3.550000 0.000000
vt -3.532906 0.347961
vt -2.208136 0.273426
vt -3.481788 0.692571
vt -2.157798 0.542708
vt -3.397138 1.030511
vt -2.074751 0.803763
vt -3.279772 1.358526
vt -1.960252 1.052633
vt -3.130820 1.673458
vt -2.951717 1.972274
vt -1.816038 1.285547
vt -2.744187 2.252096
vt -1.644295 1.498973
vt -2.510229 2.510229
vt -1.447626 1.689676
vt -2.252096 2.744187
vt -1.229012 1.854765
vt -1.972274 2.951717
vt -1.673458 3.130820
vt -0.991768 1.991738
vt -1.358526 3.279772
vt -0.739489 2.098519
vt -1.030511 3.397138
vt -0.476001 2.173488
vt -0.692571 3.481788
vt -0.205297 2.215509
vt -0.347961 3.532906
vt 0.000000 3.550000
vt 0.068519 2.223945
vt 0.347961 3.532906
vt 0.341296 2.198668
vt 0.692571 3.481788
vt 0.608900 2.140062
vt 1.030511 3.397138
vt 0.867274 2.049015
vt 1.358526 3.279772
vt 1.673458 3.130820
vt 1.112500 1.926907
vt 1.972274 2.951717
vt 1.340862 1.775588
vt 2.252096 2.744187
vt 1.548898 1.597354
vt 2.510229 2.510229
vt 1.733454 1.394905
vt 2.744187 2.252096
vt 2.951717 1.972274
vt 1.891733 1.171312
vt 3.130820 1.673458
vt 2.021335 0.929962
vt 3.279772 1.358526
vt 2.120296 0.674515
vt 3.397138 1.030511
vt 2.187115 0.408843
vt 3.481788 0.692571
vt -2.107554 0.271739
vt -2.125000 0.000000
vt -1.925000 0.000000
vt -2.107554 -0.271739
vt -1.907824 -0.256577
vt -2.055502 -0.539016
vt -1.856603 -0.508576
vt -1.969698 -0.797442
vt -1.772251 -0.751499
vt -1.851552 -1.042775
vt -1.656273 -0.981012
vt -1.703004 -1.270985
vt -1.510739 -1.193019
vt -1.526492 -1.478325
vt -1.338245 -1.383736
vt -1.324916 -1.661392
vt -1.141871 -1.549760
vt -1.101584 -1.817178
vt -0.925120 -1.688129
vt -0.860165 -1.943127
vt -0.691860 -1.796373
vt -0.604621 -2.037169
vt -0.446254 -1.872560
vt -0.339150 -2.097761
vt -0.192684 -1.915332
vt -0.068110 -2.123908
vt 0.064324 -1.923925
vt 0.204049 -2.115181
vt 0.320184 -1.898185
vt 0.472857 -2.071722
vt 0.570330 -1.838572
vt 0.733901 -1.994245
vt 0.810299 -1.746150
vt 0.982894 -1.884024
vt 1.035809 -1.622568
vt 1.215748 -1.742866
vt 1.242834 -1.470030
vt 1.428639 -1.573091
vt 1.427680 -1.291261
vt 1.618073 -1.377485
vt 1.587050 -1.089448
vt 1.780937 -1.159262
vt 1.718099 -0.868194
vt 1.914559 -0.922003
vt 1.818488 -0.631448
vt 2.016743 -0.669605
vt 1.886426 -0.383433
vt 2.085813 -0.406212
vt 1.920701 -0.128576
vt 2.120634 -0.136149
vt 1.920701 0.128576
vt 2.120634 0.136149
vt 2.085813 0.406212
vt 1.886426 0.383433
vt 2.016743 0.669605
vt 1.818488 0.631448
vt 1.914559 0.922003
vt 1.718099 0.868194
vt 1.780937 1.159262
vt 1.587050 1.089448
vt 1.618073 1.377485
vt 1.427680 1.291261
vt 1.428639 1.573091
vt 1.242834 1.470030
vt 1.215748 1.742866
vt 1.035809 1.622568
vt 0.982894 1.884024
vt 0.810299 1.746150
vt 0.733901 1.994245
vt 0.570330 1.838572
vt 0.472857 2.071722
vt 0.320184 1.898185
vt 0.204049 2.115181
vt 0.064324 1.923925
vt -0.068110 2.123908
vt -0.192684 1.915332
vt -0.339150 2.097761
vt -0.446254 1.872560
vt -0.604621 2.037169
vt -0.691860 1.796373
vt -0.860165 1.943127
vt -0.925120 1.688129
vt -1.101584 1.817178
vt -1.141871 1.549760
vt -1.324916 1.661392
vt -1.338245 1.383736
vt -1.526492 1.478325
vt -1.510739 1.193019
vt -1.703004 1.270985
vt -1.656273 0.981012
vt -1.851552 1.042775
vt -1.772251 0.751499
vt -1.969698 0.797442
vt -1.856603 0.508576
vt -2.055502 0.539016
vt -1.907824 0.256577
vt 3.732494 0.361927
vt 3.445711 0.171968
vt 3.750000 0.000000
vt 3.445711 -0.171968
vt 3.732494 -0.361927
vt 3.411466 -0.514196
vt 3.680138 -0.720475
vt 3.343317 -0.851313
vt 3.593422 -1.072296
vt 3.241940 -1.179969
vt 3.473155 -1.414106
vt 3.108343 -1.496899
vt 3.320460 -1.742712
vt 2.943854 -1.798951
vt 3.136763 -2.055047
vt 2.750107 -2.083125
vt 2.923779 -2.348194
vt 2.529029 -2.346596
vt 2.683496 -2.619418
vt 2.282816 -2.586745
vt 2.418158 -2.866184
vt 2.013916 -2.801186
vt 2.130243 -3.086189
vt 1.725000 -2.987788
vt 1.822438 -3.277380
vt 1.418941 -3.144695
vt 1.497617 -3.437971
vt 1.098779 -3.270349
vt 1.158814 -3.566462
vt 0.767697 -3.363501
vt 0.809191 -3.661654
vt 0.428986 -3.423225
vt 0.452013 -3.722658
vt 0.086011 -3.448928
vt 0.090614 -3.748905
vt -0.271631 -3.740149
vt -0.257819 -3.440353
vt -0.631339 -3.696473
vt -0.599086 -3.397587
vt -0.985153 -3.618283
vt -0.934400 -3.321054
vt -1.329768 -3.506311
vt -1.260427 -3.211514
vt -1.661968 -3.361601
vt -1.573927 -3.070058
vt -1.978651 -3.185505
vt -1.871785 -2.898089
vt -2.276859 -2.979666
vt -2.151040 -2.697319
vt -2.553809 -2.746007
vt -2.408917 -2.469741
vt -2.806915 -2.486710
vt -2.642853 -2.217617
vt -3.033814 -2.204195
vt -2.850524 -1.943454
vt -3.232386 -1.901099
vt -3.029864 -1.649976
vt -3.400779 -1.580254
vt -3.179093 -1.340100
vt -3.537419 -1.244654
vt -3.296726 -1.016905
vt -3.641032 -0.897434
vt -3.381595 -0.683604
vt -3.710649 -0.541834
vt -3.432856 -0.343509
vt -3.745621 -0.181175
vt -3.450000 0.000000
vt -3.745621 0.181175
vt -3.432856 0.343509
vt -3.710649 0.541834
vt -3.381595 0.683604
vt -3.641032 0.897434
vt -3.296726 1.016905
vt -3.537419 1.244654
vt -3.179093 1.340100
vt -3.400779 1.580254
vt -3.029864 1.649976
vt -3.232386 1.901099
vt -2.850524 1.943454
vt -3.033814 2.204195
vt -2.642853 2.217617
vt -2.806915 2.486710
vt -2.408917 2.469741
vt -2.553809 2.746007
vt -2.151040 2.697319
vt -2.276859 2.979666
vt -1.871785 2.898089
vt -1.978651 3.185505
vt -1.573927 3.070058
vt -1.661968 3.361601
vt -1.260427 3.211514
vt -1.329768 3.506311
vt -0.934400 3.321054
vt -0.985153 3.618283
vt -0.599086 3.397587
vt -0.631339 3.696473
vt -0.257819 3.440353
vt -0.271631 3.740149
vt 0.086011 3.448928
vt 0.090614 3.748905
vt 0.452013 3.722658
vt 0.428986 3.423225
vt 0.809191 3.661654
vt 0.767697 3.363501
vt 1.158814 3.566462
vt 1.098779 3.270349
vt 1.497617 3.437971
vt 1.418941 3.144695
vt 1.822438 3.277380
vt 1.725000 2.987788
vt 2.130243 3.086189
vt 2.013916 2.801186
vt 2.418158 2.866184
vt 2.282816 2.586745
vt 2.683496 2.619418
vt 2.529029 2.346596
vt 2.923779 2.348194
vt 2.750107 2.083125
vt 3.136763 2.055047
vt 2.943854 1.798951
vt 3.320460 1.742712
vt 3.108343 1.496899
vt 3.473155 1.414106
vt 3.241940 1.179969
vt 3.593422 1.072296
vt 3.343317 0.851313
vt 3.680138 0.720475
vt 3.411466 0.514196
vt 0.000100 -0.071400
vt 0.900100 0.000000
vt 0.000100 0.000000
vt 0.900100 0.071400
vt 0.000100 0.071400
vt 0.900100 0.142800
vt 0.000100 0.142800
vt 0.900100 0.214199
vt 0.000100 0.214199
vt 0.900100 0.285599
vt 0.000100 0.285599
vt 0.900100 0.356999
vt 0.000100 0.356999
vt 0.900100 0.428399
vt 0.000100 0.428399
vt 0.900100 0.499799
vt 0.000100 0.499799
vt 0.900100 0.571199
vt 0.000100 0.571199
vt 0.900100 0.642598
vt 0.000100 0.642598
vt 0.900100 0.713998
vt 0.000100 0.713998
vt 0.000100 0.785398
vt 0.900100 0.785398
vt 0.000100 -0.785398
vt 0.900100 -0.785398
vt 0.000100 -0.713998
vt 0.900100 -0.713998
vt 0.900100 -0.642598
vt 0.900100 -0.071400
vt 0.000100 -0.142800
vt 0.900100 -0.142800
vt 0.000100 -0.214199
vt 0.900100 -0.214199
vt 0.000100 -0.285599
vt 0.900100 -0.285599
vt 0.000100 -0.356999
vt 0.900100 -0.356999
vt 0.000100 -0.428399
vt 0.900100 -0.428399
vt 0.000100 -0.499799
vt 0.900100 -0.499799
vt 0.000100 -0.571199
vt 0.900100 -0.571199
vt 0.000100 -0.642598
vt 0.000000 -0.070686
vt 1.000000 -0.070686
vt 1.000000 0.000000
vt 0.000000 0.070686
vt 1.000000 0.070686
vt 0.000000 0.141372
vt 1.000000 0.141372
vt 0.000000 0.212058
vt 1.000000 0.212058
vt 0.000000 0.282743
vt 1.000000 0.282743
vt 0.000000 0.353429
vt 1.000000 0.353429
vt 0.000000 0.424115
vt 1.000000 0.424115
vt 0.000000 0.494801
vt 1.000000 0.494801
vt 0.000000 0.565487
vt 1.000000 0.565487
vt 0.000000 0.636173
vt 1.000000 0.636173
vt 0.000000 0.706858
vt 1.000000 0.706858
vt 0.000000 -0.706858
vt 1.000000 -0.706858
vt 0.000000 -0.636173
vt 1.000000 -0.636173
vt 0.000000 -0.565487
vt 1.000000 -0.565487
vt 0.000000 -0.494801
vt 1.000000 -0.494801
vt 0.000000 -0.424115
vt 1.000000 -0.424115
vt 0.000000 -0.353429
vt 1.000000 -0.353429
vt 0.000000 -0.282743
vt 1.000000 -0.282743
vt 0.000000 -0.212058
vt 1.000000 -0.212058
vt 0.000000 -0.141372
vt 1.000000 -0.141372
vt -0.000000 -0.706858
vt -0.000000 0.222903
vt -0.200000 0.000000
vt -0.200000 -0.222903
vt -0.000000 -0.222903
vt -0.200000 -0.445807
vt -0.000000 -0.445807
vt -0.200000 -0.668710
vt -0.000000 -0.668710
vt -0.200000 -0.891614
vt -0.000000 -0.891614
vt -0.200000 -1.114517
vt -0.000000 -1.114517
vt -0.200000 -1.337421
vt -0.000000 -1.337421
vt -0.200000 -1.560324
vt -0.000000 -1.560324
vt -0.200000 -1.783228
vt -0.000000 -1.783228
vt -0.200000 -2.006131
vt -0.000000 -2.006131
vt -0.200000 -2.229035
vt -0.000000 -2.229035
vt -0.200000 -2.451938
vt -0.000000 -2.451938
vt -0.200000 -2.674842
vt -0.000000 -2.674842
vt -0.200000 -2.897745
vt -0.000000 -2.897745
vt -0.200000 -3.120649
vt -0.000000 -3.120649
vt -0.200000 -3.343552
vt -0.000000 -3.343552
vt -0.200000 -3.566456
vt -0.000000 -3.566456
vt -0.200000 -3.789359
vt -0.000000 -3.789359
vt -0.200000 -4.012263
vt -0.000000 -4.012263
vt -0.200000 -4.235166
vt -0.000000 -4.235166
vt -0.200000 -4.458070
vt -0.000000 -4.458070
vt -0.200000 -4.680973
vt -0.000000 -4.680973
vt -0.200000 -4.903877
vt -0.000000 -4.903877
vt -0.200000 -5.126780
vt -0.000000 -5.126780
vt -0.200000 -5.349683
vt -0.000000 -5.349683
vt -0.200000 -5.572587
vt -0.000000 -5.572587
vt -0.200000 -5.795490
vt -0.000000 -5.795490
vt -0.200000 -6.018394
vt -0.000000 -6.018394
vt -0.200000 -6.241297
vt -0.000000 -6.241297
vt -0.200000 -6.464201
vt -0.000000 -6.464201
vt -0.200000 -6.687104
vt -0.000000 -6.687104
vt -0.200000 -6.910008
vt -0.000000 -6.910008
vt 0.000000 7.132911
vt -0.200000 7.132911
vt -0.200000 6.910008
vt 0.000000 6.910008
vt -0.200000 6.687104
vt 0.000000 6.687104
vt -0.200000 6.464201
vt -0.000000 6.464201
vt -0.200000 6.241297
vt 0.000000 6.241297
vt -0.200000 6.018394
vt 0.000000 6.018394
vt -0.200000 5.795490
vt 0.000000 5.795490
vt -0.200000 5.572587
vt 0.000000 5.572587
vt -0.200000 5.349683
vt 0.000000 5.349683
vt -0.200000 5.126780
vt 0.000000 5.126780
vt -0.200000 4.903877
vt 0.000000 4.903877
vt -0.200000 4.680973
vt 0.000000 4.680973
vt -0.200000 4.458070
vt 0.000000 4.458070
vt -0.200000 4.235166
vt -0.000000 4.235166
vt -0.200000 4.012263
vt 0.000000 4.012263
vt -0.200000 3.789359
vt 0.000000 3.789359
vt -0.200000 3.566456
vt 0.000000 3.566456
vt -0.200000 3.343552
vt -0.000000 3.343552
vt -0.200000 3.120649
vt -0.000000 3.120649
vt -0.200000 2.897745
vt -0.000000 2.897745
vt -0.200000 2.674842
vt -0.000000 2.674842
vt -0.200000 2.451938
vt -0.000000 2.451938
vt -0.200000 2.229035
vt -0.000000 2.229035
vt -0.200000 2.006131
vt -0.000000 2.006131
vt -0.200000 1.783228
vt -0.000000 1.783228
vt -0.200000 1.560324
vt -0.000000 1.560324
vt -0.200000 1.337421
vt -0.000000 1.337421
vt -0.200000 1.114517
vt -0.000000 1.114517
vt -0.200000 0.891614
vt -0.000000 0.891614
vt -0.200000 0.668710
vt -0.000000 0.668710
vt -0.200000 0.445807
vt -0.000000 0.445807
vt -0.200000 0.222903
vt 0.400100 -0.059136
vt 0.700100 0.000000
vt 0.400100 0.000000
vt 0.700100 0.059136
vt 0.400100 0.059136
vt 0.700100 0.118272
vt 0.400100 0.118272
vt 0.700100 0.177408
vt 0.400100 0.177408
vt 0.700100 0.236543
vt 0.400100 0.236543
vt 0.700100 0.295679
vt 0.400100 0.295679
vt 0.700100 0.354815
vt 0.400100 0.354815
vt 0.700100 0.413951
vt 0.400100 0.413951
vt 0.700100 0.473087
vt 0.400100 0.473087
vt 0.400100 -0.532223
vt 0.700100 -0.532223
vt 0.700100 -0.473087
vt 0.400100 -0.473087
vt 0.700100 -0.413951
vt 0.400100 -0.413951
vt 0.700100 -0.354815
vt 0.400100 -0.354815
vt 0.700100 -0.295679
vt 0.400100 -0.295679
vt 0.700100 -0.236543
vt 0.400100 -0.236543
vt 0.700100 -0.177408
vt 0.400100 -0.177408
vt 0.700100 -0.118272
vt 0.400100 -0.118272
vt 0.700100 -0.059136
vt -0.700000 -7.144496
vt -0.000000 -7.144496
vt -0.700000 -6.914675
vt -0.000000 -6.914675
vt -0.700000 -6.684853
vt -0.000000 -6.684853
vt -0.000000 -6.455031
vt -0.700000 -6.455031
vt -0.000000 -6.225209
vt -0.700000 -6.225209
vt -0.000000 -5.995387
vt -0.700000 -5.995387
vt -0.000000 -5.765565
vt -0.700000 -5.765565
vt -0.000000 -5.535744
vt -0.700000 -5.535744
vt -0.000000 -5.305922
vt -0.700000 -5.305922
vt -0.000000 -5.076100
vt -0.700000 -5.076100
vt -0.000000 -4.846278
vt -0.700000 -4.846278
vt -0.000000 -4.616456
vt -0.700000 -4.616456
vt -0.000000 -4.386634
vt -0.700000 -4.386634
vt -0.000000 -4.156813
vt -0.700000 -4.156813
vt -0.000000 -3.926991
vt -0.700000 -3.926991
vt -0.000000 -3.697169
vt -0.700000 -3.697169
vt -0.000000 -3.467347
vt -0.700000 -3.467347
vt -0.000000 -3.237525
vt -0.700000 -3.237525
vt -0.000000 -3.007704
vt -0.700000 -3.007704
vt -0.000000 -2.777882
vt -0.700000 -2.777882
vt -0.000000 -2.548060
vt -0.700000 -2.548060
vt -0.000000 -2.318238
vt -0.700000 -2.318238
vt -0.000000 -2.088416
vt -0.700000 -2.088416
vt -0.000000 -1.858594
vt -0.700000 -1.858594
vt -0.000000 -1.628773
vt -0.700000 -1.628773
vt -0.000000 -1.398951
vt -0.700000 -1.398951
vt -0.000000 -1.169129
vt -0.700000 -1.169129
vt -0.000000 -0.939307
vt -0.700000 -0.939307
vt -0.000000 -0.709485
vt -0.700000 -0.709485
vt -0.000000 7.144496
vt -0.700000 7.144496
vt 0.000000 6.914675
vt -0.700000 6.914675
vt 0.000000 6.684853
vt -0.700000 6.684853
vt -0.700000 6.455031
vt 0.000000 6.455031
vt -0.700000 6.225209
vt 0.000000 6.225209
vt -0.700000 5.995387
vt 0.000000 5.995387
vt -0.700000 5.765565
vt 0.000000 5.765565
vt -0.700000 5.535744
vt 0.000000 5.535744
vt -0.700000 5.305922
vt 0.000000 5.305922
vt -0.700000 5.076100
vt -0.000000 5.076100
vt -0.700000 4.846278
vt 0.000000 4.846278
vt -0.700000 4.616456
vt 0.000000 4.616456
vt -0.700000 4.386634
vt 0.000000 4.386634
vt -0.700000 4.156813
vt 0.000000 4.156813
vt -0.700000 3.926991
vt 0.000000 3.926991
vt -0.700000 3.697169
vt -0.000000 3.697169
vt -0.700000 3.467347
vt -0.000000 3.467347
vt -0.700000 3.237525
vt -0.000000 3.237525
vt -0.700000 3.007704
vt -0.000000 3.007704
vt -0.700000 2.777882
vt -0.000000 2.777882
vt -0.700000 2.548060
vt -0.000000 2.548060
vt -0.700000 2.318238
vt -0.000000 2.318238
vt -0.700000 2.088416
vt -0.000000 2.088416
vt -0.700000 1.858594
vt -0.000000 1.858594
vt -0.700000 1.628773
vt -0.000000 1.628773
vt -0.700000 1.398951
vt -0.000000 1.398951
vt -0.700000 1.169129
vt -0.000000 1.169129
vt -0.700000 0.939307
vt -0.000000 0.939307
vt -0.700000 0.709485
vt -0.000000 0.709485
vt -2.400000 0.700000
vt -2.400000 -0.700000
vt -1.200000 -1.496663
vt -2.325607 -0.917363
vt -2.231574 -1.126978
vt -2.118695 -1.327076
vt -1.987924 -1.515968
vt -1.840365 -1.692056
vt -1.677265 -1.853856
vt -1.189386 -1.560952
vt -1.500000 -2.000000
vt -1.158669 -1.618417
vt -1.111111 -1.662959
vt -1.310068 -2.129254
vt -0.942768 -1.763856
vt -1.109072 -2.240527
vt -0.765345 -1.847768
vt -0.898710 -2.332878
vt -0.580552 -1.913886
vt -0.680759 -2.405529
vt -0.390169 -1.961573
vt -0.457058 -2.457864
vt -0.196028 -1.990370
vt -0.229498 -2.489444
vt 0.000000 -2.000000
vt 0.000000 -2.500000
vt 0.229498 -2.489444
vt 0.196028 -1.990370
vt 0.457058 -2.457864
vt 0.390169 -1.961573
vt 0.680759 -2.405529
vt 0.580552 -1.913886
vt 0.898710 -2.332878
vt 0.765345 -1.847768
vt 1.109072 -2.240527
vt 0.942768 -1.763856
vt 1.310068 -2.129254
vt 1.111111 -1.662959
vt 1.500000 -2.000000
vt 1.158669 -1.618417
vt 1.189386 -1.560952
vt 1.677265 -1.853856
vt 1.200000 -1.496663
vt 1.840365 -1.692056
vt 1.987924 -1.515968
vt 2.118695 -1.327076
vt 1.607362 -0.774640
vt 1.539087 -0.794688
vt 1.467929 -0.794688
vt 1.399654 -0.774640
vt 1.667223 -0.736170
vt 2.231574 -1.126978
vt 1.713822 -0.682392
vt 2.325607 -0.917363
vt 1.743381 -0.617665
vt 2.400000 -0.700000
vt 1.753508 -0.547232
vt 1.743381 -0.476799
vt 1.713822 -0.412072
vt 2.400000 0.700000
vt 1.667223 -0.358295
vt 1.607362 -0.319824
vt 1.539087 -0.299777
vt 2.325607 0.917363
vt 1.467929 -0.299777
vt 1.200000 1.496663
vt 1.399654 -0.319824
vt 1.339793 -0.358295
vt 1.293195 -0.412072
vt 1.263635 -0.476799
vt 1.253508 -0.547232
vt 1.263635 -0.617665
vt 1.293195 -0.682392
vt 1.339793 -0.736170
vt 2.231574 1.126978
vt 2.118695 1.327076
vt 1.987924 1.515968
vt 1.840365 1.692056
vt 1.677265 1.853856
vt 1.189386 1.560952
vt 1.500000 2.000000
vt 1.158669 1.618417
vt 1.111111 1.662959
vt 1.310068 2.129254
vt 0.942768 1.763856
vt 1.109072 2.240527
vt 0.765345 1.847768
vt 0.898710 2.332878
vt 0.580552 1.913886
vt 0.680759 2.405529
vt 0.390169 1.961573
vt 0.457058 2.457864
vt 0.196028 1.990370
vt 0.229498 2.489444
vt 0.000000 2.000000
vt 0.000000 2.500000
vt -0.229498 2.489444
vt -0.196028 1.990370
vt -0.457058 2.457864
vt -0.390169 1.961573
vt -0.680759 2.405529
vt -0.580552 1.913886
vt -0.898710 2.332878
vt -0.765345 1.847768
vt -1.109072 2.240527
vt -0.942768 1.763856
vt -1.310068 2.129254
vt -1.111111 1.662959
vt -1.500000 2.000000
vt -1.158669 1.618417
vt -1.189386 1.560952
vt -1.677265 1.853856
vt -1.200000 1.496663
vt -1.840365 1.692056
vt -1.987924 1.515968
vt -2.118695 1.327076
vt -2.231574 1.126978
vt -2.325607 0.917363
vt -2.232222 0.111406
vt -2.210037 0.333109
vt -2.165888 0.551503
vt -2.100213 -0.764415
vt -2.165888 -0.551503
vt -2.210037 -0.333109
vt -2.013665 -0.969730
vt -1.907105 -1.165408
vt -1.781591 -1.349503
vt -1.638371 -1.520186
vt -1.478868 -1.675761
vt -1.304667 -1.814681
vt -1.117500 -1.935567
vt -0.919227 -2.037216
vt -0.711818 -2.118618
vt -0.497334 -2.178964
vt -0.277908 -2.217655
vt -0.055720 -2.234305
vt 0.167022 -2.228750
vt 0.388104 -2.201045
vt 0.605328 -2.151465
vt 0.816537 -2.080503
vt 1.019631 -1.988863
vt 1.212591 -1.877458
vt 1.393500 -1.747393
vt 1.560559 -1.599962
vt 1.712109 -1.436630
vt 1.846644 -1.259020
vt 1.962825 -1.068898
vt 2.059499 -0.868152
vt 2.135705 -0.658778
vt 2.190686 -0.442857
vt 2.223894 -0.222534
vt 2.235000 0.000000
vt 2.223894 0.222534
vt 2.190686 0.442857
vt 2.135705 0.658778
vt 2.059499 0.868152
vt 1.962825 1.068898
vt 1.846644 1.259020
vt 1.712109 1.436630
vt 1.560559 1.599962
vt 1.393500 1.747393
vt 1.212591 1.877458
vt 1.019631 1.988863
vt 0.816537 2.080503
vt 0.605328 2.151465
vt 0.388104 2.201045
vt 0.167022 2.228750
vt -0.055720 2.234305
vt -0.277908 2.217655
vt -0.497334 2.178964
vt -0.711818 2.118618
vt -0.919227 2.037216
vt -1.117500 1.935567
vt -1.304667 1.814681
vt -1.478868 1.675761
vt -1.638371 1.520186
vt -1.781591 1.349503
vt -1.907105 1.165408
vt -2.013665 0.969730
vt -2.100213 0.764415
vt -2.232222 -0.111406
vt 0.860000 1.000000
vt 0.860000 -1.000000
vt 0.849412 -1.134534
vt 0.817909 -1.265755
vt 0.766266 -1.390432
vt 0.695755 -1.505495
vt 0.608112 -1.608112
vt 0.505495 -1.695755
vt 0.390432 -1.766266
vt 0.265755 -1.817909
vt 0.134534 -1.849412
vt -0.000000 -1.860000
vt 0.849412 1.134534
vt 0.817909 1.265755
vt 0.766266 1.390432
vt 0.695755 1.505495
vt 0.608112 1.608112
vt 0.505495 1.695755
vt 0.390432 1.766266
vt 0.265755 1.817909
vt 0.134534 1.849412
vt -0.000000 1.860000
vt -0.134534 1.849412
vt -0.265755 1.817909
vt -0.390432 1.766266
vt -0.505495 1.695755
vt -0.608112 1.608112
vt -0.695755 1.505495
vt -0.766266 1.390432
vt -0.817909 1.265755
vt -0.849412 1.134534
vt -0.860000 1.000000
vt -1.467929 -0.299777
vt -1.399654 -0.319824
vt -1.539087 -0.299777
vt -1.607362 -0.319824
vt -1.713822 -0.412072
vt -1.667223 -0.358295
vt -1.743381 -0.476799
vt -1.753508 -0.547232
vt -1.743381 -0.617665
vt -1.713822 -0.682392
vt -1.667223 -0.736170
vt -1.607362 -0.774640
vt -1.539087 -0.794688
vt -1.467929 -0.794688
vt -1.399654 -0.774640
vt -0.849412 -1.134534
vt -0.860000 -1.000000
vt -0.817909 -1.265755
vt -0.766266 -1.390432
vt -0.695755 -1.505495
vt -0.608112 -1.608112
vt -0.505495 -1.695755
vt -0.390432 -1.766266
vt -0.265755 -1.817909
vt -0.134534 -1.849412
vt -1.263635 -0.476799
vt -1.253508 -0.547232
vt -1.263635 -0.617665
vt -1.293195 -0.682392
vt -1.339793 -0.736170
vt -1.339793 -0.358295
vt -1.293195 -0.412072
vt -0.000000 -2.544690
vt 0.150000 -2.544690
vt 0.000000 -2.410759
vt 0.150000 -2.410759
vt 0.000000 -2.276828
vt 0.150000 -2.276828
vt 0.000000 -2.142897
vt 0.150000 -2.142897
vt 0.000000 -2.008966
vt 0.150000 -2.008966
vt 0.000000 -1.875035
vt 0.150000 -1.875035
vt 0.000000 -1.741104
vt 0.150000 -1.741104
vt 0.000000 -1.607173
vt 0.150000 -1.607173
vt 0.000000 -1.473242
vt 0.150000 -1.473242
vt 0.000000 -1.339311
vt 0.150000 -1.339311
vt 0.000000 -1.205379
vt 0.150000 -1.205379
vt 0.000000 -1.071448
vt 0.150000 -1.071448
vt 0.000000 -0.937517
vt 0.150000 -0.937517
vt 0.000000 -0.803586
vt 0.150000 -0.803586
vt 0.000000 -0.669655
vt 0.150000 -0.669655
vt 0.000000 -0.535724
vt 0.150000 -0.535724
vt 0.000000 -0.401793
vt 0.150000 -0.401793
vt 0.000000 -0.267862
vt 0.150000 -0.267862
vt 0.000000 -0.133931
vt 0.150000 -0.133931
vt 0.150000 0.000000
vt -2.000000 -0.150000
vt -0.000000 -0.150000
vt -2.000000 0.000000
vt 0.000000 0.133931
vt 0.150000 0.133931
vt 0.000000 0.267862
vt 0.150000 0.267862
vt 0.000000 0.401793
vt 0.150000 0.401793
vt 0.000000 0.535724
vt 0.150000 0.535724
vt 0.000000 0.669655
vt 0.150000 0.669655
vt 0.000000 0.803586
vt 0.150000 0.803586
vt 0.000000 0.937517
vt 0.150000 0.937517
vt 0.000000 1.071448
vt 0.150000 1.071448
vt 0.000000 1.205379
vt 0.150000 1.205379
vt 0.000000 1.339311
vt 0.150000 1.339311
vt 0.000000 1.473242
vt 0.150000 1.473242
vt -0.000000 1.607173
vt 0.150000 1.607173
vt 0.000000 1.741104
vt 0.150000 1.741104
vt -0.000000 1.875035
vt 0.150000 1.875035
vt -0.000000 2.008966
vt 0.150000 2.008966
vt -0.000000 2.142897
vt 0.150000 2.142897
vt -0.000000 2.276828
vt 0.150000 2.276828
vt -0.000000 2.410759
vt 0.150000 2.410759
vt 0.000000 2.544690
vt 0.150000 2.544690
vt 2.000000 -0.150000
vt 2.000000 0.000000
vt -0.798953 -0.133322
vt -0.766112 -0.263007
vt -0.810000 0.000000
vt -0.712374 -0.385517
vt -0.157276 0.470600
vt -0.639204 -0.497512
vt -0.548598 -0.595936
vt -0.443028 -0.678105
vt -0.136035 0.415771
vt -0.325373 -0.741776
vt -0.096422 0.372317
vt -0.198843 -0.785214
vt -0.043786 0.346108
vt -0.066889 -0.807233
vt 0.014763 0.340683
vt 0.066889 -0.807233
vt 0.071318 0.356774
vt 0.198843 -0.785214
vt 0.118241 0.392209
vt 0.325373 -0.741776
vt 0.149196 0.442201
vt 0.443028 -0.678105
vt 0.548598 -0.595936
vt 0.639204 -0.497512
vt 0.712374 -0.385517
vt 0.810000 0.000000
vt 0.766112 -0.263007
vt 0.798953 -0.133322
vt 0.810000 2.000000
vt 0.149196 1.442201
vt 0.149196 0.557799
vt 0.160000 0.500000
vt 0.798953 2.133322
vt 0.766112 2.263007
vt 0.712374 2.385517
vt 0.160000 1.500000
vt 0.639204 2.497512
vt 0.149196 1.557799
vt 0.548598 2.595936
vt 0.443028 2.678105
vt 0.325373 2.741776
vt 0.118241 1.607791
vt 0.198843 2.785214
vt 0.071318 1.643226
vt 0.066889 2.807233
vt 0.014763 1.659317
vt -0.066889 2.807233
vt -0.043786 1.653892
vt -0.198843 2.785214
vt -0.096422 1.627683
vt -0.325373 2.741776
vt -0.136035 1.584229
vt -0.443028 2.678105
vt -0.157276 1.529400
vt -0.548598 2.595936
vt -0.639204 2.497512
vt -0.712374 2.385517
vt -0.810000 2.000000
vt -0.157276 1.470600
vt -0.157276 0.529400
vt -0.766112 2.263007
vt -0.798953 2.133322
vt -0.136035 0.584229
vt -0.136035 1.415771
vt -0.096422 0.627683
vt -0.096422 1.372317
vt -0.043786 1.346108
vt -0.043786 0.653892
vt 0.014763 1.340683
vt 0.014763 0.659317
vt 0.071318 0.643226
vt 0.071318 1.356774
vt 0.118241 0.607791
vt 0.118241 1.392209
vt 0.000000 0.200100
vt -0.700000 0.325100
vt -1.400000 0.200100
vt -0.769529 0.336112
vt -0.832252 0.368071
vt -0.000000 0.900100
vt -0.475000 0.550100
vt -0.486012 0.480571
vt -0.517971 0.417848
vt -1.400000 0.900100
vt -0.700000 0.775100
vt -0.630471 0.764088
vt -0.567748 0.732129
vt -0.925000 0.550100
vt -0.913988 0.619629
vt -0.882029 0.682352
vt -0.567748 0.368071
vt -0.630471 0.336112
vt -0.882029 0.417848
vt -0.913988 0.480571
vt -0.832252 0.732129
vt -0.769529 0.764088
vt -0.517971 0.682352
vt -0.486012 0.619629
vt 0.213988 0.069529
vt -0.213988 0.069529
vt 0.225000 0.000000
vt -0.225000 0.000000
vt 0.213988 -0.069529
vt -0.213988 -0.069529
vt 0.182029 -0.132252
vt -0.182029 -0.132252
vt 0.132252 -0.182029
vt -0.132252 -0.182029
vt 0.069529 -0.213988
vt -0.069529 -0.213988
vt 0.000000 -0.225000
vt -0.182029 0.132252
vt 0.182029 0.132252
vt -0.132252 0.182029
vt 0.132252 0.182029
vt -0.069529 0.213988
vt 0.069529 0.213988
vt -0.000000 0.225000
vt 1.400000 0.900100
vt 0.925000 0.550100
vt 1.400000 0.200100
vt 0.913988 0.480571
vt 0.882029 0.417848
vt 0.700000 0.775100
vt 0.769529 0.764088
vt 0.832252 0.732129
vt 0.475000 0.550100
vt 0.486012 0.619629
vt 0.517971 0.682352
vt 0.700000 0.325100
vt 0.630471 0.336112
vt 0.567748 0.368071
vt 0.832252 0.368071
vt 0.769529 0.336112
vt 0.517971 0.417848
vt 0.486012 0.480571
vt 0.567748 0.732129
vt 0.630471 0.764088
vt 0.882029 0.682352
vt 0.913988 0.619629
vt -0.160000 -0.500000
vt -0.149196 -0.557799
vt -0.118241 -0.607791
vt -0.071318 -0.643226
vt -0.014763 -0.659317
vt 0.043786 -0.653892
vt 0.096422 -0.627683
vt 0.136035 -0.584229
vt 0.157276 -0.529400
vt 0.157276 0.470600
vt 0.157276 -0.470600
vt 0.157276 0.529400
vt 0.136035 0.584229
vt 0.096422 0.627683
vt 0.043786 0.653892
vt -0.014763 0.659317
vt -0.071318 0.643226
vt -0.118241 0.607791
vt -0.149196 0.557799
vt -0.160000 0.500000
vt -0.149196 -0.442201
vt -0.149196 0.442201
vt -0.118241 -0.392209
vt -0.118241 0.392209
vt -0.071318 0.356774
vt -0.071318 -0.356774
vt -0.014763 0.340683
vt -0.014763 -0.340683
vt 0.043786 -0.346108
vt 0.043786 0.346108
vt 0.096422 -0.372317
vt 0.096422 0.372317
vt 0.136035 0.415771
vt 0.136035 -0.415771
vt 0.400000 -4.319655
vt 0.400000 -4.123311
vt 0.000000 -4.319655
vt 0.000000 -4.123311
vt 0.400000 -3.926967
vt 0.000000 -3.926967
vt 0.400000 -3.730624
vt 0.000000 -3.730624
vt 0.400000 -3.534280
vt 0.000000 -3.534280
vt 0.400000 -3.337936
vt 0.000000 -3.337936
vt 0.000000 -3.141593
vt 0.400000 -3.141593
vt 0.000000 -2.945249
vt 0.400000 -2.945249
vt 0.400000 -2.748905
vt 0.000000 -2.748905
vt 0.400000 -2.552562
vt 0.000000 -2.552562
vt 0.400000 -2.356218
vt 0.000000 -2.356218
vt 0.400000 -2.159874
vt 0.000000 -2.159874
vt 0.400000 -1.963531
vt 0.000000 -1.963531
vt 0.103337 0.000000
vt 3.096663 0.000000
vt 0.103337 0.400000
vt 3.096663 0.400000
vt 0.000000 4.319655
vt 0.000000 4.123311
vt 0.400000 4.319655
vt 0.400000 4.123311
vt 0.000000 3.926967
vt 0.400000 3.926967
vt 0.000000 3.730624
vt 0.400000 3.730624
vt 0.000000 3.534280
vt 0.400000 3.534280
vt 0.000000 3.337936
vt 0.400000 3.337936
vt 0.400000 3.141593
vt 0.000000 3.141593
vt 0.400000 2.945249
vt 0.000000 2.945249
vt 0.000000 2.748905
vt 0.400000 2.748905
vt 0.000000 2.552562
vt 0.400000 2.552562
vt 0.000000 2.356218
vt 0.400000 2.356218
vt 0.000000 2.159874
vt 0.400000 2.159874
vt 0.000000 1.963531
vt 0.400000 1.963531
vt -3.096663 0.000000
vt -0.103337 0.000000
vt -3.096663 0.400000
vt -0.103337 0.400000
vt 0.000000 -0.065451
vt 0.400000 0.000000
vt 0.400000 -0.065451
vt 0.000000 -0.130902
vt 0.400000 -0.130902
vt 0.000000 -0.196353
vt 0.400000 -0.196353
vt 0.000000 0.196353
vt 0.000000 0.130902
vt 0.400000 0.196353
vt 0.400000 0.130902
vt 0.000000 0.065451
vt 0.400000 0.065451
vt 0.400000 -0.000000
vt 0.400000 0.628319
vt 0.000000 0.628319
vt 0.400000 0.562868
vt 0.000000 0.562868
vt 0.000000 0.497416
vt 0.400000 0.497416
vt 0.000000 0.431965
vt 0.400000 0.431965
vt 0.000000 -0.431965
vt 0.000000 -0.497416
vt 0.400000 -0.431965
vt 0.400000 -0.497416
vt 0.000000 -0.562868
vt 0.400000 -0.562868
vt 0.400000 -0.628319
vt 0.000000 -0.628319
vt 0.070711 -2.623230
vt 0.070711 -2.492068
vt 0.000000 -2.623230
vt -0.000000 -2.485165
vt 0.070711 -2.360907
vt 0.000000 -2.347100
vt 0.070711 -2.229745
vt 0.000000 -2.209036
vt 0.070711 -2.098584
vt 0.000000 -2.070971
vt 0.070711 -1.967422
vt 0.000000 -1.932906
vt 0.070711 -1.836261
vt -0.000000 -1.794841
vt 0.070711 -1.705099
vt 0.000000 -1.656777
vt 0.070711 -1.573938
vt -0.000000 -1.518712
vt 0.070711 -1.442776
vt -0.000000 -1.380647
vt 0.070711 -1.311615
vt -0.000000 -1.242583
vt 0.070711 -1.180453
vt -0.000000 -1.104518
vt 0.070711 -1.049292
vt -0.000000 -0.966453
vt 0.070711 -0.918130
vt -0.000000 -0.828388
vt 0.070711 -0.786969
vt -0.000000 -0.690324
vt 0.070711 -0.655807
vt -0.000000 -0.552259
vt 0.070711 -0.524646
vt -0.000000 -0.414194
vt 0.070711 -0.393484
vt -0.000000 -0.276129
vt 0.070711 -0.262323
vt -0.000000 -0.138065
vt 0.070711 -0.131161
vt 0.070711 0.000000
vt 0.000000 0.070711
vt -2.000000 0.070711
vt -2.000000 -0.000000
vt 2.000000 0.070711
vt 0.070711 0.131161
vt -0.000000 0.138065
vt 0.070711 0.262323
vt 0.000000 0.276129
vt 0.070711 0.393484
vt -0.000000 0.414194
vt 0.070711 0.524646
vt -0.000000 0.552259
vt 0.070711 0.655807
vt 0.000000 0.690324
vt 0.070711 0.786969
vt -0.000000 0.828388
vt 0.070711 0.918130
vt 0.000000 0.966453
vt 0.070711 1.049292
vt 0.000000 1.104518
vt 0.070711 1.180453
vt 0.000000 1.242583
vt 0.070711 1.311615
vt 0.000000 1.380647
vt 0.070711 1.442776
vt 0.000000 1.518712
vt 0.070711 1.573938
vt -0.000000 1.656777
vt 0.070711 1.705099
vt 0.000000 1.794841
vt 0.070711 1.836261
vt -0.000000 1.932906
vt 0.070711 1.967422
vt -0.000000 2.070971
vt 0.070711 2.098584
vt 0.000000 2.209036
vt 0.070711 2.229745
vt 0.000000 2.347100
vt 0.070711 2.360907
vt 0.000000 2.485165
vt 0.070711 2.492068
vt -0.000000 2.623230
vt 0.070711 2.623230
vt 2.500100 -0.078540
vt 2.800100 -0.078540
vt 2.500100 0.000000
vt 2.800100 0.000000
vt 2.500100 0.078540
vt 2.800100 0.078540
vt 2.500100 0.157080
vt 2.800100 0.157080
vt 2.500100 0.235619
vt 2.800100 0.235619
vt 2.500100 0.314159
vt 2.800100 0.314159
vt 2.500100 0.392699
vt 2.800100 0.392699
vt 2.500100 0.471239
vt 2.800100 0.471239
vt 2.500100 -0.471239
vt 2.800100 -0.471239
vt 2.500100 -0.392699
vt 2.800100 -0.392699
vt 2.500100 -0.314159
vt 2.800100 -0.314159
vt 2.500100 -0.235619
vt 2.800100 -0.235619
vt 2.500100 -0.157080
vt 2.800100 -0.157080
vt 0.000000 -1.846110
vt 1.200000 -1.744137
vt 0.000000 -1.649336
vt 1.200000 -1.554535
vt 0.000000 -1.452562
vt 1.200000 -1.364933
vt 0.000000 -1.255788
vt 1.200000 -1.175331
vt 0.000000 -1.059013
vt 1.200000 -0.985729
vt 0.000000 -0.862239
vt 1.200000 -0.796126
vt 0.000000 -0.665465
vt 1.137344 -0.691234
vt 1.072074 -0.589001
vt 1.200000 -1.933739
vt 0.000000 -2.042885
vt 1.200000 -2.123342
vt 0.000000 -2.239659
vt 1.200000 -2.312944
vt 0.000000 -2.436433
vt 1.200000 -2.502546
vt 0.000000 -2.633207
vt 1.137424 -2.607308
vt 1.071868 -2.709985
vt 0.000000 -2.829982
vt 0.933810 -2.910508
vt 0.000000 -3.026756
vt 0.789642 -3.105880
vt 0.000000 -3.223530
vt 0.641806 -3.298672
vt 0.641806 3.298672
vt 0.000000 3.373815
vt 0.000000 3.177040
vt 0.521465 3.143445
vt 0.471348 3.078493
vt 0.000000 2.980266
vt 0.440760 3.038614
vt 0.303906 2.856256
vt 0.000000 2.783492
vt 0.208237 2.722334
vt 0.000000 2.586718
vt 0.144494 2.628266
vt 0.134666 2.613308
vt 0.064936 2.502669
vt 0.000000 2.389943
vt 0.000000 -0.468691
vt 0.933976 -0.388396
vt 0.000000 -0.271917
vt 0.789570 -0.192696
vt 0.000000 -0.075142
vt 0.641806 0.000000
vt 0.000000 0.121632
vt 0.556257 0.110315
vt 0.471413 0.220094
vt 0.000000 0.318406
vt 0.387320 0.330356
vt 0.303995 0.442293
vt 0.000000 0.515180
vt 0.284770 0.468657
vt 0.144606 0.670238
vt 0.000000 0.711955
vt 0.135327 0.684356
vt 0.065315 0.795421
vt 0.000000 0.908729
vt 0.000000 -2.389943
vt 0.000000 -2.586718
vt 0.065315 -2.503251
vt 0.135327 -2.614317
vt 0.144606 -2.628434
vt 0.000000 -2.783492
vt 0.284770 -2.830015
vt 0.303995 -2.856379
vt 0.000000 -2.980266
vt 0.387320 -2.968316
vt 0.471413 -3.078578
vt 0.000000 -3.177040
vt 0.556257 -3.188357
vt 0.556257 3.408987
vt 0.000000 3.420304
vt 0.000000 3.223530
vt 0.789570 3.105976
vt 0.000000 3.026756
vt 0.933976 2.910277
vt 0.000000 2.829982
vt 1.072074 2.709671
vt 0.000000 2.633207
vt 1.137344 2.607438
vt 1.200000 2.502546
vt 0.000000 2.436433
vt 1.200000 2.312944
vt 0.000000 2.239659
vt 1.200000 2.123342
vt 0.000000 2.042885
vt 1.200000 1.933739
vt 0.000000 1.846110
vt 1.200000 1.744137
vt 0.000000 1.649336
vt 1.200000 1.554535
vt 0.000000 1.452562
vt 1.200000 1.364933
vt 0.000000 1.255788
vt 1.200000 1.175331
vt 0.000000 1.059013
vt 1.200000 0.985729
vt 0.000000 0.862239
vt 1.200000 0.796127
vt 0.000000 0.665465
vt 1.137424 0.691365
vt 1.071868 0.588688
vt 0.000000 0.468691
vt 0.933810 0.388165
vt 0.000000 0.271917
vt 0.789642 0.192792
vt 0.000000 0.075142
vt 0.000000 -0.121632
vt 0.521465 -0.155227
vt 0.471348 -0.220179
vt 0.000000 -0.318406
vt 0.440760 -0.260058
vt 0.303906 -0.442416
vt 0.000000 -0.515180
vt 0.208237 -0.576339
vt 0.000000 -0.711955
vt 0.144494 -0.670406
vt 0.134666 -0.685364
vt 0.064936 -0.796003
vt 0.000000 -0.908729
vt 0.471239 0.428439
vt 0.388079 0.207628
vt 0.471239 0.000000
vt 0.388079 -0.207628
vt 0.471239 -0.428439
vt 0.388079 -0.622885
vt 0.471239 -0.856879
vt 0.388079 -1.038142
vt 0.471239 -1.285318
vt 0.388079 -1.453398
vt 0.471239 -1.713757
vt 0.388079 -1.868655
vt 0.471239 -2.142197
vt 0.388079 -2.283911
vt 0.471239 -2.570636
vt 0.388079 -2.699168
vt 0.471239 -2.999076
vt 0.388079 -3.114425
vt 0.471239 -3.427515
vt 0.388079 -3.529681
vt 0.471239 -3.855954
vt 0.388079 -3.944938
vt 0.471239 -4.284394
vt 0.388079 -4.360194
vt 0.471239 -4.712833
vt 0.388079 -4.775451
vt 0.471239 -5.141272
vt 0.388079 -5.190708
vt 0.471239 -5.569712
vt 0.388079 -5.605964
vt 0.471239 -5.998151
vt 0.388079 -6.021221
vt 0.471239 -6.426590
vt 0.388079 -6.436477
vt 0.471239 -6.855030
vt 0.388079 -6.854578
vt 0.388079 -7.266991
vt 0.277199 -7.266991
vt 0.388079 -7.682247
vt 0.277199 -7.682247
vt 0.388079 -8.097504
vt 0.277199 -8.097504
vt 0.388079 -8.512760
vt 0.277199 -8.512760
vt 0.388079 -8.928017
vt 0.277199 -8.928017
vt 0.388079 -9.343274
vt 0.277199 -9.343274
vt 0.388079 -9.758530
vt 0.277199 -9.758530
vt 0.388079 -10.173787
vt 0.277199 -10.173787
vt 0.388079 -10.589044
vt 0.277199 -10.589044
vt 0.388079 -11.004300
vt 0.277199 -11.004300
vt 0.388079 -11.419557
vt 0.277199 -11.419557
vt 0.388079 -11.834813
vt 0.277199 -11.834813
vt 0.388079 -12.250070
vt 0.277199 -12.250070
vt 0.388079 -12.665327
vt 0.277199 -12.665327
vt 0.388079 -13.080583
vt 0.277199 -13.080583
vt 0.388079 -13.495840
vt 0.277199 -13.495840
vt 0.388079 13.495840
vt 0.277199 13.495840
vt 0.388079 13.080583
vt 0.277199 13.080583
vt 0.388079 12.665327
vt 0.277199 12.665327
vt 0.388079 12.250070
vt 0.277199 12.250070
vt 0.388079 11.834813
vt 0.277199 11.834813
vt 0.388079 11.419557
vt 0.277199 11.419557
vt 0.388079 11.004300
vt 0.277199 11.004300
vt 0.388079 10.589044
vt 0.277199 10.589044
vt 0.388079 10.173787
vt 0.277199 10.173787
vt 0.388079 9.758530
vt 0.277199 9.758530
vt 0.388079 9.343274
vt 0.277199 9.343274
vt 0.388079 8.928017
vt 0.277199 8.928017
vt 0.388079 8.512760
vt 0.277199 8.512760
vt 0.388079 8.097504
vt 0.277199 8.097504
vt 0.388079 7.682247
vt 0.277199 7.682247
vt 0.388079 7.266991
vt 0.277199 7.266991
vt 0.388079 6.854578
vt 0.277199 6.853976
vt 0.388079 6.436477
vt 0.277199 6.436477
vt 0.388079 6.021221
vt 0.277199 6.021221
vt 0.388079 5.605964
vt 0.277199 5.605964
vt 0.388079 5.190708
vt 0.277199 5.190708
vt 0.388079 4.775451
vt 0.277199 4.775451
vt 0.388079 4.360194
vt 0.277199 4.360194
vt 0.388079 3.944938
vt 0.277199 3.944938
vt 0.388079 3.529681
vt 0.277199 3.529681
vt 0.388079 3.114425
vt 0.277199 3.114425
vt 0.388079 2.699168
vt 0.277199 2.699168
vt 0.388079 2.283911
vt 0.277199 2.283911
vt 0.388079 1.868655
vt 0.277199 1.868655
vt 0.388079 1.453398
vt 0.277199 1.453398
vt 0.388079 1.038142
vt 0.277199 1.038142
vt 0.388079 0.622885
vt 0.277199 0.622885
vt 0.277199 0.207628
vt 0.277199 -0.207628
vt 0.277199 -0.622885
vt 0.277199 -1.038142
vt 0.277199 -1.453398
vt 0.277199 -1.868655
vt 0.277199 -2.283911
vt 0.277199 -2.699168
vt 0.277199 -3.114425
vt 0.277199 -3.529681
vt 0.277199 -3.944938
vt 0.277199 -4.360194
vt 0.277199 -4.775451
vt 0.277199 -5.190708
vt 0.277199 -5.605964
vt 0.277199 -6.021221
vt 0.277199 -6.436477
vt 0.277199 -6.853976
vt 0.166320 -6.853373
vt 0.166320 -7.266991
vt 0.055440 -7.266991
vt 0.166320 -7.682247
vt 0.055440 -7.682247
vt 0.166320 -8.097504
vt 0.055440 -8.097504
vt 0.166320 -8.512760
vt 0.055440 -8.512760
vt 0.166320 -8.928017
vt 0.055440 -8.928017
vt 0.166320 -9.343274
vt 0.055440 -9.343274
vt 0.166320 -9.758530
vt 0.055440 -9.758530
vt 0.166320 -10.173787
vt 0.055440 -10.173787
vt 0.166320 -10.589044
vt 0.055440 -10.589044
vt 0.166320 -11.004300
vt 0.055440 -11.004300
vt 0.166320 -11.419557
vt 0.055440 -11.419557
vt 0.166320 -11.834813
vt 0.055440 -11.834813
vt 0.166320 -12.250070
vt 0.055440 -12.250070
vt 0.166320 -12.665327
vt 0.055440 -12.665327
vt 0.166320 -13.080583
vt 0.055440 -13.080583
vt 0.166320 -13.495840
vt 0.055440 -13.495840
vt 0.166320 13.495840
vt 0.055440 13.495840
vt 0.166320 13.080583
vt 0.055440 13.080583
vt 0.166320 12.665327
vt 0.055440 12.665327
vt 0.166320 12.250070
vt 0.055440 12.250070
vt 0.166320 11.834813
vt 0.055440 11.834813
vt 0.166320 11.419557
vt 0.055440 11.419557
vt 0.166320 11.004300
vt 0.055440 11.004300
vt 0.166320 10.589044
vt 0.055440 10.589044
vt 0.166320 10.173787
vt 0.055440 10.173787
vt 0.166320 9.758530
vt 0.055440 9.758530
vt 0.166320 9.343274
vt 0.055440 9.343274
vt 0.166320 8.928017
vt 0.055440 8.928017
vt 0.166320 8.512760
vt 0.055440 8.512760
vt 0.166320 8.097504
vt 0.055440 8.097504
vt 0.166320 7.682247
vt 0.055440 7.682247
vt 0.166320 7.266991
vt 0.055440 7.266991
vt 0.166320 6.853373
vt 0.055440 6.852771
vt 0.166320 6.436477
vt 0.055440 6.436477
vt 0.166320 6.021221
vt 0.055440 6.021221
vt 0.166320 5.605964
vt 0.055440 5.605964
vt 0.166320 5.190708
vt 0.055440 5.190708
vt 0.166320 4.775451
vt 0.055440 4.775451
vt 0.166320 4.360194
vt 0.055440 4.360194
vt 0.166320 3.944938
vt 0.055440 3.944938
vt 0.166320 3.529681
vt 0.055440 3.529681
vt 0.166320 3.114425
vt 0.055440 3.114425
vt 0.166320 2.699168
vt 0.055440 2.699168
vt 0.166320 2.283911
vt 0.055440 2.283911
vt 0.166320 1.868655
vt 0.055440 1.868655
vt 0.166320 1.453398
vt 0.055440 1.453398
vt 0.166320 1.038142
vt 0.055440 1.038142
vt 0.166320 0.622885
vt 0.055440 0.622885
vt 0.166320 0.207628
vt 0.055440 0.207628
vt 0.166320 -0.207628
vt 0.055440 -0.207628
vt 0.166320 -0.622885
vt 0.055440 -0.622885
vt 0.166320 -1.038142
vt 0.055440 -1.038142
vt 0.166320 -1.453398
vt 0.055440 -1.453398
vt 0.166320 -1.868655
vt 0.055440 -1.868655
vt 0.166320 -2.283911
vt 0.055440 -2.283911
vt 0.166320 -2.699168
vt 0.055440 -2.699168
vt 0.166320 -3.114425
vt 0.055440 -3.114425
vt 0.166320 -3.529681
vt 0.055440 -3.529681
vt 0.166320 -3.944938
vt 0.055440 -3.944938
vt 0.166320 -4.360194
vt 0.055440 -4.360194
vt 0.166320 -4.775451
vt 0.055440 -4.775451
vt 0.166320 -5.190708
vt 0.055440 -5.190708
vt 0.166320 -5.605964
vt 0.055440 -5.605964
vt 0.166320 -6.021221
vt 0.055440 -6.021221
vt 0.166320 -6.436477
vt 0.055440 -6.436477
vt 0.055440 -6.852771
vt -0.055440 -6.852169
vt -0.055440 -7.266991
vt -0.135432 -7.059362
vt -0.135432 -7.474619
vt 0.471239 0.856879
vt 0.471239 1.285318
vt 0.471239 1.713757
vt 0.471239 2.142197
vt 0.471239 2.570636
vt 0.471239 2.999076
vt 0.471239 3.427515
vt 0.471239 3.855954
vt 0.471239 4.284394
vt 0.471239 4.712833
vt 0.471239 5.141272
vt 0.471239 5.569712
vt 0.471239 5.998151
vt 0.471239 6.426590
vt 0.471239 6.855030
vt 0.471239 7.283469
vt 0.471239 7.711908
vt 0.471239 8.140348
vt 0.471239 8.568787
vt 0.471239 8.997227
vt 0.471239 9.425666
vt 0.471239 9.854105
vt 0.471239 10.282545
vt 0.471239 10.710984
vt 0.471239 11.139423
vt 0.471239 11.567863
vt 0.471239 11.996302
vt 0.471239 12.424741
vt 0.471239 12.853181
vt 0.471239 13.281620
vt 0.471239 -13.710059
vt 0.471239 -13.281620
vt 0.471239 -12.853181
vt 0.471239 -12.424741
vt 0.471239 -11.996302
vt 0.471239 -11.567863
vt 0.471239 -11.139423
vt 0.471239 -10.710984
vt 0.471239 -10.282545
vt 0.471239 -9.854105
vt 0.471239 -9.425666
vt 0.471239 -8.997227
vt 0.471239 -8.568787
vt 0.471239 -8.140348
vt 0.471239 -7.711908
vt 0.471239 -7.283469
vt -0.135432 -0.415257
vt -0.055440 -0.207628
vt -0.135432 0.000000
vt -0.055440 0.207628
vt -0.135432 0.415257
vt -0.055440 0.622885
vt -0.135432 0.830513
vt -0.055440 1.038142
vt -0.135432 1.245770
vt -0.055440 1.453398
vt -0.135432 1.661026
vt -0.055440 1.868655
vt -0.135432 2.076283
vt -0.055440 2.283911
vt -0.135432 2.491540
vt -0.055440 2.699168
vt -0.135432 2.906796
vt -0.055440 3.114425
vt -0.135432 3.322053
vt -0.055440 3.529681
vt -0.135432 3.737309
vt -0.055440 3.944938
vt -0.135432 4.152566
vt -0.055440 4.360194
vt -0.135432 4.567823
vt -0.055440 4.775451
vt -0.135432 4.983079
vt -0.055440 5.190708
vt -0.135432 5.398336
vt -0.055440 5.605964
vt -0.135432 5.813593
vt -0.055440 6.021221
vt -0.135432 6.228849
vt -0.055440 6.436477
vt -0.135432 6.644106
vt -0.055440 6.852169
vt -0.135432 7.059362
vt -0.055440 7.266991
vt -0.135432 7.474619
vt -0.055440 7.682247
vt -0.135432 7.889876
vt -0.055440 8.097504
vt -0.135432 8.305132
vt -0.055440 8.512760
vt -0.135432 8.720389
vt -0.055440 8.928017
vt -0.135432 9.135645
vt -0.055440 9.343274
vt -0.135432 9.550902
vt -0.055440 9.758530
vt -0.135432 9.966159
vt -0.055440 10.173787
vt -0.135432 10.381415
vt -0.055440 10.589044
vt -0.135432 10.796672
vt -0.055440 11.004300
vt -0.135432 11.211928
vt -0.055440 11.419557
vt -0.135432 11.627185
vt -0.055440 11.834813
vt -0.135432 12.042442
vt -0.055440 12.250070
vt -0.135432 12.457698
vt -0.055440 12.665327
vt -0.135432 12.872955
vt -0.055440 13.080583
vt -0.135432 13.288211
vt -0.055440 13.495840
vt -0.135432 13.703468
vt -0.135432 -13.288211
vt -0.055440 -13.495840
vt -0.055440 -13.080583
vt -0.135432 -12.872955
vt -0.055440 -12.665327
vt -0.135432 -12.457698
vt -0.055440 -12.250070
vt -0.135432 -12.042442
vt -0.055440 -11.834813
vt -0.135432 -11.627185
vt -0.055440 -11.419557
vt -0.135432 -11.211928
vt -0.055440 -11.004300
vt -0.135432 -10.796672
vt -0.055440 -10.589044
vt -0.135432 -10.381415
vt -0.055440 -10.173787
vt -0.135432 -9.966159
vt -0.055440 -9.758530
vt -0.135432 -9.550902
vt -0.055440 -9.343274
vt -0.135432 -9.135645
vt -0.055440 -8.928017
vt -0.135432 -8.720389
vt -0.055440 -8.512760
vt -0.135432 -8.305132
vt -0.055440 -8.097504
vt -0.135432 -7.889876
vt -0.055440 -7.682247
vt -0.055440 -0.622885
vt -0.135432 -0.830513
vt -0.055440 -1.038142
vt -0.135432 -1.245770
vt -0.055440 -1.453398
vt -0.135432 -1.661026
vt -0.055440 -1.868655
vt -0.135432 -2.076283
vt -0.055440 -2.283911
vt -0.135432 -2.491540
vt -0.055440 -2.699168
vt -0.135432 -2.906796
vt -0.055440 -3.114425
vt -0.135432 -3.322053
vt -0.055440 -3.529681
vt -0.135432 -3.737309
vt -0.055440 -3.944938
vt -0.135432 -4.152566
vt -0.055440 -4.360194
vt -0.135432 -4.567823
vt -0.055440 -4.775451
vt -0.135432 -4.983079
vt -0.055440 -5.190708
vt -0.135432 -5.398336
vt -0.055440 -5.605964
vt -0.135432 -5.813593
vt -0.055440 -6.021221
vt -0.135432 -6.228849
vt -0.055440 -6.436477
vt -0.135432 -6.644106
vt 6.264327 -3.478150
vt 6.264331 -3.014397
vt 6.177154 -3.469464
vt 5.880987 -3.166719
vt 5.880987 -3.469366
vt 5.390905 -3.469203
vt 5.746349 -3.531503
vt 5.497962 -3.625808
vt 5.257416 -3.749544
vt 4.900823 -3.469040
vt 4.900823 -3.769903
vt 4.410740 -3.769903
vt 4.817077 -4.059446
vt 4.410740 -4.071496
vt 4.622935 -4.240488
vt 4.410740 -4.373088
vt 4.533724 -4.337804
vt 4.451579 -4.438740
vt 4.400935 -4.525601
vt 3.920658 -4.373088
vt 3.920658 -4.674680
vt 3.430576 -4.373088
vt 3.430576 -4.674680
vt 2.940494 -4.373088
vt 2.940494 -4.674680
vt 2.708649 -4.642201
vt 2.708649 -4.962353
vt 5.880987 -2.865127
vt 6.264331 -2.550644
vt 5.880987 -2.563534
vt 5.880987 -2.261942
vt 5.390905 -2.261942
vt 5.390905 -1.960350
vt 4.900823 -1.960350
vt 4.900823 -1.658757
vt 4.410740 -1.658757
vt 4.410740 -1.357165
vt 3.920658 -1.357165
vt 3.920658 -1.055573
vt 3.430576 -1.055573
vt 3.430576 -0.753981
vt 2.940494 -0.753981
vt 2.940494 -0.452388
vt 2.708649 -0.480228
vt 2.708649 -0.160076
vt 2.940494 -0.150796
vt 2.940494 0.150796
vt 3.430576 -0.150796
vt 3.430576 0.150796
vt 3.920658 -0.150796
vt 3.920658 0.150796
vt 4.410740 -0.150796
vt 4.410740 0.150796
vt 4.900823 -0.150796
vt 4.900823 0.150796
vt 5.390905 -0.150796
vt 5.390905 0.150796
vt 5.880987 -0.150796
vt 5.880987 0.150796
vt 6.264331 -0.231877
vt 6.264331 0.231877
vt 6.264331 -2.086890
vt 5.880987 -1.960350
vt 5.390905 -1.658757
vt 4.900823 -1.357165
vt 4.410740 -1.055573
vt 3.920658 -0.753981
vt 3.430576 -0.452388
vt 6.264331 -1.623137
vt 5.880987 -1.658757
vt 5.390905 -1.357165
vt 4.900823 -1.055573
vt 4.410740 -0.753981
vt 3.920658 -0.452388
vt 5.880987 -1.357165
vt 6.264331 -1.159383
vt 5.880987 -1.055573
vt 6.264331 -0.695630
vt 5.880987 -0.753981
vt 5.880987 -0.452388
vt 5.390905 -0.452388
vt 5.880987 0.452388
vt 6.264331 0.695630
vt 5.880987 0.753981
vt 5.880987 1.055573
vt 5.390905 1.055573
vt 5.390905 1.357165
vt 4.900823 1.357165
vt 4.900823 1.658757
vt 4.410740 1.658757
vt 4.410740 1.960350
vt 3.920658 1.960350
vt 3.920658 2.261942
vt 3.430576 2.261942
vt 3.430576 2.563534
vt 2.940494 2.563534
vt 2.940494 2.865127
vt 2.708649 2.721290
vt 2.708649 3.041442
vt 2.940494 3.166719
vt 2.708649 3.361594
vt 2.940494 3.468383
vt 2.708649 3.681746
vt 2.940494 3.769903
vt 2.708649 4.001897
vt 2.940494 4.071496
vt 2.708649 4.322049
vt 2.940494 4.373088
vt 2.708649 4.642201
vt 2.940494 4.674680
vt 2.708649 4.962353
vt 2.940494 4.976272
vt 2.708649 5.282505
vt 2.940494 5.277865
vt 2.940494 5.579457
vt 3.430576 5.277865
vt 3.430576 5.579457
vt 3.920658 5.277865
vt 3.920658 5.579457
vt 4.316266 5.398094
vt 4.328146 5.592675
vt 6.264331 1.159383
vt 5.880987 1.357165
vt 5.390905 1.658757
vt 4.900823 1.960350
vt 4.410740 2.261942
vt 3.920658 2.563534
vt 3.430576 2.865127
vt 6.264331 1.623137
vt 5.880987 1.658757
vt 5.390905 1.960350
vt 4.900823 2.261942
vt 4.410740 2.563534
vt 3.920658 2.865127
vt 3.430576 3.166719
vt 5.880987 1.960350
vt 6.264331 2.086890
vt 5.880987 2.261942
vt 6.264331 2.550644
vt 5.880987 2.563534
vt 5.880987 2.865127
vt 5.390905 2.865127
vt 5.390905 3.166719
vt 4.900823 3.166719
vt 4.900823 3.468989
vt 4.410740 3.468838
vt 4.410740 3.769903
vt 3.920658 3.769903
vt 3.920658 4.071496
vt 3.430576 4.071496
vt 3.430576 4.373088
vt 6.264331 3.014397
vt 5.880987 3.166719
vt 5.390905 3.469141
vt 5.256530 3.750057
vt 4.900823 3.769903
vt 5.028206 3.896299
vt 4.816738 4.059726
vt 6.264328 3.478150
vt 6.175550 3.469384
vt 5.880987 3.469293
vt 6.002998 3.476055
vt 5.746424 3.531480
vt 5.495700 3.626827
vt 4.717326 4.148000
vt 4.410740 4.071496
vt 4.622213 4.241225
vt 4.533417 4.338087
vt 4.410740 4.373088
vt 4.451579 4.438740
vt 4.400679 4.526163
vt 4.366015 4.619786
vt 3.920658 4.674680
vt 3.920658 4.373088
vt 4.342712 4.715978
vt 4.327989 4.813637
vt 3.920658 4.976272
vt 4.316240 5.008071
vt 4.315053 5.202832
vt 4.342927 5.690071
vt 3.920658 5.879819
vt 3.430576 5.880317
vt 2.940494 5.880814
vt 2.708649 5.602656
vt 2.708649 5.922808
vt 2.940494 6.182641
vt 2.708649 6.242960
vt 2.940494 6.484234
vt 2.708649 6.563112
vt 2.940494 6.785826
vt 2.708649 6.883263
vt 2.940494 7.087418
vt 2.708649 7.203415
vt 2.940494 7.389110
vt 2.708649 7.523567
vt 2.940494 7.690603
vt 2.708649 7.843719
vt 2.940494 7.992195
vt 2.708649 8.163871
vt 2.940494 8.293787
vt 2.708649 8.484022
vt 2.940494 8.595380
vt 2.708649 8.804174
vt 2.940494 8.896972
vt 2.708649 9.124326
vt 2.940494 9.198564
vt 2.708649 9.444478
vt 2.940494 9.500156
vt 2.708649 9.764630
vt 2.940494 9.801749
vt 2.708649 10.084781
vt 2.940494 10.103341
vt 2.708649 10.404933
vt 2.940494 10.404933
vt 2.708649 -10.404933
vt 2.940494 -10.404933
vt 2.940494 -10.103341
vt 3.430576 -10.404933
vt 3.430576 -10.103341
vt 3.920658 -10.404933
vt 3.920658 -10.103341
vt 4.410740 -10.404933
vt 4.410740 -10.103341
vt 4.900823 -10.404933
vt 4.900823 -10.103341
vt 5.390905 -10.404933
vt 5.390905 -10.103341
vt 5.880987 -10.404933
vt 5.880987 -10.103341
vt 6.264331 -10.173056
vt 5.880987 -9.801749
vt 6.264331 -9.709303
vt 5.880987 -9.500156
vt 6.264331 -9.245550
vt 5.880987 -9.198564
vt 5.880987 -8.896972
vt 5.390905 -8.896972
vt 5.390905 -8.595380
vt 4.900823 -8.595380
vt 4.900823 -8.293787
vt 4.410740 -8.293787
vt 4.410740 -7.992195
vt 3.920658 -7.992195
vt 3.920658 -7.690603
vt 3.430576 -7.690603
vt 3.920658 -7.389531
vt 3.430576 -7.389320
vt 3.920658 -7.087418
vt 3.430576 -7.087418
vt 3.430576 -6.785826
vt 2.940494 -6.785826
vt 2.940494 -6.484234
vt 2.708649 -6.563112
vt 2.708649 -6.242960
vt 2.940494 -6.182641
vt 2.708649 -5.922808
vt 2.940494 -5.880737
vt 2.708649 -5.602656
vt 2.940494 -5.579457
vt 2.708649 -5.282505
vt 2.940494 -5.277865
vt 2.940494 -4.976272
vt 3.430576 -5.277865
vt 3.430576 -4.976272
vt 3.920658 -5.277865
vt 3.920658 -4.976272
vt 4.315053 -5.202101
vt 4.316266 -5.006839
vt 4.366358 5.786292
vt 4.400935 5.879332
vt 4.451579 5.966194
vt 4.533724 6.067129
vt 4.410740 6.182641
vt 3.920658 6.182641
vt 4.622935 6.164445
vt 4.410740 6.484234
vt 3.920658 6.484234
vt 3.920658 6.785826
vt 3.430576 6.785826
vt 3.430576 7.087418
vt 4.817077 6.345487
vt 4.900823 6.484234
vt 4.410740 6.785826
vt 4.900823 6.785826
vt 4.410740 7.087418
vt 4.900823 7.087418
vt 4.410740 7.389741
vt 4.900823 7.389951
vt 4.410740 7.690603
vt 4.900823 7.690603
vt 4.410740 7.992195
vt 4.900823 7.992195
vt 4.410740 8.293787
vt 4.900823 8.293787
vt 4.410740 8.595380
vt 4.900823 8.595380
vt 4.410740 8.896972
vt 4.900823 8.896972
vt 4.410740 9.198564
vt 4.900823 9.198564
vt 4.410740 9.500156
vt 4.900823 9.500156
vt 4.410740 9.801749
vt 4.900823 9.801749
vt 4.410740 10.103341
vt 4.900823 10.103341
vt 4.410740 10.404933
vt 4.900823 10.404933
vt 5.030427 6.510201
vt 5.257416 6.655389
vt 5.390905 6.785826
vt 5.390905 7.087418
vt 5.390905 7.390161
vt 5.390905 7.690603
vt 5.390905 7.992195
vt 5.390905 8.293787
vt 5.390905 8.595380
vt 5.390905 8.896972
vt 5.390905 9.198564
vt 5.390905 9.500156
vt 5.390905 9.801749
vt 5.390905 10.103341
vt 5.390905 10.404933
vt 5.497962 6.779125
vt 5.746349 6.873430
vt 5.880987 7.087418
vt 5.880987 7.390372
vt 5.880987 7.690603
vt 5.880987 7.992195
vt 5.880987 8.293787
vt 5.880987 8.595380
vt 5.880987 8.896972
vt 5.880987 9.198564
vt 5.880987 9.500156
vt 5.880987 9.801749
vt 5.880987 10.103341
vt 5.880987 10.404933
vt 5.873902 6.906966
vt 6.003728 6.928960
vt 6.177154 6.935469
vt 6.264327 6.926783
vt 6.264331 7.390536
vt 6.264331 7.854290
vt 6.264331 8.318043
vt 6.264331 8.781796
vt 6.264331 9.245550
vt 6.264331 9.709303
vt 6.264331 10.173056
vt 6.264331 -10.636810
vt 6.264331 -8.781796
vt 5.880987 -8.595380
vt 5.390905 -8.293787
vt 4.900823 -7.992195
vt 4.410740 -7.690603
vt 4.410740 -7.389741
vt 4.410740 -7.087418
vt 3.920658 -6.785826
vt 3.430576 -6.484234
vt 6.264331 -8.318043
vt 5.880987 -8.293787
vt 5.390905 -7.992195
vt 4.900823 -7.690603
vt 4.900823 -7.389951
vt 4.900823 -7.087418
vt 4.410740 -6.785826
vt 3.920658 -6.484234
vt 3.430576 -6.182641
vt 5.880987 -7.992195
vt 6.264331 -7.854290
vt 5.880987 -7.690603
vt 6.264331 -7.390536
vt 5.880987 -7.390372
vt 5.880987 -7.087418
vt 5.390905 -7.390161
vt 5.390905 -7.087418
vt 6.264328 -6.926783
vt 6.175550 -6.935549
vt 6.002998 -6.928878
vt 5.746424 -6.873453
vt 5.495700 -6.778106
vt 5.390905 -6.785826
vt 5.256530 -6.654876
vt 4.900823 -6.785826
vt 5.028206 -6.508634
vt 4.900823 -6.484234
vt 4.816738 -6.345207
vt 4.410740 -6.484234
vt 4.717326 -6.256933
vt 4.410740 -6.182641
vt 4.622213 -6.163708
vt 4.533417 -6.066847
vt 4.451579 -5.966194
vt 4.400679 -5.878770
vt 3.920658 -6.182641
vt 3.920658 -5.879417
vt 3.430576 -5.880077
vt 3.430576 -5.579457
vt 4.366015 -5.785147
vt 4.342712 -5.688955
vt 3.920658 -5.579457
vt 4.327989 -5.591296
vt 4.316240 -5.396862
vt 4.328146 -4.812258
vt 4.342927 -4.714862
vt 4.366358 -4.618641
vt 5.030427 -3.894732
vt 5.873902 -3.497967
vt 6.003728 -3.475974
vt 2.708649 2.401138
vt 2.940494 2.261942
vt 3.430576 1.960350
vt 3.920658 1.658757
vt 4.410740 1.357165
vt 4.900823 1.055573
vt 5.390905 0.753981
vt 2.708649 2.080987
vt 2.940494 1.960350
vt 3.430576 1.658757
vt 3.920658 1.357165
vt 4.410740 1.055573
vt 4.900823 0.753981
vt 5.390905 0.452388
vt 2.708649 1.760835
vt 2.940494 1.658757
vt 3.430576 1.357165
vt 3.920658 1.055573
vt 4.410740 0.753981
vt 4.900823 0.452388
vt 2.708649 1.440683
vt 2.940494 1.357165
vt 3.430576 1.055573
vt 3.920658 0.753981
vt 4.410740 0.452388
vt 2.708649 1.120531
vt 2.940494 1.055573
vt 3.430576 0.753981
vt 3.920658 0.452388
vt 2.708649 0.800379
vt 2.940494 0.753981
vt 3.430576 0.452388
vt 2.708649 0.480228
vt 2.940494 0.452388
vt 2.708649 0.160076
vt 2.708649 -0.800379
vt 2.940494 -1.055573
vt 3.430576 -1.357165
vt 3.920658 -1.658757
vt 4.410740 -1.960350
vt 4.900823 -2.261942
vt 5.390905 -2.563534
vt 2.708649 -1.120531
vt 2.940494 -1.357165
vt 3.430576 -1.658757
vt 3.920658 -1.960350
vt 4.410740 -2.261942
vt 4.900823 -2.563534
vt 5.390905 -2.865127
vt 2.708649 -1.440683
vt 2.940494 -1.658757
vt 3.430576 -1.960350
vt 3.920658 -2.261942
vt 4.410740 -2.563534
vt 4.900823 -2.865127
vt 5.390905 -3.166719
vt 2.708649 -1.760835
vt 2.940494 -1.960350
vt 3.430576 -2.261942
vt 3.920658 -2.563534
vt 4.410740 -2.865127
vt 4.900823 -3.166719
vt 2.708649 -2.080987
vt 2.940494 -2.261942
vt 3.430576 -2.563534
vt 3.920658 -2.865127
vt 4.410740 -3.166719
vt 4.410740 -3.468877
vt 2.708649 -2.401138
vt 2.940494 -2.563534
vt 3.430576 -2.865127
vt 3.920658 -3.166719
vt 3.920658 -3.468714
vt 3.920658 -3.769903
vt 2.708649 -2.721290
vt 2.940494 -2.865127
vt 3.430576 -3.166719
vt 3.430576 -3.468551
vt 3.430576 -3.769903
vt 3.920658 -4.071496
vt 2.708649 -3.041442
vt 2.940494 -3.166719
vt 2.940494 -3.468388
vt 2.940494 -3.769903
vt 3.430576 -4.071496
vt 2.708649 -3.361594
vt 2.708649 -3.681746
vt 2.708649 -4.001897
vt 2.940494 -4.071496
vt 2.708649 -4.322049
vt 2.708649 -6.883263
vt 2.940494 -7.087418
vt 2.940494 -7.389110
vt 2.940494 -7.690603
vt 3.430576 -7.992195
vt 3.920658 -8.293787
vt 4.410740 -8.595380
vt 4.900823 -8.896972
vt 5.390905 -9.198564
vt 2.708649 -7.203415
vt 2.708649 -7.523567
vt 2.708649 -7.843719
vt 2.940494 -7.992195
vt 3.430576 -8.293787
vt 3.920658 -8.595380
vt 4.410740 -8.896972
vt 4.900823 -9.198564
vt 5.390905 -9.500156
vt 2.708649 -8.163871
vt 2.940494 -8.293787
vt 3.430576 -8.595380
vt 3.920658 -8.896972
vt 4.410740 -9.198564
vt 4.900823 -9.500156
vt 5.390905 -9.801749
vt 2.708649 -8.484022
vt 2.940494 -8.595380
vt 3.430576 -8.896972
vt 3.920658 -9.198564
vt 4.410740 -9.500156
vt 4.900823 -9.801749
vt 2.708649 -8.804174
vt 2.940494 -8.896972
vt 3.430576 -9.198564
vt 3.920658 -9.500156
vt 4.410740 -9.801749
vt 2.708649 -9.124326
vt 2.940494 -9.198564
vt 3.430576 -9.500156
vt 3.920658 -9.801749
vt 2.708649 -9.444478
vt 2.940494 -9.500156
vt 3.430576 -9.801749
vt 2.708649 -9.764630
vt 2.940494 -9.801749
vt 2.708649 -10.084781
vt 3.920658 10.404933
vt 3.920658 10.103341
vt 3.920658 9.801749
vt 3.920658 9.500156
vt 3.920658 9.198564
vt 3.920658 8.896972
vt 3.920658 8.595380
vt 3.920658 8.293787
vt 3.920658 7.992195
vt 3.920658 7.690603
vt 3.920658 7.389531
vt 3.920658 7.087418
vt 3.430576 10.404933
vt 3.430576 10.103341
vt 3.430576 9.801749
vt 3.430576 9.500156
vt 3.430576 9.198564
vt 3.430576 8.896972
vt 3.430576 8.595380
vt 3.430576 8.293787
vt 3.430576 7.992195
vt 3.430576 7.690603
vt 3.430576 7.389320
vt 5.390905 -1.055573
vt 4.900823 -0.753981
vt 4.410740 -0.452388
vt 5.390905 -0.753981
vt 4.900823 -0.452388
vt 5.390905 2.261942
vt 4.900823 2.563534
vt 4.410740 2.865127
vt 3.920658 3.166719
vt 3.430576 3.468534
vt 5.390905 2.563534
vt 4.900823 2.865127
vt 4.410740 3.166719
vt 3.920658 3.468686
vt 3.430576 3.769903
vt 3.430576 4.674680
vt 3.430576 4.976272
vt 3.430576 6.182641
vt 3.430576 6.484234
vt 5.390905 -7.690603
vt 0.000000 2.995228
vt 0.141421 3.007975
vt -0.000000 3.310515
vt 0.141421 3.324604
vt 0.094278 3.319999
vt 0.141421 2.691346
vt 0.000000 2.679941
vt 0.141421 2.374717
vt 0.000000 2.364654
vt 0.141421 2.058088
vt 0.000000 2.049367
vt 0.141421 1.741459
vt 0.000000 1.734079
vt 0.141421 1.424830
vt 0.000000 1.418792
vt 0.141421 1.108201
vt 0.000000 1.103505
vt 0.141421 0.791572
vt 0.000000 0.788218
vt 0.141421 0.474943
vt 0.000000 0.472931
vt 0.141421 0.158314
vt 0.000000 0.157644
vt -0.000000 -0.157644
vt 0.141421 -0.158314
vt -0.000000 -0.472931
vt 0.141421 -0.474943
vt -0.000000 -0.788218
vt 0.141421 -0.791572
vt -0.000000 -1.103505
vt 0.141421 -1.108201
vt -0.000000 -1.418792
vt 0.141421 -1.424830
vt -0.000000 -1.734079
vt 0.141421 -1.741459
vt -0.000000 -2.049367
vt 0.141421 -2.058088
vt -0.000000 -2.364654
vt 0.141421 -2.374717
vt -0.000000 -2.679941
vt 0.141421 -2.691346
vt -0.000000 -2.995228
vt 0.141421 -3.007975
vt -0.000000 -3.310515
vt 0.141421 -3.324604
vt 0.094278 -3.319999
vt 0.047137 -3.315304
vt 0.047137 3.315304
vt 0.466690 -0.079748
vt 0.966690 0.000000
vt 0.466690 0.000000
vt 0.966690 0.079748
vt 0.466690 0.079748
vt 0.966690 0.159496
vt 0.466690 0.159496
vt 0.966690 0.239244
vt 0.466690 0.239244
vt 0.966690 0.318992
vt 0.466690 0.318992
vt 0.966690 0.398741
vt 0.466690 0.398741
vt 0.966690 0.478489
vt 0.466690 0.478489
vt 0.466690 -0.558237
vt 0.966690 -0.558237
vt 0.966690 -0.478489
vt 0.466690 -0.478489
vt 0.966690 -0.398741
vt 0.466690 -0.398741
vt 0.966690 -0.318992
vt 0.466690 -0.318992
vt 0.966690 -0.239244
vt 0.466690 -0.239244
vt 0.966690 -0.159496
vt 0.466690 -0.159496
vt 0.966690 -0.079748
vt 5.806690 -0.079748
vt 6.306690 0.000000
vt 5.806690 0.000000
vt 6.306690 0.079748
vt 5.806690 0.079748
vt 6.306690 0.159496
vt 5.806690 0.159496
vt 6.306690 0.239244
vt 5.806690 0.239244
vt 6.306690 0.318992
vt 5.806690 0.318992
vt 6.306690 0.398741
vt 5.806690 0.398741
vt 6.306690 0.478489
vt 5.806690 0.478489
vt 5.806690 -0.558237
vt 6.306690 -0.558237
vt 6.306690 -0.478489
vt 5.806690 -0.478489
vt 6.306690 -0.398741
vt 5.806690 -0.398741
vt 6.306690 -0.318992
vt 5.806690 -0.318992
vt 6.306690 -0.239244
vt 5.806690 -0.239244
vt 6.306690 -0.159496
vt 5.806690 -0.159496
vt 6.306690 -0.079748
vt 2.500000 3.246108
vt 0.100000 3.246108
vt 2.500000 2.956197
vt 0.100000 2.936955
vt 2.500000 2.666285
vt 0.100000 2.627802
vt 2.500000 2.376373
vt 0.100000 2.318649
vt 2.500000 2.086462
vt 0.100000 2.009496
vt 2.500000 1.796550
vt 0.100000 1.700342
vt 2.500000 1.506638
vt 0.100000 1.391189
vt 2.500000 1.216726
vt 0.100000 1.082036
vt 3.500000 1.216726
vt 3.500000 0.912545
vt 0.100000 0.772883
vt 3.500000 0.608363
vt 0.100000 0.463730
vt 3.500000 0.304182
vt 0.100000 0.154577
vt 3.500000 0.000000
vt 0.100000 -0.154577
vt 3.500000 -0.304182
vt 0.100000 -0.463730
vt 3.500000 -0.608363
vt 0.100000 -0.772883
vt 3.500000 -0.912545
vt 0.100000 -1.082036
vt 2.500000 -1.216726
vt 0.100000 -1.391189
vt 2.500000 -1.506638
vt 0.100000 -1.700342
vt 2.500000 -1.796550
vt 0.100000 -2.009496
vt 2.500000 -2.086462
vt 0.100000 -2.318649
vt 2.500000 -2.376373
vt 0.100000 -2.627802
vt 2.500000 -2.666285
vt 0.100000 -2.936955
vt 2.500000 -2.956197
vt 0.100000 -3.246108
vt 2.500000 -3.246108
vt 3.500000 -1.216726
vt -0.000000 -3.964470
vt -0.000000 -3.619733
vt -1.000000 -3.964470
vt -1.000000 -3.619733
vt -0.000000 -3.274997
vt -1.000000 -3.274997
vt -0.000000 -2.930260
vt -1.000000 -2.930260
vt -0.000000 -2.585524
vt -1.000000 -2.585524
vt -0.000000 -2.240787
vt -1.000000 -2.240787
vt -0.000000 -1.896051
vt -1.000000 -1.896051
vt -0.000000 -1.551314
vt -1.000000 -1.551314
vt -0.000000 -1.206578
vt -1.000000 -1.206578
vt -0.000000 -0.861841
vt -1.000000 -0.861841
vt -0.000000 -0.517105
vt -1.000000 -0.517105
vt -0.000000 -0.172368
vt -1.000000 -0.172368
vt -0.000000 0.172368
vt -1.000000 0.172368
vt -0.000000 0.517105
vt -1.000000 0.517105
vt -0.000000 0.861841
vt -1.000000 0.861841
vt -0.000000 1.206578
vt -1.000000 1.206578
vt -0.000000 1.551314
vt -1.000000 1.551314
vt -0.000000 1.896051
vt -1.000000 1.896051
vt -0.000000 2.240787
vt -1.000000 2.240787
vt -0.000000 2.585524
vt -1.000000 2.585524
vt -0.000000 2.930260
vt -1.000000 2.930260
vt -0.000000 3.274997
vt -1.000000 3.274997
vt -0.000000 3.619733
vt -1.000000 3.619733
vt -0.000000 3.964470
vt -1.000000 3.964470
vt 1.500000 -2.200000
vt 2.000000 -2.200000
vt 1.500000 -0.100000
vt 2.000000 -0.100000
vt -1.500000 -0.100000
vt -2.000000 -0.100000
vt -1.500000 -2.200000
vt -2.000000 -2.200000
vt -2.000000 -0.376991
vt -1.500000 -0.376991
vt -2.000000 -0.314159
vt -1.500000 -0.314159
vt -2.000000 -0.251327
vt -1.500000 -0.251327
vt -2.000000 -0.188496
vt -1.500000 -0.188496
vt -2.000000 -0.125664
vt -1.500000 -0.125664
vt -2.000000 -0.062832
vt -1.500000 -0.062832
vt -1.500000 -0.000000
vt -1.500000 0.000000
vt -2.000000 0.062832
vt -1.500000 0.062832
vt -2.000000 0.125664
vt -1.500000 0.125664
vt -2.000000 0.188496
vt -1.500000 0.188496
vt -2.000000 0.251327
vt -1.500000 0.251327
vt -2.000000 0.314159
vt -1.500000 0.314159
vt -2.000000 0.376991
vt -1.500000 0.376991
vt -2.231927 -1.170000
vt 0.000000 -1.250000
vt 2.231927 -1.170000
vt 0.075000 -1.270096
vt 0.129904 -1.325000
vt -2.082869 -1.418470
vt -0.129904 -1.325000
vt -0.075000 -1.270096
vt -1.906273 -1.648188
vt -0.129904 -1.475000
vt -0.150000 -1.400000
vt -0.075000 -1.529904
vt -1.704475 -1.856115
vt 0.000000 -1.550000
vt -1.480143 -2.039504
vt -1.236243 -2.195929
vt -0.975999 -2.323322
vt 0.975999 -2.323322
vt 1.236243 -2.195929
vt 1.480143 -2.039504
vt 1.704475 -1.856115
vt -0.702851 -2.420000
vt 0.702851 -2.420000
vt 0.075000 -1.529904
vt 1.906273 -1.648188
vt 0.129904 -1.475000
vt 2.082869 -1.418470
vt 0.150000 -1.400000
vt 1.500000 3.381927
vt 0.500000 3.381927
vt 1.500000 2.200000
vt 0.500000 -1.081927
vt 1.500000 0.100000
vt 1.500000 -1.081927
vt 2.000000 0.100000
vt 2.000000 2.200000
vt -0.500000 3.381927
vt -1.500000 2.200000
vt -0.500000 -1.081927
vt -1.500000 0.100000
vt -1.500000 -1.081927
vt -1.500000 3.381927
vt -2.000000 2.200000
vt -2.000000 0.100000
vt -4.021548 -0.402417
vt -3.015082 -0.172275
vt -4.041631 0.000000
vt -3.015082 0.172275
vt -4.021548 0.402417
vt -2.975837 0.514582
vt -3.961496 0.800834
vt -2.897857 0.850191
vt -3.862073 1.191292
vt -2.782158 1.174733
vt -3.724267 1.569910
vt -3.549448 1.932926
vt -2.630245 1.483985
vt -3.339352 2.276732
vt -2.444096 1.773921
vt -3.096069 2.597911
vt -2.226133 2.040767
vt -2.822016 2.893270
vt -1.979195 2.281049
vt -2.519916 3.159875
vt -1.706495 2.491641
vt -2.192772 3.395075
vt -1.411582 2.669801
vt -1.843835 3.596534
vt -1.098296 2.813209
vt -1.476574 3.762248
vt -1.094637 3.890572
vt -0.770714 2.920000
vt -0.701822 3.980230
vt -0.302031 4.030330
vt 0.100761 4.040375
vt 0.770714 2.920000
vt 0.502551 4.010265
vt 0.899348 3.940299
vt 1.287206 3.831173
vt 1.098296 2.813209
vt 1.662271 3.683971
vt 1.411582 2.669801
vt 2.020816 3.500155
vt 1.706495 2.491641
vt 2.359277 3.281554
vt 1.979195 2.281049
vt 2.674290 3.030339
vt 2.226133 2.040767
vt 2.962725 2.749007
vt 3.221716 2.440355
vt 2.444096 1.773921
vt 3.448687 2.107449
vt 2.630245 1.483985
vt 3.641384 1.753598
vt 2.782158 1.174733
vt 3.797891 1.382319
vt 2.897857 0.850191
vt 3.916653 0.997302
vt 2.975837 0.514582
vt 3.996490 0.602374
vt 3.015082 0.172275
vt 4.036607 0.201459
vt 4.036607 -0.201459
vt 3.015082 -0.172275
vt 3.996490 -0.602374
vt 2.975837 -0.514582
vt 3.916653 -0.997302
vt 2.897857 -0.850191
vt 3.797891 -1.382319
vt 2.782158 -1.174733
vt 3.641384 -1.753598
vt 2.630245 -1.483985
vt 3.448687 -2.107449
vt 2.444096 -1.773921
vt 3.221716 -2.440355
vt 2.226133 -2.040767
vt 2.962725 -2.749007
vt 2.674290 -3.030339
vt 1.979195 -2.281049
vt 2.359277 -3.281554
vt 1.706495 -2.491641
vt 2.020816 -3.500155
vt 1.411582 -2.669801
vt 1.662271 -3.683971
vt 1.098296 -2.813209
vt 1.287206 -3.831173
vt 0.770714 -2.920000
vt 0.899348 -3.940299
vt 0.502551 -4.010265
vt 0.100761 -4.040375
vt -0.770714 -2.920000
vt -0.302031 -4.030330
vt -0.701822 -3.980230
vt -1.094637 -3.890572
vt -1.098296 -2.813209
vt -1.476574 -3.762248
vt -1.843835 -3.596534
vt -1.411582 -2.669801
vt -2.192772 -3.395075
vt -1.706495 -2.491641
vt -2.519916 -3.159875
vt -1.979195 -2.281049
vt -2.822016 -2.893270
vt -2.226133 -2.040767
vt -3.096069 -2.597911
vt -2.444096 -1.773921
vt -3.339352 -2.276732
vt -2.630245 -1.483985
vt -3.549448 -1.932926
vt -2.782158 -1.174733
vt -3.724267 -1.569910
vt -3.862073 -1.191292
vt -2.897857 -0.850191
vt -3.961496 -0.800834
vt -2.975837 -0.514582
vt 1.183678 -1.523106
vt 0.842952 -1.647712
vt 0.959524 -1.673404
vt 0.895874 -1.674773
vt 0.928157 -1.680782
vt 1.384666 -1.342999
vt 1.110000 -1.153923
vt 1.050000 -1.170000
vt 0.762367 -1.577992
vt 0.620304 -1.452814
vt 0.458069 -1.355186
vt 0.280938 -1.288282
vt 0.094672 -1.254277
vt -1.050000 -1.170000
vt -0.094672 -1.254277
vt -0.280938 -1.288282
vt -0.458069 -1.355186
vt -0.620304 -1.452815
vt -0.762367 -1.577992
vt -1.183678 -1.523106
vt -0.842975 -1.647725
vt -0.959524 -1.673405
vt -0.895893 -1.674778
vt -0.928168 -1.680782
vt -0.944432 -1.679204
vt 1.153923 -1.110000
vt 1.558551 -1.136603
vt 1.170000 -1.050000
vt 1.701927 -0.907960
vt 1.811990 -0.661543
vt 1.886584 -0.402178
vt 1.924250 -0.134940
vt 1.924250 0.134940
vt 1.170000 1.050000
vt 1.886584 0.402178
vt 1.811990 0.661543
vt 1.701927 0.907960
vt 1.558551 1.136603
vt 1.153923 1.110000
vt 1.384666 1.342999
vt 1.110000 1.153923
vt 1.183678 1.523106
vt 1.050000 1.170000
vt 0.762367 1.577992
vt 0.620304 1.452815
vt 0.842975 1.647725
vt 0.959524 1.673405
vt 0.895893 1.674778
vt 0.928168 1.680782
vt 0.944432 1.679204
vt 0.458069 1.355186
vt 0.280938 1.288282
vt 0.094672 1.254277
vt -0.094672 1.254277
vt -1.050000 1.170000
vt -0.280938 1.288282
vt -0.458069 1.355186
vt -0.620304 1.452814
vt -0.762367 1.577992
vt -1.183678 1.523106
vt -0.842952 1.647712
vt -0.959524 1.673404
vt -0.895874 1.674773
vt -0.928157 1.680782
vt -0.944427 1.679205
vt -1.110000 1.153923
vt -1.384666 1.342999
vt -1.153923 1.110000
vt -1.558551 1.136603
vt -1.170000 1.050000
vt -1.701927 0.907960
vt -1.811990 0.661543
vt -1.886584 0.402178
vt -1.924250 0.134940
vt -1.924250 -0.134940
vt -1.170000 -1.050000
vt -1.886584 -0.402178
vt -1.811990 -0.661543
vt -1.701927 -0.907960
vt -1.558551 -1.136603
vt -1.153923 -1.110000
vt -1.384666 -1.342999
vt -1.110000 -1.153923
vt 0.944427 -1.679205
vt -0.716938 2.520000
vt 0.716938 2.520000
vt 1.021188 2.412794
vt 1.309957 2.269011
vt 1.578868 2.090832
vt 1.823844 1.880956
vt 2.041171 1.642565
vt 2.227555 1.379275
vt 2.380170 1.095075
vt 2.496704 0.794274
vt 2.575388 0.481432
vt 2.615031 0.161292
vt 2.615031 -0.161292
vt 2.575388 -0.481432
vt 2.496704 -0.794274
vt 2.380170 -1.095075
vt 2.227555 -1.379275
vt 2.041171 -1.642565
vt 1.823844 -1.880956
vt 1.578868 -2.090832
vt 1.309957 -2.269011
vt 1.021188 -2.412794
vt 0.716938 -2.520000
vt -0.716938 -2.520000
vt -1.021188 -2.412794
vt -1.309957 -2.269011
vt -1.578868 -2.090832
vt -1.823844 -1.880956
vt -2.041171 -1.642565
vt -2.227555 -1.379275
vt -2.380170 -1.095075
vt -2.496704 -0.794274
vt -2.575388 -0.481432
vt -2.615031 -0.161292
vt -2.615031 0.161292
vt -2.575388 0.481432
vt -2.496704 0.794274
vt -2.380170 1.095075
vt -2.227555 1.379275
vt -2.041171 1.642565
vt -1.823844 1.880956
vt -1.578868 2.090832
vt -1.309957 2.269011
vt -1.021188 2.412794
vt -1.000000 -1.541428
vt -0.665000 -0.770714
vt -1.000000 0.000000
vt -0.646100 -0.694035
vt -0.593731 -0.634922
vt -0.000000 -1.541428
vt -0.519889 -0.934511
vt -0.593731 -0.906506
vt -0.646100 -0.847393
vt -0.339795 -0.731227
vt -0.339795 -0.810201
vt -0.376496 -0.880129
vt -0.519889 -0.606917
vt -0.441490 -0.616436
vt -0.376496 -0.661299
vt -0.441490 -0.924992
vt -1.000000 -5.523140
vt -1.000000 -5.867876
vt -0.000000 -5.523140
vt -0.000000 -5.867876
vt -1.000000 -6.212613
vt -0.000000 -6.212613
vt -1.000000 -6.557349
vt -0.000000 -6.557349
vt -1.000000 -6.902086
vt -0.000000 -6.902086
vt -1.000000 -7.246822
vt -0.000000 -7.246822
vt -1.000000 -7.591559
vt -0.000000 -7.591559
vt -1.000000 -7.936296
vt -0.000000 -7.936296
vt -1.000000 -8.281032
vt -0.000000 -8.281032
vt -1.000000 -8.625769
vt -0.000000 -8.625769
vt -1.000000 -8.970505
vt -0.000000 -8.970505
vt -1.000000 -9.315242
vt -0.000000 -9.315242
vt -1.000000 -9.659978
vt 0.000000 -9.659978
vt -0.000000 9.315242
vt -1.000000 9.315242
vt -1.000000 8.970505
vt -0.000000 8.970505
vt -1.000000 8.625769
vt -0.000000 8.625769
vt -1.000000 8.281032
vt -0.000000 8.281032
vt -1.000000 7.936296
vt -0.000000 7.936296
vt -1.000000 7.591559
vt -0.000000 7.591559
vt -1.000000 7.246822
vt -0.000000 7.246822
vt -1.000000 6.902086
vt -0.000000 6.902086
vt -1.000000 6.557349
vt -0.000000 6.557349
vt -1.000000 6.212613
vt -0.000000 6.212613
vt -1.000000 5.867876
vt -0.000000 5.867876
vt -1.000000 5.523140
vt -0.000000 5.523140
vt 0.665000 -0.770714
vt 1.000000 -1.541428
vt 0.646100 -0.847393
vt 0.593731 -0.906506
vt 0.519889 -0.606917
vt 0.593731 -0.634922
vt 0.646100 -0.694035
vt 0.339795 -0.731227
vt 0.376496 -0.661299
vt 0.441490 -0.616436
vt 0.519889 -0.934511
vt 0.441490 -0.924992
vt 0.376496 -0.880129
vt 0.339795 -0.810201
vt 0.100000 0.000000
vt 0.593731 -0.567059
vt 2.500000 -0.000000
vt 0.646100 -0.626172
vt 0.665000 -0.702851
vt 0.100000 -1.405703
vt 0.339795 -0.663364
vt 0.376496 -0.593436
vt 0.441490 -0.548574
vt 2.500000 -1.405703
vt 0.593731 -0.838644
vt 0.519889 -0.866648
vt 0.441490 -0.857129
vt 0.646100 -0.779531
vt 0.376496 -0.812267
vt 0.339795 -0.742338
vt 0.519889 -0.539054
vt 2.500000 -4.670705
vt 0.100000 -4.670705
vt 2.500000 -4.960617
vt 0.100000 -4.979858
vt 2.500000 -5.250529
vt 0.100000 -5.289012
vt 2.500000 -5.540440
vt 0.100000 -5.598165
vt 2.500000 -5.830352
vt 0.100000 -5.907318
vt 2.500000 -6.120264
vt 0.100000 -6.216471
vt 2.500000 -6.410175
vt 0.100000 -6.525624
vt 2.500000 -6.700087
vt 0.100000 -6.834777
vt 3.500000 -6.700087
vt 3.500000 -7.004269
vt 0.100000 -7.143931
vt 3.500000 -7.308450
vt 0.100000 -7.453084
vt 3.500000 -7.612632
vt 0.100000 -7.762237
vt 3.500000 -7.916813
vt 3.500000 7.916813
vt 0.100000 8.071390
vt 0.100000 7.762237
vt 3.500000 7.612632
vt 0.100000 7.453084
vt 3.500000 7.308450
vt 0.100000 7.143931
vt 3.500000 7.004269
vt 0.100000 6.834777
vt 3.500000 6.700087
vt 2.500000 6.700087
vt 0.100000 6.525624
vt 2.500000 6.410175
vt 0.100000 6.216471
vt 2.500000 6.120264
vt 0.100000 5.907318
vt 2.500000 5.830352
vt 0.100000 5.598165
vt 2.500000 5.540440
vt 0.100000 5.289012
vt 2.500000 5.250529
vt 0.100000 4.979858
vt 2.500000 4.960617
vt 0.100000 4.670705
vt 2.500000 4.670705
vt -0.100000 -1.405703
vt -0.593731 -0.838644
vt -2.500000 -1.405703
vt -0.646100 -0.779531
vt -0.665000 -0.702851
vt -0.339795 -0.663364
vt -0.339795 -0.742338
vt -0.376496 -0.812267
vt -2.500000 0.000000
vt -0.593731 -0.567059
vt -0.519889 -0.539054
vt -0.441490 -0.548574
vt -0.646100 -0.626172
vt -0.376496 -0.593436
vt -0.441490 -0.857129
vt -0.519889 -0.866648
vt 2.231927 1.170000
vt 0.000000 1.250000
vt -2.231927 1.170000
vt -0.075000 1.270096
vt -0.129904 1.325000
vt 2.082869 1.418470
vt 0.129904 1.325000
vt 0.075000 1.270096
vt 1.906273 1.648188
vt 0.129904 1.475000
vt 0.150000 1.400000
vt 0.075000 1.529904
vt 1.704475 1.856115
vt 0.000000 1.550000
vt 1.480143 2.039504
vt 1.236243 2.195929
vt 0.975999 2.323322
vt -0.975999 2.323322
vt -1.236243 2.195929
vt -1.480143 2.039504
vt -1.704475 1.856115
vt 0.702851 2.420000
vt -0.702851 2.420000
vt -0.075000 1.529904
vt -1.906273 1.648188
vt -0.129904 1.475000
vt -2.082869 1.418470
vt -0.150000 1.400000
vt -1.405703 0.000000
vt -1.410429 0.047137
vt 0.004726 0.047137
vt -1.415124 0.094278
vt 0.009422 0.094278
vt -1.419789 0.141421
vt 0.014087 0.141421
vt 0.141421 -5.065918
vt 0.141421 -4.749289
vt 0.000000 -4.763378
vt 0.094278 -4.753894
vt 0.047137 -4.758589
vt 0.000000 -5.078665
vt 0.141421 -5.382547
vt 0.000000 -5.393952
vt 0.141421 -5.699176
vt -0.000000 -5.709239
vt 0.141421 -6.015805
vt 0.000000 -6.024527
vt 0.141421 -6.332434
vt 0.000000 -6.339814
vt 0.141421 -6.649063
vt 0.000000 -6.655101
vt 0.141421 -6.965692
vt 0.000000 -6.970388
vt 0.141421 -7.282321
vt 0.000000 -7.285675
vt 0.141421 -7.598950
vt 0.000000 -7.600962
vt 0.141421 -7.915579
vt 0.000000 -7.916250
vt 0.000000 -8.231537
vt 0.141421 -8.232208
vt 0.141421 7.915579
vt 0.000000 7.916250
vt 0.000000 7.600962
vt 0.141421 7.598950
vt 0.000000 7.285675
vt 0.141421 7.282321
vt 0.000000 6.970388
vt 0.141421 6.965692
vt 0.000000 6.655101
vt 0.141421 6.649063
vt 0.000000 6.339814
vt 0.141421 6.332434
vt 0.000000 6.024527
vt 0.141421 6.015805
vt 0.000000 5.709239
vt 0.141421 5.699176
vt 0.000000 5.393952
vt 0.141421 5.382547
vt 0.000000 5.078665
vt 0.141421 5.065918
vt 0.000000 4.763378
vt 0.141421 4.749289
vt 0.094278 4.753894
vt 0.047137 4.758589
vt 1.405703 0.000000
vt -0.004726 0.047137
vt 1.410429 0.047137
vt -0.009422 0.094278
vt 1.415124 0.094278
vt -0.014087 0.141421
vt 1.419789 0.141421
vt 0.817736 -0.658641
vt -0.817736 -0.658641
vt 0.680708 -0.799461
vt -0.680708 -0.799461
vt -0.541583 -0.899529
vt -0.926129 -0.494757
vt 0.926129 -0.494757
vt -0.000000 0.750000
vt 1.002091 -0.313549
vt 1.042963 -0.121360
vt 1.047312 0.075078
vt 1.014987 0.268887
vt 0.075000 0.770096
vt 0.947120 0.453281
vt 0.846087 0.621801
vt 0.715426 0.768548
vt 0.129904 0.825000
vt 0.559712 0.888382
vt 0.384399 0.977107
vt 0.150000 0.900000
vt 0.195624 1.031616
vt 0.129904 0.975000
vt 0.075000 1.029904
vt -0.000000 1.050000
vt -0.075000 0.770096
vt -1.014987 0.268887
vt -1.047312 0.075078
vt -1.042963 -0.121360
vt -0.129904 0.825000
vt -0.715426 0.768548
vt -0.846087 0.621801
vt -0.947120 0.453281
vt -0.150000 0.900000
vt -0.384399 0.977107
vt -0.559712 0.888382
vt -0.195624 1.031616
vt -0.129904 0.975000
vt -0.075000 1.029904
vt -1.002091 -0.313549
vt 0.540787 -0.900026
vt -0.377585 -0.979760
vt 0.376482 -0.980185
vt 0.194240 -1.031863
vt -0.195301 -1.031663
vt -0.000296 -1.050000
vt -0.817736 0.658641
vt 0.817736 0.658641
vt -0.680708 0.799461
vt 0.680708 0.799461
vt 0.541583 0.899529
vt 0.926129 0.494757
vt -0.926129 0.494757
vt 0.000000 -0.750000
vt -1.002091 0.313549
vt -1.042963 0.121360
vt -1.047312 -0.075078
vt -1.014987 -0.268887
vt -0.075000 -0.770096
vt -0.947120 -0.453281
vt -0.846087 -0.621801
vt -0.715426 -0.768548
vt -0.129904 -0.825000
vt -0.559712 -0.888382
vt -0.384399 -0.977107
vt -0.150000 -0.900000
vt -0.195624 -1.031616
vt -0.129904 -0.975000
vt -0.075000 -1.029904
vt 0.000000 -1.050000
vt 0.075000 -0.770096
vt 1.014987 -0.268887
vt 1.047312 -0.075078
vt 1.042963 0.121360
vt 0.129904 -0.825000
vt 0.715426 -0.768548
vt 0.846087 -0.621801
vt 0.947120 -0.453281
vt 0.150000 -0.900000
vt 0.384399 -0.977107
vt 0.559712 -0.888382
vt 0.195624 -1.031616
vt 0.129904 -0.975000
vt 0.075000 -1.029904
vt 1.002091 0.313549
vt -0.540787 0.900026
vt 0.377585 0.979760
vt -0.376482 0.980185
vt -0.194240 1.031863
vt 0.195301 1.031663
vt 0.000296 1.050000
vt -2.520000 0.000000
vt -2.501664 -0.303443
vt -2.446922 -0.602471
vt -2.356572 0.892731
vt -2.446922 0.602471
vt -2.501664 0.303443
vt -2.356572 -0.892731
vt 2.356572 -0.892731
vt 2.446922 -0.602471
vt 2.501664 -0.303443
vt 2.520000 0.000000
vt 2.501664 0.303443
vt 2.446922 0.602471
vt 2.356572 0.892731
vt 6.569429 0.000000
vt 6.697052 0.000000
vt 6.567635 0.050789
vt 6.601196 0.078142
vt 6.567635 0.076184
vt 6.567635 0.101578
vt 6.438218 0.101578
vt 6.553642 0.126666
vt 6.438218 0.126684
vt 6.438218 0.152368
vt 6.302317 0.152368
vt 6.438218 0.203148
vt 6.271492 0.203155
vt 6.532929 0.160355
vt 6.525912 0.180504
vt 6.522468 0.203133
vt 6.166415 0.152368
vt 6.147160 0.203153
vt 6.030513 0.152368
vt 6.023018 0.203137
vt 5.894611 0.152368
vt 5.774815 0.203156
vt 5.758709 0.152368
vt 5.622808 0.152368
vt 5.758709 0.126787
vt 5.622808 0.126808
vt 5.622808 0.101578
vt 5.486906 0.101578
vt 5.622808 0.076184
vt 5.486906 0.076184
vt 5.622808 0.050789
vt 5.486906 0.050789
vt 5.686515 0.000000
vt 5.543167 0.000001
vt 5.351004 0.050789
vt 5.399784 0.000001
vt 5.215102 0.050789
vt 5.256317 0.000000
vt 5.079200 0.050789
vt 5.112761 0.000000
vt 5.079200 0.000001
vt 4.943298 0.050789
vt 4.824906 0.000002
vt 4.807397 0.050789
vt 4.807397 0.000001
vt 4.671495 0.050789
vt 4.671640 0.000000
vt 4.535593 0.045187
vt 4.535593 0.000000
vt 5.526712 0.203143
vt 5.486906 0.152368
vt 5.486906 0.126828
vt 5.351004 0.101578
vt 5.351004 0.076184
vt 5.351004 0.152368
vt 5.278731 0.203156
vt 5.215102 0.152368
vt 5.030876 0.203143
vt 5.079200 0.152368
vt 4.943298 0.152368
vt 5.079200 0.126890
vt 4.943298 0.126911
vt 4.943298 0.101578
vt 4.807397 0.101578
vt 4.943298 0.076184
vt 4.807397 0.076184
vt 4.783165 0.203151
vt 4.807397 0.152368
vt 4.807397 0.126932
vt 4.671495 0.101578
vt 4.671495 0.076184
vt 4.671495 0.152368
vt 4.659304 0.203157
vt 4.535593 0.157969
vt 4.535593 0.203157
vt 4.671495 0.126952
vt 4.535593 0.119712
vt 4.535593 0.083445
vt 5.758709 0.050789
vt 5.937816 0.000000
vt 5.894611 0.050789
vt 6.030513 0.050789
vt 5.894611 0.076184
vt 6.030513 0.076184
vt 5.894611 0.101578
vt 6.030513 0.101578
vt 6.030513 0.126746
vt 6.166415 0.126725
vt 6.189552 0.000000
vt 6.166415 0.050789
vt 6.166415 0.076184
vt 6.166415 0.101578
vt 6.302317 0.126705
vt 6.302317 0.050789
vt 6.442318 0.000000
vt 6.438218 0.050789
vt 6.438218 0.076184
vt 6.302317 0.076184
vt 6.302317 0.101578
vt 5.758709 0.076184
vt 5.758709 0.101578
vt 5.894611 0.126767
vt 5.215102 0.076184
vt 5.215102 0.101578
vt 5.351004 0.126849
vt 5.079200 0.076184
vt 5.079200 0.101578
vt 5.215102 0.126870
vt 1.722344 0.019588
vt 1.672362 0.022017
vt 1.722344 0.000000
vt 1.622379 0.022017
vt 1.522414 0.000000
vt 1.522414 0.022017
vt 1.422449 0.022017
vt 1.422449 0.033025
vt 1.322484 0.033025
vt 1.322484 0.044034
vt 1.122554 0.044034
vt 1.122554 0.055042
vt 0.922624 0.055042
vt 0.922624 0.066050
vt 0.722694 0.066050
vt 0.722847 0.088067
vt 0.656051 0.066050
vt 0.522991 0.088067
vt 0.522764 0.066050
vt 0.423062 0.088067
vt 0.422799 0.066050
vt 0.323116 0.088067
vt 0.322834 0.066050
vt 0.223139 0.088067
vt 0.222869 0.066050
vt 0.172886 0.066050
vt 0.222869 0.055042
vt 0.172886 0.055042
vt 0.222869 0.044034
vt 0.172886 0.044034
vt 0.222869 0.033025
vt 0.172886 0.033025
vt 0.222869 0.022017
vt 0.172886 0.022017
vt 0.322834 0.000000
vt 0.122904 0.000000
vt 0.122904 0.019588
vt 0.122904 0.036173
vt 0.122904 0.051894
vt 0.122904 0.068479
vt 1.722344 0.036173
vt 1.672362 0.033025
vt 1.622379 0.033025
vt 1.622379 0.044034
vt 1.522414 0.044034
vt 1.522414 0.055042
vt 1.422449 0.055042
vt 1.422449 0.066050
vt 1.322484 0.066050
vt 1.422337 0.088067
vt 1.322406 0.088067
vt 1.672362 0.044034
vt 1.722344 0.051894
vt 1.672362 0.055042
vt 1.722344 0.068479
vt 1.672362 0.066050
vt 1.622266 0.088067
vt 1.622379 0.066050
vt 1.522414 0.066050
vt 1.622379 0.055042
vt 1.722344 0.088067
vt 1.522284 0.088067
vt 1.122554 0.066050
vt 1.122549 0.088067
vt 0.922699 0.088067
vt 0.122904 0.088067
vt 0.522764 0.000000
vt 0.422799 0.022017
vt 0.322834 0.022017
vt 0.722694 0.000000
vt 0.656051 0.022017
vt 0.522764 0.022017
vt 0.422799 0.033025
vt 0.322834 0.033025
vt 0.322834 0.044034
vt 0.722694 0.022017
vt 0.922624 0.000000
vt 0.922624 0.022017
vt 1.122554 0.022017
vt 0.922624 0.033025
vt 1.122554 0.033025
vt 0.922624 0.044034
vt 1.122554 0.000000
vt 1.322484 0.000000
vt 1.322484 0.022017
vt 1.522414 0.033025
vt 0.722694 0.033025
vt 0.722694 0.044034
vt 0.722694 0.055042
vt 0.656051 0.033025
vt 0.656051 0.044034
vt 0.656051 0.055042
vt 0.522764 0.033025
vt 0.522764 0.044034
vt 0.522764 0.055042
vt 1.422449 0.044034
vt 1.322484 0.055042
vt 0.422799 0.044034
vt 0.322834 0.055042
vt 0.422799 0.055042
vt 0.890324 0.203280
vt 0.886945 0.180628
vt 0.974307 0.203295
vt 0.974307 0.152476
vt 1.108749 0.152476
vt 1.108749 0.126780
vt 1.243190 0.126802
vt 1.243190 0.101651
vt 1.377632 0.101651
vt 1.377632 0.076238
vt 1.512073 0.076238
vt 1.512073 0.050825
vt 1.646515 0.050825
vt 1.714321 0.000000
vt 1.780956 0.050825
vt 1.915398 0.000000
vt 1.915398 0.050825
vt 1.998789 0.000000
vt 2.049839 0.000000
vt 0.880055 0.160459
vt 0.859704 0.126740
vt 0.974307 0.126758
vt 0.974307 0.101651
vt 1.108749 0.101651
vt 1.108749 0.076238
vt 1.243190 0.076238
vt 1.243190 0.050825
vt 1.377632 0.050825
vt 1.218139 0.000000
vt 1.466374 0.000000
vt 0.846281 0.101651
vt 0.812910 0.078180
vt 0.846281 0.076238
vt 0.846281 0.050825
vt 0.974307 0.050825
vt 0.969175 0.000000
vt 1.108749 0.050825
vt 0.718254 0.000000
vt 0.844042 0.000000
vt 2.049839 0.050825
vt 2.283672 0.000003
vt 2.184281 0.050825
vt 2.318722 0.050825
vt 2.184281 0.076238
vt 2.318722 0.076238
vt 2.184281 0.101651
vt 2.318722 0.101651
vt 2.184281 0.126955
vt 2.318722 0.126976
vt 2.184281 0.152476
vt 2.318722 0.152476
vt 2.365826 0.203300
vt 2.453164 0.152476
vt 2.488521 0.203301
vt 2.587605 0.152476
vt 2.611230 0.203295
vt 2.722047 0.152476
vt 2.733877 0.203293
vt 2.856488 0.158082
vt 2.856488 0.203302
vt 2.453164 0.000000
vt 2.453164 0.050825
vt 2.453164 0.076238
vt 2.453164 0.101651
vt 2.453164 0.126998
vt 2.569350 0.000000
vt 2.587605 0.000000
vt 2.587605 0.050825
vt 2.721893 0.000000
vt 2.722047 0.050825
vt 2.856488 0.045220
vt 2.856488 0.083504
vt 2.856488 0.000000
vt 2.856488 0.119797
vt 2.722047 0.101651
vt 2.722047 0.076238
vt 2.587605 0.076238
vt 2.722047 0.127042
vt 2.120283 0.203289
vt 2.049839 0.152476
vt 2.049839 0.126933
vt 2.049839 0.101651
vt 2.049839 0.076238
vt 1.874613 0.203300
vt 1.915398 0.152476
vt 1.915398 0.126911
vt 1.915398 0.101651
vt 1.915398 0.076238
vt 1.780956 0.152476
vt 1.628828 0.203285
vt 1.646515 0.152476
vt 1.512073 0.152476
vt 1.646515 0.126867
vt 1.512073 0.126846
vt 1.646515 0.101651
vt 1.512073 0.101651
vt 1.646515 0.076238
vt 1.382922 0.203301
vt 1.377632 0.152476
vt 1.377632 0.126824
vt 1.243190 0.152476
vt 1.136940 0.203300
vt 1.780956 0.126889
vt 1.780956 0.101651
vt 1.780956 0.076238
vt 2.587605 0.127020
vt 2.587605 0.101651
vt 0.974307 0.076238
s 1
usemtl 191,191,191.007
f 2/1/1 77/2/2 1/3/3
f 1/3/3 77/2/2 80/4/4
f 1/3/3 80/4/4 37/5/5
f 37/5/5 80/4/4 147/6/6
f 37/5/5 147/6/6 36/7/7
f 36/7/7 147/6/6 145/8/8
f 36/7/7 145/8/8 35/9/9
f 35/9/9 145/8/8 143/10/10
f 35/9/9 143/10/10 34/11/11
f 34/11/11 143/10/10 141/12/12
f 34/11/11 141/12/12 33/13/13
f 33/13/13 141/12/12 139/14/14
f 33/13/13 139/14/14 32/15/15
f 32/15/15 139/14/14 137/16/16
f 32/15/15 137/16/16 31/17/17
f 31/17/17 137/16/16 135/18/18
f 31/17/17 135/18/18 30/19/19
f 30/19/19 135/18/18 133/20/20
f 30/19/19 133/20/20 29/21/21
f 29/21/21 133/20/20 131/22/22
f 29/21/21 131/22/22 28/23/23
f 28/23/23 131/22/22 129/24/24
f 28/23/23 129/24/24 27/25/25
f 27/25/25 129/24/24 127/26/26
f 27/25/25 127/26/26 26/27/27
f 26/27/27 127/26/26 125/28/28
f 26/27/27 125/28/28 25/29/29
f 25/29/29 125/28/28 123/30/30
f 25/29/29 123/30/30 24/31/31
f 24/31/31 123/30/30 121/32/32
f 24/31/31 121/32/32 23/33/33
f 23/33/33 121/32/32 119/34/34
f 23/33/33 119/34/34 22/35/35
f 22/35/35 119/34/34 117/36/36
f 22/35/35 117/36/36 21/37/37
f 21/37/37 117/36/36 115/38/38
f 21/37/37 115/38/38 20/39/39
f 20/39/39 115/38/38 75/40/40
f 20/39/39 75/40/40 19/41/41
f 19/42/41 75/43/40 113/44/42
f 19/42/41 113/44/42 18/45/43
f 18/45/43 113/44/42 111/46/44
f 18/45/43 111/46/44 17/47/45
f 17/47/45 111/46/44 109/48/46
f 17/47/45 109/48/46 16/49/47
f 16/49/47 109/48/46 107/50/48
f 16/49/47 107/50/48 15/51/49
f 15/51/49 107/50/48 105/52/50
f 15/51/49 105/52/50 14/53/51
f 14/53/51 105/52/50 103/54/52
f 14/53/51 103/54/52 13/55/53
f 13/55/53 103/54/52 101/56/54
f 13/55/53 101/56/54 12/57/55
f 12/57/55 101/56/54 99/58/56
f 12/57/55 99/58/56 11/59/57
f 11/59/57 99/58/56 97/60/58
f 11/59/57 97/60/58 10/61/59
f 10/61/59 97/60/58 95/62/60
f 10/61/59 95/62/60 9/63/61
f 9/63/61 95/62/60 93/64/62
f 9/63/61 93/64/62 8/65/63
f 8/65/63 93/64/62 91/66/64
f 8/65/63 91/66/64 7/67/65
f 7/67/65 91/66/64 89/68/66
f 7/67/65 89/68/66 6/69/67
f 6/69/67 89/68/66 87/70/68
f 6/69/67 87/70/68 5/71/69
f 5/71/69 87/70/68 85/72/70
f 5/71/69 85/72/70 4/73/71
f 4/73/71 85/72/70 83/74/72
f 4/73/71 83/74/72 3/75/73
f 3/75/73 83/74/72 81/76/74
f 3/75/73 81/76/74 2/1/1
f 2/1/1 81/76/74 77/2/2
f 39/77/75 79/78/76 38/79/77
f 38/79/77 79/78/76 78/80/78
f 38/79/77 78/80/78 74/81/79
f 74/81/79 78/80/78 82/82/80
f 74/81/79 82/82/80 73/83/81
f 73/83/81 82/82/80 84/84/82
f 73/83/81 84/84/82 72/85/83
f 72/85/83 84/84/82 86/86/70
f 72/85/83 86/86/70 71/87/84
f 71/87/84 86/86/70 88/88/68
f 71/87/84 88/88/68 70/89/67
f 70/89/67 88/88/68 90/90/85
f 70/89/67 90/90/85 69/91/65
f 69/91/65 90/90/85 92/92/86
f 69/91/65 92/92/86 68/93/87
f 68/93/87 92/92/86 94/94/88
f 68/93/87 94/94/88 67/95/61
f 67/95/61 94/94/88 96/96/89
f 67/95/61 96/96/89 66/97/90
f 66/97/90 96/96/89 98/98/91
f 66/97/90 98/98/91 65/99/92
f 65/99/92 98/98/91 100/100/93
f 65/99/92 100/100/93 64/101/94
f 64/101/94 100/100/93 102/102/95
f 64/101/94 102/102/95 63/103/96
f 63/103/96 102/102/95 104/104/97
f 63/103/96 104/104/97 62/105/98
f 62/105/98 104/104/97 106/106/99
f 62/105/98 106/106/99 61/107/49
f 61/107/49 106/106/99 108/108/100
f 61/107/49 108/108/100 60/109/101
f 60/109/101 108/108/100 110/110/102
f 60/109/101 110/110/102 59/111/103
f 59/111/103 110/110/102 112/112/104
f 59/111/103 112/112/104 58/113/105
f 58/113/105 112/112/104 114/114/106
f 58/113/105 114/114/106 57/115/107
f 57/115/107 114/114/106 76/116/108
f 57/115/107 76/116/108 56/117/109
f 56/118/109 76/119/108 116/120/110
f 56/118/109 116/120/110 55/121/111
f 55/121/111 116/120/110 118/122/112
f 55/121/111 118/122/112 54/123/113
f 54/123/113 118/122/112 120/124/114
f 54/123/113 120/124/114 53/125/115
f 53/125/115 120/124/114 122/126/116
f 53/125/115 122/126/116 52/127/31
f 52/127/31 122/126/116 124/128/117
f 52/127/31 124/128/117 51/129/118
f 51/129/118 124/128/117 126/130/119
f 51/129/118 126/130/119 50/131/27
f 50/131/27 126/130/119 128/132/120
f 50/131/27 128/132/120 49/133/121
f 49/133/121 128/132/120 130/134/122
f 49/133/121 130/134/122 48/135/23
f 48/135/23 130/134/122 132/136/123
f 48/135/23 132/136/123 47/137/124
f 47/137/124 132/136/123 134/138/125
f 47/137/124 134/138/125 46/139/19
f 46/139/19 134/138/125 136/140/126
f 46/139/19 136/140/126 45/141/127
f 45/141/127 136/140/126 138/142/128
f 45/141/127 138/142/128 44/143/129
f 44/143/129 138/142/128 140/144/130
f 44/143/129 140/144/130 43/145/131
f 43/145/131 140/144/130 142/146/132
f 43/145/131 142/146/132 42/147/133
f 42/147/133 142/146/132 144/148/10
f 42/147/133 144/148/10 41/149/134
f 41/149/134 144/148/10 146/150/135
f 41/149/134 146/150/135 40/151/7
f 40/151/7 146/150/135 148/152/136
f 40/151/7 148/152/136 39/77/75
f 39/77/75 148/152/136 79/78/76
f 75/43/40 76/116/108 113/44/42
f 113/44/42 76/116/108 114/114/106
f 113/44/42 114/114/106 111/46/44
f 111/46/44 114/114/106 112/112/104
f 111/46/44 112/112/104 109/48/46
f 109/48/46 112/112/104 110/110/102
f 109/48/46 110/110/102 107/50/48
f 107/50/48 110/110/102 108/108/100
f 107/50/48 108/108/100 105/52/50
f 105/52/50 108/108/100 106/106/99
f 105/52/50 106/106/99 103/54/52
f 103/54/52 106/106/99 104/104/97
f 103/54/52 104/104/97 101/56/54
f 101/56/54 104/104/97 102/102/95
f 101/56/54 102/102/95 99/58/56
f 99/58/56 102/102/95 100/100/93
f 99/58/56 100/100/93 97/60/58
f 97/60/58 100/100/93 98/98/91
f 97/60/58 98/98/91 95/62/60
f 95/62/60 98/98/91 96/96/89
f 95/62/60 96/96/89 93/64/62
f 93/64/62 96/96/89 94/94/88
f 93/64/62 94/94/88 91/66/64
f 91/66/64 94/94/88 92/92/86
f 91/66/64 92/92/86 89/68/66
f 89/68/66 92/92/86 90/90/85
f 89/68/66 90/90/85 87/70/68
f 87/70/68 90/90/85 88/88/68
f 87/70/68 88/88/68 85/72/70
f 85/72/70 88/88/68 86/86/70
f 85/72/70 86/86/70 83/74/72
f 83/74/72 86/86/70 84/84/82
f 83/74/72 84/84/82 81/76/74
f 81/76/74 84/84/82 82/82/80
f 81/76/74 82/82/80 77/2/2
f 77/2/2 82/82/80 78/80/78
f 77/2/2 78/80/78 80/4/4
f 80/4/4 78/80/78 79/78/76
f 80/4/4 79/78/76 147/6/6
f 147/6/6 79/78/76 148/152/136
f 147/6/6 148/152/136 145/8/8
f 145/8/8 148/152/136 146/150/135
f 145/8/8 146/150/135 143/10/10
f 143/10/10 146/150/135 144/148/10
f 143/10/10 144/148/10 141/12/12
f 141/12/12 144/148/10 142/146/132
f 141/12/12 142/146/132 139/14/14
f 139/14/14 142/146/132 140/144/130
f 139/14/14 140/144/130 137/16/16
f 137/16/16 140/144/130 138/142/128
f 137/16/16 138/142/128 135/18/18
f 135/18/18 138/142/128 136/140/126
f 135/18/18 136/140/126 133/20/20
f 133/20/20 136/140/126 134/138/125
f 133/20/20 134/138/125 131/22/22
f 131/22/22 134/138/125 132/136/123
f 131/22/22 132/136/123 129/24/24
f 129/24/24 132/136/123 130/134/122
f 129/24/24 130/134/122 127/26/26
f 127/26/26 130/134/122 128/132/120
f 127/26/26 128/132/120 125/28/28
f 125/28/28 128/132/120 126/130/119
f 125/28/28 126/130/119 123/30/30
f 123/30/30 126/130/119 124/128/117
f 123/30/30 124/128/117 121/32/32
f 121/32/32 124/128/117 122/126/116
f 121/32/32 122/126/116 119/34/34
f 119/34/34 122/126/116 120/124/114
f 119/34/34 120/124/114 117/36/36
f 117/36/36 120/124/114 118/122/112
f 117/36/36 118/122/112 115/38/38
f 115/38/38 118/122/112 116/120/110
f 115/38/38 116/120/110 75/40/40
f 75/40/40 116/120/110 76/119/108
f 150/153/137 227/154/138 149/3/139
f 149/3/139 227/154/138 230/155/39
f 149/3/139 230/155/39 186/156/140
f 186/156/140 230/155/39 297/157/141
f 186/156/140 297/157/141 185/158/142
f 185/158/142 297/157/141 295/159/35
f 185/158/142 295/159/35 184/160/143
f 184/160/143 295/159/35 293/161/144
f 184/160/143 293/161/144 183/162/145
f 183/162/145 293/161/144 291/163/146
f 183/162/145 291/163/146 182/164/147
f 182/164/147 291/163/146 289/165/148
f 182/164/147 289/165/148 181/166/149
f 181/166/149 289/165/148 287/167/27
f 181/166/149 287/167/27 180/168/150
f 180/168/150 287/167/27 285/169/151
f 180/168/150 285/169/151 179/170/152
f 179/170/152 285/169/151 283/171/153
f 179/170/152 283/171/153 178/172/154
f 178/172/154 283/171/153 281/173/155
f 178/172/154 281/173/155 177/174/156
f 177/174/156 281/173/155 279/175/19
f 177/174/156 279/175/19 176/176/157
f 176/176/157 279/175/19 277/177/158
f 176/176/157 277/177/158 175/178/159
f 175/178/159 277/177/158 275/179/160
f 175/178/159 275/179/160 174/180/161
f 174/180/161 275/179/160 273/181/162
f 174/180/161 273/181/162 173/182/163
f 173/182/163 273/181/162 271/183/164
f 173/182/163 271/183/164 172/184/165
f 172/184/165 271/183/164 269/185/166
f 172/184/165 269/185/166 171/186/167
f 171/186/167 269/185/166 267/187/168
f 171/186/167 267/187/168 170/188/169
f 170/188/169 267/187/168 265/189/5
f 170/188/169 265/189/5 169/190/170
f 169/190/170 265/189/5 225/191/171
f 169/190/170 225/191/171 168/192/172
f 168/193/172 225/194/171 167/195/173
f 167/195/173 225/194/171 263/196/1
f 167/195/173 263/196/1 166/197/174
f 166/197/174 263/196/1 261/198/175
f 166/197/174 261/198/175 165/199/176
f 165/199/176 261/198/175 259/200/177
f 165/199/176 259/200/177 164/201/178
f 164/201/178 259/200/177 257/202/179
f 164/201/178 257/202/179 163/203/180
f 163/203/180 257/202/179 255/204/181
f 163/203/180 255/204/181 162/205/182
f 162/205/182 255/204/181 253/206/183
f 162/205/182 253/206/183 161/207/184
f 161/207/184 253/206/183 251/208/185
f 161/207/184 251/208/185 160/209/186
f 160/209/186 251/208/185 249/210/187
f 160/209/186 249/210/187 159/211/188
f 159/211/188 249/210/187 247/212/189
f 159/211/188 247/212/189 158/213/190
f 158/213/190 247/212/189 245/214/191
f 158/213/190 245/214/191 157/215/192
f 157/215/192 245/214/191 243/216/55
f 157/215/192 243/216/55 156/217/193
f 156/217/193 243/216/55 241/218/53
f 156/217/193 241/218/53 155/219/194
f 155/219/194 241/218/53 239/220/195
f 155/219/194 239/220/195 154/221/196
f 154/221/196 239/220/195 237/222/197
f 154/221/196 237/222/197 153/223/198
f 153/223/198 237/222/197 235/224/101
f 153/223/198 235/224/101 152/225/199
f 152/225/199 235/224/101 233/226/200
f 152/225/199 233/226/200 151/227/201
f 151/227/201 233/226/200 231/228/43
f 151/227/201 231/228/43 150/153/137
f 150/153/137 231/228/43 227/154/138
f 188/229/202 229/230/203 187/231/204
f 187/231/204 229/230/203 228/232/205
f 187/231/204 228/232/205 224/233/206
f 224/233/206 228/232/205 232/234/207
f 224/233/206 232/234/207 223/235/208
f 223/235/208 232/234/207 234/236/103
f 223/235/208 234/236/103 222/237/209
f 222/237/209 234/236/103 236/238/47
f 222/237/209 236/238/47 221/239/210
f 221/239/210 236/238/47 238/240/211
f 221/239/210 238/240/211 220/241/212
f 220/241/212 238/240/211 240/242/213
f 220/241/212 240/242/213 219/243/214
f 219/243/214 240/242/213 242/244/215
f 219/243/214 242/244/215 218/245/193
f 218/245/193 242/244/215 244/246/94
f 218/245/193 244/246/94 217/247/192
f 217/247/192 244/246/94 246/248/92
f 217/247/192 246/248/92 216/249/190
f 216/249/190 246/248/92 248/250/59
f 216/249/190 248/250/59 215/251/216
f 215/251/216 248/250/59 250/252/217
f 215/251/216 250/252/217 214/253/218
f 214/253/218 250/252/217 252/254/219
f 214/253/218 252/254/219 213/255/220
f 213/255/220 252/254/219 254/256/221
f 213/255/220 254/256/221 212/257/222
f 212/257/222 254/256/221 256/258/223
f 212/257/222 256/258/223 211/259/224
f 211/259/224 256/258/223 258/260/225
f 211/259/224 258/260/225 210/261/226
f 210/261/226 258/260/225 260/262/227
f 210/261/226 260/262/227 209/263/228
f 209/263/228 260/262/227 262/264/229
f 209/263/228 262/264/229 208/265/230
f 208/265/230 262/264/229 264/266/231
f 208/265/230 264/266/231 207/267/232
f 207/267/232 264/266/231 226/268/172
f 207/267/232 226/268/172 206/269/172
f 206/270/172 226/271/172 205/272/233
f 205/272/233 226/271/172 266/273/75
f 205/272/233 266/273/75 204/274/234
f 204/274/234 266/273/75 268/275/235
f 204/274/234 268/275/235 203/276/236
f 203/276/236 268/275/235 270/277/237
f 203/276/236 270/277/237 202/278/238
f 202/278/238 270/277/237 272/279/239
f 202/278/238 272/279/239 201/280/240
f 201/280/240 272/279/239 274/281/241
f 201/280/240 274/281/241 200/282/242
f 200/282/242 274/281/241 276/283/243
f 200/282/242 276/283/243 199/284/244
f 199/284/244 276/283/243 278/285/245
f 199/284/244 278/285/245 198/286/246
f 198/286/246 278/285/245 280/287/247
f 198/286/246 280/287/247 197/288/248
f 197/288/248 280/287/247 282/289/249
f 197/288/248 282/289/249 196/290/250
f 196/290/250 282/289/249 284/291/251
f 196/290/250 284/291/251 195/292/252
f 195/292/252 284/291/251 286/293/253
f 195/292/252 286/293/253 194/294/254
f 194/294/254 286/293/253 288/295/255
f 194/294/254 288/295/255 193/296/256
f 193/296/256 288/295/255 290/297/257
f 193/296/256 290/297/257 192/298/258
f 192/298/258 290/297/257 292/299/31
f 192/298/258 292/299/31 191/300/259
f 191/300/259 292/299/31 294/301/33
f 191/300/259 294/301/33 190/302/260
f 190/302/260 294/301/33 296/303/113
f 190/302/260 296/303/113 189/304/261
f 189/304/261 296/303/113 298/305/111
f 189/304/261 298/305/111 188/229/202
f 188/229/202 298/305/111 229/230/203
f 225/194/171 226/268/172 263/196/1
f 263/196/1 226/268/172 264/266/231
f 263/196/1 264/266/231 261/198/175
f 261/198/175 264/266/231 262/264/229
f 261/198/175 262/264/229 259/200/177
f 259/200/177 262/264/229 260/262/227
f 259/200/177 260/262/227 257/202/179
f 257/202/179 260/262/227 258/260/225
f 257/202/179 258/260/225 255/204/181
f 255/204/181 258/260/225 256/258/223
f 255/204/181 256/258/223 253/206/183
f 253/206/183 256/258/223 254/256/221
f 253/206/183 254/256/221 251/208/185
f 251/208/185 254/256/221 252/254/219
f 251/208/185 252/254/219 249/210/187
f 249/210/187 252/254/219 250/252/217
f 249/210/187 250/252/217 247/212/189
f 247/212/189 250/252/217 248/250/59
f 247/212/189 248/250/59 245/214/191
f 245/214/191 248/250/59 246/248/92
f 245/214/191 246/248/92 243/216/55
f 243/216/55 246/248/92 244/246/94
f 243/216/55 244/246/94 241/218/53
f 241/218/53 244/246/94 242/244/215
f 241/218/53 242/244/215 239/220/195
f 239/220/195 242/244/215 240/242/213
f 239/220/195 240/242/213 237/222/197
f 237/222/197 240/242/213 238/240/211
f 237/222/197 238/240/211 235/224/101
f 235/224/101 238/240/211 236/238/47
f 235/224/101 236/238/47 233/226/200
f 233/226/200 236/238/47 234/236/103
f 233/226/200 234/236/103 231/228/43
f 231/228/43 234/236/103 232/234/207
f 231/228/43 232/234/207 227/154/138
f 227/154/138 232/234/207 228/232/205
f 227/154/138 228/232/205 230/155/39
f 230/155/39 228/232/205 229/230/203
f 230/155/39 229/230/203 297/157/141
f 297/157/141 229/230/203 298/305/111
f 297/157/141 298/305/111 295/159/35
f 295/159/35 298/305/111 296/303/113
f 295/159/35 296/303/113 293/161/144
f 293/161/144 296/303/113 294/301/33
f 293/161/144 294/301/33 291/163/146
f 291/163/146 294/301/33 292/299/31
f 291/163/146 292/299/31 289/165/148
f 289/165/148 292/299/31 290/297/257
f 289/165/148 290/297/257 287/167/27
f 287/167/27 290/297/257 288/295/255
f 287/167/27 288/295/255 285/169/151
f 285/169/151 288/295/255 286/293/253
f 285/169/151 286/293/253 283/171/153
f 283/171/153 286/293/253 284/291/251
f 283/171/153 284/291/251 281/173/155
f 281/173/155 284/291/251 282/289/249
f 281/173/155 282/289/249 279/175/19
f 279/175/19 282/289/249 280/287/247
f 279/175/19 280/287/247 277/177/158
f 277/177/158 280/287/247 278/285/245
f 277/177/158 278/285/245 275/179/160
f 275/179/160 278/285/245 276/283/243
f 275/179/160 276/283/243 273/181/162
f 273/181/162 276/283/243 274/281/241
f 273/181/162 274/281/241 271/183/164
f 271/183/164 274/281/241 272/279/239
f 271/183/164 272/279/239 269/185/166
f 269/185/166 272/279/239 270/277/237
f 269/185/166 270/277/237 267/187/168
f 267/187/168 270/277/237 268/275/235
f 267/187/168 268/275/235 265/189/5
f 265/189/5 268/275/235 266/273/75
f 265/189/5 266/273/75 225/191/171
f 225/191/171 266/273/75 226/271/172
f 150/306/262 149/307/262 1/308/262
f 1/308/262 149/307/262 186/309/263
f 1/308/262 186/309/263 2/310/263
f 2/310/263 186/309/263 185/311/262
f 2/310/263 185/311/262 3/312/262
f 3/312/262 185/311/262 184/313/263
f 3/312/262 184/313/263 4/314/263
f 4/314/263 184/313/263 183/315/263
f 4/314/263 183/315/263 5/316/263
f 5/316/263 183/315/263 182/317/263
f 5/316/263 182/317/263 6/318/263
f 6/318/263 182/317/263 181/319/263
f 6/318/263 181/319/263 7/320/263
f 7/320/263 181/319/263 180/321/263
f 7/320/263 180/321/263 8/322/263
f 8/322/263 180/321/263 179/323/263
f 8/322/263 179/323/263 9/324/263
f 9/324/263 179/323/263 178/325/263
f 9/324/263 178/325/263 10/326/263
f 10/326/263 178/325/263 177/327/263
f 10/326/263 177/327/263 11/328/263
f 11/328/263 177/327/263 176/329/263
f 11/328/263 176/329/263 12/330/263
f 12/330/263 176/329/263 175/331/263
f 12/330/263 175/331/263 13/332/262
f 13/332/262 175/331/263 174/333/262
f 13/332/262 174/333/262 14/334/262
f 14/334/262 174/333/262 173/335/262
f 14/334/262 173/335/262 15/336/262
f 15/336/262 173/335/262 172/337/263
f 15/336/262 172/337/263 16/338/262
f 16/338/262 172/337/263 171/339/263
f 16/338/262 171/339/263 17/340/263
f 17/340/263 171/339/263 170/341/263
f 17/340/263 170/341/263 18/342/262
f 18/342/262 170/341/263 169/343/262
f 18/342/262 169/343/262 19/344/262
f 19/344/262 169/343/262 168/345/263
f 19/344/262 168/345/263 20/346/263
f 20/346/263 168/345/263 167/347/263
f 20/346/263 167/347/263 21/348/262
f 21/348/262 167/347/263 166/349/263
f 21/348/262 166/349/263 22/350/263
f 22/350/263 166/349/263 165/351/263
f 22/350/263 165/351/263 23/352/263
f 23/352/263 165/351/263 164/353/263
f 23/352/263 164/353/263 24/354/263
f 24/354/263 164/353/263 163/355/263
f 24/354/263 163/355/263 25/356/263
f 25/356/263 163/355/263 162/357/263
f 25/356/263 162/357/263 26/358/263
f 26/358/263 162/357/263 161/359/263
f 26/358/263 161/359/263 27/360/264
f 27/360/264 161/359/263 160/361/263
f 27/360/264 160/361/263 28/362/263
f 28/362/263 160/361/263 159/363/263
f 28/362/263 159/363/263 29/364/263
f 29/364/263 159/363/263 158/365/263
f 29/364/263 158/365/263 30/366/263
f 30/366/263 158/365/263 157/367/263
f 30/366/263 157/367/263 31/368/263
f 31/368/263 157/367/263 156/369/263
f 31/368/263 156/369/263 32/370/263
f 32/370/263 156/369/263 155/371/263
f 32/370/263 155/371/263 33/372/263
f 33/372/263 155/371/263 154/373/263
f 33/372/263 154/373/263 34/374/263
f 34/374/263 154/373/263 153/375/263
f 34/374/263 153/375/263 35/376/262
f 35/376/262 153/375/263 152/377/262
f 35/376/262 152/377/262 36/378/263
f 36/378/263 152/377/262 151/379/263
f 36/378/263 151/379/263 37/380/262
f 37/380/262 151/379/263 150/306/262
f 37/380/262 150/306/262 1/308/262
f 188/343/265 187/345/266 38/381/266
f 38/381/266 187/345/266 224/347/266
f 38/381/266 224/347/266 39/382/266
f 39/382/266 224/347/266 223/349/266
f 39/382/266 223/349/266 40/383/266
f 40/383/266 223/349/266 222/351/266
f 40/383/266 222/351/266 41/384/266
f 41/384/266 222/351/266 221/353/265
f 41/384/266 221/353/265 42/385/265
f 42/385/265 221/353/265 220/355/265
f 42/385/265 220/355/265 43/386/265
f 43/386/265 220/355/265 219/357/265
f 43/386/265 219/357/265 44/387/265
f 44/387/265 219/357/265 218/359/265
f 44/387/265 218/359/265 45/388/265
f 45/388/265 218/359/265 217/361/265
f 45/388/265 217/361/265 46/389/265
f 46/389/265 217/361/265 216/363/265
f 46/389/265 216/363/265 47/390/265
f 47/390/265 216/363/265 215/365/265
f 47/390/265 215/365/265 48/391/265
f 48/391/265 215/365/265 214/367/265
f 48/391/265 214/367/265 49/392/265
f 49/392/265 214/367/265 213/369/265
f 49/392/265 213/369/265 50/393/265
f 50/393/265 213/369/265 212/371/265
f 50/393/265 212/371/265 51/394/265
f 51/394/265 212/371/265 211/373/265
f 51/394/265 211/373/265 52/395/265
f 52/395/265 211/373/265 210/375/265
f 52/395/265 210/375/265 53/396/265
f 53/396/265 210/375/265 209/377/265
f 53/396/265 209/377/265 54/397/265
f 54/397/265 209/377/265 208/379/265
f 54/397/265 208/379/265 55/398/266
f 55/398/266 208/379/265 207/306/265
f 55/398/266 207/306/265 56/399/265
f 56/399/265 207/306/265 206/307/265
f 56/399/265 206/307/265 57/400/265
f 57/400/265 206/307/265 205/309/265
f 57/400/265 205/309/265 58/401/265
f 58/401/265 205/309/265 204/311/265
f 58/401/265 204/311/265 59/402/265
f 59/402/265 204/311/265 203/313/265
f 59/402/265 203/313/265 60/403/265
f 60/403/265 203/313/265 202/315/265
f 60/403/265 202/315/265 61/404/266
f 61/404/266 202/315/265 201/317/266
f 61/404/266 201/317/266 62/405/266
f 62/405/266 201/317/266 200/319/266
f 62/405/266 200/319/266 63/406/265
f 63/406/265 200/319/266 199/321/265
f 63/406/265 199/321/265 64/407/265
f 64/407/265 199/321/265 198/323/265
f 64/407/265 198/323/265 65/408/265
f 65/408/265 198/323/265 197/325/265
f 65/408/265 197/325/265 66/409/265
f 66/409/265 197/325/265 196/327/265
f 66/409/265 196/327/265 67/410/265
f 67/410/265 196/327/265 195/329/265
f 67/410/265 195/329/265 68/411/265
f 68/411/265 195/329/265 194/331/265
f 68/411/265 194/331/265 69/412/265
f 69/412/265 194/331/265 193/333/265
f 69/412/265 193/333/265 70/413/265
f 70/413/265 193/333/265 192/335/265
f 70/413/265 192/335/265 71/414/266
f 71/414/266 192/335/265 191/337/266
f 71/414/266 191/337/266 72/415/265
f 72/415/265 191/337/266 190/339/265
f 72/415/265 190/339/265 73/416/265
f 73/416/265 190/339/265 189/341/265
f 73/416/265 189/341/265 74/417/265
f 74/417/265 189/341/265 188/343/265
f 74/417/265 188/343/265 38/381/266
f 300/418/267 427/419/268 299/3/269
f 299/3/269 427/419/268 434/420/270
f 299/3/269 434/420/270 361/421/271
f 361/421/271 434/420/270 671/422/272
f 361/421/271 671/422/272 360/423/273
f 360/423/273 671/422/272 667/424/274
f 360/423/273 667/424/274 359/425/275
f 359/425/275 667/424/274 663/426/276
f 359/425/275 663/426/276 358/427/277
f 358/427/277 663/426/276 659/428/278
f 358/427/277 659/428/278 357/429/279
f 357/429/279 659/428/278 655/430/280
f 357/429/279 655/430/280 356/431/281
f 356/431/281 655/430/280 651/432/282
f 356/431/281 651/432/282 355/433/283
f 355/433/283 651/432/282 647/434/284
f 355/433/283 647/434/284 354/435/285
f 354/435/285 647/434/284 643/436/286
f 354/435/285 643/436/286 353/437/287
f 353/437/287 643/436/286 639/438/288
f 353/437/287 639/438/288 352/439/289
f 352/439/289 639/438/288 635/440/290
f 352/439/289 635/440/290 351/441/291
f 351/441/291 635/440/290 631/442/292
f 351/441/291 631/442/292 350/443/293
f 350/443/293 631/442/292 627/444/294
f 350/443/293 627/444/294 349/445/295
f 349/445/295 627/444/294 623/446/296
f 349/445/295 623/446/296 348/447/297
f 348/447/297 623/446/296 619/448/298
f 348/447/297 619/448/298 347/449/299
f 347/449/299 619/448/298 615/450/300
f 347/449/299 615/450/300 346/451/301
f 346/451/301 615/450/300 611/452/302
f 346/451/301 611/452/302 345/453/303
f 345/453/303 611/452/302 607/454/304
f 345/453/303 607/454/304 344/455/305
f 344/455/305 607/454/304 603/456/306
f 344/455/305 603/456/306 343/457/307
f 343/457/307 603/456/306 599/458/308
f 343/457/307 599/458/308 342/459/309
f 342/459/309 599/458/308 595/460/310
f 342/459/309 595/460/310 341/461/311
f 341/461/311 595/460/310 591/462/312
f 341/461/311 591/462/312 340/463/313
f 340/463/313 591/462/312 587/464/314
f 340/463/313 587/464/314 339/465/315
f 339/465/315 587/464/314 583/466/316
f 339/465/315 583/466/316 338/467/317
f 338/467/317 583/466/316 579/468/318
f 338/467/317 579/468/318 337/469/319
f 337/469/319 579/468/318 575/470/320
f 337/469/319 575/470/320 336/471/321
f 336/471/321 575/470/320 571/472/322
f 336/471/321 571/472/322 335/473/323
f 335/473/323 571/472/322 567/474/324
f 335/473/323 567/474/324 334/475/325
f 334/475/325 567/474/324 563/476/326
f 334/475/325 563/476/326 333/477/327
f 333/477/327 563/476/326 559/478/328
f 333/477/327 559/478/328 332/479/329
f 332/479/329 559/478/328 555/480/330
f 332/479/329 555/480/330 331/481/331
f 331/481/331 555/480/330 423/482/332
f 331/481/331 423/482/332 330/483/333
f 330/484/333 423/485/332 551/486/334
f 330/484/333 551/486/334 329/487/335
f 329/487/335 551/486/334 547/488/336
f 329/487/335 547/488/336 328/489/337
f 328/489/337 547/488/336 543/490/338
f 328/489/337 543/490/338 327/491/339
f 327/491/339 543/490/338 539/492/340
f 327/491/339 539/492/340 326/493/341
f 326/493/341 539/492/340 535/494/342
f 326/493/341 535/494/342 325/495/343
f 325/495/343 535/494/342 531/496/344
f 325/495/343 531/496/344 324/497/345
f 324/497/345 531/496/344 527/498/346
f 324/497/345 527/498/346 323/499/347
f 323/499/347 527/498/346 523/500/348
f 323/499/347 523/500/348 322/501/349
f 322/501/349 523/500/348 519/502/350
f 322/501/349 519/502/350 321/503/351
f 321/503/351 519/502/350 515/504/352
f 321/503/351 515/504/352 320/505/353
f 320/505/353 515/504/352 511/506/354
f 320/505/353 511/506/354 319/507/355
f 319/507/355 511/506/354 507/508/356
f 319/507/355 507/508/356 318/509/357
f 318/509/357 507/508/356 503/510/358
f 318/509/357 503/510/358 317/511/359
f 317/511/359 503/510/358 499/512/360
f 317/511/359 499/512/360 316/513/361
f 316/513/361 499/512/360 495/514/362
f 316/513/361 495/514/362 315/515/363
f 315/515/363 495/514/362 491/516/364
f 315/515/363 491/516/364 314/517/365
f 314/517/365 491/516/364 487/518/366
f 314/517/365 487/518/366 313/519/367
f 313/519/367 487/518/366 483/520/368
f 313/519/367 483/520/368 312/521/369
f 312/521/369 483/520/368 479/522/370
f 312/521/369 479/522/370 311/523/371
f 311/523/371 479/522/370 475/524/372
f 311/523/371 475/524/372 310/525/373
f 310/525/373 475/524/372 471/526/374
f 310/525/373 471/526/374 309/527/375
f 309/527/375 471/526/374 467/528/376
f 309/527/375 467/528/376 308/529/377
f 308/529/377 467/528/376 463/530/378
f 308/529/377 463/530/378 307/531/379
f 307/531/379 463/530/378 459/532/380
f 307/531/379 459/532/380 306/533/381
f 306/533/381 459/532/380 455/534/382
f 306/533/381 455/534/382 305/535/383
f 305/535/383 455/534/382 451/536/384
f 305/535/383 451/536/384 304/537/385
f 304/537/385 451/536/384 447/538/386
f 304/537/385 447/538/386 303/539/387
f 303/539/387 447/538/386 443/540/388
f 303/539/387 443/540/388 302/541/389
f 302/541/389 443/540/388 439/542/390
f 302/541/389 439/542/390 301/543/391
f 301/543/391 439/542/390 435/544/392
f 301/543/391 435/544/392 300/418/267
f 300/418/267 435/544/392 427/419/268
f 363/545/263 431/546/393 362/547/263
f 362/547/263 431/546/393 430/548/394
f 362/547/263 430/548/394 422/549/262
f 422/549/262 430/548/394 438/550/395
f 422/549/262 438/550/395 421/551/262
f 421/551/262 438/550/395 442/552/396
f 421/551/262 442/552/396 420/553/263
f 420/553/263 442/552/396 446/554/397
f 420/553/263 446/554/397 419/555/263
f 419/555/263 446/554/397 450/556/398
f 419/555/263 450/556/398 418/557/263
f 418/557/263 450/556/398 454/558/399
f 418/557/263 454/558/399 417/559/263
f 417/559/263 454/558/399 458/560/400
f 417/559/263 458/560/400 416/561/263
f 416/561/263 458/560/400 462/562/401
f 416/561/263 462/562/401 415/563/402
f 415/563/402 462/562/401 466/564/403
f 415/563/402 466/564/403 414/565/262
f 414/565/262 466/564/403 470/566/404
f 414/565/262 470/566/404 413/567/402
f 413/567/402 470/566/404 474/568/405
f 413/567/402 474/568/405 412/569/262
f 412/569/262 474/568/405 478/570/406
f 412/569/262 478/570/406 411/571/263
f 411/571/263 478/570/406 482/572/407
f 411/571/263 482/572/407 410/573/263
f 410/573/263 482/572/407 486/574/408
f 410/573/263 486/574/408 409/575/263
f 409/575/263 486/574/408 490/576/409
f 409/575/263 490/576/409 408/577/264
f 408/577/264 490/576/409 494/578/410
f 408/577/264 494/578/410 498/579/411
f 498/579/411 494/578/410 493/580/412
f 498/579/411 493/580/412 497/581/413
f 497/581/413 493/580/412 492/582/414
f 497/581/413 492/582/414 496/583/415
f 496/583/415 492/582/414 491/516/364
f 496/583/415 491/516/364 495/514/362
f 431/546/393 363/545/263 674/584/416
f 674/584/416 363/545/263 364/585/263
f 674/584/416 364/585/263 670/586/417
f 670/586/417 364/585/263 365/587/262
f 670/586/417 365/587/262 666/588/418
f 666/588/418 365/587/262 366/589/263
f 666/588/418 366/589/263 662/590/419
f 662/590/419 366/589/263 367/591/263
f 662/590/419 367/591/263 658/592/420
f 658/592/420 367/591/263 368/593/264
f 658/592/420 368/593/264 654/594/421
f 654/594/421 368/593/264 369/595/263
f 654/594/421 369/595/263 650/596/422
f 650/596/422 369/595/263 370/597/402
f 650/596/422 370/597/402 646/598/423
f 646/598/423 370/597/402 371/599/263
f 646/598/423 371/599/263 642/600/424
f 642/600/424 371/599/263 372/601/263
f 642/600/424 372/601/263 638/602/425
f 638/602/425 372/601/263 373/603/263
f 638/602/425 373/603/263 634/604/426
f 634/604/426 373/603/263 374/605/264
f 634/604/426 374/605/264 630/606/427
f 630/606/427 374/605/264 375/607/264
f 630/606/427 375/607/264 626/608/428
f 626/608/428 375/607/264 376/609/263
f 626/608/428 376/609/263 622/610/429
f 622/610/429 376/609/263 377/611/430
f 622/610/429 377/611/430 618/612/431
f 618/612/431 377/611/430 614/613/432
f 618/612/431 614/613/432 617/614/433
f 617/614/433 614/613/432 613/615/434
f 617/614/433 613/615/434 616/616/435
f 616/616/435 613/615/434 612/617/436
f 616/616/435 612/617/436 615/450/300
f 615/450/300 612/617/436 611/452/302
f 377/611/430 378/618/263 614/613/432
f 614/613/432 378/618/263 610/619/437
f 614/613/432 610/619/437 609/620/438
f 609/620/438 610/619/437 605/621/439
f 609/620/438 605/621/439 604/622/440
f 604/622/440 605/621/439 600/623/441
f 604/622/440 600/623/441 599/458/308
f 599/458/308 600/623/441 595/460/310
f 378/618/263 379/624/263 610/619/437
f 610/619/437 379/624/263 606/625/442
f 610/619/437 606/625/442 605/621/439
f 605/621/439 606/625/442 601/626/443
f 605/621/439 601/626/443 600/623/441
f 600/623/441 601/626/443 596/627/444
f 600/623/441 596/627/444 595/460/310
f 595/460/310 596/627/444 591/462/312
f 379/624/263 380/628/263 606/625/442
f 606/625/442 380/628/263 602/629/445
f 606/625/442 602/629/445 601/626/443
f 601/626/443 602/629/445 597/630/446
f 601/626/443 597/630/446 596/627/444
f 596/627/444 597/630/446 592/631/447
f 596/627/444 592/631/447 591/462/312
f 591/462/312 592/631/447 587/464/314
f 380/628/263 381/632/430 602/629/445
f 602/629/445 381/632/430 598/633/448
f 602/629/445 598/633/448 597/630/446
f 597/630/446 598/633/448 593/634/449
f 597/630/446 593/634/449 592/631/447
f 592/631/447 593/634/449 588/635/450
f 592/631/447 588/635/450 587/464/314
f 587/464/314 588/635/450 583/466/316
f 381/632/430 382/636/402 598/633/448
f 598/633/448 382/636/402 594/637/451
f 598/633/448 594/637/451 593/634/449
f 593/634/449 594/637/451 589/638/452
f 593/634/449 589/638/452 588/635/450
f 588/635/450 589/638/452 584/639/453
f 588/635/450 584/639/453 583/466/316
f 583/466/316 584/639/453 579/468/318
f 382/636/402 383/640/262 594/637/451
f 594/637/451 383/640/262 590/641/454
f 594/637/451 590/641/454 589/638/452
f 589/638/452 590/641/454 585/642/455
f 589/638/452 585/642/455 584/639/453
f 584/639/453 585/642/455 580/643/456
f 584/639/453 580/643/456 579/468/318
f 579/468/318 580/643/456 575/470/320
f 383/640/262 384/644/262 590/641/454
f 590/641/454 384/644/262 586/645/457
f 590/641/454 586/645/457 585/642/455
f 585/642/455 586/645/457 581/646/458
f 585/642/455 581/646/458 580/643/456
f 580/643/456 581/646/458 576/647/459
f 580/643/456 576/647/459 575/470/320
f 575/470/320 576/647/459 571/472/322
f 384/644/262 385/648/262 586/645/457
f 586/645/457 385/648/262 582/649/460
f 586/645/457 582/649/460 581/646/458
f 581/646/458 582/649/460 577/650/461
f 581/646/458 577/650/461 576/647/459
f 576/647/459 577/650/461 572/651/462
f 576/647/459 572/651/462 571/472/322
f 571/472/322 572/651/462 567/474/324
f 385/648/262 386/652/263 582/649/460
f 582/649/460 386/652/263 578/653/463
f 582/649/460 578/653/463 577/650/461
f 577/650/461 578/653/463 573/654/464
f 577/650/461 573/654/464 572/651/462
f 572/651/462 573/654/464 568/655/465
f 572/651/462 568/655/465 567/474/324
f 567/474/324 568/655/465 563/476/326
f 386/652/263 387/656/466 578/653/463
f 578/653/463 387/656/466 574/657/467
f 578/653/463 574/657/467 573/654/464
f 573/654/464 574/657/467 569/658/468
f 573/654/464 569/658/468 568/655/465
f 568/655/465 569/658/468 564/659/469
f 568/655/465 564/659/469 563/476/326
f 563/476/326 564/659/469 559/478/328
f 387/656/466 388/660/262 574/657/467
f 574/657/467 388/660/262 570/661/470
f 574/657/467 570/661/470 569/658/468
f 569/658/468 570/661/470 565/662/471
f 569/658/468 565/662/471 564/659/469
f 564/659/469 565/662/471 560/663/472
f 564/659/469 560/663/472 559/478/328
f 559/478/328 560/663/472 555/480/330
f 388/660/262 389/664/262 570/661/470
f 570/661/470 389/664/262 566/665/473
f 570/661/470 566/665/473 565/662/471
f 565/662/471 566/665/473 561/666/474
f 565/662/471 561/666/474 560/663/472
f 560/663/472 561/666/474 556/667/475
f 560/663/472 556/667/475 555/480/330
f 555/480/330 556/667/475 423/482/332
f 389/664/262 390/668/263 566/665/473
f 566/665/473 390/668/263 562/669/476
f 566/665/473 562/669/476 561/666/474
f 561/666/474 562/669/476 557/670/477
f 561/666/474 557/670/477 556/667/475
f 556/667/475 557/670/477 424/671/478
f 556/667/475 424/671/478 423/482/332
f 423/485/332 424/672/478 551/486/334
f 390/668/263 391/673/262 562/669/476
f 562/669/476 391/673/262 558/674/479
f 562/669/476 558/674/479 557/670/477
f 557/670/477 558/674/479 425/675/480
f 557/670/477 425/675/480 424/671/478
f 424/672/478 425/676/480 552/677/481
f 424/672/478 552/677/481 551/486/334
f 551/486/334 552/677/481 547/488/336
f 391/673/262 392/678/263 558/674/479
f 558/674/479 392/678/263 426/679/482
f 558/674/479 426/679/482 425/675/480
f 425/676/480 426/680/482 553/681/483
f 425/676/480 553/681/483 552/677/481
f 552/677/481 553/681/483 548/682/484
f 552/677/481 548/682/484 547/488/336
f 547/488/336 548/682/484 543/490/338
f 392/683/263 393/684/262 426/680/482
f 426/680/482 393/684/262 554/685/485
f 426/680/482 554/685/485 553/681/483
f 553/681/483 554/685/485 549/686/486
f 553/681/483 549/686/486 548/682/484
f 548/682/484 549/686/486 544/687/487
f 548/682/484 544/687/487 543/490/338
f 543/490/338 544/687/487 539/492/340
f 393/684/262 394/688/263 554/685/485
f 554/685/485 394/688/263 550/689/488
f 554/685/485 550/689/488 549/686/486
f 549/686/486 550/689/488 545/690/489
f 549/686/486 545/690/489 544/687/487
f 544/687/487 545/690/489 540/691/490
f 544/687/487 540/691/490 539/492/340
f 539/492/340 540/691/490 535/494/342
f 394/688/263 395/692/262 550/689/488
f 550/689/488 395/692/262 546/693/491
f 550/689/488 546/693/491 545/690/489
f 545/690/489 546/693/491 541/694/492
f 545/690/489 541/694/492 540/691/490
f 540/691/490 541/694/492 536/695/493
f 540/691/490 536/695/493 535/494/342
f 535/494/342 536/695/493 531/496/344
f 395/692/262 396/696/262 546/693/491
f 546/693/491 396/696/262 542/697/494
f 546/693/491 542/697/494 541/694/492
f 541/694/492 542/697/494 537/698/495
f 541/694/492 537/698/495 536/695/493
f 536/695/493 537/698/495 532/699/496
f 536/695/493 532/699/496 531/496/344
f 531/496/344 532/699/496 527/498/346
f 396/696/262 397/700/263 542/697/494
f 542/697/494 397/700/263 538/701/497
f 542/697/494 538/701/497 537/698/495
f 537/698/495 538/701/497 533/702/498
f 537/698/495 533/702/498 532/699/496
f 532/699/496 533/702/498 528/703/499
f 532/699/496 528/703/499 527/498/346
f 527/498/346 528/703/499 523/500/348
f 397/700/263 398/704/264 538/701/497
f 538/701/497 398/704/264 534/705/500
f 538/701/497 534/705/500 533/702/498
f 533/702/498 534/705/500 529/706/501
f 533/702/498 529/706/501 528/703/499
f 528/703/499 529/706/501 524/707/502
f 528/703/499 524/707/502 523/500/348
f 523/500/348 524/707/502 519/502/350
f 398/704/264 399/708/262 534/705/500
f 534/705/500 399/708/262 530/709/503
f 534/705/500 530/709/503 529/706/501
f 529/706/501 530/709/503 525/710/504
f 529/706/501 525/710/504 524/707/502
f 524/707/502 525/710/504 520/711/505
f 524/707/502 520/711/505 519/502/350
f 519/502/350 520/711/505 515/504/352
f 399/708/262 400/712/506 530/709/503
f 530/709/503 400/712/506 526/713/507
f 530/709/503 526/713/507 525/710/504
f 525/710/504 526/713/507 521/714/508
f 525/710/504 521/714/508 520/711/505
f 520/711/505 521/714/508 516/715/509
f 520/711/505 516/715/509 515/504/352
f 515/504/352 516/715/509 511/506/354
f 400/712/506 401/716/262 526/713/507
f 526/713/507 401/716/262 522/717/510
f 526/713/507 522/717/510 521/714/508
f 521/714/508 522/717/510 517/718/511
f 521/714/508 517/718/511 516/715/509
f 516/715/509 517/718/511 512/719/512
f 516/715/509 512/719/512 511/506/354
f 511/506/354 512/719/512 507/508/356
f 401/716/262 402/720/506 522/717/510
f 522/717/510 402/720/506 518/721/513
f 522/717/510 518/721/513 517/718/511
f 517/718/511 518/721/513 513/722/514
f 517/718/511 513/722/514 512/719/512
f 512/719/512 513/722/514 508/723/515
f 512/719/512 508/723/515 507/508/356
f 507/508/356 508/723/515 503/510/358
f 402/720/506 403/724/263 518/721/513
f 518/721/513 403/724/263 514/725/516
f 518/721/513 514/725/516 513/722/514
f 513/722/514 514/725/516 509/726/517
f 513/722/514 509/726/517 508/723/515
f 508/723/515 509/726/517 504/727/518
f 508/723/515 504/727/518 503/510/358
f 503/510/358 504/727/518 499/512/360
f 403/724/263 404/728/264 514/725/516
f 514/725/516 404/728/264 510/729/519
f 514/725/516 510/729/519 509/726/517
f 509/726/517 510/729/519 505/730/520
f 509/726/517 505/730/520 504/727/518
f 504/727/518 505/730/520 500/731/521
f 504/727/518 500/731/521 499/512/360
f 499/512/360 500/731/521 495/514/362
f 404/728/264 405/732/263 510/729/519
f 510/729/519 405/732/263 506/733/522
f 510/729/519 506/733/522 505/730/520
f 505/730/520 506/733/522 501/734/523
f 505/730/520 501/734/523 500/731/521
f 500/731/521 501/734/523 496/583/415
f 500/731/521 496/583/415 495/514/362
f 405/732/263 406/735/430 506/733/522
f 506/733/522 406/735/430 502/736/524
f 506/733/522 502/736/524 501/734/523
f 501/734/523 502/736/524 497/581/413
f 501/734/523 497/581/413 496/583/415
f 406/735/430 407/737/264 502/736/524
f 502/736/524 407/737/264 498/579/411
f 502/736/524 498/579/411 497/581/413
f 407/737/264 408/577/264 498/579/411
f 427/419/268 428/738/525 434/420/270
f 434/420/270 428/738/525 433/739/526
f 434/420/270 433/739/526 671/422/272
f 671/422/272 433/739/526 672/740/527
f 671/422/272 672/740/527 667/424/274
f 667/424/274 672/740/527 668/741/528
f 667/424/274 668/741/528 663/426/276
f 663/426/276 668/741/528 664/742/529
f 663/426/276 664/742/529 659/428/278
f 659/428/278 664/742/529 660/743/530
f 659/428/278 660/743/530 655/430/280
f 655/430/280 660/743/530 656/744/531
f 655/430/280 656/744/531 651/432/282
f 651/432/282 656/744/531 652/745/532
f 651/432/282 652/745/532 647/434/284
f 647/434/284 652/745/532 648/746/533
f 647/434/284 648/746/533 643/436/286
f 643/436/286 648/746/533 644/747/534
f 643/436/286 644/747/534 639/438/288
f 639/438/288 644/747/534 640/748/535
f 639/438/288 640/748/535 635/440/290
f 635/440/290 640/748/535 636/749/536
f 635/440/290 636/749/536 631/442/292
f 631/442/292 636/749/536 632/750/537
f 631/442/292 632/750/537 627/444/294
f 627/444/294 632/750/537 628/751/538
f 627/444/294 628/751/538 623/446/296
f 623/446/296 628/751/538 624/752/539
f 623/446/296 624/752/539 619/448/298
f 619/448/298 624/752/539 620/753/540
f 619/448/298 620/753/540 616/616/435
f 616/616/435 620/753/540 617/614/433
f 428/738/525 429/754/541 433/739/526
f 433/739/526 429/754/541 432/755/542
f 433/739/526 432/755/542 672/740/527
f 672/740/527 432/755/542 673/756/543
f 672/740/527 673/756/543 668/741/528
f 668/741/528 673/756/543 669/757/544
f 668/741/528 669/757/544 664/742/529
f 664/742/529 669/757/544 665/758/545
f 664/742/529 665/758/545 660/743/530
f 660/743/530 665/758/545 661/759/546
f 660/743/530 661/759/546 656/744/531
f 656/744/531 661/759/546 657/760/547
f 656/744/531 657/760/547 652/745/532
f 652/745/532 657/760/547 653/761/548
f 652/745/532 653/761/548 648/746/533
f 648/746/533 653/761/548 649/762/549
f 648/746/533 649/762/549 644/747/534
f 644/747/534 649/762/549 645/763/550
f 644/747/534 645/763/550 640/748/535
f 640/748/535 645/763/550 641/764/551
f 640/748/535 641/764/551 636/749/536
f 636/749/536 641/764/551 637/765/552
f 636/749/536 637/765/552 632/750/537
f 632/750/537 637/765/552 633/766/553
f 632/750/537 633/766/553 628/751/538
f 628/751/538 633/766/553 629/767/554
f 628/751/538 629/767/554 624/752/539
f 624/752/539 629/767/554 625/768/555
f 624/752/539 625/768/555 620/753/540
f 620/753/540 625/768/555 621/769/556
f 620/753/540 621/769/556 617/614/433
f 617/614/433 621/769/556 618/612/431
f 428/738/525 427/419/268 436/770/557
f 436/770/557 427/419/268 435/544/392
f 436/770/557 435/544/392 440/771/558
f 440/771/558 435/544/392 439/542/390
f 440/771/558 439/542/390 444/772/559
f 444/772/559 439/542/390 443/540/388
f 444/772/559 443/540/388 448/773/560
f 448/773/560 443/540/388 447/538/386
f 448/773/560 447/538/386 452/774/561
f 452/774/561 447/538/386 451/536/384
f 452/774/561 451/536/384 456/775/562
f 456/775/562 451/536/384 455/534/382
f 456/775/562 455/534/382 460/776/563
f 460/776/563 455/534/382 459/532/380
f 460/776/563 459/532/380 464/777/564
f 464/777/564 459/532/380 463/530/378
f 464/777/564 463/530/378 468/778/565
f 468/778/565 463/530/378 467/528/376
f 468/778/565 467/528/376 472/779/566
f 472/779/566 467/528/376 471/526/374
f 472/779/566 471/526/374 476/780/567
f 476/780/567 471/526/374 475/524/372
f 476/780/567 475/524/372 480/781/568
f 480/781/568 475/524/372 479/522/370
f 480/781/568 479/522/370 484/782/569
f 484/782/569 479/522/370 483/520/368
f 484/782/569 483/520/368 488/783/570
f 488/783/570 483/520/368 487/518/366
f 488/783/570 487/518/366 492/582/414
f 492/582/414 487/518/366 491/516/364
f 429/754/541 430/548/394 432/755/542
f 432/755/542 430/548/394 431/546/393
f 432/755/542 431/546/393 673/756/543
f 673/756/543 431/546/393 674/584/416
f 673/756/543 674/584/416 669/757/544
f 669/757/544 674/584/416 670/586/417
f 669/757/544 670/586/417 665/758/545
f 665/758/545 670/586/417 666/588/418
f 665/758/545 666/588/418 661/759/546
f 661/759/546 666/588/418 662/590/419
f 661/759/546 662/590/419 657/760/547
f 657/760/547 662/590/419 658/592/420
f 657/760/547 658/592/420 653/761/548
f 653/761/548 658/592/420 654/594/421
f 653/761/548 654/594/421 649/762/549
f 649/762/549 654/594/421 650/596/422
f 649/762/549 650/596/422 645/763/550
f 645/763/550 650/596/422 646/598/423
f 645/763/550 646/598/423 641/764/551
f 641/764/551 646/598/423 642/600/424
f 641/764/551 642/600/424 637/765/552
f 637/765/552 642/600/424 638/602/425
f 637/765/552 638/602/425 633/766/553
f 633/766/553 638/602/425 634/604/426
f 633/766/553 634/604/426 629/767/554
f 629/767/554 634/604/426 630/606/427
f 629/767/554 630/606/427 625/768/555
f 625/768/555 630/606/427 626/608/428
f 625/768/555 626/608/428 621/769/556
f 621/769/556 626/608/428 622/610/429
f 621/769/556 622/610/429 618/612/431
f 429/754/541 428/738/525 437/784/571
f 437/784/571 428/738/525 436/770/557
f 437/784/571 436/770/557 441/785/572
f 441/785/572 436/770/557 440/771/558
f 441/785/572 440/771/558 445/786/573
f 445/786/573 440/771/558 444/772/559
f 445/786/573 444/772/559 449/787/574
f 449/787/574 444/772/559 448/773/560
f 449/787/574 448/773/560 453/788/575
f 453/788/575 448/773/560 452/774/561
f 453/788/575 452/774/561 457/789/576
f 457/789/576 452/774/561 456/775/562
f 457/789/576 456/775/562 461/790/577
f 461/790/577 456/775/562 460/776/563
f 461/790/577 460/776/563 465/791/578
f 465/791/578 460/776/563 464/777/564
f 465/791/578 464/777/564 469/792/579
f 469/792/579 464/777/564 468/778/565
f 469/792/579 468/778/565 473/793/580
f 473/793/580 468/778/565 472/779/566
f 473/793/580 472/779/566 477/794/581
f 477/794/581 472/779/566 476/780/567
f 477/794/581 476/780/567 481/795/582
f 481/795/582 476/780/567 480/781/568
f 481/795/582 480/781/568 485/796/583
f 485/796/583 480/781/568 484/782/569
f 485/796/583 484/782/569 489/797/584
f 489/797/584 484/782/569 488/783/570
f 489/797/584 488/783/570 493/580/412
f 493/580/412 488/783/570 492/582/414
f 430/548/394 429/754/541 438/550/395
f 438/550/395 429/754/541 437/784/571
f 438/550/395 437/784/571 442/552/396
f 442/552/396 437/784/571 441/785/572
f 442/552/396 441/785/572 446/554/397
f 446/554/397 441/785/572 445/786/573
f 446/554/397 445/786/573 450/556/398
f 450/556/398 445/786/573 449/787/574
f 450/556/398 449/787/574 454/558/399
f 454/558/399 449/787/574 453/788/575
f 454/558/399 453/788/575 458/560/400
f 458/560/400 453/788/575 457/789/576
f 458/560/400 457/789/576 462/562/401
f 462/562/401 457/789/576 461/790/577
f 462/562/401 461/790/577 466/564/403
f 466/564/403 461/790/577 465/791/578
f 466/564/403 465/791/578 470/566/404
f 470/566/404 465/791/578 469/792/579
f 470/566/404 469/792/579 474/568/405
f 474/568/405 469/792/579 473/793/580
f 474/568/405 473/793/580 478/570/406
f 478/570/406 473/793/580 477/794/581
f 478/570/406 477/794/581 482/572/407
f 482/572/407 477/794/581 481/795/582
f 482/572/407 481/795/582 486/574/408
f 486/574/408 481/795/582 485/796/583
f 486/574/408 485/796/583 490/576/409
f 490/576/409 485/796/583 489/797/584
f 490/576/409 489/797/584 494/578/410
f 494/578/410 489/797/584 493/580/412
f 599/458/308 603/456/306 604/622/440
f 604/622/440 603/456/306 608/798/585
f 604/622/440 608/798/585 609/620/438
f 609/620/438 608/798/585 613/615/434
f 609/620/438 613/615/434 614/613/432
f 603/456/306 607/454/304 608/798/585
f 608/798/585 607/454/304 612/617/436
f 608/798/585 612/617/436 613/615/434
f 611/452/302 612/617/436 607/454/304
f 619/448/298 616/616/435 615/450/300
f 676/799/267 299/800/269 675/3/269
f 675/3/269 299/800/269 361/801/271
f 675/3/269 361/801/271 737/802/271
f 737/802/271 361/801/271 360/803/273
f 737/802/271 360/803/273 736/804/586
f 736/804/586 360/803/273 359/805/275
f 736/804/586 359/805/275 735/806/275
f 735/806/275 359/805/275 358/807/277
f 735/806/275 358/807/277 734/808/277
f 734/808/277 358/807/277 357/809/279
f 734/808/277 357/809/279 733/810/279
f 733/810/279 357/809/279 356/811/281
f 733/810/279 356/811/281 732/812/587
f 732/812/587 356/811/281 355/813/283
f 732/812/587 355/813/283 731/814/283
f 731/814/283 355/813/283 354/815/285
f 731/814/283 354/815/285 730/816/285
f 730/816/285 354/815/285 353/817/287
f 730/816/285 353/817/287 729/818/287
f 729/818/287 353/817/287 352/819/289
f 729/818/287 352/819/289 728/820/588
f 728/820/588 352/819/289 351/821/291
f 728/820/588 351/821/291 727/822/589
f 727/822/589 351/821/291 350/823/293
f 727/822/589 350/823/293 726/824/590
f 726/824/590 350/823/293 349/825/295
f 726/824/590 349/825/295 725/826/295
f 725/826/295 349/825/295 348/827/297
f 725/826/295 348/827/297 724/828/297
f 724/828/297 348/827/297 347/829/299
f 724/828/297 347/829/299 723/830/591
f 723/830/591 347/829/299 346/831/301
f 723/830/591 346/831/301 722/832/301
f 722/832/301 346/831/301 345/833/303
f 722/832/301 345/833/303 721/834/592
f 721/834/592 345/833/303 344/835/305
f 721/834/592 344/835/305 720/836/305
f 720/836/305 344/835/305 343/837/307
f 720/836/305 343/837/307 719/838/307
f 719/838/307 343/837/307 342/839/309
f 719/838/307 342/839/309 718/840/309
f 718/840/309 342/839/309 341/841/311
f 718/840/309 341/841/311 717/842/311
f 717/842/311 341/841/311 340/843/313
f 717/842/311 340/843/313 716/844/313
f 716/844/313 340/843/313 339/845/315
f 716/844/313 339/845/315 715/846/315
f 715/846/315 339/845/315 338/847/317
f 715/846/315 338/847/317 714/848/317
f 714/848/317 338/847/317 337/849/319
f 714/848/317 337/849/319 713/850/319
f 713/850/319 337/849/319 336/851/321
f 713/850/319 336/851/321 712/852/321
f 712/852/321 336/851/321 335/853/323
f 712/852/321 335/853/323 711/854/593
f 711/854/593 335/853/323 334/855/325
f 711/854/593 334/855/325 710/856/325
f 710/856/325 334/855/325 333/857/327
f 710/856/325 333/857/327 709/858/327
f 709/858/327 333/857/327 332/859/329
f 709/858/327 332/859/329 708/860/594
f 708/860/594 332/859/329 331/861/331
f 708/860/594 331/861/331 707/862/331
f 707/863/331 331/864/331 330/865/333
f 707/863/331 330/865/333 706/866/595
f 706/866/595 330/865/333 329/867/335
f 706/866/595 329/867/335 705/868/335
f 705/868/335 329/867/335 328/869/337
f 705/868/335 328/869/337 704/870/596
f 704/870/596 328/869/337 327/871/339
f 704/870/596 327/871/339 703/872/597
f 703/872/597 327/871/339 326/873/341
f 703/872/597 326/873/341 702/874/598
f 702/874/598 326/873/341 325/875/343
f 702/874/598 325/875/343 701/876/343
f 701/876/343 325/875/343 324/877/345
f 701/876/343 324/877/345 700/878/599
f 700/878/599 324/877/345 323/879/347
f 700/878/599 323/879/347 699/880/347
f 699/880/347 323/879/347 322/881/349
f 699/880/347 322/881/349 698/882/600
f 698/882/600 322/881/349 321/883/351
f 698/882/600 321/883/351 697/884/351
f 697/884/351 321/883/351 320/885/353
f 697/884/351 320/885/353 696/886/353
f 696/886/353 320/885/353 319/887/355
f 696/886/353 319/887/355 695/888/601
f 695/888/601 319/887/355 318/889/357
f 695/888/601 318/889/357 694/890/357
f 694/890/357 318/889/357 317/891/359
f 694/890/357 317/891/359 693/892/602
f 693/892/602 317/891/359 316/893/361
f 693/892/602 316/893/361 692/894/361
f 692/894/361 316/893/361 315/895/363
f 692/894/361 315/895/363 691/896/363
f 691/896/363 315/895/363 314/897/365
f 691/896/363 314/897/365 690/898/365
f 690/898/365 314/897/365 313/899/367
f 690/898/365 313/899/367 689/900/367
f 689/900/367 313/899/367 312/901/369
f 689/900/367 312/901/369 688/902/369
f 688/902/369 312/901/369 311/903/371
f 688/902/369 311/903/371 687/904/603
f 687/904/603 311/903/371 310/905/373
f 687/904/603 310/905/373 686/906/604
f 686/906/604 310/905/373 309/907/375
f 686/906/604 309/907/375 685/908/375
f 685/908/375 309/907/375 308/909/377
f 685/908/375 308/909/377 684/910/377
f 684/910/377 308/909/377 307/911/379
f 684/910/377 307/911/379 683/912/379
f 683/912/379 307/911/379 306/913/381
f 683/912/379 306/913/381 682/914/381
f 682/914/381 306/913/381 305/915/383
f 682/914/381 305/915/383 681/916/383
f 681/916/383 305/915/383 304/917/385
f 681/916/383 304/917/385 680/918/605
f 680/918/605 304/917/385 303/919/387
f 680/918/605 303/919/387 679/920/606
f 679/920/606 303/919/387 302/921/389
f 679/920/606 302/921/389 678/922/389
f 678/922/389 302/921/389 301/923/391
f 678/922/389 301/923/391 677/924/391
f 677/924/391 301/923/391 300/925/267
f 677/924/391 300/925/267 676/799/267
f 676/799/267 300/925/267 299/800/269
f 739/926/607 871/927/608 738/3/609
f 738/3/609 871/927/608 878/928/610
f 738/3/609 878/928/610 802/929/611
f 802/929/611 878/928/610 1123/930/612
f 802/929/611 1123/930/612 801/931/613
f 801/931/613 1123/930/612 1119/932/614
f 801/931/613 1119/932/614 800/933/615
f 800/933/615 1119/932/614 1115/934/616
f 800/933/615 1115/934/616 799/935/617
f 799/935/617 1115/934/616 1111/936/618
f 799/935/617 1111/936/618 798/937/619
f 798/937/619 1111/936/618 1107/938/620
f 798/937/619 1107/938/620 797/939/621
f 797/939/621 1107/938/620 1103/940/622
f 797/939/621 1103/940/622 796/941/623
f 796/941/623 1103/940/622 1099/942/624
f 796/941/623 1099/942/624 795/943/625
f 795/943/625 1099/942/624 1095/944/626
f 795/943/625 1095/944/626 794/945/627
f 794/945/627 1095/944/626 1091/946/628
f 794/945/627 1091/946/628 793/947/629
f 793/947/629 1091/946/628 1087/948/630
f 793/947/629 1087/948/630 792/949/631
f 792/949/631 1087/948/630 1083/950/632
f 792/949/631 1083/950/632 791/951/633
f 791/951/633 1083/950/632 1079/952/634
f 791/951/633 1079/952/634 790/953/635
f 790/953/635 1079/952/634 1075/954/636
f 790/953/635 1075/954/636 789/955/637
f 789/955/637 1075/954/636 1071/956/638
f 789/955/637 1071/956/638 788/957/639
f 788/957/639 1071/956/638 1067/958/640
f 788/957/639 1067/958/640 787/959/641
f 787/959/641 1067/958/640 1063/960/642
f 787/959/641 1063/960/642 786/961/643
f 786/961/643 1063/960/642 1059/962/644
f 786/961/643 1059/962/644 785/963/645
f 785/963/645 1059/962/644 1055/964/646
f 785/963/645 1055/964/646 784/965/647
f 784/965/647 1055/964/646 1051/966/648
f 784/965/647 1051/966/648 783/967/649
f 783/967/649 1051/966/648 1047/968/650
f 783/967/649 1047/968/650 782/969/651
f 782/969/651 1047/968/650 1043/970/652
f 782/969/651 1043/970/652 781/971/653
f 781/971/653 1043/970/652 1039/972/654
f 781/971/653 1039/972/654 780/973/655
f 780/973/655 1039/972/654 1035/974/656
f 780/973/655 1035/974/656 779/975/657
f 779/975/657 1035/974/656 1031/976/658
f 779/975/657 1031/976/658 778/977/659
f 778/977/659 1031/976/658 1027/978/660
f 778/977/659 1027/978/660 777/979/661
f 777/979/661 1027/978/660 1023/980/662
f 777/979/661 1023/980/662 776/981/663
f 776/981/663 1023/980/662 1019/982/664
f 776/981/663 1019/982/664 775/983/665
f 775/983/665 1019/982/664 1015/984/666
f 775/983/665 1015/984/666 774/985/667
f 774/985/667 1015/984/666 1011/986/668
f 774/985/667 1011/986/668 773/987/669
f 773/987/669 1011/986/668 1007/988/670
f 773/987/669 1007/988/670 772/989/671
f 772/989/671 1007/988/670 1003/990/672
f 772/989/671 1003/990/672 771/991/673
f 771/991/673 1003/990/672 867/992/674
f 771/991/673 867/992/674 770/993/675
f 770/994/675 867/995/674 999/996/676
f 770/994/675 999/996/676 769/997/677
f 769/997/677 999/996/676 995/998/678
f 769/997/677 995/998/678 768/999/679
f 768/999/679 995/998/678 991/1000/680
f 768/999/679 991/1000/680 767/1001/681
f 767/1001/681 991/1000/680 987/1002/682
f 767/1001/681 987/1002/682 766/1003/683
f 766/1003/683 987/1002/682 983/1004/684
f 766/1003/683 983/1004/684 765/1005/685
f 765/1005/685 983/1004/684 979/1006/686
f 765/1005/685 979/1006/686 764/1007/687
f 764/1007/687 979/1006/686 975/1008/688
f 764/1007/687 975/1008/688 763/1009/689
f 763/1009/689 975/1008/688 971/1010/690
f 763/1009/689 971/1010/690 762/1011/691
f 762/1011/691 971/1010/690 967/1012/692
f 762/1011/691 967/1012/692 761/1013/693
f 761/1013/693 967/1012/692 963/1014/694
f 761/1013/693 963/1014/694 760/1015/695
f 760/1015/695 963/1014/694 959/1016/696
f 760/1015/695 959/1016/696 759/1017/697
f 759/1017/697 959/1016/696 955/1018/698
f 759/1017/697 955/1018/698 758/1019/699
f 758/1019/699 955/1018/698 951/1020/700
f 758/1019/699 951/1020/700 757/1021/701
f 757/1021/701 951/1020/700 947/1022/702
f 757/1021/701 947/1022/702 756/1023/703
f 756/1023/703 947/1022/702 943/1024/704
f 756/1023/703 943/1024/704 755/1025/705
f 755/1025/705 943/1024/704 939/1026/706
f 755/1025/705 939/1026/706 754/1027/707
f 754/1027/707 939/1026/706 935/1028/708
f 754/1027/707 935/1028/708 753/1029/709
f 753/1029/709 935/1028/708 931/1030/710
f 753/1029/709 931/1030/710 752/1031/711
f 752/1031/711 931/1030/710 927/1032/712
f 752/1031/711 927/1032/712 751/1033/713
f 751/1033/713 927/1032/712 923/1034/714
f 751/1033/713 923/1034/714 750/1035/715
f 750/1035/715 923/1034/714 919/1036/716
f 750/1035/715 919/1036/716 749/1037/717
f 749/1037/717 919/1036/716 915/1038/718
f 749/1037/717 915/1038/718 748/1039/719
f 748/1039/719 915/1038/718 911/1040/720
f 748/1039/719 911/1040/720 747/1041/721
f 747/1041/721 911/1040/720 907/1042/722
f 747/1041/721 907/1042/722 746/1043/723
f 746/1043/723 907/1042/722 903/1044/724
f 746/1043/723 903/1044/724 745/1045/725
f 745/1045/725 903/1044/724 899/1046/726
f 745/1045/725 899/1046/726 744/1047/727
f 744/1047/727 899/1046/726 895/1048/728
f 744/1047/727 895/1048/728 743/1049/729
f 743/1049/729 895/1048/728 891/1050/730
f 743/1049/729 891/1050/730 742/1051/731
f 742/1051/731 891/1050/730 887/1052/732
f 742/1051/731 887/1052/732 741/1053/733
f 741/1053/733 887/1052/732 883/1054/734
f 741/1053/733 883/1054/734 740/1055/735
f 740/1055/735 883/1054/734 879/1056/736
f 740/1055/735 879/1056/736 739/926/607
f 739/926/607 879/1056/736 871/927/608
f 804/1057/265 875/1058/737 803/1059/266
f 803/1059/266 875/1058/737 874/1060/738
f 803/1059/266 874/1060/738 866/1061/265
f 866/1061/265 874/1060/738 882/1062/739
f 866/1061/265 882/1062/739 865/1063/266
f 865/1063/266 882/1062/739 886/1064/740
f 865/1063/266 886/1064/740 864/1065/265
f 864/1065/265 886/1064/740 890/1066/741
f 864/1065/265 890/1066/741 863/1067/742
f 863/1067/742 890/1066/741 894/1068/743
f 863/1067/742 894/1068/743 862/1069/266
f 862/1069/266 894/1068/743 898/1070/744
f 862/1069/266 898/1070/744 861/1071/265
f 861/1071/265 898/1070/744 902/1072/745
f 861/1071/265 902/1072/745 860/1073/742
f 860/1073/742 902/1072/745 906/1074/746
f 860/1073/742 906/1074/746 859/1075/747
f 859/1075/747 906/1074/746 910/1076/748
f 859/1075/747 910/1076/748 858/1077/749
f 858/1077/749 910/1076/748 914/1078/750
f 858/1077/749 914/1078/750 857/1079/265
f 857/1079/265 914/1078/750 918/1080/751
f 857/1079/265 918/1080/751 856/1081/752
f 856/1081/752 918/1080/751 922/1082/753
f 856/1081/752 922/1082/753 855/1083/749
f 855/1083/749 922/1082/753 926/1084/754
f 855/1083/749 926/1084/754 854/1085/749
f 854/1085/749 926/1084/754 930/1086/755
f 854/1085/749 930/1086/755 853/1087/749
f 853/1087/749 930/1086/755 934/1088/756
f 853/1087/749 934/1088/756 852/1089/265
f 852/1089/265 934/1088/756 938/1090/757
f 852/1089/265 938/1090/757 851/1091/742
f 851/1091/742 938/1090/757 942/1092/758
f 851/1091/742 942/1092/758 850/1093/759
f 850/1093/759 942/1092/758 946/1094/760
f 850/1093/759 946/1094/760 849/1095/265
f 849/1095/265 946/1094/760 950/1096/761
f 849/1095/265 950/1096/761 848/1097/742
f 848/1097/742 950/1096/761 954/1098/762
f 848/1097/742 954/1098/762 847/1099/265
f 847/1099/265 954/1098/762 958/1100/763
f 847/1099/265 958/1100/763 846/1101/266
f 846/1101/266 958/1100/763 962/1102/764
f 846/1101/266 962/1102/764 845/1103/765
f 845/1103/765 962/1102/764 966/1104/766
f 845/1103/765 966/1104/766 844/1105/265
f 844/1105/265 966/1104/766 970/1106/767
f 844/1105/265 970/1106/767 843/1107/265
f 843/1107/265 970/1106/767 974/1108/768
f 843/1107/265 974/1108/768 842/1109/265
f 842/1109/265 974/1108/768 978/1110/769
f 842/1109/265 978/1110/769 841/1111/266
f 841/1111/266 978/1110/769 982/1112/770
f 841/1111/266 982/1112/770 840/1113/266
f 840/1113/266 982/1112/770 986/1114/771
f 840/1113/266 986/1114/771 839/1115/265
f 839/1115/265 986/1114/771 990/1116/772
f 839/1115/265 990/1116/772 838/1117/265
f 838/1117/265 990/1116/772 994/1118/773
f 838/1117/265 994/1118/773 837/1119/266
f 837/1119/266 994/1118/773 998/1120/774
f 837/1119/266 998/1120/774 836/1121/265
f 836/1121/265 998/1120/774 1002/1122/775
f 836/1121/265 1002/1122/775 835/1123/265
f 835/1123/265 1002/1122/775 870/1124/776
f 835/1125/265 870/1126/776 1006/1127/777
f 1006/1127/777 870/1126/776 869/1128/778
f 1006/1127/777 869/1128/778 1005/1129/779
f 1005/1129/779 869/1128/778 868/1130/780
f 1005/1129/779 868/1130/780 1004/1131/781
f 1004/1131/781 868/1130/780 867/992/674
f 1004/1131/781 867/992/674 1003/990/672
f 875/1058/737 804/1057/265 1126/1132/782
f 1126/1132/782 804/1057/265 805/1133/266
f 1126/1132/782 805/1133/266 1122/1134/783
f 1122/1134/783 805/1133/266 806/1135/266
f 1122/1134/783 806/1135/266 1118/1136/784
f 1118/1136/784 806/1135/266 807/1137/266
f 1118/1136/784 807/1137/266 1114/1138/785
f 1114/1138/785 807/1137/266 808/1139/265
f 1114/1138/785 808/1139/265 1110/1140/786
f 1110/1140/786 808/1139/265 809/1141/265
f 1110/1140/786 809/1141/265 1106/1142/787
f 1106/1142/787 809/1141/265 810/1143/265
f 1106/1142/787 810/1143/265 1102/1144/788
f 1102/1144/788 810/1143/265 811/1145/747
f 1102/1144/788 811/1145/747 1098/1146/789
f 1098/1146/789 811/1145/747 812/1147/749
f 1098/1146/789 812/1147/749 1094/1148/790
f 1094/1148/790 812/1147/749 813/1149/749
f 1094/1148/790 813/1149/749 1090/1150/791
f 1090/1150/791 813/1149/749 814/1151/265
f 1090/1150/791 814/1151/265 1086/1152/792
f 1086/1152/792 814/1151/265 815/1153/749
f 1086/1152/792 815/1153/749 1082/1154/793
f 1082/1154/793 815/1153/749 816/1155/752
f 1082/1154/793 816/1155/752 1078/1156/794
f 1078/1156/794 816/1155/752 817/1157/266
f 1078/1156/794 817/1157/266 1074/1158/795
f 1074/1158/795 817/1157/266 818/1159/752
f 1074/1158/795 818/1159/752 1070/1160/796
f 1070/1160/796 818/1159/752 819/1161/752
f 1070/1160/796 819/1161/752 1066/1162/797
f 1066/1162/797 819/1161/752 820/1163/265
f 1066/1162/797 820/1163/265 1062/1164/798
f 1062/1164/798 820/1163/265 821/1165/765
f 1062/1164/798 821/1165/765 1058/1166/799
f 1058/1166/799 821/1165/765 822/1167/765
f 1058/1166/799 822/1167/765 1054/1168/800
f 1054/1168/800 822/1167/765 823/1169/749
f 1054/1168/800 823/1169/749 1050/1170/801
f 1050/1170/801 823/1169/749 824/1171/747
f 1050/1170/801 824/1171/747 1046/1172/802
f 1046/1172/802 824/1171/747 825/1173/265
f 1046/1172/802 825/1173/265 1042/1174/803
f 1042/1174/803 825/1173/265 826/1175/742
f 1042/1174/803 826/1175/742 1038/1176/804
f 1038/1176/804 826/1175/742 827/1177/747
f 1038/1176/804 827/1177/747 1034/1178/805
f 1034/1178/805 827/1177/747 828/1179/742
f 1034/1178/805 828/1179/742 1030/1180/806
f 1030/1180/806 828/1179/742 829/1181/265
f 1030/1180/806 829/1181/265 1026/1182/807
f 1026/1182/807 829/1181/265 830/1183/265
f 1026/1182/807 830/1183/265 1022/1184/808
f 1022/1184/808 830/1183/265 831/1185/742
f 1022/1184/808 831/1185/742 1018/1186/809
f 1018/1186/809 831/1185/742 832/1187/266
f 1018/1186/809 832/1187/266 1014/1188/810
f 1014/1188/810 832/1187/266 833/1189/266
f 1014/1188/810 833/1189/266 1010/1190/811
f 1010/1190/811 833/1189/266 834/1191/265
f 1010/1190/811 834/1191/265 1006/1127/777
f 1006/1127/777 834/1191/265 835/1125/265
f 867/995/674 868/1192/780 999/996/676
f 999/996/676 868/1192/780 1000/1193/812
f 999/996/676 1000/1193/812 995/998/678
f 995/998/678 1000/1193/812 996/1194/813
f 995/998/678 996/1194/813 991/1000/680
f 991/1000/680 996/1194/813 992/1195/814
f 991/1000/680 992/1195/814 987/1002/682
f 987/1002/682 992/1195/814 988/1196/815
f 987/1002/682 988/1196/815 983/1004/684
f 983/1004/684 988/1196/815 984/1197/816
f 983/1004/684 984/1197/816 979/1006/686
f 979/1006/686 984/1197/816 980/1198/817
f 979/1006/686 980/1198/817 975/1008/688
f 975/1008/688 980/1198/817 976/1199/818
f 975/1008/688 976/1199/818 971/1010/690
f 971/1010/690 976/1199/818 972/1200/819
f 971/1010/690 972/1200/819 967/1012/692
f 967/1012/692 972/1200/819 968/1201/820
f 967/1012/692 968/1201/820 963/1014/694
f 963/1014/694 968/1201/820 964/1202/821
f 963/1014/694 964/1202/821 959/1016/696
f 959/1016/696 964/1202/821 960/1203/822
f 959/1016/696 960/1203/822 955/1018/698
f 955/1018/698 960/1203/822 956/1204/823
f 955/1018/698 956/1204/823 951/1020/700
f 951/1020/700 956/1204/823 952/1205/824
f 951/1020/700 952/1205/824 947/1022/702
f 947/1022/702 952/1205/824 948/1206/825
f 947/1022/702 948/1206/825 943/1024/704
f 943/1024/704 948/1206/825 944/1207/826
f 943/1024/704 944/1207/826 939/1026/706
f 939/1026/706 944/1207/826 940/1208/827
f 939/1026/706 940/1208/827 935/1028/708
f 935/1028/708 940/1208/827 936/1209/828
f 935/1028/708 936/1209/828 931/1030/710
f 931/1030/710 936/1209/828 932/1210/829
f 931/1030/710 932/1210/829 927/1032/712
f 927/1032/712 932/1210/829 928/1211/830
f 927/1032/712 928/1211/830 923/1034/714
f 923/1034/714 928/1211/830 924/1212/831
f 923/1034/714 924/1212/831 919/1036/716
f 919/1036/716 924/1212/831 920/1213/832
f 919/1036/716 920/1213/832 915/1038/718
f 915/1038/718 920/1213/832 916/1214/833
f 915/1038/718 916/1214/833 911/1040/720
f 911/1040/720 916/1214/833 912/1215/834
f 911/1040/720 912/1215/834 907/1042/722
f 907/1042/722 912/1215/834 908/1216/835
f 907/1042/722 908/1216/835 903/1044/724
f 903/1044/724 908/1216/835 904/1217/836
f 903/1044/724 904/1217/836 899/1046/726
f 899/1046/726 904/1217/836 900/1218/837
f 899/1046/726 900/1218/837 895/1048/728
f 895/1048/728 900/1218/837 896/1219/838
f 895/1048/728 896/1219/838 891/1050/730
f 891/1050/730 896/1219/838 892/1220/839
f 891/1050/730 892/1220/839 887/1052/732
f 887/1052/732 892/1220/839 888/1221/840
f 887/1052/732 888/1221/840 883/1054/734
f 883/1054/734 888/1221/840 884/1222/841
f 883/1054/734 884/1222/841 879/1056/736
f 879/1056/736 884/1222/841 880/1223/842
f 879/1056/736 880/1223/842 871/927/608
f 871/927/608 880/1223/842 872/1224/843
f 871/927/608 872/1224/843 878/928/610
f 878/928/610 872/1224/843 877/1225/844
f 878/928/610 877/1225/844 1123/930/612
f 1123/930/612 877/1225/844 1124/1226/845
f 1123/930/612 1124/1226/845 1119/932/614
f 1119/932/614 1124/1226/845 1120/1227/846
f 1119/932/614 1120/1227/846 1115/934/616
f 1115/934/616 1120/1227/846 1116/1228/847
f 1115/934/616 1116/1228/847 1111/936/618
f 1111/936/618 1116/1228/847 1112/1229/848
f 1111/936/618 1112/1229/848 1107/938/620
f 1107/938/620 1112/1229/848 1108/1230/849
f 1107/938/620 1108/1230/849 1103/940/622
f 1103/940/622 1108/1230/849 1104/1231/850
f 1103/940/622 1104/1231/850 1099/942/624
f 1099/942/624 1104/1231/850 1100/1232/851
f 1099/942/624 1100/1232/851 1095/944/626
f 1095/944/626 1100/1232/851 1096/1233/852
f 1095/944/626 1096/1233/852 1091/946/628
f 1091/946/628 1096/1233/852 1092/1234/853
f 1091/946/628 1092/1234/853 1087/948/630
f 1087/948/630 1092/1234/853 1088/1235/854
f 1087/948/630 1088/1235/854 1083/950/632
f 1083/950/632 1088/1235/854 1084/1236/855
f 1083/950/632 1084/1236/855 1079/952/634
f 1079/952/634 1084/1236/855 1080/1237/856
f 1079/952/634 1080/1237/856 1075/954/636
f 1075/954/636 1080/1237/856 1076/1238/857
f 1075/954/636 1076/1238/857 1071/956/638
f 1071/956/638 1076/1238/857 1072/1239/858
f 1071/956/638 1072/1239/858 1067/958/640
f 1067/958/640 1072/1239/858 1068/1240/859
f 1067/958/640 1068/1240/859 1063/960/642
f 1063/960/642 1068/1240/859 1064/1241/860
f 1063/960/642 1064/1241/860 1059/962/644
f 1059/962/644 1064/1241/860 1060/1242/861
f 1059/962/644 1060/1242/861 1055/964/646
f 1055/964/646 1060/1242/861 1056/1243/862
f 1055/964/646 1056/1243/862 1051/966/648
f 1051/966/648 1056/1243/862 1052/1244/863
f 1051/966/648 1052/1244/863 1047/968/650
f 1047/968/650 1052/1244/863 1048/1245/864
f 1047/968/650 1048/1245/864 1043/970/652
f 1043/970/652 1048/1245/864 1044/1246/865
f 1043/970/652 1044/1246/865 1039/972/654
f 1039/972/654 1044/1246/865 1040/1247/866
f 1039/972/654 1040/1247/866 1035/974/656
f 1035/974/656 1040/1247/866 1036/1248/867
f 1035/974/656 1036/1248/867 1031/976/658
f 1031/976/658 1036/1248/867 1032/1249/868
f 1031/976/658 1032/1249/868 1027/978/660
f 1027/978/660 1032/1249/868 1028/1250/869
f 1027/978/660 1028/1250/869 1023/980/662
f 1023/980/662 1028/1250/869 1024/1251/870
f 1023/980/662 1024/1251/870 1019/982/664
f 1019/982/664 1024/1251/870 1020/1252/871
f 1019/982/664 1020/1252/871 1015/984/666
f 1015/984/666 1020/1252/871 1016/1253/872
f 1015/984/666 1016/1253/872 1011/986/668
f 1011/986/668 1016/1253/872 1012/1254/873
f 1011/986/668 1012/1254/873 1007/988/670
f 1007/988/670 1012/1254/873 1008/1255/874
f 1007/988/670 1008/1255/874 1003/990/672
f 1003/990/672 1008/1255/874 1004/1131/781
f 868/1192/780 869/1256/778 1000/1193/812
f 1000/1193/812 869/1256/778 1001/1257/875
f 1000/1193/812 1001/1257/875 996/1194/813
f 996/1194/813 1001/1257/875 997/1258/876
f 996/1194/813 997/1258/876 992/1195/814
f 992/1195/814 997/1258/876 993/1259/877
f 992/1195/814 993/1259/877 988/1196/815
f 988/1196/815 993/1259/877 989/1260/878
f 988/1196/815 989/1260/878 984/1197/816
f 984/1197/816 989/1260/878 985/1261/879
f 984/1197/816 985/1261/879 980/1198/817
f 980/1198/817 985/1261/879 981/1262/880
f 980/1198/817 981/1262/880 976/1199/818
f 976/1199/818 981/1262/880 977/1263/881
f 976/1199/818 977/1263/881 972/1200/819
f 972/1200/819 977/1263/881 973/1264/882
f 972/1200/819 973/1264/882 968/1201/820
f 968/1201/820 973/1264/882 969/1265/883
f 968/1201/820 969/1265/883 964/1202/821
f 964/1202/821 969/1265/883 965/1266/884
f 964/1202/821 965/1266/884 960/1203/822
f 960/1203/822 965/1266/884 961/1267/885
f 960/1203/822 961/1267/885 956/1204/823
f 956/1204/823 961/1267/885 957/1268/886
f 956/1204/823 957/1268/886 952/1205/824
f 952/1205/824 957/1268/886 953/1269/887
f 952/1205/824 953/1269/887 948/1206/825
f 948/1206/825 953/1269/887 949/1270/888
f 948/1206/825 949/1270/888 944/1207/826
f 944/1207/826 949/1270/888 945/1271/889
f 944/1207/826 945/1271/889 940/1208/827
f 940/1208/827 945/1271/889 941/1272/890
f 940/1208/827 941/1272/890 936/1209/828
f 936/1209/828 941/1272/890 937/1273/891
f 936/1209/828 937/1273/891 932/1210/829
f 932/1210/829 937/1273/891 933/1274/892
f 932/1210/829 933/1274/892 928/1211/830
f 928/1211/830 933/1274/892 929/1275/893
f 928/1211/830 929/1275/893 924/1212/831
f 924/1212/831 929/1275/893 925/1276/894
f 924/1212/831 925/1276/894 920/1213/832
f 920/1213/832 925/1276/894 921/1277/895
f 920/1213/832 921/1277/895 916/1214/833
f 916/1214/833 921/1277/895 917/1278/896
f 916/1214/833 917/1278/896 912/1215/834
f 912/1215/834 917/1278/896 913/1279/897
f 912/1215/834 913/1279/897 908/1216/835
f 908/1216/835 913/1279/897 909/1280/898
f 908/1216/835 909/1280/898 904/1217/836
f 904/1217/836 909/1280/898 905/1281/899
f 904/1217/836 905/1281/899 900/1218/837
f 900/1218/837 905/1281/899 901/1282/900
f 900/1218/837 901/1282/900 896/1219/838
f 896/1219/838 901/1282/900 897/1283/901
f 896/1219/838 897/1283/901 892/1220/839
f 892/1220/839 897/1283/901 893/1284/902
f 892/1220/839 893/1284/902 888/1221/840
f 888/1221/840 893/1284/902 889/1285/903
f 888/1221/840 889/1285/903 884/1222/841
f 884/1222/841 889/1285/903 885/1286/904
f 884/1222/841 885/1286/904 880/1223/842
f 880/1223/842 885/1286/904 881/1287/905
f 880/1223/842 881/1287/905 872/1224/843
f 872/1224/843 881/1287/905 873/1288/906
f 872/1224/843 873/1288/906 877/1225/844
f 877/1225/844 873/1288/906 876/1289/907
f 877/1225/844 876/1289/907 1124/1226/845
f 1124/1226/845 876/1289/907 1125/1290/908
f 1124/1226/845 1125/1290/908 1120/1227/846
f 1120/1227/846 1125/1290/908 1121/1291/909
f 1120/1227/846 1121/1291/909 1116/1228/847
f 1116/1228/847 1121/1291/909 1117/1292/910
f 1116/1228/847 1117/1292/910 1112/1229/848
f 1112/1229/848 1117/1292/910 1113/1293/911
f 1112/1229/848 1113/1293/911 1108/1230/849
f 1108/1230/849 1113/1293/911 1109/1294/912
f 1108/1230/849 1109/1294/912 1104/1231/850
f 1104/1231/850 1109/1294/912 1105/1295/913
f 1104/1231/850 1105/1295/913 1100/1232/851
f 1100/1232/851 1105/1295/913 1101/1296/914
f 1100/1232/851 1101/1296/914 1096/1233/852
f 1096/1233/852 1101/1296/914 1097/1297/915
f 1096/1233/852 1097/1297/915 1092/1234/853
f 1092/1234/853 1097/1297/915 1093/1298/916
f 1092/1234/853 1093/1298/916 1088/1235/854
f 1088/1235/854 1093/1298/916 1089/1299/917
f 1088/1235/854 1089/1299/917 1084/1236/855
f 1084/1236/855 1089/1299/917 1085/1300/918
f 1084/1236/855 1085/1300/918 1080/1237/856
f 1080/1237/856 1085/1300/918 1081/1301/919
f 1080/1237/856 1081/1301/919 1076/1238/857
f 1076/1238/857 1081/1301/919 1077/1302/920
f 1076/1238/857 1077/1302/920 1072/1239/858
f 1072/1239/858 1077/1302/920 1073/1303/921
f 1072/1239/858 1073/1303/921 1068/1240/859
f 1068/1240/859 1073/1303/921 1069/1304/922
f 1068/1240/859 1069/1304/922 1064/1241/860
f 1064/1241/860 1069/1304/922 1065/1305/923
f 1064/1241/860 1065/1305/923 1060/1242/861
f 1060/1242/861 1065/1305/923 1061/1306/924
f 1060/1242/861 1061/1306/924 1056/1243/862
f 1056/1243/862 1061/1306/924 1057/1307/925
f 1056/1243/862 1057/1307/925 1052/1244/863
f 1052/1244/863 1057/1307/925 1053/1308/926
f 1052/1244/863 1053/1308/926 1048/1245/864
f 1048/1245/864 1053/1308/926 1049/1309/927
f 1048/1245/864 1049/1309/927 1044/1246/865
f 1044/1246/865 1049/1309/927 1045/1310/928
f 1044/1246/865 1045/1310/928 1040/1247/866
f 1040/1247/866 1045/1310/928 1041/1311/929
f 1040/1247/866 1041/1311/929 1036/1248/867
f 1036/1248/867 1041/1311/929 1037/1312/930
f 1036/1248/867 1037/1312/930 1032/1249/868
f 1032/1249/868 1037/1312/930 1033/1313/931
f 1032/1249/868 1033/1313/931 1028/1250/869
f 1028/1250/869 1033/1313/931 1029/1314/932
f 1028/1250/869 1029/1314/932 1024/1251/870
f 1024/1251/870 1029/1314/932 1025/1315/933
f 1024/1251/870 1025/1315/933 1020/1252/871
f 1020/1252/871 1025/1315/933 1021/1316/934
f 1020/1252/871 1021/1316/934 1016/1253/872
f 1016/1253/872 1021/1316/934 1017/1317/935
f 1016/1253/872 1017/1317/935 1012/1254/873
f 1012/1254/873 1017/1317/935 1013/1318/936
f 1012/1254/873 1013/1318/936 1008/1255/874
f 1008/1255/874 1013/1318/936 1009/1319/937
f 1008/1255/874 1009/1319/937 1004/1131/781
f 1004/1131/781 1009/1319/937 1005/1129/779
f 869/1256/778 870/1124/776 1001/1257/875
f 1001/1257/875 870/1124/776 1002/1122/775
f 1001/1257/875 1002/1122/775 997/1258/876
f 997/1258/876 1002/1122/775 998/1120/774
f 997/1258/876 998/1120/774 993/1259/877
f 993/1259/877 998/1120/774 994/1118/773
f 993/1259/877 994/1118/773 989/1260/878
f 989/1260/878 994/1118/773 990/1116/772
f 989/1260/878 990/1116/772 985/1261/879
f 985/1261/879 990/1116/772 986/1114/771
f 985/1261/879 986/1114/771 981/1262/880
f 981/1262/880 986/1114/771 982/1112/770
f 981/1262/880 982/1112/770 977/1263/881
f 977/1263/881 982/1112/770 978/1110/769
f 977/1263/881 978/1110/769 973/1264/882
f 973/1264/882 978/1110/769 974/1108/768
f 973/1264/882 974/1108/768 969/1265/883
f 969/1265/883 974/1108/768 970/1106/767
f 969/1265/883 970/1106/767 965/1266/884
f 965/1266/884 970/1106/767 966/1104/766
f 965/1266/884 966/1104/766 961/1267/885
f 961/1267/885 966/1104/766 962/1102/764
f 961/1267/885 962/1102/764 957/1268/886
f 957/1268/886 962/1102/764 958/1100/763
f 957/1268/886 958/1100/763 953/1269/887
f 953/1269/887 958/1100/763 954/1098/762
f 953/1269/887 954/1098/762 949/1270/888
f 949/1270/888 954/1098/762 950/1096/761
f 949/1270/888 950/1096/761 945/1271/889
f 945/1271/889 950/1096/761 946/1094/760
f 945/1271/889 946/1094/760 941/1272/890
f 941/1272/890 946/1094/760 942/1092/758
f 941/1272/890 942/1092/758 937/1273/891
f 937/1273/891 942/1092/758 938/1090/757
f 937/1273/891 938/1090/757 933/1274/892
f 933/1274/892 938/1090/757 934/1088/756
f 933/1274/892 934/1088/756 929/1275/893
f 929/1275/893 934/1088/756 930/1086/755
f 929/1275/893 930/1086/755 925/1276/894
f 925/1276/894 930/1086/755 926/1084/754
f 925/1276/894 926/1084/754 921/1277/895
f 921/1277/895 926/1084/754 922/1082/753
f 921/1277/895 922/1082/753 917/1278/896
f 917/1278/896 922/1082/753 918/1080/751
f 917/1278/896 918/1080/751 913/1279/897
f 913/1279/897 918/1080/751 914/1078/750
f 913/1279/897 914/1078/750 909/1280/898
f 909/1280/898 914/1078/750 910/1076/748
f 909/1280/898 910/1076/748 905/1281/899
f 905/1281/899 910/1076/748 906/1074/746
f 905/1281/899 906/1074/746 901/1282/900
f 901/1282/900 906/1074/746 902/1072/745
f 901/1282/900 902/1072/745 897/1283/901
f 897/1283/901 902/1072/745 898/1070/744
f 897/1283/901 898/1070/744 893/1284/902
f 893/1284/902 898/1070/744 894/1068/743
f 893/1284/902 894/1068/743 889/1285/903
f 889/1285/903 894/1068/743 890/1066/741
f 889/1285/903 890/1066/741 885/1286/904
f 885/1286/904 890/1066/741 886/1064/740
f 885/1286/904 886/1064/740 881/1287/905
f 881/1287/905 886/1064/740 882/1062/739
f 881/1287/905 882/1062/739 873/1288/906
f 873/1288/906 882/1062/739 874/1060/738
f 873/1288/906 874/1060/738 876/1289/907
f 876/1289/907 874/1060/738 875/1058/737
f 876/1289/907 875/1058/737 1125/1290/908
f 1125/1290/908 875/1058/737 1126/1132/782
f 1125/1290/908 1126/1132/782 1121/1291/909
f 1121/1291/909 1126/1132/782 1122/1134/783
f 1121/1291/909 1122/1134/783 1117/1292/910
f 1117/1292/910 1122/1134/783 1118/1136/784
f 1117/1292/910 1118/1136/784 1113/1293/911
f 1113/1293/911 1118/1136/784 1114/1138/785
f 1113/1293/911 1114/1138/785 1109/1294/912
f 1109/1294/912 1114/1138/785 1110/1140/786
f 1109/1294/912 1110/1140/786 1105/1295/913
f 1105/1295/913 1110/1140/786 1106/1142/787
f 1105/1295/913 1106/1142/787 1101/1296/914
f 1101/1296/914 1106/1142/787 1102/1144/788
f 1101/1296/914 1102/1144/788 1097/1297/915
f 1097/1297/915 1102/1144/788 1098/1146/789
f 1097/1297/915 1098/1146/789 1093/1298/916
f 1093/1298/916 1098/1146/789 1094/1148/790
f 1093/1298/916 1094/1148/790 1089/1299/917
f 1089/1299/917 1094/1148/790 1090/1150/791
f 1089/1299/917 1090/1150/791 1085/1300/918
f 1085/1300/918 1090/1150/791 1086/1152/792
f 1085/1300/918 1086/1152/792 1081/1301/919
f 1081/1301/919 1086/1152/792 1082/1154/793
f 1081/1301/919 1082/1154/793 1077/1302/920
f 1077/1302/920 1082/1154/793 1078/1156/794
f 1077/1302/920 1078/1156/794 1073/1303/921
f 1073/1303/921 1078/1156/794 1074/1158/795
f 1073/1303/921 1074/1158/795 1069/1304/922
f 1069/1304/922 1074/1158/795 1070/1160/796
f 1069/1304/922 1070/1160/796 1065/1305/923
f 1065/1305/923 1070/1160/796 1066/1162/797
f 1065/1305/923 1066/1162/797 1061/1306/924
f 1061/1306/924 1066/1162/797 1062/1164/798
f 1061/1306/924 1062/1164/798 1057/1307/925
f 1057/1307/925 1062/1164/798 1058/1166/799
f 1057/1307/925 1058/1166/799 1053/1308/926
f 1053/1308/926 1058/1166/799 1054/1168/800
f 1053/1308/926 1054/1168/800 1049/1309/927
f 1049/1309/927 1054/1168/800 1050/1170/801
f 1049/1309/927 1050/1170/801 1045/1310/928
f 1045/1310/928 1050/1170/801 1046/1172/802
f 1045/1310/928 1046/1172/802 1041/1311/929
f 1041/1311/929 1046/1172/802 1042/1174/803
f 1041/1311/929 1042/1174/803 1037/1312/930
f 1037/1312/930 1042/1174/803 1038/1176/804
f 1037/1312/930 1038/1176/804 1033/1313/931
f 1033/1313/931 1038/1176/804 1034/1178/805
f 1033/1313/931 1034/1178/805 1029/1314/932
f 1029/1314/932 1034/1178/805 1030/1180/806
f 1029/1314/932 1030/1180/806 1025/1315/933
f 1025/1315/933 1030/1180/806 1026/1182/807
f 1025/1315/933 1026/1182/807 1021/1316/934
f 1021/1316/934 1026/1182/807 1022/1184/808
f 1021/1316/934 1022/1184/808 1017/1317/935
f 1017/1317/935 1022/1184/808 1018/1186/809
f 1017/1317/935 1018/1186/809 1013/1318/936
f 1013/1318/936 1018/1186/809 1014/1188/810
f 1013/1318/936 1014/1188/810 1009/1319/937
f 1009/1319/937 1014/1188/810 1010/1190/811
f 1009/1319/937 1010/1190/811 1005/1129/779
f 1005/1129/779 1010/1190/811 1006/1127/777
f 1128/1320/938 1226/1321/939 1127/3/940
f 1127/3/940 1226/1321/939 1176/1322/941
f 1127/3/940 1176/1322/941 1177/1323/942
f 1226/1321/939 1128/1320/938 1225/1324/943
f 1225/1324/943 1128/1320/938 1129/1325/944
f 1225/1324/943 1129/1325/944 1224/1326/945
f 1224/1326/945 1129/1325/944 1130/1327/946
f 1224/1326/945 1130/1327/946 1223/1328/947
f 1223/1328/947 1130/1327/946 1131/1329/948
f 1223/1328/947 1131/1329/948 1222/1330/949
f 1222/1330/949 1131/1329/948 1132/1331/950
f 1222/1330/949 1132/1331/950 1221/1332/951
f 1221/1332/951 1132/1331/950 1133/1333/952
f 1221/1332/951 1133/1333/952 1220/1334/953
f 1220/1334/953 1133/1333/952 1134/1335/954
f 1220/1334/953 1134/1335/954 1219/1336/955
f 1219/1336/955 1134/1335/954 1135/1337/956
f 1219/1336/955 1135/1337/956 1218/1338/957
f 1218/1338/957 1135/1337/956 1136/1339/958
f 1218/1338/957 1136/1339/958 1217/1340/959
f 1217/1340/959 1136/1339/958 1137/1341/960
f 1217/1340/959 1137/1341/960 1216/1342/961
f 1216/1342/961 1137/1341/960 1138/1343/962
f 1216/1342/961 1138/1343/962 1215/1344/963
f 1215/1344/963 1138/1343/962 1139/1345/964
f 1215/1344/963 1139/1345/964 1214/1346/965
f 1214/1346/965 1139/1345/964 1140/1347/966
f 1214/1346/965 1140/1347/966 1213/1348/967
f 1213/1348/967 1140/1347/966 1141/1349/968
f 1213/1348/967 1141/1349/968 1212/1350/969
f 1212/1350/969 1141/1349/968 1142/1351/970
f 1212/1350/969 1142/1351/970 1211/1352/971
f 1211/1352/971 1142/1351/970 1143/1353/972
f 1211/1352/971 1143/1353/972 1210/1354/973
f 1210/1354/973 1143/1353/972 1144/1355/974
f 1210/1354/973 1144/1355/974 1209/1356/975
f 1209/1356/975 1144/1355/974 1145/1357/976
f 1209/1356/975 1145/1357/976 1208/1358/977
f 1208/1358/977 1145/1357/976 1146/1359/978
f 1208/1358/977 1146/1359/978 1207/1360/979
f 1207/1360/979 1146/1359/978 1147/1361/980
f 1207/1360/979 1147/1361/980 1206/1362/981
f 1206/1362/981 1147/1361/980 1148/1363/982
f 1206/1362/981 1148/1363/982 1205/1364/983
f 1205/1364/983 1148/1363/982 1149/1365/984
f 1205/1364/983 1149/1365/984 1204/1366/985
f 1204/1366/985 1149/1365/984 1150/1367/986
f 1204/1366/985 1150/1367/986 1203/1368/987
f 1203/1368/987 1150/1367/986 1151/1369/988
f 1203/1368/987 1151/1369/988 1202/1370/989
f 1202/1370/989 1151/1369/988 1152/1371/990
f 1202/1370/989 1152/1371/990 1201/1372/991
f 1201/1373/991 1152/1374/990 1200/1375/992
f 1200/1375/992 1152/1374/990 1153/1376/993
f 1200/1375/992 1153/1376/993 1199/1377/994
f 1199/1377/994 1153/1376/993 1154/1378/995
f 1199/1377/994 1154/1378/995 1198/1379/996
f 1198/1379/996 1154/1378/995 1155/1380/997
f 1198/1379/996 1155/1380/997 1197/1381/998
f 1197/1381/998 1155/1380/997 1156/1382/999
f 1197/1381/998 1156/1382/999 1196/1383/1000
f 1196/1383/1000 1156/1382/999 1157/1384/1001
f 1196/1383/1000 1157/1384/1001 1195/1385/1002
f 1195/1385/1002 1157/1384/1001 1158/1386/1003
f 1195/1385/1002 1158/1386/1003 1194/1387/1004
f 1194/1387/1004 1158/1386/1003 1159/1388/1005
f 1194/1387/1004 1159/1388/1005 1193/1389/1006
f 1193/1389/1006 1159/1388/1005 1160/1390/1007
f 1193/1389/1006 1160/1390/1007 1192/1391/1008
f 1192/1391/1008 1160/1390/1007 1161/1392/1009
f 1192/1391/1008 1161/1392/1009 1191/1393/1010
f 1191/1393/1010 1161/1392/1009 1162/1394/1011
f 1191/1393/1010 1162/1394/1011 1190/1395/1012
f 1190/1395/1012 1162/1394/1011 1163/1396/1013
f 1190/1395/1012 1163/1396/1013 1189/1397/1014
f 1189/1397/1014 1163/1396/1013 1164/1398/1015
f 1189/1397/1014 1164/1398/1015 1188/1399/1016
f 1188/1399/1016 1164/1398/1015 1165/1400/1017
f 1188/1399/1016 1165/1400/1017 1187/1401/1018
f 1187/1401/1018 1165/1400/1017 1166/1402/1019
f 1187/1401/1018 1166/1402/1019 1186/1403/1020
f 1186/1403/1020 1166/1402/1019 1167/1404/1021
f 1186/1403/1020 1167/1404/1021 1185/1405/1022
f 1185/1405/1022 1167/1404/1021 1168/1406/1023
f 1185/1405/1022 1168/1406/1023 1184/1407/1024
f 1184/1407/1024 1168/1406/1023 1169/1408/1025
f 1184/1407/1024 1169/1408/1025 1183/1409/1026
f 1183/1409/1026 1169/1408/1025 1170/1410/1027
f 1183/1409/1026 1170/1410/1027 1182/1411/1028
f 1182/1411/1028 1170/1410/1027 1171/1412/1029
f 1182/1411/1028 1171/1412/1029 1181/1413/1030
f 1181/1413/1030 1171/1412/1029 1172/1414/1031
f 1181/1413/1030 1172/1414/1031 1180/1415/1032
f 1180/1415/1032 1172/1414/1031 1173/1416/1033
f 1180/1415/1032 1173/1416/1033 1179/1417/1034
f 1179/1417/1034 1173/1416/1033 1174/1418/1035
f 1179/1417/1034 1174/1418/1035 1178/1419/1036
f 1178/1419/1036 1174/1418/1035 1175/1420/1037
f 1178/1419/1036 1175/1420/1037 1177/1323/942
f 1177/1323/942 1175/1420/1037 1127/3/940
f 1226/1421/1038 1277/1422/1038 1176/1423/269
f 1176/1423/269 1277/1422/1038 1227/1424/269
f 1176/1423/269 1227/1424/269 1177/1425/1039
f 1177/1425/1039 1227/1424/269 1228/1426/1039
f 1177/1425/1039 1228/1426/1039 1229/1427/1040
f 1226/1421/1038 1225/1428/1041 1277/1422/1038
f 1277/1422/1038 1225/1428/1041 1276/1429/1041
f 1276/1429/1041 1225/1428/1041 1224/1430/1042
f 1276/1429/1041 1224/1430/1042 1275/1431/1042
f 1275/1431/1042 1224/1430/1042 1223/1432/1043
f 1275/1431/1042 1223/1432/1043 1274/1433/1043
f 1274/1433/1043 1223/1432/1043 1222/1434/1044
f 1274/1433/1043 1222/1434/1044 1273/1435/1044
f 1273/1435/1044 1222/1434/1044 1221/1436/1045
f 1273/1435/1044 1221/1436/1045 1272/1437/1045
f 1272/1437/1045 1221/1436/1045 1220/1438/1046
f 1272/1437/1045 1220/1438/1046 1271/1439/1047
f 1271/1439/1047 1220/1438/1046 1219/1440/1048
f 1271/1439/1047 1219/1440/1048 1270/1441/1048
f 1270/1441/1048 1219/1440/1048 1218/1442/1049
f 1270/1441/1048 1218/1442/1049 1269/1443/1049
f 1269/1443/1049 1218/1442/1049 1217/1444/1050
f 1269/1443/1049 1217/1444/1050 1268/1445/1050
f 1268/1445/1050 1217/1444/1050 1216/1446/1051
f 1268/1445/1050 1216/1446/1051 1267/1447/1051
f 1267/1447/1051 1216/1446/1051 1215/1448/1052
f 1267/1447/1051 1215/1448/1052 1266/1449/1052
f 1266/1449/1052 1215/1448/1052 1214/1450/1053
f 1266/1449/1052 1214/1450/1053 1265/1451/1053
f 1265/1451/1053 1214/1450/1053 1213/1452/1054
f 1265/1451/1053 1213/1452/1054 1264/1453/1054
f 1264/1453/1054 1213/1452/1054 1212/1454/1055
f 1264/1453/1054 1212/1454/1055 1263/1455/1055
f 1263/1455/1055 1212/1454/1055 1211/1456/1056
f 1263/1455/1055 1211/1456/1056 1262/1457/1056
f 1262/1457/1056 1211/1456/1056 1210/1458/353
f 1262/1457/1056 1210/1458/353 1261/1459/353
f 1261/1459/353 1210/1458/353 1209/1460/1057
f 1261/1459/353 1209/1460/1057 1260/1461/1057
f 1260/1461/1057 1209/1460/1057 1208/1462/1058
f 1260/1461/1057 1208/1462/1058 1259/1463/1058
f 1259/1463/1058 1208/1462/1058 1207/1464/1059
f 1259/1463/1058 1207/1464/1059 1258/1465/1060
f 1258/1465/1060 1207/1464/1059 1206/1466/1061
f 1258/1465/1060 1206/1466/1061 1257/1467/1061
f 1257/1467/1061 1206/1466/1061 1205/1468/1062
f 1257/1467/1061 1205/1468/1062 1256/1469/1062
f 1256/1469/1062 1205/1468/1062 1204/1470/1063
f 1256/1469/1062 1204/1470/1063 1255/1471/1063
f 1255/1471/1063 1204/1470/1063 1203/1472/1064
f 1255/1471/1063 1203/1472/1064 1254/1473/1064
f 1254/1473/1064 1203/1472/1064 1202/1474/1065
f 1254/1473/1064 1202/1474/1065 1253/1475/1065
f 1253/1475/1065 1202/1474/1065 1201/1476/1066
f 1253/1475/1065 1201/1476/1066 1252/1477/1066
f 1252/1478/1066 1201/1479/1066 1200/1480/1067
f 1252/1478/1066 1200/1480/1067 1251/1481/1067
f 1251/1481/1067 1200/1480/1067 1199/1482/1068
f 1251/1481/1067 1199/1482/1068 1250/1483/1068
f 1250/1483/1068 1199/1482/1068 1198/1484/1069
f 1250/1483/1068 1198/1484/1069 1249/1485/1069
f 1249/1485/1069 1198/1484/1069 1197/1486/1070
f 1249/1485/1069 1197/1486/1070 1248/1487/1070
f 1248/1487/1070 1197/1486/1070 1196/1488/1071
f 1248/1487/1070 1196/1488/1071 1247/1489/1071
f 1247/1489/1071 1196/1488/1071 1195/1490/1072
f 1247/1489/1071 1195/1490/1072 1246/1491/1072
f 1246/1491/1072 1195/1490/1072 1194/1492/1073
f 1246/1491/1072 1194/1492/1073 1245/1493/1073
f 1245/1493/1073 1194/1492/1073 1193/1494/311
f 1245/1493/1073 1193/1494/311 1244/1495/311
f 1244/1495/311 1193/1494/311 1192/1496/1074
f 1244/1495/311 1192/1496/1074 1243/1497/1074
f 1243/1497/1074 1192/1496/1074 1191/1498/1075
f 1243/1497/1074 1191/1498/1075 1242/1499/1075
f 1242/1499/1075 1191/1498/1075 1190/1500/1076
f 1242/1499/1075 1190/1500/1076 1241/1501/1076
f 1241/1501/1076 1190/1500/1076 1189/1502/1077
f 1241/1501/1076 1189/1502/1077 1240/1503/1077
f 1240/1503/1077 1189/1502/1077 1188/1504/1078
f 1240/1503/1077 1188/1504/1078 1239/1505/1078
f 1239/1505/1078 1188/1504/1078 1187/1506/1079
f 1239/1505/1078 1187/1506/1079 1238/1507/1079
f 1238/1507/1079 1187/1506/1079 1186/1508/1080
f 1238/1507/1079 1186/1508/1080 1237/1509/1080
f 1237/1509/1080 1186/1508/1080 1185/1510/1081
f 1237/1509/1080 1185/1510/1081 1236/1511/1081
f 1236/1511/1081 1185/1510/1081 1184/1512/1082
f 1236/1511/1081 1184/1512/1082 1235/1513/1082
f 1235/1513/1082 1184/1512/1082 1183/1514/1083
f 1235/1513/1082 1183/1514/1083 1234/1515/1083
f 1234/1515/1083 1183/1514/1083 1182/1516/1084
f 1234/1515/1083 1182/1516/1084 1233/1517/1084
f 1233/1517/1084 1182/1516/1084 1181/1518/1085
f 1233/1517/1084 1181/1518/1085 1232/1519/1085
f 1232/1519/1085 1181/1518/1085 1180/1520/1086
f 1232/1519/1085 1180/1520/1086 1231/1521/1086
f 1231/1521/1086 1180/1520/1086 1179/1522/1087
f 1231/1521/1086 1179/1522/1087 1230/1523/1087
f 1230/1523/1087 1179/1522/1087 1178/1524/1040
f 1230/1523/1087 1178/1524/1040 1229/1427/1040
f 1229/1427/1040 1178/1524/1040 1177/1425/1039
f 1279/1525/1088 1325/1526/609 1278/1424/609
f 1278/1424/609 1325/1526/609 1326/1527/1089
f 1278/1424/609 1326/1527/1089 1324/1528/1089
f 1324/1528/1089 1326/1527/1089 1327/1529/1090
f 1324/1528/1089 1327/1529/1090 1323/1530/1090
f 1323/1530/1090 1327/1529/1090 1328/1531/1091
f 1323/1530/1090 1328/1531/1091 1322/1532/1091
f 1322/1532/1091 1328/1531/1091 1329/1533/1092
f 1322/1532/1091 1329/1533/1092 1321/1534/1092
f 1321/1534/1092 1329/1533/1092 1330/1535/1093
f 1321/1534/1092 1330/1535/1093 1320/1536/1093
f 1320/1536/1093 1330/1535/1093 1331/1537/1094
f 1320/1536/1093 1331/1537/1094 1319/1538/1094
f 1319/1538/1094 1331/1537/1094 1332/1539/1095
f 1319/1538/1094 1332/1539/1095 1318/1540/1095
f 1318/1540/1095 1332/1539/1095 1333/1541/1096
f 1318/1540/1095 1333/1541/1096 1317/1542/1096
f 1317/1542/1096 1333/1541/1096 1334/1543/1097
f 1317/1542/1096 1334/1543/1097 1316/1544/1098
f 1316/1544/1098 1334/1543/1097 1335/1545/1099
f 1316/1544/1098 1335/1545/1099 1315/1546/1099
f 1315/1546/1099 1335/1545/1099 1336/1547/1100
f 1315/1546/1099 1336/1547/1100 1314/1548/1100
f 1314/1548/1100 1336/1547/1100 1337/1549/1101
f 1314/1548/1100 1337/1549/1101 1313/1550/1101
f 1313/1550/1101 1337/1549/1101 1338/1551/1102
f 1313/1550/1101 1338/1551/1102 1312/1552/1102
f 1312/1552/1102 1338/1551/1102 1339/1553/1103
f 1312/1552/1102 1339/1553/1103 1311/1554/1103
f 1311/1554/1103 1339/1553/1103 1340/1555/1104
f 1311/1554/1103 1340/1555/1104 1310/1556/1104
f 1310/1556/1104 1340/1555/1104 1341/1557/1105
f 1310/1556/1104 1341/1557/1105 1309/1558/1105
f 1309/1558/1105 1341/1557/1105 1342/1559/1106
f 1309/1558/1105 1342/1559/1106 1308/1560/1106
f 1308/1560/1106 1342/1559/1106 1343/1561/1107
f 1308/1560/1106 1343/1561/1107 1307/1562/1107
f 1307/1562/1107 1343/1561/1107 1344/1563/1108
f 1307/1562/1107 1344/1563/1108 1306/1564/1108
f 1306/1564/1108 1344/1563/1108 1345/1565/1109
f 1306/1564/1108 1345/1565/1109 1305/1566/1109
f 1305/1566/1109 1345/1565/1109 1346/1567/1110
f 1305/1566/1109 1346/1567/1110 1304/1568/1110
f 1304/1568/1110 1346/1567/1110 1347/1569/1111
f 1304/1568/1110 1347/1569/1111 1303/1570/1111
f 1303/1570/1111 1347/1569/1111 1348/1571/1112
f 1303/1570/1111 1348/1571/1112 1302/1572/1112
f 1302/1573/1112 1348/1574/1112 1349/1575/1113
f 1302/1573/1112 1349/1575/1113 1301/1576/1114
f 1301/1576/1114 1349/1575/1113 1350/1577/1115
f 1301/1576/1114 1350/1577/1115 1300/1578/1115
f 1300/1578/1115 1350/1577/1115 1351/1579/1116
f 1300/1578/1115 1351/1579/1116 1299/1580/1116
f 1299/1580/1116 1351/1579/1116 1352/1581/1117
f 1299/1580/1116 1352/1581/1117 1298/1582/1117
f 1298/1582/1117 1352/1581/1117 1353/1583/1118
f 1298/1582/1117 1353/1583/1118 1297/1584/1118
f 1297/1584/1118 1353/1583/1118 1354/1585/1119
f 1297/1584/1118 1354/1585/1119 1296/1586/1120
f 1296/1586/1120 1354/1585/1119 1355/1587/1121
f 1296/1586/1120 1355/1587/1121 1295/1588/1121
f 1295/1588/1121 1355/1587/1121 1356/1589/1122
f 1295/1588/1121 1356/1589/1122 1294/1590/1122
f 1294/1590/1122 1356/1589/1122 1357/1591/1123
f 1294/1590/1122 1357/1591/1123 1293/1592/1123
f 1293/1592/1123 1357/1591/1123 1358/1593/1124
f 1293/1592/1123 1358/1593/1124 1292/1594/1124
f 1292/1594/1124 1358/1593/1124 1359/1595/1125
f 1292/1594/1124 1359/1595/1125 1291/1596/1125
f 1291/1596/1125 1359/1595/1125 1360/1597/1126
f 1291/1596/1125 1360/1597/1126 1290/1598/1126
f 1290/1598/1126 1360/1597/1126 1361/1599/1127
f 1290/1598/1126 1361/1599/1127 1289/1600/1127
f 1289/1600/1127 1361/1599/1127 1362/1601/1128
f 1289/1600/1127 1362/1601/1128 1288/1602/1128
f 1288/1602/1128 1362/1601/1128 1363/1603/1129
f 1288/1602/1128 1363/1603/1129 1287/1604/1129
f 1287/1604/1129 1363/1603/1129 1364/1605/1130
f 1287/1604/1129 1364/1605/1130 1286/1606/1130
f 1286/1606/1130 1364/1605/1130 1365/1607/1131
f 1286/1606/1130 1365/1607/1131 1285/1608/1131
f 1285/1608/1131 1365/1607/1131 1366/1609/1132
f 1285/1608/1131 1366/1609/1132 1284/1610/1132
f 1284/1610/1132 1366/1609/1132 1367/1611/1133
f 1284/1610/1132 1367/1611/1133 1283/1612/1133
f 1283/1612/1133 1367/1611/1133 1368/1613/1134
f 1283/1612/1133 1368/1613/1134 1282/1614/1134
f 1282/1614/1134 1368/1613/1134 1369/1615/1135
f 1282/1614/1134 1369/1615/1135 1281/1616/1135
f 1281/1616/1135 1369/1615/1135 1370/1617/1136
f 1281/1616/1135 1370/1617/1136 1280/1618/1136
f 1280/1618/1136 1370/1617/1136 1371/1619/1088
f 1280/1618/1136 1371/1619/1088 1279/1525/1088
f 1279/1525/1088 1371/1619/1088 1325/1526/609
f 802/1620/611 1404/1621/1137 738/1622/609
f 738/1623/609 1404/1624/1137 1405/1625/1138
f 738/1623/609 1405/1625/1138 739/1626/607
f 739/1626/607 1405/1625/1138 1406/1627/1139
f 739/1626/607 1406/1627/1139 740/1628/735
f 740/1628/735 1406/1627/1139 1407/1629/1140
f 740/1628/735 1407/1629/1140 741/1630/733
f 741/1630/733 1407/1629/1140 1408/1631/1141
f 741/1630/733 1408/1631/1141 742/1632/731
f 742/1632/731 1408/1631/1141 1409/1633/1142
f 742/1632/731 1409/1633/1142 743/1634/729
f 743/1634/729 1409/1633/1142 1410/1635/1143
f 743/1634/729 1410/1635/1143 744/1636/727
f 744/1636/727 1410/1635/1143 1411/1637/1144
f 744/1636/727 1411/1637/1144 745/1638/725
f 745/1638/725 1411/1637/1144 1412/1639/1145
f 745/1638/725 1412/1639/1145 746/1640/723
f 746/1640/723 1412/1639/1145 1413/1641/1146
f 746/1640/723 1413/1641/1146 747/1642/721
f 747/1642/721 1413/1641/1146 1414/1643/1147
f 747/1642/721 1414/1643/1147 748/1644/719
f 748/1644/719 1414/1643/1147 1415/1645/1148
f 748/1644/719 1415/1645/1148 749/1646/717
f 749/1646/717 1415/1645/1148 1416/1647/1149
f 749/1646/717 1416/1647/1149 750/1648/715
f 750/1648/715 1416/1647/1149 1417/1649/1150
f 750/1648/715 1417/1649/1150 751/1650/713
f 751/1650/713 1417/1649/1150 1418/1651/1151
f 751/1650/713 1418/1651/1151 752/1652/711
f 752/1652/711 1418/1651/1151 1419/1653/1152
f 752/1652/711 1419/1653/1152 753/1654/709
f 753/1654/709 1419/1653/1152 1420/1655/1153
f 753/1654/709 1420/1655/1153 754/1656/707
f 754/1656/707 1420/1655/1153 1421/1657/1154
f 754/1656/707 1421/1657/1154 755/1658/705
f 755/1658/705 1421/1657/1154 1422/1659/1155
f 755/1658/705 1422/1659/1155 756/1660/703
f 756/1660/703 1422/1659/1155 1423/1661/1156
f 756/1660/703 1423/1661/1156 757/1662/701
f 757/1662/701 1423/1661/1156 1424/1663/1157
f 757/1662/701 1424/1663/1157 758/1664/699
f 758/1664/699 1424/1663/1157 1425/1665/1158
f 758/1664/699 1425/1665/1158 759/1666/697
f 759/1666/697 1425/1665/1158 1426/1667/1159
f 759/1666/697 1426/1667/1159 760/1668/695
f 760/1668/695 1426/1667/1159 1427/1669/1160
f 760/1668/695 1427/1669/1160 761/1670/693
f 761/1670/693 1427/1669/1160 1428/1671/1161
f 761/1670/693 1428/1671/1161 762/1672/691
f 762/1672/691 1428/1671/1161 1429/1673/1162
f 762/1672/691 1429/1673/1162 763/1674/689
f 763/1674/689 1429/1673/1162 1430/1675/1163
f 763/1674/689 1430/1675/1163 764/1676/687
f 764/1676/687 1430/1675/1163 1431/1677/1164
f 764/1676/687 1431/1677/1164 765/1678/685
f 765/1678/685 1431/1677/1164 1432/1679/1165
f 765/1678/685 1432/1679/1165 766/1680/683
f 766/1680/683 1432/1679/1165 1433/1681/1166
f 766/1680/683 1433/1681/1166 767/1682/681
f 767/1682/681 1433/1681/1166 1434/1683/1167
f 767/1682/681 1434/1683/1167 768/1684/679
f 768/1684/679 1434/1683/1167 1435/1685/1168
f 768/1684/679 1435/1685/1168 769/1686/677
f 769/1686/677 1435/1685/1168 1436/1687/1169
f 769/1686/677 1436/1687/1169 770/1688/675
f 770/1688/675 1436/1687/1169 1372/1689/1170
f 770/1688/675 1372/1689/1170 771/1690/673
f 771/1690/673 1372/1689/1170 1373/1691/1171
f 771/1690/673 1373/1691/1171 772/1692/671
f 772/1692/671 1373/1691/1171 1374/1693/1172
f 772/1692/671 1374/1693/1172 773/1694/669
f 773/1694/669 1374/1693/1172 1375/1695/1173
f 773/1694/669 1375/1695/1173 774/1696/667
f 774/1696/667 1375/1695/1173 1376/1697/1174
f 774/1696/667 1376/1697/1174 775/1698/665
f 775/1698/665 1376/1697/1174 1377/1699/1175
f 775/1698/665 1377/1699/1175 776/1700/663
f 776/1700/663 1377/1699/1175 1378/1701/1176
f 776/1700/663 1378/1701/1176 777/1702/661
f 777/1702/661 1378/1701/1176 1379/1703/1177
f 777/1702/661 1379/1703/1177 778/1704/659
f 778/1704/659 1379/1703/1177 1380/1705/1178
f 778/1704/659 1380/1705/1178 779/1706/657
f 779/1706/657 1380/1705/1178 1381/1707/1179
f 779/1706/657 1381/1707/1179 780/1708/655
f 780/1708/655 1381/1707/1179 1382/1709/1180
f 780/1708/655 1382/1709/1180 781/1710/653
f 781/1710/653 1382/1709/1180 1383/1711/1181
f 781/1710/653 1383/1711/1181 782/1712/651
f 782/1712/651 1383/1711/1181 1384/1713/1182
f 782/1712/651 1384/1713/1182 783/1714/649
f 783/1714/649 1384/1713/1182 1385/1715/1183
f 783/1714/649 1385/1715/1183 784/1716/647
f 784/1716/647 1385/1715/1183 1386/1717/1184
f 784/1716/647 1386/1717/1184 785/1718/645
f 785/1718/645 1386/1717/1184 1387/1719/1185
f 785/1718/645 1387/1719/1185 786/1720/643
f 786/1720/643 1387/1719/1185 1388/1721/1186
f 786/1720/643 1388/1721/1186 787/1722/641
f 787/1722/641 1388/1721/1186 1389/1723/1187
f 787/1722/641 1389/1723/1187 788/1724/639
f 788/1724/639 1389/1723/1187 1390/1725/1188
f 788/1724/639 1390/1725/1188 789/1726/637
f 789/1726/637 1390/1725/1188 1391/1727/1189
f 789/1726/637 1391/1727/1189 790/1728/635
f 790/1728/635 1391/1727/1189 1392/1729/1190
f 790/1728/635 1392/1729/1190 791/1730/633
f 791/1730/633 1392/1729/1190 1393/1731/1191
f 791/1730/633 1393/1731/1191 792/1732/631
f 792/1732/631 1393/1731/1191 1394/1733/1192
f 792/1732/631 1394/1733/1192 793/1734/629
f 793/1734/629 1394/1733/1192 1395/1735/1193
f 793/1734/629 1395/1735/1193 794/1736/627
f 794/1736/627 1395/1735/1193 1396/1737/1194
f 794/1736/627 1396/1737/1194 795/1738/625
f 795/1738/625 1396/1737/1194 1397/1739/1195
f 795/1738/625 1397/1739/1195 796/1740/623
f 796/1740/623 1397/1739/1195 1398/1741/1196
f 796/1740/623 1398/1741/1196 797/1742/621
f 797/1742/621 1398/1741/1196 1399/1743/1197
f 797/1742/621 1399/1743/1197 798/1744/619
f 798/1744/619 1399/1743/1197 1400/1745/1198
f 798/1744/619 1400/1745/1198 799/1746/617
f 799/1746/617 1400/1745/1198 1401/1747/1199
f 799/1746/617 1401/1747/1199 800/1748/615
f 800/1748/615 1401/1747/1199 1402/1749/1200
f 800/1748/615 1402/1749/1200 801/1750/613
f 801/1750/613 1402/1749/1200 1403/1751/1201
f 801/1750/613 1403/1751/1201 802/1620/611
f 802/1620/611 1403/1751/1201 1404/1621/1137
f 422/1752/262 1349/1753/263 362/1754/263
f 362/1754/263 1349/1753/263 1348/1755/263
f 362/1754/263 1348/1755/263 363/1756/263
f 363/1756/263 1348/1755/263 1347/1757/263
f 363/1756/263 1347/1757/263 364/1758/263
f 364/1758/263 1347/1757/263 365/1759/262
f 365/1759/262 1347/1757/263 1346/1760/263
f 365/1759/262 1346/1760/263 366/1761/263
f 366/1761/263 1346/1760/263 1345/1762/263
f 366/1761/263 1345/1762/263 367/1763/263
f 367/1763/263 1345/1762/263 1344/1764/263
f 367/1763/263 1344/1764/263 368/1765/264
f 368/1765/264 1344/1764/263 1343/1766/263
f 368/1765/264 1343/1766/263 369/1767/263
f 369/1767/263 1343/1766/263 370/1768/402
f 370/1768/402 1343/1766/263 1342/1769/263
f 370/1768/402 1342/1769/263 371/1770/263
f 371/1770/263 1342/1769/263 1341/1771/263
f 371/1770/263 1341/1771/263 372/1772/263
f 372/1772/263 1341/1771/263 1340/1773/263
f 372/1772/263 1340/1773/263 373/1774/263
f 373/1774/263 1340/1773/263 374/1775/264
f 374/1775/264 1340/1773/263 1339/1776/263
f 374/1775/264 1339/1776/263 375/1777/264
f 375/1777/264 1339/1776/263 1338/1778/263
f 375/1777/264 1338/1778/263 376/1779/263
f 376/1779/263 1338/1778/263 1337/1780/263
f 376/1779/263 1337/1780/263 377/1781/430
f 377/1781/430 1337/1780/263 378/1782/263
f 378/1782/263 1337/1780/263 1336/1783/263
f 378/1782/263 1336/1783/263 379/1784/263
f 379/1784/263 1336/1783/263 1335/1785/263
f 379/1784/263 1335/1785/263 380/1786/263
f 380/1786/263 1335/1785/263 1334/1787/263
f 380/1786/263 1334/1787/263 381/1788/430
f 381/1788/430 1334/1787/263 1333/1789/263
f 381/1788/430 1333/1789/263 382/1790/402
f 382/1790/402 1333/1789/263 383/1791/262
f 383/1791/262 1333/1789/263 1332/1792/263
f 383/1791/262 1332/1792/263 384/1793/262
f 384/1793/262 1332/1792/263 1331/1794/263
f 384/1793/262 1331/1794/263 385/1795/262
f 385/1795/262 1331/1794/263 1330/1796/263
f 385/1795/262 1330/1796/263 386/1797/263
f 386/1797/263 1330/1796/263 387/1798/466
f 387/1798/466 1330/1796/263 1329/1799/263
f 387/1798/466 1329/1799/263 388/1800/262
f 388/1800/262 1329/1799/263 1328/1801/263
f 388/1800/262 1328/1801/263 389/1802/262
f 389/1802/262 1328/1801/263 1327/1803/263
f 389/1802/262 1327/1803/263 390/1804/263
f 390/1804/263 1327/1803/263 391/1805/262
f 391/1805/262 1327/1803/263 1326/1806/263
f 391/1805/262 1326/1806/263 392/1807/263
f 392/1807/263 1326/1806/263 1325/1808/263
f 392/1807/263 1325/1808/263 393/1809/262
f 393/1809/262 1325/1808/263 1371/1810/263
f 393/1809/262 1371/1810/263 394/1811/263
f 394/1811/263 1371/1810/263 1370/1812/263
f 394/1811/263 1370/1812/263 395/1813/262
f 395/1813/262 1370/1812/263 396/1814/262
f 396/1814/262 1370/1812/263 1369/1815/263
f 396/1814/262 1369/1815/263 397/1816/263
f 397/1816/263 1369/1815/263 1368/1817/263
f 397/1816/263 1368/1817/263 398/1818/264
f 398/1818/264 1368/1817/263 1367/1819/263
f 398/1818/264 1367/1819/263 399/1820/262
f 399/1820/262 1367/1819/263 400/1821/506
f 400/1821/506 1367/1819/263 1366/1822/263
f 400/1821/506 1366/1822/263 401/1823/262
f 401/1823/262 1366/1822/263 1365/1824/263
f 401/1823/262 1365/1824/263 402/1825/506
f 402/1825/506 1365/1824/263 1364/1826/263
f 402/1825/506 1364/1826/263 403/1827/263
f 403/1827/263 1364/1826/263 404/1828/264
f 404/1828/264 1364/1826/263 1363/1829/263
f 404/1828/264 1363/1829/263 405/1830/263
f 405/1830/263 1363/1829/263 1362/1831/263
f 405/1830/263 1362/1831/263 406/1832/430
f 406/1832/430 1362/1831/263 1361/1833/263
f 406/1832/430 1361/1833/263 407/1834/264
f 407/1834/264 1361/1833/263 1360/1835/263
f 407/1834/264 1360/1835/263 408/1836/264
f 408/1836/264 1360/1835/263 409/1837/263
f 409/1837/263 1360/1835/263 1359/1838/263
f 409/1837/263 1359/1838/263 410/1839/263
f 410/1839/263 1359/1838/263 1358/1840/263
f 410/1839/263 1358/1840/263 411/1841/263
f 411/1841/263 1358/1840/263 1357/1842/263
f 411/1841/263 1357/1842/263 412/1843/262
f 412/1843/262 1357/1842/263 413/1844/402
f 413/1844/402 1357/1842/263 1356/1845/263
f 413/1844/402 1356/1845/263 414/1846/262
f 414/1846/262 1356/1845/263 1355/1847/263
f 414/1846/262 1355/1847/263 415/1848/402
f 415/1848/402 1355/1847/263 1354/1849/263
f 415/1848/402 1354/1849/263 416/1850/263
f 416/1850/263 1354/1849/263 417/1851/263
f 417/1851/263 1354/1849/263 1353/1852/263
f 417/1851/263 1353/1852/263 418/1853/263
f 418/1853/263 1353/1852/263 1352/1854/263
f 418/1853/263 1352/1854/263 419/1855/263
f 419/1855/263 1352/1854/263 1351/1856/263
f 419/1855/263 1351/1856/263 420/1857/263
f 420/1857/263 1351/1856/263 1350/1858/263
f 420/1857/263 1350/1858/263 421/1859/262
f 421/1859/262 1350/1858/263 422/1752/262
f 422/1752/262 1350/1858/263 1349/1753/263
f 866/1860/265 1253/1861/265 803/1862/266
f 803/1862/266 1253/1861/265 1252/1863/265
f 803/1862/266 1252/1863/265 804/1864/265
f 804/1864/265 1252/1863/265 1251/1865/265
f 804/1864/265 1251/1865/265 805/1866/266
f 805/1866/266 1251/1865/265 806/1867/266
f 806/1867/266 1251/1865/265 1250/1868/265
f 806/1867/266 1250/1868/265 807/1869/266
f 807/1869/266 1250/1868/265 1249/1870/265
f 807/1869/266 1249/1870/265 808/1871/265
f 808/1871/265 1249/1870/265 1248/1872/265
f 808/1871/265 1248/1872/265 809/1873/265
f 809/1873/265 1248/1872/265 1247/1874/265
f 809/1873/265 1247/1874/265 810/1875/265
f 810/1875/265 1247/1874/265 811/1876/747
f 811/1876/747 1247/1874/265 1246/1877/265
f 811/1876/747 1246/1877/265 812/1878/749
f 812/1878/749 1246/1877/265 1245/1879/265
f 812/1878/749 1245/1879/265 813/1880/749
f 813/1880/749 1245/1879/265 1244/1881/265
f 813/1880/749 1244/1881/265 814/1882/265
f 814/1882/265 1244/1881/265 1243/1883/265
f 814/1882/265 1243/1883/265 815/1884/749
f 815/1884/749 1243/1883/265 816/1885/752
f 816/1885/752 1243/1883/265 1242/1886/265
f 816/1885/752 1242/1886/265 817/1887/266
f 817/1887/266 1242/1886/265 1241/1888/265
f 817/1887/266 1241/1888/265 818/1889/752
f 818/1889/752 1241/1888/265 1240/1890/265
f 818/1889/752 1240/1890/265 819/1891/752
f 819/1891/752 1240/1890/265 1239/1892/265
f 819/1891/752 1239/1892/265 820/1893/265
f 820/1893/265 1239/1892/265 821/1894/765
f 821/1894/765 1239/1892/265 1238/1895/265
f 821/1894/765 1238/1895/265 822/1896/765
f 822/1896/765 1238/1895/265 1237/1897/265
f 822/1896/765 1237/1897/265 823/1898/749
f 823/1898/749 1237/1897/265 1236/1899/265
f 823/1898/749 1236/1899/265 824/1900/747
f 824/1900/747 1236/1899/265 1235/1901/265
f 824/1900/747 1235/1901/265 825/1902/265
f 825/1902/265 1235/1901/265 826/1903/742
f 826/1903/742 1235/1901/265 1234/1904/265
f 826/1903/742 1234/1904/265 827/1905/747
f 827/1905/747 1234/1904/265 1233/1906/265
f 827/1905/747 1233/1906/265 828/1907/742
f 828/1907/742 1233/1906/265 1232/1908/265
f 828/1907/742 1232/1908/265 829/1909/265
f 829/1909/265 1232/1908/265 1231/1910/265
f 829/1909/265 1231/1910/265 830/1911/265
f 830/1911/265 1231/1910/265 831/1912/742
f 831/1912/742 1231/1910/265 1230/1913/265
f 831/1912/742 1230/1913/265 832/1914/266
f 832/1914/266 1230/1913/265 1229/1915/265
f 832/1914/266 1229/1915/265 833/1916/266
f 833/1916/266 1229/1915/265 1228/1917/265
f 833/1916/266 1228/1917/265 834/1918/265
f 834/1918/265 1228/1917/265 1227/1919/265
f 834/1918/265 1227/1919/265 835/1920/265
f 835/1920/265 1227/1919/265 836/1921/265
f 836/1921/265 1227/1919/265 1277/1922/265
f 836/1921/265 1277/1922/265 837/1923/266
f 837/1923/266 1277/1922/265 1276/1924/265
f 837/1923/266 1276/1924/265 838/1925/265
f 838/1925/265 1276/1924/265 1275/1926/265
f 838/1925/265 1275/1926/265 839/1927/265
f 839/1927/265 1275/1926/265 1274/1928/265
f 839/1927/265 1274/1928/265 840/1929/266
f 840/1929/266 1274/1928/265 841/1930/266
f 841/1930/266 1274/1928/265 1273/1931/265
f 841/1930/266 1273/1931/265 842/1932/265
f 842/1932/265 1273/1931/265 1272/1933/265
f 842/1932/265 1272/1933/265 843/1934/265
f 843/1934/265 1272/1933/265 1271/1935/265
f 843/1934/265 1271/1935/265 844/1936/265
f 844/1936/265 1271/1935/265 1270/1937/265
f 844/1936/265 1270/1937/265 845/1938/765
f 845/1938/765 1270/1937/265 846/1939/266
f 846/1939/266 1270/1937/265 1269/1940/265
f 846/1939/266 1269/1940/265 847/1941/265
f 847/1941/265 1269/1940/265 1268/1942/265
f 847/1941/265 1268/1942/265 848/1943/742
f 848/1943/742 1268/1942/265 1267/1944/265
f 848/1943/742 1267/1944/265 849/1945/265
f 849/1945/265 1267/1944/265 1266/1946/265
f 849/1945/265 1266/1946/265 850/1947/759
f 850/1947/759 1266/1946/265 851/1948/742
f 851/1948/742 1266/1946/265 1265/1949/265
f 851/1948/742 1265/1949/265 852/1950/265
f 852/1950/265 1265/1949/265 1264/1951/265
f 852/1950/265 1264/1951/265 853/1952/749
f 853/1952/749 1264/1951/265 1263/1953/265
f 853/1952/749 1263/1953/265 854/1954/749
f 854/1954/749 1263/1953/265 1262/1955/265
f 854/1954/749 1262/1955/265 855/1956/749
f 855/1956/749 1262/1955/265 856/1957/752
f 856/1957/752 1262/1955/265 1261/1958/265
f 856/1957/752 1261/1958/265 857/1959/265
f 857/1959/265 1261/1958/265 1260/1960/265
f 857/1959/265 1260/1960/265 858/1961/749
f 858/1961/749 1260/1960/265 1259/1962/265
f 858/1961/749 1259/1962/265 859/1963/747
f 859/1963/747 1259/1962/265 1258/1964/265
f 859/1963/747 1258/1964/265 860/1965/742
f 860/1965/742 1258/1964/265 861/1966/265
f 861/1966/265 1258/1964/265 1257/1967/265
f 861/1966/265 1257/1967/265 862/1968/266
f 862/1968/266 1257/1967/265 1256/1969/265
f 862/1968/266 1256/1969/265 863/1970/742
f 863/1970/742 1256/1969/265 1255/1971/265
f 863/1970/742 1255/1971/265 864/1972/265
f 864/1972/265 1255/1971/265 1254/1973/265
f 864/1972/265 1254/1973/265 865/1974/266
f 865/1974/266 1254/1973/265 866/1860/265
f 866/1860/265 1254/1973/265 1253/1861/265
f 1128/1975/265 1127/1976/265 1278/1977/265
f 1278/1977/265 1127/1976/265 1175/1978/265
f 1278/1977/265 1175/1978/265 1279/1979/265
f 1279/1979/265 1175/1978/265 1174/1980/265
f 1279/1979/265 1174/1980/265 1280/1981/265
f 1280/1981/265 1174/1980/265 1173/1982/265
f 1280/1981/265 1173/1982/265 1281/1983/265
f 1281/1983/265 1173/1982/265 1172/1984/265
f 1281/1983/265 1172/1984/265 1282/1985/265
f 1282/1985/265 1172/1984/265 1171/1986/265
f 1282/1985/265 1171/1986/265 1283/1987/265
f 1283/1987/265 1171/1986/265 1170/1988/265
f 1283/1987/265 1170/1988/265 1284/1989/265
f 1284/1989/265 1170/1988/265 1169/1990/265
f 1284/1989/265 1169/1990/265 1285/1991/265
f 1285/1991/265 1169/1990/265 1168/1992/265
f 1285/1991/265 1168/1992/265 1286/1993/265
f 1286/1993/265 1168/1992/265 1167/1994/265
f 1286/1993/265 1167/1994/265 1287/1995/265
f 1287/1995/265 1167/1994/265 1166/1996/265
f 1287/1995/265 1166/1996/265 1288/1997/265
f 1288/1997/265 1166/1996/265 1165/1998/265
f 1288/1997/265 1165/1998/265 1289/1999/265
f 1289/1999/265 1165/1998/265 1164/2000/265
f 1289/1999/265 1164/2000/265 1290/2001/265
f 1290/2001/265 1164/2000/265 1163/2002/265
f 1290/2001/265 1163/2002/265 1291/2003/265
f 1291/2003/265 1163/2002/265 1162/2004/265
f 1291/2003/265 1162/2004/265 1292/2005/265
f 1292/2005/265 1162/2004/265 1161/2006/265
f 1292/2005/265 1161/2006/265 1293/2007/265
f 1293/2007/265 1161/2006/265 1160/2008/265
f 1293/2007/265 1160/2008/265 1294/2009/265
f 1294/2009/265 1160/2008/265 1159/2010/265
f 1294/2009/265 1159/2010/265 1295/2011/265
f 1295/2011/265 1159/2010/265 1158/2012/265
f 1295/2011/265 1158/2012/265 1296/2013/265
f 1296/2013/265 1158/2012/265 1157/2014/265
f 1296/2013/265 1157/2014/265 1297/2015/265
f 1297/2015/265 1157/2014/265 1156/2016/265
f 1297/2015/265 1156/2016/265 1298/2017/265
f 1298/2017/265 1156/2016/265 1155/2018/265
f 1298/2017/265 1155/2018/265 1299/2019/265
f 1299/2019/265 1155/2018/265 1154/2020/265
f 1299/2019/265 1154/2020/265 1300/2021/265
f 1300/2021/265 1154/2020/265 1153/2022/265
f 1300/2021/265 1153/2022/265 1301/2023/265
f 1301/2023/265 1153/2022/265 1152/2024/265
f 1301/2023/265 1152/2024/265 1302/2025/265
f 1302/2025/265 1152/2024/265 1151/2026/265
f 1302/2025/265 1151/2026/265 1150/2027/265
f 1302/2025/265 1150/2027/265 1303/2028/265
f 1303/2028/265 1150/2027/265 1149/2029/265
f 1303/2028/265 1149/2029/265 1304/2030/265
f 1304/2030/265 1149/2029/265 1148/2031/265
f 1304/2030/265 1148/2031/265 1305/2032/265
f 1305/2032/265 1148/2031/265 1147/2033/265
f 1305/2032/265 1147/2033/265 1306/2034/265
f 1306/2034/265 1147/2033/265 1146/2035/265
f 1306/2034/265 1146/2035/265 1307/2036/265
f 1307/2036/265 1146/2035/265 1145/2037/265
f 1307/2036/265 1145/2037/265 1308/2038/265
f 1308/2038/265 1145/2037/265 1144/2039/265
f 1308/2038/265 1144/2039/265 1309/2040/265
f 1309/2040/265 1144/2039/265 1143/2041/265
f 1309/2040/265 1143/2041/265 1310/2042/265
f 1310/2042/265 1143/2041/265 1142/2043/265
f 1310/2042/265 1142/2043/265 1311/2044/265
f 1311/2044/265 1142/2043/265 1141/2045/265
f 1311/2044/265 1141/2045/265 1312/2046/265
f 1312/2046/265 1141/2045/265 1140/2047/265
f 1312/2046/265 1140/2047/265 1313/2048/265
f 1313/2048/265 1140/2047/265 1139/2049/265
f 1313/2048/265 1139/2049/265 1314/2050/265
f 1314/2050/265 1139/2049/265 1138/2051/265
f 1314/2050/265 1138/2051/265 1315/2052/265
f 1315/2052/265 1138/2051/265 1137/2053/265
f 1315/2052/265 1137/2053/265 1316/2054/265
f 1316/2054/265 1137/2053/265 1136/2055/265
f 1316/2054/265 1136/2055/265 1317/2056/265
f 1317/2056/265 1136/2055/265 1135/2057/265
f 1317/2056/265 1135/2057/265 1318/2058/265
f 1318/2058/265 1135/2057/265 1134/2059/265
f 1318/2058/265 1134/2059/265 1319/2060/265
f 1319/2060/265 1134/2059/265 1133/2061/265
f 1319/2060/265 1133/2061/265 1320/2062/265
f 1320/2062/265 1133/2061/265 1132/2063/265
f 1320/2062/265 1132/2063/265 1321/2064/265
f 1321/2064/265 1132/2063/265 1131/2065/265
f 1321/2064/265 1131/2065/265 1322/2066/265
f 1322/2066/265 1131/2065/265 1130/2067/265
f 1322/2066/265 1130/2067/265 1323/2068/265
f 1323/2068/265 1130/2067/265 1129/2069/265
f 1323/2068/265 1129/2069/265 1324/2070/265
f 1324/2070/265 1129/2069/265 1128/1975/265
f 1324/2070/265 1128/1975/265 1278/1977/265
f 1436/2071/263 707/2072/263 1372/2073/263
f 1372/2073/263 707/2072/263 706/2074/263
f 1372/2073/263 706/2074/263 1373/2075/263
f 1373/2075/263 706/2074/263 705/2076/263
f 1373/2075/263 705/2076/263 1374/2077/263
f 1374/2077/263 705/2076/263 704/2078/263
f 1374/2077/263 704/2078/263 1375/2079/263
f 1375/2079/263 704/2078/263 703/2080/263
f 1375/2079/263 703/2080/263 1376/2081/263
f 1376/2081/263 703/2080/263 702/2082/263
f 1376/2081/263 702/2082/263 1377/2083/263
f 1377/2083/263 702/2082/263 701/2084/263
f 1377/2083/263 701/2084/263 1378/2085/263
f 1378/2085/263 701/2084/263 700/2086/263
f 1378/2085/263 700/2086/263 1379/2087/263
f 1379/2087/263 700/2086/263 699/2088/263
f 1379/2087/263 699/2088/263 1380/2089/263
f 1380/2089/263 699/2088/263 698/2090/263
f 1380/2089/263 698/2090/263 1381/2091/263
f 1381/2091/263 698/2090/263 697/2092/263
f 1381/2091/263 697/2092/263 1382/2093/263
f 1382/2093/263 697/2092/263 696/2094/263
f 1382/2093/263 696/2094/263 1383/2095/263
f 1383/2095/263 696/2094/263 695/2096/263
f 1383/2095/263 695/2096/263 1384/2097/263
f 1384/2097/263 695/2096/263 694/2098/263
f 1384/2097/263 694/2098/263 1385/2099/263
f 1385/2099/263 694/2098/263 693/2100/263
f 1385/2099/263 693/2100/263 1386/2101/263
f 1386/2101/263 693/2100/263 692/2102/263
f 1386/2101/263 692/2102/263 1387/2103/263
f 1387/2103/263 692/2102/263 691/2104/263
f 1387/2103/263 691/2104/263 1388/2105/263
f 1388/2105/263 691/2104/263 1389/2106/263
f 1389/2106/263 691/2104/263 690/2107/263
f 1389/2106/263 690/2107/263 1390/2108/263
f 1390/2108/263 690/2107/263 689/2109/263
f 1390/2108/263 689/2109/263 1391/2110/263
f 1391/2110/263 689/2109/263 688/2111/263
f 1391/2110/263 688/2111/263 1392/2112/263
f 1392/2112/263 688/2111/263 687/2113/263
f 1392/2112/263 687/2113/263 1393/2114/263
f 1393/2114/263 687/2113/263 686/2115/263
f 1393/2114/263 686/2115/263 1394/2116/263
f 1394/2116/263 686/2115/263 685/2117/263
f 1394/2116/263 685/2117/263 1395/2118/263
f 1395/2118/263 685/2117/263 684/2119/263
f 1395/2118/263 684/2119/263 1396/2120/263
f 1396/2120/263 684/2119/263 683/2121/263
f 1396/2120/263 683/2121/263 1397/2122/263
f 1397/2122/263 683/2121/263 682/2123/263
f 1397/2122/263 682/2123/263 1398/2124/263
f 1398/2124/263 682/2123/263 681/2125/263
f 1398/2124/263 681/2125/263 1399/2126/263
f 1399/2126/263 681/2125/263 680/2127/263
f 1399/2126/263 680/2127/263 1400/2128/263
f 1400/2128/263 680/2127/263 679/2129/263
f 1400/2128/263 679/2129/263 1401/2130/263
f 1401/2130/263 679/2129/263 678/2131/263
f 1401/2130/263 678/2131/263 1402/2132/263
f 1402/2132/263 678/2131/263 677/2133/263
f 1402/2132/263 677/2133/263 1403/2134/263
f 1403/2134/263 677/2133/263 676/2135/263
f 1403/2134/263 676/2135/263 1404/2136/263
f 1404/2136/263 676/2135/263 675/2137/263
f 1404/2136/263 675/2137/263 1405/2138/263
f 1405/2138/263 675/2137/263 737/2139/263
f 1405/2138/263 737/2139/263 1406/2140/263
f 1406/2140/263 737/2139/263 736/2141/263
f 1406/2140/263 736/2141/263 1407/2142/263
f 1407/2142/263 736/2141/263 735/2143/263
f 1407/2142/263 735/2143/263 1408/2144/263
f 1408/2144/263 735/2143/263 734/2145/263
f 1408/2144/263 734/2145/263 1409/2146/263
f 1409/2146/263 734/2145/263 733/2147/263
f 1409/2146/263 733/2147/263 1410/2148/263
f 1410/2148/263 733/2147/263 732/2149/263
f 1410/2148/263 732/2149/263 1411/2150/263
f 1411/2150/263 732/2149/263 731/2151/263
f 1411/2150/263 731/2151/263 1412/2152/263
f 1412/2152/263 731/2151/263 730/2153/263
f 1412/2152/263 730/2153/263 1413/2154/263
f 1413/2154/263 730/2153/263 729/2155/263
f 1413/2154/263 729/2155/263 1414/2156/263
f 1414/2156/263 729/2155/263 728/2157/263
f 1414/2156/263 728/2157/263 1415/2158/263
f 1415/2158/263 728/2157/263 727/2159/263
f 1415/2158/263 727/2159/263 1416/2160/263
f 1416/2160/263 727/2159/263 726/2161/263
f 1416/2160/263 726/2161/263 1417/2162/263
f 1417/2162/263 726/2161/263 725/2163/263
f 1417/2162/263 725/2163/263 1418/2164/263
f 1418/2164/263 725/2163/263 724/2165/263
f 1418/2164/263 724/2165/263 1419/2166/263
f 1419/2166/263 724/2165/263 723/2167/263
f 1419/2166/263 723/2167/263 1420/2168/263
f 1420/2168/263 723/2167/263 722/2169/263
f 1420/2168/263 722/2169/263 1421/2170/263
f 1421/2170/263 722/2169/263 1422/2171/263
f 1422/2171/263 722/2169/263 721/2172/263
f 1422/2171/263 721/2172/263 1423/2173/263
f 1423/2173/263 721/2172/263 720/2174/263
f 1423/2173/263 720/2174/263 1424/2175/263
f 1424/2175/263 720/2174/263 719/2176/263
f 1424/2175/263 719/2176/263 1425/2177/263
f 1425/2177/263 719/2176/263 718/2178/263
f 1425/2177/263 718/2178/263 1426/2179/263
f 1426/2179/263 718/2178/263 717/2180/263
f 1426/2179/263 717/2180/263 1427/2181/263
f 1427/2181/263 717/2180/263 716/2182/263
f 1427/2181/263 716/2182/263 1428/2183/263
f 1428/2183/263 716/2182/263 715/2184/263
f 1428/2183/263 715/2184/263 1429/2185/263
f 1429/2185/263 715/2184/263 714/2186/263
f 1429/2185/263 714/2186/263 1430/2187/263
f 1430/2187/263 714/2186/263 713/2188/263
f 1430/2187/263 713/2188/263 1431/2189/263
f 1431/2189/263 713/2188/263 712/2190/263
f 1431/2189/263 712/2190/263 1432/2191/263
f 1432/2191/263 712/2190/263 711/2192/263
f 1432/2191/263 711/2192/263 1433/2193/263
f 1433/2193/263 711/2192/263 710/2194/263
f 1433/2193/263 710/2194/263 1434/2195/263
f 1434/2195/263 710/2194/263 709/2196/263
f 1434/2195/263 709/2196/263 1435/2197/263
f 1435/2197/263 709/2196/263 708/2198/263
f 1435/2197/263 708/2198/263 1436/2071/263
f 1436/2071/263 708/2198/263 707/2072/263
f 1438/2199/1202 1459/2200/1203 1437/2201/1203
f 1437/2201/1203 1459/2200/1203 1460/2202/1204
f 1437/2201/1203 1460/2202/1204 1458/2203/1204
f 1458/2203/1204 1460/2202/1204 1461/2204/1205
f 1458/2203/1204 1461/2204/1205 1457/2205/1205
f 1457/2205/1205 1461/2204/1205 1462/2206/1206
f 1457/2205/1205 1462/2206/1206 1456/2207/1206
f 1456/2207/1206 1462/2206/1206 1463/2208/1207
f 1456/2207/1206 1463/2208/1207 1455/2209/1208
f 1455/2209/1208 1463/2208/1207 1464/2210/1209
f 1455/2209/1208 1464/2210/1209 1454/2211/1209
f 1454/2211/1209 1464/2210/1209 1465/2212/1210
f 1454/2211/1209 1465/2212/1210 1453/2213/1210
f 1453/2213/1210 1465/2212/1210 1466/2214/1211
f 1453/2213/1210 1466/2214/1211 1452/2215/1211
f 1452/2215/1211 1466/2214/1211 1467/2216/1212
f 1452/2215/1211 1467/2216/1212 1451/2217/1212
f 1451/2217/1212 1467/2216/1212 1468/2218/1213
f 1451/2217/1212 1468/2218/1213 1450/2219/1213
f 1450/2219/1213 1468/2218/1213 1469/2220/1214
f 1450/2219/1213 1469/2220/1214 1449/2221/1214
f 1449/2221/1214 1469/2220/1214 1448/2222/1215
f 1448/2222/1215 1469/2220/1214 1470/2223/1215
f 1448/2224/1215 1470/2225/1215 1447/2226/1216
f 1447/2226/1216 1470/2225/1215 1471/2227/1217
f 1447/2226/1216 1471/2227/1217 1472/2228/1218
f 1459/2200/1203 1438/2199/1202 1480/2229/1202
f 1480/2229/1202 1438/2199/1202 1439/2230/1219
f 1480/2229/1202 1439/2230/1219 1479/2231/1219
f 1479/2231/1219 1439/2230/1219 1440/2232/1220
f 1479/2231/1219 1440/2232/1220 1478/2233/1221
f 1478/2233/1221 1440/2232/1220 1441/2234/1222
f 1478/2233/1221 1441/2234/1222 1477/2235/1222
f 1477/2235/1222 1441/2234/1222 1442/2236/1223
f 1477/2235/1222 1442/2236/1223 1476/2237/1223
f 1476/2237/1223 1442/2236/1223 1443/2238/1224
f 1476/2237/1223 1443/2238/1224 1475/2239/1225
f 1475/2239/1225 1443/2238/1224 1444/2240/1226
f 1475/2239/1225 1444/2240/1226 1474/2241/1227
f 1474/2241/1227 1444/2240/1226 1445/2242/1228
f 1474/2241/1227 1445/2242/1228 1473/2243/1228
f 1473/2243/1228 1445/2242/1228 1446/2244/1218
f 1473/2243/1228 1446/2244/1218 1472/2228/1218
f 1472/2228/1218 1446/2244/1218 1447/2226/1216
f 1482/2245/1229 1520/2246/1230 1481/3/1231
f 1481/3/1231 1520/2246/1230 1501/2247/1231
f 1481/3/1231 1501/2247/1231 1500/2248/1232
f 1500/2248/1232 1501/2247/1231 1502/2249/1232
f 1500/2248/1232 1502/2249/1232 1499/2250/1233
f 1499/2250/1233 1502/2249/1232 1503/2251/1233
f 1499/2250/1233 1503/2251/1233 1498/2252/1234
f 1498/2252/1234 1503/2251/1233 1504/2253/1234
f 1498/2252/1234 1504/2253/1234 1497/2254/1235
f 1497/2254/1235 1504/2253/1234 1505/2255/1235
f 1497/2254/1235 1505/2255/1235 1496/2256/263
f 1496/2256/263 1505/2255/1235 1506/2257/263
f 1496/2256/263 1506/2257/263 1495/2258/1236
f 1495/2258/1236 1506/2257/263 1507/2259/1236
f 1495/2258/1236 1507/2259/1236 1494/2260/1237
f 1494/2260/1237 1507/2259/1236 1508/2261/1238
f 1494/2260/1237 1508/2261/1238 1493/2262/1239
f 1493/2262/1239 1508/2261/1238 1509/2263/1239
f 1493/2262/1239 1509/2263/1239 1492/2264/1240
f 1492/2264/1240 1509/2263/1239 1510/2265/1240
f 1492/2264/1240 1510/2265/1240 1491/2266/1241
f 1491/2266/1241 1510/2265/1240 1511/2267/1241
f 1491/2268/1241 1511/2269/1241 1490/2270/1242
f 1490/2270/1242 1511/2269/1241 1512/2271/1242
f 1490/2270/1242 1512/2271/1242 1489/2272/1243
f 1489/2272/1243 1512/2271/1242 1513/2273/1243
f 1489/2272/1243 1513/2273/1243 1488/2274/1244
f 1488/2274/1244 1513/2273/1243 1514/2275/1244
f 1488/2274/1244 1514/2275/1244 1487/2276/1245
f 1487/2276/1245 1514/2275/1244 1515/2277/1245
f 1487/2276/1245 1515/2277/1245 1486/2278/265
f 1486/2278/265 1515/2277/1245 1516/2279/265
f 1486/2278/265 1516/2279/265 1485/2280/1246
f 1485/2280/1246 1516/2279/265 1517/2281/1246
f 1485/2280/1246 1517/2281/1246 1484/2282/1247
f 1484/2282/1247 1517/2281/1246 1518/2283/1247
f 1484/2282/1247 1518/2283/1247 1483/2284/1248
f 1483/2284/1248 1518/2283/1247 1519/2285/1249
f 1483/2284/1248 1519/2285/1249 1482/2245/1229
f 1482/2245/1229 1519/2285/1249 1520/2246/1230
f 1522/2245/1250 1560/2246/1242 1521/3/1241
f 1521/3/1241 1560/2246/1242 1541/2247/1241
f 1521/3/1241 1541/2247/1241 1540/2248/1251
f 1540/2248/1251 1541/2247/1241 1542/2249/1240
f 1540/2248/1251 1542/2249/1240 1539/2250/1239
f 1539/2250/1239 1542/2249/1240 1543/2251/1239
f 1539/2250/1239 1543/2251/1239 1538/2252/1237
f 1538/2252/1237 1543/2251/1239 1544/2253/1237
f 1538/2252/1237 1544/2253/1237 1537/2254/1236
f 1537/2254/1236 1544/2253/1237 1545/2255/1236
f 1537/2254/1236 1545/2255/1236 1536/2256/263
f 1536/2256/263 1545/2255/1236 1546/2257/263
f 1536/2256/263 1546/2257/263 1535/2258/1235
f 1535/2258/1235 1546/2257/263 1547/2259/1235
f 1535/2258/1235 1547/2259/1235 1534/2260/1234
f 1534/2260/1234 1547/2259/1235 1548/2261/1234
f 1534/2260/1234 1548/2261/1234 1533/2262/1233
f 1533/2262/1233 1548/2261/1234 1549/2263/1233
f 1533/2262/1233 1549/2263/1233 1532/2264/1232
f 1532/2264/1232 1549/2263/1233 1550/2265/1232
f 1532/2264/1232 1550/2265/1232 1531/2266/1231
f 1531/2266/1231 1550/2265/1232 1551/2267/1231
f 1531/2286/1231 1551/2269/1231 1530/2270/1230
f 1530/2270/1230 1551/2269/1231 1552/2271/1229
f 1530/2270/1230 1552/2271/1229 1529/2272/1248
f 1529/2272/1248 1552/2271/1229 1553/2273/1248
f 1529/2272/1248 1553/2273/1248 1528/2274/1247
f 1528/2274/1247 1553/2273/1248 1554/2275/1247
f 1528/2274/1247 1554/2275/1247 1527/2276/1246
f 1527/2276/1246 1554/2275/1247 1555/2277/1246
f 1527/2276/1246 1555/2277/1246 1526/2278/265
f 1526/2278/265 1555/2277/1246 1556/2279/265
f 1526/2278/265 1556/2279/265 1525/2280/1245
f 1525/2280/1245 1556/2279/265 1557/2281/1245
f 1525/2280/1245 1557/2281/1245 1524/2282/1244
f 1524/2282/1244 1557/2281/1245 1558/2283/1244
f 1524/2282/1244 1558/2283/1244 1523/2284/1243
f 1523/2284/1243 1558/2283/1244 1559/2285/1243
f 1523/2284/1243 1559/2285/1243 1522/2245/1250
f 1522/2245/1250 1559/2285/1243 1560/2246/1242
f 1562/2287/1252 1624/2288/1215 1561/3/1215
f 1561/3/1215 1624/2288/1215 1625/2289/1253
f 1561/3/1215 1625/2289/1253 1623/2290/1253
f 1623/2290/1253 1625/2289/1253 1626/2291/1254
f 1623/2290/1253 1626/2291/1254 1622/2292/1254
f 1622/2292/1254 1626/2291/1254 1627/2293/1255
f 1622/2292/1254 1627/2293/1255 1621/2294/1255
f 1621/2294/1255 1627/2293/1255 1628/2295/1256
f 1621/2294/1255 1628/2295/1256 1620/2296/1256
f 1620/2296/1256 1628/2295/1256 1629/2297/1257
f 1620/2296/1256 1629/2297/1257 1619/2298/1257
f 1619/2298/1257 1629/2297/1257 1630/2299/1258
f 1619/2298/1257 1630/2299/1258 1618/2300/1258
f 1618/2300/1258 1630/2299/1258 1631/2301/1259
f 1618/2300/1258 1631/2301/1259 1617/2302/1260
f 1617/2302/1260 1631/2301/1259 1632/2303/1261
f 1617/2302/1260 1632/2303/1261 1616/2304/1261
f 1616/2304/1261 1632/2303/1261 1633/2305/1262
f 1616/2304/1261 1633/2305/1262 1615/2306/1262
f 1615/2306/1262 1633/2305/1262 1634/2307/1263
f 1615/2306/1262 1634/2307/1263 1614/2308/1263
f 1614/2308/1263 1634/2307/1263 1635/2309/1264
f 1614/2308/1263 1635/2309/1264 1613/2310/1264
f 1613/2310/1264 1635/2309/1264 1636/2311/1265
f 1613/2310/1264 1636/2311/1265 1612/2312/1266
f 1612/2312/1266 1636/2311/1265 1637/2313/1267
f 1612/2312/1266 1637/2313/1267 1611/2314/1267
f 1611/2314/1267 1637/2313/1267 1638/2315/1268
f 1611/2314/1267 1638/2315/1268 1610/2316/1268
f 1610/2316/1268 1638/2315/1268 1639/2317/1269
f 1610/2316/1268 1639/2317/1269 1609/2318/1269
f 1609/2318/1269 1639/2317/1269 1640/2319/1270
f 1609/2318/1269 1640/2319/1270 1608/2320/1270
f 1608/2320/1270 1640/2319/1270 1641/2321/1271
f 1608/2320/1270 1641/2321/1271 1607/2322/1271
f 1607/2322/1271 1641/2321/1271 1642/2323/1272
f 1607/2322/1271 1642/2323/1272 1606/2324/1272
f 1606/2324/1272 1642/2323/1272 1643/2325/1273
f 1606/2324/1272 1643/2325/1273 1605/2326/1273
f 1605/2326/1273 1643/2325/1273 1644/2327/1274
f 1605/2326/1273 1644/2327/1274 1604/2328/1274
f 1604/2328/1274 1644/2327/1274 1645/2329/1275
f 1604/2328/1274 1645/2329/1275 1603/2330/1275
f 1603/2330/1275 1645/2329/1275 1646/2331/1276
f 1603/2330/1275 1646/2331/1276 1602/2332/1276
f 1602/2332/1276 1646/2331/1276 1647/2333/1277
f 1602/2332/1276 1647/2333/1277 1601/2334/1277
f 1601/2334/1277 1647/2333/1277 1648/2335/1278
f 1601/2334/1277 1648/2335/1278 1600/2336/1278
f 1600/2336/1278 1648/2335/1278 1649/2337/1279
f 1600/2336/1278 1649/2337/1279 1599/2338/1279
f 1599/2338/1279 1649/2337/1279 1650/2339/1280
f 1599/2338/1279 1650/2339/1280 1598/2340/1280
f 1598/2340/1280 1650/2339/1280 1651/2341/1281
f 1598/2340/1280 1651/2341/1281 1597/2342/1281
f 1597/2342/1281 1651/2341/1281 1652/2343/1282
f 1597/2342/1281 1652/2343/1282 1596/2344/1283
f 1596/2344/1283 1652/2343/1282 1653/2345/1284
f 1596/2344/1283 1653/2345/1284 1595/2346/1284
f 1595/2346/1284 1653/2345/1284 1654/2347/1285
f 1595/2346/1284 1654/2347/1285 1594/2348/1285
f 1594/2348/1285 1654/2347/1285 1655/2349/1286
f 1594/2348/1285 1655/2349/1286 1593/2350/1286
f 1593/2351/1286 1655/2352/1286 1656/2353/1287
f 1593/2351/1286 1656/2353/1287 1592/2354/1287
f 1592/2354/1287 1656/2353/1287 1657/2355/1288
f 1592/2354/1287 1657/2355/1288 1591/2356/1288
f 1591/2356/1288 1657/2355/1288 1658/2357/1289
f 1591/2356/1288 1658/2357/1289 1590/2358/1289
f 1590/2358/1289 1658/2357/1289 1659/2359/1290
f 1590/2358/1289 1659/2359/1290 1589/2360/1290
f 1589/2360/1290 1659/2359/1290 1660/2361/1291
f 1589/2360/1290 1660/2361/1291 1588/2362/1291
f 1588/2362/1291 1660/2361/1291 1661/2363/1292
f 1588/2362/1291 1661/2363/1292 1587/2364/1292
f 1587/2364/1292 1661/2363/1292 1662/2365/1293
f 1587/2364/1292 1662/2365/1293 1586/2366/1293
f 1586/2366/1293 1662/2365/1293 1663/2367/1294
f 1586/2366/1293 1663/2367/1294 1585/2368/1294
f 1585/2368/1294 1663/2367/1294 1664/2369/1295
f 1585/2368/1294 1664/2369/1295 1584/2370/1295
f 1584/2370/1295 1664/2369/1295 1665/2371/1296
f 1584/2370/1295 1665/2371/1296 1583/2372/1297
f 1583/2372/1297 1665/2371/1296 1666/2373/1298
f 1583/2372/1297 1666/2373/1298 1582/2374/1299
f 1582/2374/1299 1666/2373/1298 1667/2375/1300
f 1582/2374/1299 1667/2375/1300 1581/2376/1300
f 1581/2376/1300 1667/2375/1300 1668/2377/1301
f 1581/2376/1300 1668/2377/1301 1580/2378/1301
f 1580/2378/1301 1668/2377/1301 1669/2379/1302
f 1580/2378/1301 1669/2379/1302 1579/2380/1302
f 1579/2380/1302 1669/2379/1302 1670/2381/1303
f 1579/2380/1302 1670/2381/1303 1578/2382/1303
f 1578/2382/1303 1670/2381/1303 1671/2383/1304
f 1578/2382/1303 1671/2383/1304 1577/2384/1304
f 1577/2384/1304 1671/2383/1304 1672/2385/1305
f 1577/2384/1304 1672/2385/1305 1576/2386/1305
f 1576/2386/1305 1672/2385/1305 1673/2387/1306
f 1576/2386/1305 1673/2387/1306 1575/2388/1306
f 1575/2388/1306 1673/2387/1306 1674/2389/1307
f 1575/2388/1306 1674/2389/1307 1574/2390/1307
f 1574/2390/1307 1674/2389/1307 1675/2391/1308
f 1574/2390/1307 1675/2391/1308 1573/2392/1309
f 1573/2392/1309 1675/2391/1308 1676/2393/1310
f 1573/2392/1309 1676/2393/1310 1572/2394/1310
f 1572/2394/1310 1676/2393/1310 1677/2395/1311
f 1572/2394/1310 1677/2395/1311 1571/2396/1311
f 1571/2396/1311 1677/2395/1311 1678/2397/1312
f 1571/2396/1311 1678/2397/1312 1570/2398/1312
f 1570/2398/1312 1678/2397/1312 1679/2399/1313
f 1570/2398/1312 1679/2399/1313 1569/2400/1313
f 1569/2400/1313 1679/2399/1313 1680/2401/1314
f 1569/2400/1313 1680/2401/1314 1568/2402/1314
f 1568/2402/1314 1680/2401/1314 1681/2403/1315
f 1568/2402/1314 1681/2403/1315 1567/2404/1315
f 1567/2404/1315 1681/2403/1315 1682/2405/1316
f 1567/2404/1315 1682/2405/1316 1566/2406/1316
f 1566/2406/1316 1682/2405/1316 1683/2407/1317
f 1566/2406/1316 1683/2407/1317 1565/2408/1317
f 1565/2408/1317 1683/2407/1317 1684/2409/1318
f 1565/2408/1317 1684/2409/1318 1564/2410/1318
f 1564/2410/1318 1684/2409/1318 1685/2411/1319
f 1564/2410/1318 1685/2411/1319 1563/2412/1319
f 1563/2412/1319 1685/2411/1319 1686/2413/1252
f 1563/2412/1319 1686/2413/1252 1562/2287/1252
f 1562/2287/1252 1686/2413/1252 1624/2288/1215
f 1688/2414/1320 1704/2415/1203 1687/2416/1321
f 1687/2416/1321 1704/2415/1203 1705/2417/1322
f 1687/2416/1321 1705/2417/1322 1703/2418/1322
f 1703/2418/1322 1705/2417/1322 1706/2419/1323
f 1703/2418/1322 1706/2419/1323 1702/2420/1324
f 1702/2420/1324 1706/2419/1323 1707/2421/1325
f 1702/2420/1324 1707/2421/1325 1701/2422/1326
f 1701/2422/1326 1707/2421/1325 1708/2423/1327
f 1701/2422/1326 1708/2423/1327 1700/2424/1327
f 1700/2424/1327 1708/2423/1327 1709/2425/1328
f 1700/2424/1327 1709/2425/1328 1699/2426/1328
f 1699/2426/1328 1709/2425/1328 1710/2427/1329
f 1699/2426/1328 1710/2427/1329 1698/2428/1329
f 1698/2428/1329 1710/2427/1329 1711/2429/1330
f 1698/2428/1329 1711/2429/1330 1697/2430/1330
f 1697/2430/1330 1711/2429/1330 1712/2431/1331
f 1697/2430/1330 1712/2431/1331 1696/2432/1331
f 1696/2433/1331 1712/2434/1331 1713/2435/1332
f 1696/2433/1331 1713/2435/1332 1695/2436/1332
f 1695/2436/1332 1713/2435/1332 1714/2437/1333
f 1695/2436/1332 1714/2437/1333 1694/2438/1333
f 1694/2438/1333 1714/2437/1333 1715/2439/1334
f 1694/2438/1333 1715/2439/1334 1693/2440/1335
f 1693/2440/1335 1715/2439/1334 1716/2441/1336
f 1693/2440/1335 1716/2441/1336 1692/2442/1336
f 1692/2442/1336 1716/2441/1336 1717/2443/1337
f 1692/2442/1336 1717/2443/1337 1691/2444/1338
f 1691/2444/1338 1717/2443/1337 1718/2445/1339
f 1691/2444/1338 1718/2445/1339 1690/2446/1339
f 1690/2446/1339 1718/2445/1339 1719/2447/1340
f 1690/2446/1339 1719/2447/1340 1689/2448/1341
f 1689/2448/1341 1719/2447/1340 1720/2449/1342
f 1689/2448/1341 1720/2449/1342 1688/2414/1320
f 1688/2414/1320 1720/2449/1342 1704/2415/1203
f 1722/2414/1343 1738/2415/1203 1721/2416/1203
f 1721/2416/1203 1738/2415/1203 1739/2417/1322
f 1721/2416/1203 1739/2417/1322 1737/2418/1344
f 1737/2418/1344 1739/2417/1322 1740/2419/1324
f 1737/2418/1344 1740/2419/1324 1736/2420/1324
f 1736/2420/1324 1740/2419/1324 1741/2421/1325
f 1736/2420/1324 1741/2421/1325 1735/2422/1326
f 1735/2422/1326 1741/2421/1325 1742/2423/1327
f 1735/2422/1326 1742/2423/1327 1734/2424/1327
f 1734/2424/1327 1742/2423/1327 1743/2425/1328
f 1734/2424/1327 1743/2425/1328 1733/2426/1328
f 1733/2426/1328 1743/2425/1328 1744/2427/1329
f 1733/2426/1328 1744/2427/1329 1732/2428/1329
f 1732/2428/1329 1744/2427/1329 1745/2429/1330
f 1732/2428/1329 1745/2429/1330 1731/2430/1330
f 1731/2430/1330 1745/2429/1330 1746/2431/1331
f 1731/2430/1330 1746/2431/1331 1730/2432/1331
f 1730/2433/1331 1746/2434/1331 1747/2435/1332
f 1730/2433/1331 1747/2435/1332 1729/2436/1332
f 1729/2436/1332 1747/2435/1332 1748/2437/1333
f 1729/2436/1332 1748/2437/1333 1728/2438/1333
f 1728/2438/1333 1748/2437/1333 1749/2439/1334
f 1728/2438/1333 1749/2439/1334 1727/2440/1334
f 1727/2440/1334 1749/2439/1334 1750/2441/1336
f 1727/2440/1334 1750/2441/1336 1726/2442/1336
f 1726/2442/1336 1750/2441/1336 1751/2443/1338
f 1726/2442/1336 1751/2443/1338 1725/2444/1338
f 1725/2444/1338 1751/2443/1338 1752/2445/1339
f 1725/2444/1338 1752/2445/1339 1724/2446/1345
f 1724/2446/1345 1752/2445/1339 1753/2447/1340
f 1724/2446/1345 1753/2447/1340 1723/2448/1341
f 1723/2448/1341 1753/2447/1340 1754/2449/1343
f 1723/2448/1341 1754/2449/1343 1722/2414/1343
f 1722/2414/1343 1754/2449/1343 1738/2415/1203
f 1755/2450/1346 1756/2451/1347 1812/2452/1348
f 1812/2452/1348 1756/2451/1347 1757/2453/1348
f 1812/2452/1348 1757/2453/1348 1811/2454/1349
f 1811/2454/1349 1757/2453/1348 1758/2455/1349
f 1811/2454/1349 1758/2455/1349 1759/2456/1350
f 1811/2454/1349 1759/2456/1350 1810/2457/1350
f 1810/2457/1350 1759/2456/1350 1760/2458/1351
f 1810/2457/1350 1760/2458/1351 1809/2459/1351
f 1809/2459/1351 1760/2458/1351 1761/2460/1352
f 1809/2459/1351 1761/2460/1352 1808/2461/1352
f 1808/2461/1352 1761/2460/1352 1762/2462/1353
f 1808/2461/1352 1762/2462/1353 1807/2463/1353
f 1807/2463/1353 1762/2462/1353 1763/2464/1354
f 1807/2463/1353 1763/2464/1354 1806/2465/1354
f 1806/2465/1354 1763/2464/1354 1764/2466/1355
f 1806/2465/1354 1764/2466/1355 1805/2467/1355
f 1805/2467/1355 1764/2466/1355 1765/2468/1356
f 1805/2467/1355 1765/2468/1356 1804/2469/1357
f 1804/2469/1357 1765/2468/1356 1766/2470/1358
f 1804/2469/1357 1766/2470/1358 1803/2471/1358
f 1803/2471/1358 1766/2470/1358 1767/2472/1359
f 1803/2471/1358 1767/2472/1359 1802/2473/1359
f 1802/2473/1359 1767/2472/1359 1768/2474/1360
f 1802/2473/1359 1768/2474/1360 1801/2475/1360
f 1801/2475/1360 1768/2474/1360 1769/2476/1361
f 1801/2475/1360 1769/2476/1361 1800/2477/1361
f 1800/2477/1361 1769/2476/1361 1770/2478/1231
f 1800/2477/1361 1770/2478/1231 1799/2479/1231
f 1799/2479/1231 1770/2478/1231 1771/2480/1362
f 1799/2479/1231 1771/2480/1362 1798/2481/1362
f 1798/2481/1362 1771/2480/1362 1772/2482/1363
f 1798/2481/1362 1772/2482/1363 1797/2483/1363
f 1797/2483/1363 1772/2482/1363 1773/2484/1364
f 1797/2483/1363 1773/2484/1364 1796/2485/1364
f 1796/2485/1364 1773/2484/1364 1774/2486/1365
f 1796/2485/1364 1774/2486/1365 1795/2487/1366
f 1795/2487/1366 1774/2486/1365 1775/2488/1367
f 1795/2487/1366 1775/2488/1367 1794/2489/1367
f 1794/2489/1367 1775/2488/1367 1776/2490/1368
f 1794/2489/1367 1776/2490/1368 1793/2491/1368
f 1793/2491/1368 1776/2490/1368 1777/2492/1369
f 1793/2491/1368 1777/2492/1369 1792/2493/1369
f 1792/2493/1369 1777/2492/1369 1778/2494/1370
f 1792/2493/1369 1778/2494/1370 1791/2495/1370
f 1791/2495/1370 1778/2494/1370 1779/2496/1371
f 1791/2495/1370 1779/2496/1371 1790/2497/1371
f 1790/2497/1371 1779/2496/1371 1780/2498/1372
f 1790/2497/1371 1780/2498/1372 1789/2499/1372
f 1789/2499/1372 1780/2498/1372 1781/2500/1373
f 1789/2499/1372 1781/2500/1373 1788/2501/1373
f 1788/2501/1373 1781/2500/1373 1782/2502/1374
f 1788/2501/1373 1782/2502/1374 1787/2503/1374
f 1787/2503/1374 1782/2502/1374 1783/2504/1375
f 1787/2503/1374 1783/2504/1375 1786/2505/1376
f 1786/2505/1376 1783/2504/1375 1784/2506/1377
f 1786/2505/1376 1784/2506/1377 1785/2507/1377
f 1813/2508/1378 1814/2509/1378 1870/2510/1379
f 1870/2510/1379 1814/2509/1378 1815/2511/1379
f 1870/2510/1379 1815/2511/1379 1869/2512/1380
f 1869/2512/1380 1815/2511/1379 1816/2513/1380
f 1869/2512/1380 1816/2513/1380 1817/2514/1381
f 1869/2512/1380 1817/2514/1381 1868/2515/1381
f 1868/2515/1381 1817/2514/1381 1818/2516/1382
f 1868/2515/1381 1818/2516/1382 1867/2517/1382
f 1867/2517/1382 1818/2516/1382 1819/2518/1383
f 1867/2517/1382 1819/2518/1383 1866/2519/1383
f 1866/2519/1383 1819/2518/1383 1820/2520/1384
f 1866/2519/1383 1820/2520/1384 1865/2521/1384
f 1865/2521/1384 1820/2520/1384 1821/2522/1385
f 1865/2521/1384 1821/2522/1385 1864/2523/1385
f 1864/2523/1385 1821/2522/1385 1822/2524/1386
f 1864/2523/1385 1822/2524/1386 1863/2525/1386
f 1863/2525/1386 1822/2524/1386 1823/2526/1387
f 1863/2525/1386 1823/2526/1387 1862/2527/1387
f 1862/2527/1387 1823/2526/1387 1824/2528/1388
f 1862/2527/1387 1824/2528/1388 1861/2529/1389
f 1861/2529/1389 1824/2528/1388 1825/2530/1390
f 1861/2529/1389 1825/2530/1390 1860/2531/1390
f 1860/2531/1390 1825/2530/1390 1826/2532/1391
f 1860/2531/1390 1826/2532/1391 1859/2533/1391
f 1859/2533/1391 1826/2532/1391 1827/2534/1392
f 1859/2533/1391 1827/2534/1392 1858/2535/1392
f 1858/2535/1392 1827/2534/1392 1828/2536/1241
f 1858/2535/1392 1828/2536/1241 1857/2537/1241
f 1857/2537/1241 1828/2536/1241 1829/2538/1393
f 1857/2537/1241 1829/2538/1393 1856/2539/1393
f 1856/2539/1393 1829/2538/1393 1830/2540/1394
f 1856/2539/1393 1830/2540/1394 1855/2541/1394
f 1855/2541/1394 1830/2540/1394 1831/2542/1395
f 1855/2541/1394 1831/2542/1395 1854/2543/1395
f 1854/2543/1395 1831/2542/1395 1832/2544/1396
f 1854/2543/1395 1832/2544/1396 1853/2545/1396
f 1853/2545/1396 1832/2544/1396 1833/2546/1397
f 1853/2545/1396 1833/2546/1397 1852/2547/1397
f 1852/2547/1397 1833/2546/1397 1834/2548/1398
f 1852/2547/1397 1834/2548/1398 1851/2549/1398
f 1851/2549/1398 1834/2548/1398 1835/2550/1399
f 1851/2549/1398 1835/2550/1399 1850/2551/1399
f 1850/2551/1399 1835/2550/1399 1836/2552/1400
f 1850/2551/1399 1836/2552/1400 1849/2553/1400
f 1849/2553/1400 1836/2552/1400 1837/2554/1401
f 1849/2553/1400 1837/2554/1401 1848/2555/1401
f 1848/2555/1401 1837/2554/1401 1838/2556/1402
f 1848/2555/1401 1838/2556/1402 1847/2557/1402
f 1847/2557/1402 1838/2556/1402 1839/2558/1403
f 1847/2557/1402 1839/2558/1403 1846/2559/1403
f 1846/2559/1403 1839/2558/1403 1840/2560/1404
f 1846/2559/1403 1840/2560/1404 1845/2561/1404
f 1845/2561/1404 1840/2560/1404 1841/2562/1405
f 1845/2561/1404 1841/2562/1405 1844/2563/1405
f 1844/2563/1405 1841/2562/1405 1842/2564/1406
f 1844/2563/1405 1842/2564/1406 1843/2565/1406
f 1843/2566/265 1784/2567/265 1886/2568/265
f 1886/2568/265 1784/2567/265 1783/2569/265
f 1886/2568/265 1783/2569/265 1782/2570/265
f 1782/2570/265 1781/2571/265 1886/2568/265
f 1886/2568/265 1781/2571/265 1780/2572/265
f 1886/2568/265 1780/2572/265 1779/2573/265
f 1779/2573/265 1778/2574/265 1886/2568/265
f 1886/2568/265 1778/2574/265 1885/2575/265
f 1885/2575/265 1778/2574/265 1777/2576/265
f 1885/2575/265 1777/2576/265 1884/2577/265
f 1884/2577/265 1777/2576/265 1883/2578/265
f 1883/2578/265 1777/2576/265 1776/2579/265
f 1883/2578/265 1776/2579/265 1882/2580/265
f 1882/2580/265 1776/2579/265 1775/2581/265
f 1882/2580/265 1775/2581/265 1881/2582/265
f 1881/2582/265 1775/2581/265 1774/2583/265
f 1881/2582/265 1774/2583/265 1880/2584/265
f 1880/2584/265 1774/2583/265 1773/2585/265
f 1880/2584/265 1773/2585/265 1879/2586/265
f 1879/2586/265 1773/2585/265 1772/2587/265
f 1879/2586/265 1772/2587/265 1878/2588/265
f 1878/2588/265 1772/2587/265 1771/2589/265
f 1878/2588/265 1771/2589/265 1877/2590/265
f 1877/2590/265 1771/2589/265 1770/2591/265
f 1877/2590/265 1770/2591/265 1769/2592/265
f 1877/2590/265 1769/2592/265 1876/2593/265
f 1876/2593/265 1769/2592/265 1768/2594/265
f 1876/2593/265 1768/2594/265 1875/2595/265
f 1875/2595/265 1768/2594/265 1767/2596/265
f 1875/2595/265 1767/2596/265 1874/2597/265
f 1874/2597/265 1767/2596/265 1766/2598/265
f 1874/2597/265 1766/2598/265 1873/2599/265
f 1873/2599/265 1766/2598/265 1765/2600/265
f 1873/2599/265 1765/2600/265 1872/2601/265
f 1872/2601/265 1765/2600/265 1764/2602/265
f 1872/2601/265 1764/2602/265 1871/2603/265
f 1871/2603/265 1764/2602/265 1763/2604/265
f 1871/2603/265 1763/2604/265 1908/2605/265
f 1908/2605/265 1763/2604/265 1907/2606/265
f 1907/2606/265 1763/2604/265 1762/2607/265
f 1907/2606/265 1762/2607/265 1906/2608/265
f 1906/2608/265 1762/2607/265 1761/2609/265
f 1906/2608/265 1761/2609/265 1760/2610/265
f 1759/2611/265 1444/2612/265 1760/2610/265
f 1760/2610/265 1444/2612/265 1443/2613/266
f 1760/2610/265 1443/2613/266 1906/2608/265
f 1906/2608/265 1443/2613/266 1442/2614/265
f 1906/2608/265 1442/2614/265 1441/2615/265
f 1444/2612/265 1759/2611/265 1445/2616/265
f 1445/2616/265 1759/2611/265 1758/2617/265
f 1445/2616/265 1758/2617/265 1446/2618/265
f 1446/2618/265 1758/2617/265 1757/2619/265
f 1446/2618/265 1757/2619/265 1447/2620/265
f 1447/2620/265 1757/2619/265 1756/2621/265
f 1447/2620/265 1756/2621/265 1448/2622/265
f 1448/2622/265 1756/2621/265 1449/2623/265
f 1449/2623/265 1756/2621/265 1450/2624/265
f 1450/2624/265 1756/2621/265 1813/2625/265
f 1450/2624/265 1813/2625/265 1451/2626/265
f 1451/2626/265 1813/2625/265 1452/2627/265
f 1452/2627/265 1813/2625/265 1453/2628/265
f 1453/2628/265 1813/2625/265 1870/2629/265
f 1453/2628/265 1870/2629/265 1454/2630/265
f 1454/2630/265 1870/2629/265 1905/2631/265
f 1454/2630/265 1905/2631/265 1455/2632/265
f 1455/2632/265 1905/2631/265 1456/2633/266
f 1456/2633/266 1905/2631/265 1457/2634/265
f 1457/2634/265 1905/2631/265 1458/2635/1407
f 1458/2635/1407 1905/2631/265 1437/2636/265
f 1437/2636/265 1905/2631/265 1906/2608/265
f 1437/2636/265 1906/2608/265 1438/2637/265
f 1438/2637/265 1906/2608/265 1439/2638/266
f 1439/2638/266 1906/2608/265 1440/2639/266
f 1440/2639/266 1906/2608/265 1441/2615/265
f 1870/2629/265 1869/2640/265 1905/2631/265
f 1905/2631/265 1869/2640/265 1868/2641/265
f 1905/2631/265 1868/2641/265 1867/2642/265
f 1867/2642/265 1866/2643/265 1905/2631/265
f 1905/2631/265 1866/2643/265 1865/2644/265
f 1905/2631/265 1865/2644/265 1904/2645/265
f 1904/2645/265 1865/2644/265 1864/2646/265
f 1904/2645/265 1864/2646/265 1903/2647/265
f 1903/2647/265 1864/2646/265 1902/2648/266
f 1902/2648/266 1864/2646/265 1863/2649/265
f 1902/2648/266 1863/2649/265 1901/2650/265
f 1901/2650/265 1863/2649/265 1862/2651/265
f 1901/2650/265 1862/2651/265 1900/2652/265
f 1900/2652/265 1862/2651/265 1861/2653/265
f 1900/2652/265 1861/2653/265 1899/2654/265
f 1899/2654/265 1861/2653/265 1860/2655/265
f 1899/2654/265 1860/2655/265 1898/2656/265
f 1898/2656/265 1860/2655/265 1859/2657/265
f 1898/2656/265 1859/2657/265 1897/2658/265
f 1897/2658/265 1859/2657/265 1858/2659/265
f 1897/2658/265 1858/2659/265 1896/2660/265
f 1896/2660/265 1858/2659/265 1857/2661/265
f 1896/2660/265 1857/2661/265 1856/2662/265
f 1896/2660/265 1856/2662/265 1895/2663/265
f 1895/2663/265 1856/2662/265 1855/2664/265
f 1895/2663/265 1855/2664/265 1894/2665/265
f 1894/2665/265 1855/2664/265 1854/2666/265
f 1894/2665/265 1854/2666/265 1893/2667/265
f 1893/2667/265 1854/2666/265 1853/2668/265
f 1893/2667/265 1853/2668/265 1892/2669/265
f 1892/2669/265 1853/2668/265 1852/2670/265
f 1892/2669/265 1852/2670/265 1891/2671/265
f 1891/2671/265 1852/2670/265 1851/2672/265
f 1891/2671/265 1851/2672/265 1890/2673/265
f 1890/2673/265 1851/2672/265 1850/2674/265
f 1890/2673/265 1850/2674/265 1889/2675/265
f 1889/2675/265 1850/2674/265 1888/2676/265
f 1888/2676/265 1850/2674/265 1849/2677/265
f 1888/2676/265 1849/2677/265 1887/2678/265
f 1887/2678/265 1849/2677/265 1848/2679/265
f 1887/2678/265 1848/2679/265 1847/2680/265
f 1847/2680/265 1846/2681/265 1887/2678/265
f 1887/2678/265 1846/2681/265 1845/2682/265
f 1887/2678/265 1845/2682/265 1844/2683/265
f 1844/2683/265 1843/2566/265 1887/2678/265
f 1887/2678/265 1843/2566/265 1886/2568/265
f 1755/2567/263 1592/2684/263 1814/2566/263
f 1814/2566/263 1592/2684/263 1591/2685/263
f 1814/2566/263 1591/2685/263 1590/2686/263
f 1812/2569/263 1596/2687/263 1755/2567/263
f 1755/2567/263 1596/2687/263 1595/2688/263
f 1755/2567/263 1595/2688/263 1594/2689/263
f 1596/2687/263 1812/2569/263 1597/2690/263
f 1597/2690/263 1812/2569/263 1811/2570/263
f 1597/2690/263 1811/2570/263 1598/2691/263
f 1598/2691/263 1811/2570/263 1810/2571/263
f 1598/2691/263 1810/2571/263 1599/2692/263
f 1599/2692/263 1810/2571/263 1809/2572/263
f 1599/2692/263 1809/2572/263 1808/2573/263
f 1599/2692/263 1808/2573/263 1600/2693/263
f 1600/2693/263 1808/2573/263 1807/2574/263
f 1600/2693/263 1807/2574/263 1601/2694/263
f 1601/2694/263 1807/2574/263 1806/2576/263
f 1601/2694/263 1806/2576/263 1602/2695/263
f 1602/2695/263 1806/2576/263 1805/2579/263
f 1602/2695/263 1805/2579/263 1603/2696/263
f 1603/2696/263 1805/2579/263 1804/2581/263
f 1603/2696/263 1804/2581/263 1604/2697/263
f 1604/2697/263 1804/2581/263 1803/2583/263
f 1604/2697/263 1803/2583/263 1605/2698/263
f 1605/2698/263 1803/2583/263 1802/2585/263
f 1605/2698/263 1802/2585/263 1606/2699/263
f 1606/2699/263 1802/2585/263 1801/2587/263
f 1606/2699/263 1801/2587/263 1607/2700/263
f 1607/2700/263 1801/2587/263 1800/2589/263
f 1607/2700/263 1800/2589/263 1608/2701/263
f 1608/2701/263 1800/2589/263 1799/2591/263
f 1608/2701/263 1799/2591/263 1609/2702/263
f 1609/2702/263 1799/2591/263 1798/2592/263
f 1609/2702/263 1798/2592/263 1610/2703/263
f 1610/2703/263 1798/2592/263 1797/2594/263
f 1610/2703/263 1797/2594/263 1611/2704/263
f 1611/2704/263 1797/2594/263 1796/2596/263
f 1611/2704/263 1796/2596/263 1612/2705/263
f 1612/2705/263 1796/2596/263 1795/2598/263
f 1612/2705/263 1795/2598/263 1794/2600/263
f 1612/2705/263 1794/2600/263 1613/2706/263
f 1613/2706/263 1794/2600/263 1793/2602/263
f 1613/2706/263 1793/2602/263 1614/2707/263
f 1614/2707/263 1793/2602/263 1792/2604/263
f 1614/2707/263 1792/2604/263 1615/2708/263
f 1615/2708/263 1792/2604/263 1791/2607/263
f 1615/2708/263 1791/2607/263 1616/2709/263
f 1616/2709/263 1791/2607/263 1790/2609/263
f 1616/2709/263 1790/2609/263 1617/2710/263
f 1617/2710/263 1790/2609/263 1789/2610/263
f 1617/2710/263 1789/2610/263 1618/2711/263
f 1618/2711/263 1789/2610/263 1788/2611/263
f 1618/2711/263 1788/2611/263 1619/2712/263
f 1619/2712/263 1788/2611/263 1787/2617/263
f 1619/2712/263 1787/2617/263 1620/2713/263
f 1620/2713/263 1787/2617/263 1786/2619/263
f 1620/2713/263 1786/2619/263 1621/2714/263
f 1621/2714/263 1786/2619/263 1785/2621/263
f 1621/2714/263 1785/2621/263 1622/2715/263
f 1622/2715/263 1785/2621/263 1623/2716/263
f 1623/2716/263 1785/2621/263 1561/2717/263
f 1561/2717/263 1785/2621/263 1842/2625/263
f 1561/2717/263 1842/2625/263 1562/2718/263
f 1562/2718/263 1842/2625/263 1563/2719/263
f 1563/2719/263 1842/2625/263 1564/2720/263
f 1564/2720/263 1842/2625/263 1841/2629/263
f 1564/2720/263 1841/2629/263 1565/2721/263
f 1565/2721/263 1841/2629/263 1840/2640/263
f 1565/2721/263 1840/2640/263 1566/2722/263
f 1566/2722/263 1840/2640/263 1839/2641/263
f 1566/2722/263 1839/2641/263 1567/2723/263
f 1567/2723/263 1839/2641/263 1838/2642/263
f 1567/2723/263 1838/2642/263 1568/2724/263
f 1568/2724/263 1838/2642/263 1837/2643/263
f 1568/2724/263 1837/2643/263 1569/2725/263
f 1569/2725/263 1837/2643/263 1836/2644/263
f 1569/2725/263 1836/2644/263 1570/2726/263
f 1570/2726/263 1836/2644/263 1835/2646/263
f 1570/2726/263 1835/2646/263 1571/2727/263
f 1571/2727/263 1835/2646/263 1834/2649/263
f 1571/2727/263 1834/2649/263 1572/2728/263
f 1572/2728/263 1834/2649/263 1833/2651/263
f 1572/2728/263 1833/2651/263 1573/2729/263
f 1573/2729/263 1833/2651/263 1832/2653/263
f 1573/2729/263 1832/2653/263 1831/2655/263
f 1573/2729/263 1831/2655/263 1574/2730/263
f 1574/2730/263 1831/2655/263 1830/2657/263
f 1574/2730/263 1830/2657/263 1575/2731/263
f 1575/2731/263 1830/2657/263 1829/2659/263
f 1575/2731/263 1829/2659/263 1576/2732/263
f 1576/2732/263 1829/2659/263 1828/2661/263
f 1576/2732/263 1828/2661/263 1577/2733/263
f 1577/2733/263 1828/2661/263 1827/2662/263
f 1577/2733/263 1827/2662/263 1578/2734/263
f 1578/2734/263 1827/2662/263 1826/2664/263
f 1578/2734/263 1826/2664/263 1579/2735/263
f 1579/2735/263 1826/2664/263 1825/2666/263
f 1579/2735/263 1825/2666/263 1580/2736/263
f 1580/2736/263 1825/2666/263 1824/2668/263
f 1580/2736/263 1824/2668/263 1581/2737/263
f 1581/2737/263 1824/2668/263 1823/2670/263
f 1581/2737/263 1823/2670/263 1582/2738/263
f 1582/2738/263 1823/2670/263 1822/2672/263
f 1582/2738/263 1822/2672/263 1583/2739/263
f 1583/2739/263 1822/2672/263 1821/2674/263
f 1583/2739/263 1821/2674/263 1584/2740/263
f 1584/2740/263 1821/2674/263 1820/2677/263
f 1584/2740/263 1820/2677/263 1585/2741/263
f 1585/2741/263 1820/2677/263 1819/2679/263
f 1585/2741/263 1819/2679/263 1586/2742/263
f 1586/2742/263 1819/2679/263 1818/2680/263
f 1586/2742/263 1818/2680/263 1817/2681/263
f 1586/2742/263 1817/2681/263 1587/2743/263
f 1587/2743/263 1817/2681/263 1816/2682/263
f 1587/2743/263 1816/2682/263 1588/2744/263
f 1588/2744/263 1816/2682/263 1815/2683/263
f 1588/2744/263 1815/2683/263 1589/2745/263
f 1589/2745/263 1815/2683/263 1814/2566/263
f 1589/2745/263 1814/2566/263 1590/2686/263
f 1594/2689/263 1593/2746/263 1755/2567/263
f 1755/2567/263 1593/2746/263 1592/2684/263
f 1686/2718/263 1930/2747/263 1624/2717/263
f 1624/2717/263 1930/2747/263 1931/2748/263
f 1624/2717/263 1931/2748/263 1625/2716/263
f 1625/2716/263 1931/2748/263 1626/2715/263
f 1626/2715/263 1931/2748/263 1627/2714/263
f 1627/2714/263 1931/2748/263 1628/2713/263
f 1628/2713/263 1931/2748/263 1629/2712/263
f 1629/2712/263 1931/2748/263 1630/2711/263
f 1630/2711/263 1931/2748/263 1631/2710/263
f 1631/2710/263 1931/2748/263 1932/2749/263
f 1631/2710/263 1932/2749/263 1632/2709/263
f 1632/2709/263 1932/2749/263 1933/2750/263
f 1632/2709/263 1933/2750/263 1633/2708/263
f 1633/2708/263 1933/2750/263 1934/2751/263
f 1633/2708/263 1934/2751/263 1634/2707/263
f 1634/2707/263 1934/2751/263 1935/2752/263
f 1634/2707/263 1935/2752/263 1635/2706/263
f 1635/2706/263 1935/2752/263 1936/2753/263
f 1635/2706/263 1936/2753/263 1636/2705/263
f 1636/2705/263 1936/2753/263 1937/2754/263
f 1636/2705/263 1937/2754/263 1637/2704/263
f 1637/2704/263 1937/2754/263 1938/2755/263
f 1637/2704/263 1938/2755/263 1638/2703/263
f 1638/2703/263 1938/2755/263 1939/2756/263
f 1638/2703/263 1939/2756/263 1639/2702/263
f 1639/2702/263 1939/2756/263 1940/2757/263
f 1639/2702/263 1940/2757/263 1941/2758/263
f 1686/2718/263 1685/2719/263 1930/2747/263
f 1930/2747/263 1685/2719/263 1684/2720/263
f 1930/2747/263 1684/2720/263 1683/2721/263
f 1683/2721/263 1682/2722/263 1930/2747/263
f 1930/2747/263 1682/2722/263 1681/2723/263
f 1930/2747/263 1681/2723/263 1680/2724/263
f 1930/2747/263 1680/2724/263 1929/2759/263
f 1929/2759/263 1680/2724/263 1679/2725/263
f 1929/2759/263 1679/2725/263 1928/2760/263
f 1928/2760/263 1679/2725/263 1678/2726/263
f 1928/2760/263 1678/2726/263 1927/2761/263
f 1927/2761/263 1678/2726/263 1677/2727/263
f 1927/2761/263 1677/2727/263 1926/2762/263
f 1926/2762/263 1677/2727/263 1676/2728/263
f 1926/2762/263 1676/2728/263 1925/2763/263
f 1925/2763/263 1676/2728/263 1675/2729/263
f 1925/2763/263 1675/2729/263 1924/2764/263
f 1924/2764/263 1675/2729/263 1674/2730/263
f 1924/2764/263 1674/2730/263 1923/2765/262
f 1923/2765/262 1674/2730/263 1673/2731/263
f 1923/2765/262 1673/2731/263 1922/2766/263
f 1922/2766/263 1673/2731/263 1672/2732/263
f 1922/2766/263 1672/2732/263 1921/2767/263
f 1921/2767/263 1672/2732/263 1920/2768/263
f 1920/2768/263 1672/2732/263 1671/2733/263
f 1920/2768/263 1671/2733/263 1919/2769/263
f 1919/2769/263 1671/2733/263 1670/2734/263
f 1919/2769/263 1670/2734/263 1918/2770/263
f 1918/2770/263 1670/2734/263 1669/2735/263
f 1918/2770/263 1669/2735/263 1917/2771/263
f 1917/2771/263 1669/2735/263 1668/2736/263
f 1917/2771/263 1668/2736/263 1916/2772/263
f 1916/2772/263 1668/2736/263 1667/2737/263
f 1916/2772/263 1667/2737/263 1915/2773/263
f 1915/2773/263 1667/2737/263 1914/2774/263
f 1914/2774/263 1667/2737/263 1666/2738/263
f 1914/2774/263 1666/2738/263 1913/2775/263
f 1913/2775/263 1666/2738/263 1665/2739/263
f 1913/2775/263 1665/2739/263 1912/2776/263
f 1912/2776/263 1665/2739/263 1664/2740/263
f 1912/2776/263 1664/2740/263 1911/2777/263
f 1911/2777/263 1664/2740/263 1663/2741/263
f 1911/2777/263 1663/2741/263 1662/2742/263
f 1911/2777/263 1662/2742/263 1910/2778/263
f 1910/2778/263 1662/2742/263 1661/2743/263
f 1910/2778/263 1661/2743/263 1660/2744/263
f 1660/2744/263 1659/2745/263 1910/2778/263
f 1910/2778/263 1659/2745/263 1464/2779/263
f 1910/2778/263 1464/2779/263 1463/2780/263
f 1659/2745/263 1658/2686/263 1464/2779/263
f 1464/2779/263 1658/2686/263 1465/2781/263
f 1465/2781/263 1658/2686/263 1657/2685/263
f 1465/2781/263 1657/2685/263 1466/2782/262
f 1466/2782/262 1657/2685/263 1656/2684/263
f 1466/2782/262 1656/2684/263 1655/2746/263
f 1654/2689/263 1468/2783/263 1655/2746/263
f 1655/2746/263 1468/2783/263 1467/2784/263
f 1655/2746/263 1467/2784/263 1466/2782/262
f 1468/2783/263 1654/2689/263 1469/2785/263
f 1469/2785/263 1654/2689/263 1653/2688/263
f 1469/2785/263 1653/2688/263 1470/2786/263
f 1470/2786/263 1653/2688/263 1652/2687/263
f 1470/2786/263 1652/2687/263 1471/2787/263
f 1471/2787/263 1652/2687/263 1472/2788/263
f 1472/2788/263 1652/2687/263 1651/2690/263
f 1472/2788/263 1651/2690/263 1473/2789/263
f 1473/2789/263 1651/2690/263 1650/2691/263
f 1473/2789/263 1650/2691/263 1474/2790/262
f 1474/2790/262 1650/2691/263 1475/2791/263
f 1475/2791/263 1650/2691/263 1649/2692/263
f 1475/2791/263 1649/2692/263 1476/2792/263
f 1476/2792/263 1649/2692/263 1648/2693/263
f 1476/2792/263 1648/2693/263 1477/2793/263
f 1477/2793/263 1648/2693/263 1950/2794/263
f 1477/2793/263 1950/2794/263 1909/2795/263
f 1648/2693/263 1647/2694/263 1950/2794/263
f 1950/2794/263 1647/2694/263 1949/2796/263
f 1949/2796/263 1647/2694/263 1646/2695/263
f 1949/2796/263 1646/2695/263 1948/2797/263
f 1948/2797/263 1646/2695/263 1645/2696/263
f 1948/2797/263 1645/2696/263 1947/2798/263
f 1947/2798/263 1645/2696/263 1644/2697/263
f 1947/2798/263 1644/2697/263 1946/2799/263
f 1946/2799/263 1644/2697/263 1945/2800/263
f 1945/2800/263 1644/2697/263 1643/2698/263
f 1945/2800/263 1643/2698/263 1944/2801/263
f 1944/2801/263 1643/2698/263 1642/2699/263
f 1944/2801/263 1642/2699/263 1943/2802/263
f 1943/2802/263 1642/2699/263 1641/2700/263
f 1943/2802/263 1641/2700/263 1942/2803/263
f 1942/2803/263 1641/2700/263 1640/2701/263
f 1942/2803/263 1640/2701/263 1941/2758/263
f 1941/2758/263 1640/2701/263 1639/2702/263
f 1460/2804/263 1459/2805/263 1909/2795/263
f 1909/2795/263 1459/2805/263 1480/2806/263
f 1909/2795/263 1480/2806/263 1479/2807/263
f 1479/2807/263 1478/2808/263 1909/2795/263
f 1909/2795/263 1478/2808/263 1477/2793/263
f 1463/2780/263 1462/2809/262 1910/2778/263
f 1910/2778/263 1462/2809/262 1461/2810/263
f 1910/2778/263 1461/2810/263 1460/2804/263
f 1910/2778/263 1460/2804/263 1909/2795/263
f 1951/2811/1408 1952/2812/1215 1990/2813/1409
f 1990/2813/1409 1952/2812/1215 1953/2814/1409
f 1990/2813/1409 1953/2814/1409 1989/2815/1410
f 1989/2815/1410 1953/2814/1409 1954/2816/1410
f 1989/2815/1410 1954/2816/1410 1988/2817/1411
f 1988/2817/1411 1954/2816/1410 1955/2818/1411
f 1988/2817/1411 1955/2818/1411 1987/2819/1412
f 1987/2819/1412 1955/2818/1411 1956/2820/1412
f 1987/2819/1412 1956/2820/1412 1986/2821/1413
f 1986/2821/1413 1956/2820/1412 1957/2822/1413
f 1986/2821/1413 1957/2822/1413 1985/2823/1414
f 1985/2823/1414 1957/2822/1413 1958/2824/1414
f 1985/2823/1414 1958/2824/1414 1984/2825/1415
f 1984/2825/1415 1958/2824/1414 1959/2826/1415
f 1984/2825/1415 1959/2826/1415 1983/2827/1416
f 1983/2827/1416 1959/2826/1415 1960/2828/1416
f 1983/2827/1416 1960/2828/1416 1982/2829/1417
f 1982/2829/1417 1960/2828/1416 1961/2830/1417
f 1982/2829/1417 1961/2830/1417 1981/2831/1418
f 1981/2831/1418 1961/2830/1417 1962/2832/1418
f 1981/2831/1418 1962/2832/1418 1980/2833/1419
f 1980/2833/1419 1962/2832/1418 1963/2834/1419
f 1980/2833/1419 1963/2834/1419 1979/2835/1420
f 1979/2835/1420 1963/2834/1419 1964/2836/1420
f 1979/2835/1420 1964/2836/1420 1978/2837/1421
f 1978/2837/1421 1964/2836/1420 1965/2838/1421
f 1978/2837/1421 1965/2838/1421 1977/2839/1422
f 1977/2839/1422 1965/2838/1421 1966/2840/1422
f 1977/2839/1422 1966/2840/1422 1976/2841/1423
f 1976/2841/1423 1966/2840/1422 1967/2842/1423
f 1976/2841/1423 1967/2842/1423 1975/2843/1424
f 1975/2843/1424 1967/2842/1423 1968/2844/1424
f 1975/2843/1424 1968/2844/1424 1974/2845/1425
f 1974/2845/1425 1968/2844/1424 1969/2846/1425
f 1974/2845/1425 1969/2846/1425 1973/2847/1426
f 1973/2847/1426 1969/2846/1425 1970/2848/1426
f 1973/2847/1426 1970/2848/1426 1972/3/1203
f 1972/3/1203 1970/2848/1426 1971/2849/1203
f 1992/2850/1215 1952/2851/1215 1991/2852/1215
f 1991/2852/1215 1952/2851/1215 1951/3/1408
f 1993/3/1321 1994/2849/1203 2030/2853/1427
f 2030/2853/1427 1994/2849/1203 1995/2854/1427
f 2030/2853/1427 1995/2854/1427 2029/2855/1428
f 2029/2855/1428 1995/2854/1427 1996/2856/1428
f 2029/2855/1428 1996/2856/1428 2028/2857/1429
f 2028/2857/1429 1996/2856/1428 1997/2858/1429
f 2028/2857/1429 1997/2858/1429 2027/2859/1430
f 2027/2859/1430 1997/2858/1429 1998/2860/1430
f 2027/2859/1430 1998/2860/1430 2026/2861/1431
f 2026/2861/1431 1998/2860/1430 1999/2862/1431
f 2026/2861/1431 1999/2862/1431 2025/2863/1432
f 2025/2863/1432 1999/2862/1431 2000/2864/1432
f 2025/2863/1432 2000/2864/1432 2024/2865/1433
f 2024/2865/1433 2000/2864/1432 2001/2866/1433
f 2024/2865/1433 2001/2866/1433 2023/2867/1434
f 2023/2867/1434 2001/2866/1433 2002/2868/1434
f 2023/2867/1434 2002/2868/1434 2022/2869/1435
f 2022/2869/1435 2002/2868/1434 2003/2870/1435
f 2022/2869/1435 2003/2870/1435 2021/2871/1436
f 2021/2871/1436 2003/2870/1435 2004/2872/1436
f 2021/2871/1436 2004/2872/1436 2020/2873/1437
f 2020/2873/1437 2004/2872/1436 2005/2874/1437
f 2020/2873/1437 2005/2874/1437 2019/2875/1438
f 2019/2875/1438 2005/2874/1437 2006/2876/1438
f 2019/2875/1438 2006/2876/1438 2018/2877/1439
f 2018/2877/1439 2006/2876/1438 2007/2878/1439
f 2018/2877/1439 2007/2878/1439 2017/2879/1440
f 2017/2879/1440 2007/2878/1439 2008/2880/1440
f 2017/2879/1440 2008/2880/1440 2016/2881/1441
f 2016/2881/1441 2008/2880/1440 2009/2882/1441
f 2016/2881/1441 2009/2882/1441 2015/2883/1442
f 2015/2883/1442 2009/2882/1441 2010/2884/1442
f 2015/2883/1442 2010/2884/1442 2014/2885/1443
f 2014/2885/1443 2010/2884/1442 2011/2886/1443
f 2014/2885/1443 2011/2886/1443 2013/2887/1444
f 2013/2887/1444 2011/2886/1443 2012/2888/1444
f 2013/2887/1444 2012/2888/1444 1991/2889/1215
f 1991/2889/1215 2012/2888/1444 1992/2890/1215
f 1971/2851/1203 1994/2891/1203 1972/3/1203
f 1972/3/1203 1994/2891/1203 1993/2892/1321
f 1990/2893/1445 1989/2894/263 1951/2895/263
f 1951/2895/263 1989/2894/263 1988/2896/263
f 1951/2895/263 1988/2896/263 1713/2897/263
f 1713/2897/263 1988/2896/263 1987/2898/263
f 1713/2897/263 1987/2898/263 1986/2899/263
f 1986/2899/263 1985/2900/263 1713/2897/263
f 1713/2897/263 1985/2900/263 1714/2901/263
f 1714/2901/263 1985/2900/263 1984/2902/263
f 1714/2901/263 1984/2902/263 1715/2903/263
f 1715/2903/263 1984/2902/263 1983/2904/263
f 1715/2903/263 1983/2904/263 1716/2905/262
f 1716/2905/262 1983/2904/263 1982/2906/263
f 1716/2905/262 1982/2906/263 1717/2907/263
f 1717/2907/263 1982/2906/263 1981/2908/263
f 1717/2907/263 1981/2908/263 1718/2909/263
f 1718/2909/263 1981/2908/263 1980/2910/263
f 1718/2909/263 1980/2910/263 1719/2911/262
f 1719/2911/262 1980/2910/263 1979/2912/263
f 1719/2911/262 1979/2912/263 1720/2913/263
f 1720/2913/263 1979/2912/263 1978/2914/262
f 1720/2913/263 1978/2914/262 1977/2915/263
f 1977/2915/263 1976/2916/263 1720/2913/263
f 1720/2913/263 1976/2916/263 1975/2917/263
f 1720/2913/263 1975/2917/263 1972/2918/263
f 1972/2918/263 1975/2917/263 1974/2919/263
f 1972/2918/263 1974/2919/263 1973/2920/263
f 1993/2921/263 1754/2922/263 1972/2918/263
f 1972/2918/263 1754/2922/263 1705/2923/263
f 1972/2918/263 1705/2923/263 1704/2924/263
f 2030/2925/263 2029/2926/262 1993/2921/263
f 1993/2921/263 2029/2926/262 2028/2927/263
f 1993/2921/263 2028/2927/263 1738/2928/262
f 1738/2928/262 2028/2927/263 2027/2929/263
f 1738/2928/262 2027/2929/263 1739/2930/263
f 1739/2930/263 2027/2929/263 2026/2931/263
f 1739/2930/263 2026/2931/263 2025/2932/263
f 2025/2932/263 2024/2933/263 1739/2930/263
f 1739/2930/263 2024/2933/263 1740/2934/263
f 1740/2934/263 2024/2933/263 2023/2935/263
f 1740/2934/263 2023/2935/263 1741/2936/262
f 1741/2936/262 2023/2935/263 2022/2937/263
f 1741/2936/262 2022/2937/263 1742/2938/263
f 1742/2938/263 2022/2937/263 2021/2939/263
f 1742/2938/263 2021/2939/263 1743/2940/262
f 1743/2940/262 2021/2939/263 2020/2941/263
f 1743/2940/262 2020/2941/263 1744/2942/263
f 1744/2942/263 2020/2941/263 2019/2943/263
f 1744/2942/263 2019/2943/263 1745/2944/263
f 1745/2944/263 2019/2943/263 2018/2945/263
f 1745/2944/263 2018/2945/263 1746/2946/263
f 1746/2946/263 2018/2945/263 2017/2947/263
f 1746/2946/263 2017/2947/263 2016/2948/263
f 2016/2948/263 2015/2949/263 1746/2946/263
f 1746/2946/263 2015/2949/263 1991/2950/263
f 1746/2946/263 1991/2950/263 1747/2951/263
f 1747/2951/263 1991/2950/263 1951/2895/263
f 1747/2951/263 1951/2895/263 1712/2952/263
f 1712/2952/263 1951/2895/263 1713/2897/263
f 2015/2949/263 2014/2953/263 1991/2950/263
f 1991/2950/263 2014/2953/263 2013/2954/1445
f 1704/2924/263 1720/2913/263 1972/2918/263
f 1712/2952/263 1711/2955/263 1747/2951/263
f 1747/2951/263 1711/2955/263 1748/2956/262
f 1748/2956/262 1711/2955/263 1710/2957/263
f 1748/2956/262 1710/2957/263 1749/2958/262
f 1749/2958/262 1710/2957/263 1750/2959/263
f 1750/2959/263 1710/2957/263 1709/2960/262
f 1750/2959/263 1709/2960/262 1751/2961/263
f 1751/2961/263 1709/2960/262 1708/2962/263
f 1751/2961/263 1708/2962/263 1707/2963/263
f 1751/2961/263 1707/2963/263 1752/2964/262
f 1752/2964/262 1707/2963/263 1706/2965/263
f 1752/2964/262 1706/2965/263 1753/2966/263
f 1753/2966/263 1706/2965/263 1754/2922/263
f 1754/2922/263 1706/2965/263 1705/2923/263
f 1738/2928/262 1754/2922/263 1993/2921/263
f 1785/2967/1215 1556/2968/1215 1842/2969/1215
f 1842/2969/1215 1556/2968/1215 1555/2970/1408
f 1842/2969/1215 1555/2970/1408 1554/2971/1446
f 1784/2972/1215 1541/2973/1215 1785/2967/1215
f 1785/2967/1215 1541/2973/1215 1560/2974/1215
f 1785/2967/1215 1560/2974/1215 1559/2975/1215
f 1843/2976/1215 1546/2977/1215 1784/2972/1215
f 1784/2972/1215 1546/2977/1215 1545/2978/1215
f 1784/2972/1215 1545/2978/1215 1544/2979/1446
f 1842/2969/1215 1551/2980/1215 1843/2976/1215
f 1843/2976/1215 1551/2980/1215 1550/2981/1215
f 1843/2976/1215 1550/2981/1215 1549/2982/1215
f 1559/2975/1215 1558/2983/1446 1785/2967/1215
f 1785/2967/1215 1558/2983/1446 1557/2984/1447
f 1785/2967/1215 1557/2984/1447 1556/2968/1215
f 1554/2971/1446 1553/2985/1215 1842/2969/1215
f 1842/2969/1215 1553/2985/1215 1552/2986/1215
f 1842/2969/1215 1552/2986/1215 1551/2980/1215
f 1549/2982/1215 1548/2987/1215 1843/2976/1215
f 1843/2976/1215 1548/2987/1215 1547/2988/1215
f 1843/2976/1215 1547/2988/1215 1546/2977/1215
f 1544/2979/1446 1543/2989/1215 1784/2972/1215
f 1784/2972/1215 1543/2989/1215 1542/2990/1215
f 1784/2972/1215 1542/2990/1215 1541/2973/1215
f 1540/2991/1215 1532/2992/1215 1521/2993/1215
f 1521/2993/1215 1532/2992/1215 1531/2994/1215
f 1521/2993/1215 1531/2994/1215 1522/2995/1215
f 1522/2995/1215 1531/2994/1215 1530/2996/1215
f 1522/2995/1215 1530/2996/1215 1523/2997/1215
f 1523/2997/1215 1530/2996/1215 1529/2998/1215
f 1523/2997/1215 1529/2998/1215 1524/2999/1215
f 1524/2999/1215 1529/2998/1215 1528/3000/1215
f 1524/2999/1215 1528/3000/1215 1525/3001/1448
f 1525/3001/1448 1528/3000/1215 1527/3002/1215
f 1525/3001/1448 1527/3002/1215 1526/3003/1448
f 1532/2992/1215 1540/2991/1215 1533/3004/1446
f 1533/3004/1446 1540/2991/1215 1539/3005/1215
f 1533/3004/1446 1539/3005/1215 1534/3006/1215
f 1534/3006/1215 1539/3005/1215 1538/3007/1215
f 1534/3006/1215 1538/3007/1215 1535/3008/1215
f 1535/3008/1215 1538/3007/1215 1537/3009/1215
f 1535/3008/1215 1537/3009/1215 1536/3010/1215
f 1813/3011/1203 1501/3012/1203 1814/3013/1203
f 1814/3013/1203 1501/3012/1203 1520/3014/1203
f 1814/3013/1203 1520/3014/1203 1519/3015/1203
f 1756/2972/1203 1506/3016/1203 1813/3011/1203
f 1813/3011/1203 1506/3016/1203 1505/3017/1203
f 1813/3011/1203 1505/3017/1203 1504/3018/1203
f 1755/2967/1203 1511/3019/1203 1756/2972/1203
f 1756/2972/1203 1511/3019/1203 1510/3020/1203
f 1756/2972/1203 1510/3020/1203 1509/3021/1203
f 1814/3013/1203 1516/3022/1203 1755/2967/1203
f 1755/2967/1203 1516/3022/1203 1515/3023/1449
f 1755/2967/1203 1515/3023/1449 1514/3024/1203
f 1519/3015/1203 1518/3025/1203 1814/3013/1203
f 1814/3013/1203 1518/3025/1203 1517/3026/1449
f 1814/3013/1203 1517/3026/1449 1516/3022/1203
f 1514/3024/1203 1513/3027/1203 1755/2967/1203
f 1755/2967/1203 1513/3027/1203 1512/3028/1203
f 1755/2967/1203 1512/3028/1203 1511/3019/1203
f 1509/3021/1203 1508/3029/1203 1756/2972/1203
f 1756/2972/1203 1508/3029/1203 1507/3030/1203
f 1756/2972/1203 1507/3030/1203 1506/3016/1203
f 1504/3018/1203 1503/3031/1203 1813/3011/1203
f 1813/3011/1203 1503/3031/1203 1502/3032/1203
f 1813/3011/1203 1502/3032/1203 1501/3012/1203
f 1500/2996/1203 1492/2995/1203 1481/2994/1203
f 1481/2994/1203 1492/2995/1203 1491/2993/1203
f 1481/2994/1203 1491/2993/1203 1482/2992/1203
f 1482/2992/1203 1491/2993/1203 1490/2991/1203
f 1482/2992/1203 1490/2991/1203 1483/3004/1203
f 1483/3004/1203 1490/2991/1203 1489/3005/1203
f 1483/3004/1203 1489/3005/1203 1484/3006/1203
f 1484/3006/1203 1489/3005/1203 1488/3007/1449
f 1484/3006/1203 1488/3007/1449 1485/3008/1203
f 1485/3008/1203 1488/3007/1449 1487/3009/1203
f 1485/3008/1203 1487/3009/1203 1486/3010/1203
f 1492/2995/1203 1500/2996/1203 1493/2997/1203
f 1493/2997/1203 1500/2996/1203 1499/2998/1203
f 1493/2997/1203 1499/2998/1203 1494/2999/1449
f 1494/2999/1449 1499/2998/1203 1498/3000/1203
f 1494/2999/1449 1498/3000/1203 1495/3001/1449
f 1495/3001/1449 1498/3000/1203 1497/3002/1203
f 1495/3001/1449 1497/3002/1203 1496/3003/1450
f 2068/2577/1451 2031/2578/266 2066/2568/265
f 2066/2568/265 2031/2578/266 2032/2580/265
f 2066/2568/265 2032/2580/265 1687/3033/265
f 1687/3033/265 2032/2580/265 2033/2582/265
f 1687/3033/265 2033/2582/265 1688/3034/265
f 1688/3034/265 2033/2582/265 2034/2584/265
f 1688/3034/265 2034/2584/265 2035/2586/265
f 1688/3034/265 2035/2586/265 1689/3035/266
f 1689/3035/266 2035/2586/265 2036/2588/265
f 1689/3035/266 2036/2588/265 1690/3036/265
f 1690/3036/265 2036/2588/265 1691/3037/265
f 1691/3037/265 2036/2588/265 2037/2590/265
f 1691/3037/265 2037/2590/265 1692/3038/265
f 1692/3038/265 2037/2590/265 2038/2593/265
f 1692/3038/265 2038/2593/265 1693/3039/265
f 1693/3039/265 2038/2593/265 2039/2595/265
f 1693/3039/265 2039/2595/265 1694/3040/265
f 1694/3040/265 2039/2595/265 2040/2597/265
f 1694/3040/265 2040/2597/265 1695/3041/265
f 1695/3041/265 2040/2597/265 2041/2599/265
f 1695/3041/265 2041/2599/265 2042/2601/265
f 1695/3041/265 2042/2601/265 2046/2608/265
f 2046/2608/265 2042/2601/265 2043/2603/749
f 2046/2608/265 2043/2603/749 2044/2605/265
f 2044/2605/265 2045/2606/747 2046/2608/265
f 2047/2631/265 1729/3042/265 2046/2608/265
f 2046/2608/265 1729/3042/265 1696/3043/265
f 2046/2608/265 1696/3043/265 1695/3041/265
f 2048/2645/1451 2049/2647/1452 2047/2631/265
f 2047/2631/265 2049/2647/1452 2050/2648/265
f 2047/2631/265 2050/2648/265 2051/2650/265
f 2047/2631/265 2051/2650/265 1730/3044/265
f 1730/3044/265 2051/2650/265 2052/2652/265
f 1730/3044/265 2052/2652/265 2053/2654/265
f 1730/3044/265 2053/2654/265 1731/3045/265
f 1731/3045/265 2053/2654/265 2054/2656/265
f 1731/3045/265 2054/2656/265 1732/3046/265
f 1732/3046/265 2054/2656/265 2055/2658/265
f 1732/3046/265 2055/2658/265 1733/3047/265
f 1733/3047/265 2055/2658/265 2056/2660/265
f 1733/3047/265 2056/2660/265 1734/3048/265
f 1734/3048/265 2056/2660/265 2057/2663/265
f 1734/3048/265 2057/2663/265 1735/3049/266
f 1735/3049/266 2057/2663/265 1736/3050/265
f 1736/3050/265 2057/2663/265 2058/2665/265
f 1736/3050/265 2058/2665/265 1737/3051/265
f 1737/3051/265 2058/2665/265 2059/2667/265
f 1737/3051/265 2059/2667/265 2060/2669/265
f 1737/3051/265 2060/2669/265 1721/3052/265
f 1721/3052/265 2060/2669/265 2061/2671/265
f 1721/3052/265 2061/2671/265 2065/2678/266
f 2065/2678/266 2061/2671/265 2062/2673/266
f 2065/2678/266 2062/2673/266 2063/2675/266
f 2063/2675/266 2064/2676/1453 2065/2678/266
f 2065/2678/266 2066/2568/265 1721/3052/265
f 1721/3052/265 2066/2568/265 1687/3033/265
f 1721/3052/265 1687/3033/265 1703/3053/266
f 2066/2568/265 2067/2575/1451 2068/2577/1451
f 1721/3052/265 1703/3053/266 1722/3054/265
f 1722/3054/265 1703/3053/266 1702/3055/265
f 1722/3054/265 1702/3055/265 1723/3056/265
f 1723/3056/265 1702/3055/265 1724/3057/266
f 1724/3057/266 1702/3055/265 1701/3058/265
f 1724/3057/266 1701/3058/265 1725/3059/265
f 1725/3059/265 1701/3058/265 1700/3060/265
f 1725/3059/265 1700/3060/265 1699/3061/265
f 1725/3059/265 1699/3061/265 1726/3062/265
f 1726/3062/265 1699/3061/265 1698/3063/265
f 1726/3062/265 1698/3063/265 1727/3064/266
f 1727/3064/266 1698/3063/265 1728/3065/1407
f 1728/3065/1407 1698/3063/265 1697/3066/265
f 1728/3065/1407 1697/3066/265 1729/3042/265
f 1729/3042/265 1697/3066/265 1696/3043/265
f 1730/3044/265 1729/3042/265 2047/2631/265
f 1883/3067/1454 1882/3068/1455 2031/3069/1456
f 2031/3069/1456 1882/3068/1455 2032/3070/1455
f 2032/3070/1455 1882/3068/1455 1881/3071/1457
f 2032/3070/1455 1881/3071/1457 2033/3072/1458
f 2033/3072/1458 1881/3071/1457 1880/3073/1459
f 2033/3072/1458 1880/3073/1459 2034/3074/1459
f 2034/3074/1459 1880/3073/1459 1879/3075/1460
f 2034/3074/1459 1879/3075/1460 2035/3076/1460
f 2035/3076/1460 1879/3075/1460 1878/3077/1461
f 2035/3076/1460 1878/3077/1461 2036/3078/1461
f 2036/3078/1461 1878/3077/1461 2037/3079/1241
f 2037/3079/1241 1878/3077/1461 1877/3080/1241
f 2037/3079/1241 1877/3080/1241 2038/3081/1462
f 2038/3081/1462 1877/3080/1241 1876/3082/1462
f 2038/3081/1462 1876/3082/1462 1875/3083/1463
f 2038/3081/1462 1875/3083/1463 2039/3084/1463
f 2039/3084/1463 1875/3083/1463 1874/3085/1464
f 2039/3084/1463 1874/3085/1464 2040/3086/1464
f 2040/3086/1464 1874/3085/1464 1873/3087/1465
f 2040/3086/1464 1873/3087/1465 2041/3088/1465
f 2041/3088/1465 1873/3087/1465 1872/3089/1466
f 2041/3088/1465 1872/3089/1466 2042/3090/1466
f 2042/3090/1466 1872/3089/1466 1871/3091/1467
f 2042/3090/1466 1871/3091/1467 2043/3092/1467
f 2066/3093/1203 2065/3094/1203 1886/3095/1321
f 1886/3095/1321 2065/3094/1203 1887/3096/1321
f 2062/3097/1468 2061/3098/1469 1890/3099/1468
f 1890/3099/1468 2061/3098/1469 1891/3100/1469
f 1891/3100/1469 2061/3098/1469 2060/3101/1470
f 1891/3100/1469 2060/3101/1470 1892/3102/1470
f 1892/3102/1470 2060/3101/1470 2059/3103/1471
f 1892/3102/1470 2059/3103/1471 1893/3104/1471
f 1893/3104/1471 2059/3103/1471 2058/3105/1472
f 1893/3104/1471 2058/3105/1472 1894/3106/1472
f 1894/3106/1472 2058/3105/1472 2057/3107/1473
f 1894/3106/1472 2057/3107/1473 1895/3108/1473
f 1895/3108/1473 2057/3107/1473 1896/3109/1231
f 1896/3109/1231 2057/3107/1473 2056/3110/1231
f 1896/3109/1231 2056/3110/1231 1897/3111/1474
f 1897/3111/1474 2056/3110/1231 2055/3112/1474
f 1897/3111/1474 2055/3112/1474 2054/3113/1475
f 1897/3111/1474 2054/3113/1475 1898/3114/1475
f 1898/3114/1475 2054/3113/1475 2053/3115/1476
f 1898/3114/1475 2053/3115/1476 1899/3116/1476
f 1899/3116/1476 2053/3115/1476 2052/3117/1477
f 1899/3116/1476 2052/3117/1477 1900/3118/1477
f 1900/3118/1477 2052/3117/1477 2051/3119/1478
f 1900/3118/1477 2051/3119/1478 1901/3120/1478
f 1901/3120/1478 2051/3119/1478 2050/3121/1479
f 1901/3120/1478 2050/3121/1479 1902/3122/1480
f 2047/3123/1215 2046/3124/1481 1905/3125/1215
f 1905/3125/1215 2046/3124/1481 1906/3126/1215
f 2046/3/1481 2045/3127/1482 1906/3128/1215
f 1906/3128/1215 2045/3127/1482 1907/3129/1482
f 1907/3129/1482 2045/3127/1482 2044/3130/1483
f 1907/3129/1482 2044/3130/1483 1908/3131/1483
f 1908/3131/1483 2044/3130/1483 2043/3132/1467
f 1908/3131/1483 2043/3132/1467 1871/3133/1467
f 2050/3134/1479 2049/3135/1484 1902/3136/1480
f 1902/3136/1480 2049/3135/1484 1903/3137/1484
f 1903/3137/1484 2049/3135/1484 2048/3138/1485
f 1903/3137/1484 2048/3138/1485 1904/3139/1486
f 1904/3139/1486 2048/3138/1485 2047/3/1215
f 1904/3139/1486 2047/3/1215 1905/3140/1215
f 1887/3141/1321 2065/3142/1203 1888/3143/1487
f 1888/3143/1487 2065/3142/1203 2064/3144/1487
f 1888/3143/1487 2064/3144/1487 2063/3145/1488
f 1888/3143/1487 2063/3145/1488 1889/3146/1488
f 1889/3146/1488 2063/3145/1488 2062/3147/1468
f 1889/3146/1488 2062/3147/1468 1890/3148/1468
f 2031/3149/1456 2068/3150/1489 1883/3151/1454
f 1883/3151/1454 2068/3150/1489 1884/3152/1489
f 1884/3152/1489 2068/3150/1489 2067/3153/1490
f 1884/3152/1489 2067/3153/1490 1885/3154/1491
f 1885/3154/1491 2067/3153/1490 1886/3155/1321
f 1886/3155/1321 2067/3153/1490 2066/3156/1203
f 1909/3157/1492 1950/3158/1493 1952/3159/1492
f 1952/3159/1492 1950/3158/1493 1953/3160/1494
f 1953/3160/1494 1950/3158/1493 1949/3161/1495
f 1953/3160/1494 1949/3161/1495 1954/3162/1496
f 1954/3162/1496 1949/3161/1495 1948/3163/1497
f 1954/3162/1496 1948/3163/1497 1955/3164/1498
f 1955/3164/1498 1948/3163/1497 1947/3165/1499
f 1955/3164/1498 1947/3165/1499 1956/3166/1500
f 1956/3166/1500 1947/3165/1499 1946/3167/1501
f 1956/3166/1500 1946/3167/1501 1957/3168/1502
f 1957/3168/1502 1946/3167/1501 1945/3169/1503
f 1957/3168/1502 1945/3169/1503 1958/3170/1504
f 1958/3170/1504 1945/3169/1503 1944/3171/1505
f 1958/3170/1504 1944/3171/1505 1959/3172/1506
f 1959/3172/1506 1944/3171/1505 1943/3173/1507
f 1959/3172/1506 1943/3173/1507 1960/3174/1508
f 1960/3174/1508 1943/3173/1507 1942/3175/1509
f 1960/3174/1508 1942/3175/1509 1961/3176/1510
f 1961/3176/1510 1942/3175/1509 1941/3177/1511
f 1961/3176/1510 1941/3177/1511 1962/3178/1512
f 1962/3178/1512 1941/3177/1511 1940/3179/1513
f 1962/3178/1512 1940/3179/1513 1963/3180/1514
f 1963/3180/1514 1940/3179/1513 1939/3181/1515
f 1963/3180/1514 1939/3181/1515 1964/3182/1516
f 1964/3182/1516 1939/3181/1515 1938/3183/1517
f 1964/3182/1516 1938/3183/1517 1965/3184/1518
f 1965/3184/1518 1938/3183/1517 1937/3185/1519
f 1965/3184/1518 1937/3185/1519 1966/3186/1520
f 1966/3186/1520 1937/3185/1519 1936/3187/1521
f 1966/3186/1520 1936/3187/1521 1967/3188/1522
f 1967/3188/1522 1936/3187/1521 1935/3189/1523
f 1967/3188/1522 1935/3189/1523 1968/3190/1524
f 1968/3190/1524 1935/3189/1523 1934/3191/1525
f 1968/3190/1524 1934/3191/1525 1969/3192/1526
f 1969/3192/1526 1934/3191/1525 1933/3193/1527
f 1969/3192/1526 1933/3193/1527 1970/3194/1528
f 1970/3194/1528 1933/3193/1527 1932/3195/1529
f 1970/3194/1528 1932/3195/1529 1971/3/1530
f 1971/3/1530 1932/3195/1529 1931/3196/1530
f 1931/3197/1530 1930/3198/1531 1971/3/1530
f 1971/3/1530 1930/3198/1531 1994/3199/1531
f 1952/3/1492 1992/2892/1492 1909/3197/1492
f 1909/3197/1492 1992/2892/1492 1910/3200/1532
f 1930/3196/1531 1929/3201/1533 1994/3/1531
f 1994/3/1531 1929/3201/1533 1995/3202/1534
f 1995/3202/1534 1929/3201/1533 1928/3203/1535
f 1995/3202/1534 1928/3203/1535 1996/3204/1536
f 1996/3204/1536 1928/3203/1535 1927/3205/1537
f 1996/3204/1536 1927/3205/1537 1997/3206/1538
f 1997/3206/1538 1927/3205/1537 1926/3207/1539
f 1997/3206/1538 1926/3207/1539 1998/3208/1540
f 1998/3208/1540 1926/3207/1539 1925/3209/1541
f 1998/3208/1540 1925/3209/1541 1999/3210/1542
f 1999/3210/1542 1925/3209/1541 1924/3211/1543
f 1999/3210/1542 1924/3211/1543 2000/3212/1544
f 2000/3212/1544 1924/3211/1543 1923/3213/1545
f 2000/3212/1544 1923/3213/1545 2001/3214/1546
f 2001/3214/1546 1923/3213/1545 1922/3215/1547
f 2001/3214/1546 1922/3215/1547 2002/3216/1548
f 2002/3216/1548 1922/3215/1547 1921/3217/1549
f 2002/3216/1548 1921/3217/1549 2003/3218/1550
f 2003/3218/1550 1921/3217/1549 1920/3219/1551
f 2003/3218/1550 1920/3219/1551 2004/3220/1552
f 2004/3220/1552 1920/3219/1551 1919/3221/1553
f 2004/3220/1552 1919/3221/1553 2005/3222/1554
f 2005/3222/1554 1919/3221/1553 1918/3223/1555
f 2005/3222/1554 1918/3223/1555 2006/3224/1556
f 2006/3224/1556 1918/3223/1555 1917/3225/1557
f 2006/3224/1556 1917/3225/1557 2007/3226/1558
f 2007/3226/1558 1917/3225/1557 1916/3227/1559
f 2007/3226/1558 1916/3227/1559 2008/3228/1560
f 2008/3228/1560 1916/3227/1559 1915/3229/1561
f 2008/3228/1560 1915/3229/1561 2009/3230/1562
f 2009/3230/1562 1915/3229/1561 1914/3231/1563
f 2009/3230/1562 1914/3231/1563 2010/3232/1564
f 2010/3232/1564 1914/3231/1563 1913/3233/1565
f 2010/3232/1564 1913/3233/1565 2011/3234/1566
f 2011/3234/1566 1913/3233/1565 1912/3235/1567
f 2011/3234/1566 1912/3235/1567 2012/3236/1568
f 2012/3236/1568 1912/3235/1567 1911/3237/1569
f 2012/3236/1568 1911/3237/1569 1992/3238/1492
f 1992/3238/1492 1911/3237/1569 1910/3239/1532
f 2070/3240/1298 2089/3241/1298 2069/3242/1241
f 2069/3242/1241 2089/3241/1298 2090/3243/1241
f 2069/3242/1241 2090/3243/1241 2080/3244/1570
f 2080/3244/1570 2090/3243/1241 2091/3245/1570
f 2080/3244/1570 2091/3245/1570 2079/3246/1571
f 2079/3246/1571 2091/3245/1570 2092/3247/1571
f 2079/3246/1571 2092/3247/1571 2078/3248/1215
f 2078/3248/1215 2092/3247/1571 2081/3249/1408
f 2078/3248/1215 2081/3249/1408 2077/3250/1572
f 2077/3250/1572 2081/3249/1408 2082/3251/1572
f 2077/3250/1572 2082/3251/1572 2076/3252/1573
f 2076/3252/1573 2082/3251/1572 2083/3253/1574
f 2076/3252/1573 2083/3253/1574 2075/3254/1231
f 2075/3254/1231 2083/3253/1574 2084/3255/1231
f 2075/3256/1231 2084/3257/1231 2074/3258/1275
f 2074/3258/1275 2084/3257/1231 2085/3259/1275
f 2074/3258/1275 2085/3259/1275 2073/3260/1575
f 2073/3260/1575 2085/3259/1275 2086/3261/1575
f 2073/3260/1575 2086/3261/1575 2072/3262/1203
f 2072/3262/1203 2086/3261/1575 2087/3263/1203
f 2072/3262/1203 2087/3263/1203 2071/3264/1576
f 2071/3264/1576 2087/3263/1203 2088/3265/1576
f 2071/3264/1576 2088/3265/1576 2070/3240/1298
f 2070/3240/1298 2088/3265/1576 2089/3241/1298
f 2094/3240/1299 2107/3241/1299 2093/3242/1241
f 2093/3242/1241 2107/3241/1299 2108/3243/1241
f 2093/3242/1241 2108/3243/1241 2104/3244/1570
f 2104/3244/1570 2108/3243/1241 2109/3245/1570
f 2104/3244/1570 2109/3245/1570 2103/3246/1571
f 2103/3246/1571 2109/3245/1570 2110/3247/1571
f 2103/3246/1571 2110/3247/1571 2102/3248/1215
f 2102/3248/1215 2110/3247/1571 2111/3249/1408
f 2102/3248/1215 2111/3249/1408 2101/3250/1572
f 2101/3250/1572 2111/3249/1408 2112/3251/1572
f 2101/3250/1572 2112/3251/1572 2100/3252/1574
f 2100/3252/1574 2112/3251/1572 2113/3253/1574
f 2100/3252/1574 2113/3253/1574 2099/3254/1231
f 2099/3254/1231 2113/3253/1574 2114/3255/1231
f 2099/3256/1231 2114/3257/1231 2098/3258/1275
f 2098/3258/1275 2114/3257/1231 2115/3259/1275
f 2098/3258/1275 2115/3259/1275 2097/3260/1575
f 2097/3260/1575 2115/3259/1275 2116/3261/1575
f 2097/3260/1575 2116/3261/1575 2096/3262/1203
f 2096/3262/1203 2116/3261/1575 2105/3263/1203
f 2096/3262/1203 2105/3263/1203 2095/3264/1576
f 2095/3264/1576 2105/3263/1203 2106/3265/1576
f 2095/3264/1576 2106/3265/1576 2094/3240/1299
f 2094/3240/1299 2106/3265/1576 2107/3241/1299
f 2117/3266/1577 2147/3267/1578 2105/3268/1203
f 2105/3268/1203 2147/3267/1578 2148/3269/1579
f 2105/3268/1203 2148/3269/1579 2178/3270/1580
f 2178/3270/1580 2148/3269/1579 2149/3271/1581
f 2178/3270/1580 2149/3271/1581 2177/3272/1582
f 2177/3272/1582 2149/3271/1581 2150/3273/1583
f 2177/3272/1582 2150/3273/1583 2176/3274/1584
f 2176/3274/1584 2150/3273/1583 2151/3275/1585
f 2176/3274/1584 2151/3275/1585 2175/3276/1586
f 2175/3276/1586 2151/3275/1585 2152/3277/1587
f 2175/3276/1586 2152/3277/1587 2174/3278/1588
f 2174/3278/1588 2152/3277/1587 2153/3279/1589
f 2174/3278/1588 2153/3279/1589 2154/3280/1590
f 2147/3267/1578 2117/3266/1577 2146/3281/1591
f 2146/3281/1591 2117/3266/1577 2118/3282/1592
f 2146/3281/1591 2118/3282/1592 2145/3283/1593
f 2145/3283/1593 2118/3282/1592 2119/3284/1594
f 2145/3283/1593 2119/3284/1594 2144/3285/1595
f 2144/3285/1595 2119/3284/1594 2120/3286/1596
f 2144/3285/1595 2120/3286/1596 2143/3287/1597
f 2143/3287/1597 2120/3286/1596 2121/3288/1598
f 2143/3287/1597 2121/3288/1598 2142/3289/1599
f 2142/3289/1599 2121/3288/1598 2141/3290/1600
f 2141/3290/1600 2121/3288/1598 2122/3291/1601
f 2141/3290/1600 2122/3291/1601 2140/3292/1602
f 2140/3292/1602 2122/3291/1601 2123/3293/1603
f 2140/3292/1602 2123/3293/1603 2139/3294/1604
f 2139/3294/1604 2123/3293/1603 2124/3295/1605
f 2139/3294/1604 2124/3295/1605 2138/3296/1606
f 2138/3297/1606 2124/3298/1605 2125/3299/1607
f 2138/3297/1606 2125/3299/1607 2137/3300/1608
f 2137/3300/1608 2125/3299/1607 2136/3301/1609
f 2136/3301/1609 2125/3299/1607 2126/3302/1610
f 2136/3301/1609 2126/3302/1610 2135/3303/1611
f 2135/3303/1611 2126/3302/1610 2134/3304/1612
f 2134/3304/1612 2126/3302/1610 2127/3305/1613
f 2134/3304/1612 2127/3305/1613 2133/3306/1614
f 2133/3306/1614 2127/3305/1613 2128/3307/1615
f 2133/3306/1614 2128/3307/1615 2132/3308/1616
f 2132/3308/1616 2128/3307/1615 2131/3309/1617
f 2131/3309/1617 2128/3307/1615 2130/3310/1618
f 2130/3310/1618 2128/3307/1615 2129/3311/1619
f 2174/3278/1588 2154/3280/1590 2173/3312/1620
f 2173/3312/1620 2154/3280/1590 2155/3313/1621
f 2173/3312/1620 2155/3313/1621 2172/3314/1622
f 2172/3314/1622 2155/3313/1621 2156/3315/1623
f 2172/3314/1622 2156/3315/1623 2171/3316/1624
f 2171/3316/1624 2156/3315/1623 2157/3317/1241
f 2171/3316/1624 2157/3317/1241 2170/3318/1625
f 2170/3318/1625 2157/3317/1241 2158/3319/1626
f 2170/3318/1625 2158/3319/1626 2159/3320/1627
f 2170/3318/1625 2159/3320/1627 2169/3321/1628
f 2169/3321/1628 2159/3320/1627 2160/3322/1629
f 2169/3321/1628 2160/3322/1629 2161/3323/1630
f 2169/3321/1628 2161/3323/1630 2168/3324/1631
f 2168/3324/1631 2161/3323/1630 2162/3325/1632
f 2168/3324/1631 2162/3325/1632 2163/3326/1633
f 2168/3324/1631 2163/3326/1633 2167/3327/1634
f 2167/3327/1634 2163/3326/1633 2164/3328/1635
f 2167/3327/1634 2164/3328/1635 2165/3329/1636
f 2165/3329/1636 2166/3330/1637 2167/3327/1634
f 2179/3331/1638 2180/3332/1639 2240/3333/1640
f 2240/3333/1640 2180/3332/1639 2239/3334/1641
f 2239/3334/1641 2180/3332/1639 2238/3335/1642
f 2238/3335/1642 2180/3332/1639 2181/3336/1643
f 2238/3335/1642 2181/3336/1643 2237/3337/1644
f 2237/3337/1644 2181/3336/1643 2236/3338/1645
f 2236/3338/1645 2181/3336/1643 2182/3339/1646
f 2236/3338/1645 2182/3339/1646 2235/3340/1647
f 2235/3340/1647 2182/3339/1646 2234/3341/1648
f 2234/3341/1648 2182/3339/1646 2183/3342/1649
f 2234/3341/1648 2183/3342/1649 2233/3343/1650
f 2233/3344/1650 2183/3345/1649 2232/3297/1231
f 2232/3297/1231 2183/3345/1649 2184/3346/1651
f 2232/3297/1231 2184/3346/1651 2231/3347/1652
f 2231/3347/1652 2184/3346/1651 2185/3348/1653
f 2231/3347/1652 2185/3348/1653 2230/3349/1654
f 2230/3349/1654 2185/3348/1653 2186/3350/1655
f 2230/3349/1654 2186/3350/1655 2229/3351/1656
f 2229/3351/1656 2186/3350/1655 2187/3352/1657
f 2229/3351/1656 2187/3352/1657 2228/3353/1658
f 2228/3353/1658 2187/3352/1657 2227/3354/1659
f 2227/3354/1659 2187/3352/1657 2188/3355/1660
f 2227/3354/1659 2188/3355/1660 2226/3356/1661
f 2226/3356/1661 2188/3355/1660 2189/3357/1662
f 2226/3356/1661 2189/3357/1662 2225/3358/1663
f 2225/3358/1663 2189/3357/1662 2190/3359/1664
f 2225/3358/1663 2190/3359/1664 2224/3360/1665
f 2224/3360/1665 2190/3359/1664 2191/3361/1666
f 2224/3360/1665 2191/3361/1666 2223/3362/1667
f 2223/3362/1667 2191/3361/1666 2081/3363/1215
f 2223/3362/1667 2081/3363/1215 2222/3364/1668
f 2222/3364/1668 2081/3363/1215 2192/3365/1669
f 2222/3364/1668 2192/3365/1669 2221/3366/1670
f 2221/3366/1670 2192/3365/1669 2193/3367/1671
f 2221/3366/1670 2193/3367/1671 2220/3368/1672
f 2220/3368/1672 2193/3367/1671 2194/3369/1673
f 2220/3368/1672 2194/3369/1673 2219/3370/1674
f 2219/3370/1674 2194/3369/1673 2195/3371/1675
f 2219/3370/1674 2195/3371/1675 2218/3372/1676
f 2218/3372/1676 2195/3371/1675 2196/3373/1677
f 2218/3372/1676 2196/3373/1677 2217/3374/1678
f 2217/3374/1678 2196/3373/1677 2216/3375/1679
f 2216/3375/1679 2196/3373/1677 2197/3376/1680
f 2216/3375/1679 2197/3376/1680 2215/3377/1681
f 2215/3377/1681 2197/3376/1680 2198/3378/1682
f 2215/3377/1681 2198/3378/1682 2214/3379/1683
f 2214/3379/1683 2198/3378/1682 2199/3380/1684
f 2214/3379/1683 2199/3380/1684 2213/3317/1685
f 2213/3317/1685 2199/3380/1684 2200/3381/1686
f 2213/3317/1685 2200/3381/1686 2212/3382/1687
f 2212/3382/1687 2200/3381/1686 2211/3383/1688
f 2211/3383/1688 2200/3381/1686 2201/3384/1689
f 2211/3383/1688 2201/3384/1689 2210/3385/1690
f 2210/3385/1690 2201/3384/1689 2209/3386/1691
f 2209/3386/1691 2201/3384/1689 2202/3387/1692
f 2209/3386/1691 2202/3387/1692 2208/3388/1693
f 2208/3388/1693 2202/3387/1692 2203/3389/1694
f 2208/3388/1693 2203/3389/1694 2207/3390/1695
f 2207/3390/1695 2203/3389/1694 2206/3391/1696
f 2206/3391/1696 2203/3389/1694 2205/3392/1697
f 2205/3392/1697 2203/3389/1694 2204/3393/1698
f 2242/3394/263 2374/3395/1699 2241/3396/263
f 2241/3396/263 2374/3395/1699 2383/3397/1700
f 2241/3396/263 2383/3397/1700 2303/3398/263
f 2303/3398/263 2383/3397/1700 2689/3399/1701
f 2303/3398/263 2689/3399/1701 2302/3400/264
f 2302/3400/264 2689/3399/1701 2684/3401/1702
f 2302/3400/264 2684/3401/1702 2301/3402/263
f 2301/3402/263 2684/3401/1702 2679/3403/1703
f 2301/3402/263 2679/3403/1703 2300/3404/263
f 2300/3404/263 2679/3403/1703 2674/3405/1704
f 2300/3404/263 2674/3405/1704 2299/3406/262
f 2299/3406/262 2674/3405/1704 2669/3407/1705
f 2299/3406/262 2669/3407/1705 2298/3408/263
f 2298/3408/263 2669/3407/1705 2664/3409/1706
f 2298/3408/263 2664/3409/1706 2297/3410/262
f 2297/3410/262 2664/3409/1706 2659/3411/1707
f 2297/3410/262 2659/3411/1707 2296/3412/262
f 2296/3412/262 2659/3411/1707 2654/3413/1708
f 2296/3412/262 2654/3413/1708 2295/3414/262
f 2295/3414/262 2654/3413/1708 2649/3415/1709
f 2295/3414/262 2649/3415/1709 2294/3416/262
f 2294/3416/262 2649/3415/1709 2644/3417/1710
f 2294/3416/262 2644/3417/1710 2293/3418/262
f 2293/3418/262 2644/3417/1710 2639/3419/1711
f 2293/3418/262 2639/3419/1711 2292/3420/262
f 2292/3420/262 2639/3419/1711 2634/3421/1712
f 2292/3420/262 2634/3421/1712 2291/3422/262
f 2291/3422/262 2634/3421/1712 2629/3423/1713
f 2291/3422/262 2629/3423/1713 2290/3424/262
f 2290/3424/262 2629/3423/1713 2624/3425/1714
f 2290/3424/262 2624/3425/1714 2289/3426/262
f 2289/3426/262 2624/3425/1714 2614/3427/1715
f 2289/3426/262 2614/3427/1715 2288/3428/262
f 2288/3428/262 2614/3427/1715 2623/3429/1716
f 2288/3428/262 2623/3429/1716 2609/3430/1717
f 2609/3430/1717 2623/3429/1716 2610/3431/1718
f 2609/3430/1717 2610/3431/1718 2604/3432/1719
f 2604/3432/1719 2610/3431/1718 2605/3433/1720
f 2604/3432/1719 2605/3433/1720 2599/3434/1721
f 2599/3434/1721 2605/3433/1720 2600/3435/1722
f 2599/3434/1721 2600/3435/1722 2594/3436/1723
f 2594/3436/1723 2600/3435/1722 2595/3437/1724
f 2594/3436/1723 2595/3437/1724 2589/3438/1725
f 2589/3438/1725 2595/3437/1724 2590/3439/1726
f 2589/3438/1725 2590/3439/1726 2584/3440/1727
f 2584/3440/1727 2590/3439/1726 2585/3441/1728
f 2584/3440/1727 2585/3441/1728 2579/3442/1729
f 2579/3442/1729 2585/3441/1728 2580/3443/1730
f 2579/3442/1729 2580/3443/1730 2574/3444/1731
f 2574/3444/1731 2580/3443/1730 2575/3445/1732
f 2574/3444/1731 2575/3445/1732 2569/3446/1733
f 2569/3446/1733 2575/3445/1732 2570/3447/1734
f 2569/3446/1733 2570/3447/1734 2564/3448/1735
f 2564/3448/1735 2570/3447/1734 2565/3449/1736
f 2564/3448/1735 2565/3449/1736 2559/3450/1737
f 2559/3450/1737 2565/3449/1736 2560/3451/1738
f 2559/3450/1737 2560/3451/1738 2554/3452/1739
f 2554/3452/1739 2560/3451/1738 2555/3453/1740
f 2554/3452/1739 2555/3453/1740 2549/3454/1741
f 2549/3454/1741 2555/3453/1740 2550/3455/1742
f 2549/3454/1741 2550/3455/1742 2544/3456/1743
f 2544/3456/1743 2550/3455/1742 2545/3457/1744
f 2544/3456/1743 2545/3457/1744 2539/3458/1745
f 2539/3458/1745 2545/3457/1744 2540/3459/1746
f 2539/3458/1745 2540/3459/1746 2369/3460/1747
f 2369/3460/1747 2540/3459/1746 2370/3461/1748
f 2369/3462/1747 2370/3463/1748 2534/3464/1749
f 2534/3464/1749 2370/3463/1748 2535/3465/1750
f 2534/3464/1749 2535/3465/1750 2529/3466/1751
f 2529/3466/1751 2535/3465/1750 2530/3467/1752
f 2529/3466/1751 2530/3467/1752 2524/3468/1753
f 2524/3468/1753 2530/3467/1752 2525/3469/1754
f 2524/3468/1753 2525/3469/1754 2519/3470/1755
f 2519/3470/1755 2525/3469/1754 2520/3471/1756
f 2519/3470/1755 2520/3471/1756 2514/3472/1757
f 2514/3472/1757 2520/3471/1756 2515/3473/1758
f 2514/3472/1757 2515/3473/1758 2509/3474/1759
f 2509/3474/1759 2515/3473/1758 2510/3475/1760
f 2509/3474/1759 2510/3475/1760 2504/3476/1761
f 2504/3476/1761 2510/3475/1760 2505/3477/1762
f 2504/3476/1761 2505/3477/1762 2499/3478/1763
f 2499/3478/1763 2505/3477/1762 2500/3479/1764
f 2499/3478/1763 2500/3479/1764 2494/3480/1765
f 2494/3480/1765 2500/3479/1764 2495/3481/1766
f 2494/3480/1765 2495/3481/1766 2489/3482/1767
f 2489/3482/1767 2495/3481/1766 2490/3483/1768
f 2489/3482/1767 2490/3483/1768 2484/3484/1769
f 2484/3484/1769 2490/3483/1768 2485/3485/1770
f 2484/3484/1769 2485/3485/1770 2479/3486/1771
f 2479/3486/1771 2485/3485/1770 2480/3487/1772
f 2479/3486/1771 2480/3487/1772 2474/3488/1773
f 2474/3488/1773 2480/3487/1772 2475/3489/1774
f 2474/3488/1773 2475/3489/1774 2469/3490/1775
f 2469/3490/1775 2475/3489/1774 2470/3491/1776
f 2469/3490/1775 2470/3491/1776 2459/3492/1777
f 2459/3492/1777 2470/3491/1776 2460/3493/1778
f 2459/3492/1777 2460/3493/1778 2468/3494/1779
f 2468/3494/1779 2460/3493/1778 2467/3495/1780
f 2468/3494/1779 2467/3495/1780 2454/3496/1781
f 2454/3496/1781 2467/3495/1780 2455/3497/1782
f 2454/3496/1781 2455/3497/1782 2449/3498/1783
f 2449/3498/1783 2455/3497/1782 2450/3499/1784
f 2449/3498/1783 2450/3499/1784 2444/3500/1785
f 2444/3500/1785 2450/3499/1784 2445/3501/1786
f 2444/3500/1785 2445/3501/1786 2439/3502/1787
f 2439/3502/1787 2445/3501/1786 2440/3503/1788
f 2439/3502/1787 2440/3503/1788 2434/3504/1789
f 2434/3504/1789 2440/3503/1788 2435/3505/1790
f 2434/3504/1789 2435/3505/1790 2429/3506/1791
f 2429/3506/1791 2435/3505/1790 2430/3507/1792
f 2429/3506/1791 2430/3507/1792 2424/3508/1793
f 2424/3508/1793 2430/3507/1792 2425/3509/1794
f 2424/3508/1793 2425/3509/1794 2419/3510/1795
f 2419/3510/1795 2425/3509/1794 2420/3511/1796
f 2419/3510/1795 2420/3511/1796 2414/3512/1797
f 2414/3512/1797 2420/3511/1796 2415/3513/1798
f 2414/3512/1797 2415/3513/1798 2409/3514/1799
f 2409/3514/1799 2415/3513/1798 2410/3515/1800
f 2409/3514/1799 2410/3515/1800 2404/3516/1801
f 2404/3516/1801 2410/3515/1800 2405/3517/1802
f 2404/3516/1801 2405/3517/1802 2399/3518/1803
f 2399/3518/1803 2405/3517/1802 2400/3519/1804
f 2399/3518/1803 2400/3519/1804 2394/3520/1805
f 2394/3520/1805 2400/3519/1804 2395/3521/1806
f 2394/3520/1805 2395/3521/1806 2389/3522/1807
f 2389/3522/1807 2395/3521/1806 2390/3523/1808
f 2389/3522/1807 2390/3523/1808 2384/3524/1809
f 2384/3524/1809 2390/3523/1808 2385/3525/1810
f 2384/3524/1809 2385/3525/1810 2374/3395/1699
f 2374/3395/1699 2385/3525/1810 2375/3526/1811
f 2374/3395/1699 2375/3526/1811 2383/3397/1700
f 2383/3397/1700 2375/3526/1811 2382/3527/1812
f 2383/3397/1700 2382/3527/1812 2689/3399/1701
f 2689/3399/1701 2382/3527/1812 2690/3528/1813
f 2689/3399/1701 2690/3528/1813 2684/3401/1702
f 2684/3401/1702 2690/3528/1813 2685/3529/1814
f 2684/3401/1702 2685/3529/1814 2679/3403/1703
f 2679/3403/1703 2685/3529/1814 2680/3530/1815
f 2679/3403/1703 2680/3530/1815 2674/3405/1704
f 2674/3405/1704 2680/3530/1815 2675/3531/1816
f 2674/3405/1704 2675/3531/1816 2669/3407/1705
f 2669/3407/1705 2675/3531/1816 2670/3532/1817
f 2669/3407/1705 2670/3532/1817 2664/3409/1706
f 2664/3409/1706 2670/3532/1817 2665/3533/1818
f 2664/3409/1706 2665/3533/1818 2659/3411/1707
f 2659/3411/1707 2665/3533/1818 2660/3534/1819
f 2659/3411/1707 2660/3534/1819 2654/3413/1708
f 2654/3413/1708 2660/3534/1819 2655/3535/1820
f 2654/3413/1708 2655/3535/1820 2649/3415/1709
f 2649/3415/1709 2655/3535/1820 2650/3536/1821
f 2649/3415/1709 2650/3536/1821 2644/3417/1710
f 2644/3417/1710 2650/3536/1821 2645/3537/1822
f 2644/3417/1710 2645/3537/1822 2639/3419/1711
f 2639/3419/1711 2645/3537/1822 2640/3538/1823
f 2639/3419/1711 2640/3538/1823 2634/3421/1712
f 2634/3421/1712 2640/3538/1823 2635/3539/1824
f 2634/3421/1712 2635/3539/1824 2629/3423/1713
f 2629/3423/1713 2635/3539/1824 2630/3540/1825
f 2629/3423/1713 2630/3540/1825 2624/3425/1714
f 2624/3425/1714 2630/3540/1825 2625/3541/1826
f 2624/3425/1714 2625/3541/1826 2614/3427/1715
f 2614/3427/1715 2625/3541/1826 2615/3542/1827
f 2614/3427/1715 2615/3542/1827 2622/3543/1828
f 2622/3543/1828 2615/3542/1827 2621/3544/1829
f 2622/3543/1828 2621/3544/1829 2611/3545/1830
f 2611/3545/1830 2621/3544/1829 2612/3546/1831
f 2611/3545/1830 2612/3546/1831 2606/3547/1832
f 2606/3547/1832 2612/3546/1831 2607/3548/1833
f 2606/3547/1832 2607/3548/1833 2601/3549/1834
f 2601/3549/1834 2607/3548/1833 2602/3550/1835
f 2601/3549/1834 2602/3550/1835 2596/3551/1836
f 2596/3551/1836 2602/3550/1835 2597/3552/1837
f 2596/3551/1836 2597/3552/1837 2591/3553/1838
f 2591/3553/1838 2597/3552/1837 2592/3554/1839
f 2591/3553/1838 2592/3554/1839 2586/3555/1840
f 2586/3555/1840 2592/3554/1839 2587/3556/1841
f 2586/3555/1840 2587/3556/1841 2581/3557/1842
f 2581/3557/1842 2587/3556/1841 2582/3558/1843
f 2581/3557/1842 2582/3558/1843 2576/3559/1844
f 2576/3559/1844 2582/3558/1843 2577/3560/1845
f 2576/3559/1844 2577/3560/1845 2571/3561/1846
f 2571/3561/1846 2577/3560/1845 2572/3562/1847
f 2571/3561/1846 2572/3562/1847 2566/3563/1848
f 2566/3563/1848 2572/3562/1847 2567/3564/1849
f 2566/3563/1848 2567/3564/1849 2561/3565/1850
f 2561/3565/1850 2567/3564/1849 2562/3566/1851
f 2561/3565/1850 2562/3566/1851 2556/3567/1852
f 2556/3567/1852 2562/3566/1851 2557/3568/1853
f 2556/3567/1852 2557/3568/1853 2551/3569/1854
f 2551/3569/1854 2557/3568/1853 2552/3570/1855
f 2551/3569/1854 2552/3570/1855 2546/3571/1856
f 2546/3571/1856 2552/3570/1855 2547/3572/1857
f 2546/3571/1856 2547/3572/1857 2541/3573/1858
f 2541/3573/1858 2547/3572/1857 2542/3574/1859
f 2541/3573/1858 2542/3574/1859 2371/3575/1860
f 2371/3575/1860 2542/3574/1859 2372/3576/1861
f 2371/3577/1860 2372/3578/1861 2536/3579/1862
f 2536/3579/1862 2372/3578/1861 2537/3580/1863
f 2536/3579/1862 2537/3580/1863 2531/3581/1864
f 2531/3581/1864 2537/3580/1863 2532/3582/1865
f 2531/3581/1864 2532/3582/1865 2526/3583/1866
f 2526/3583/1866 2532/3582/1865 2527/3584/1867
f 2526/3583/1866 2527/3584/1867 2521/3585/1868
f 2521/3585/1868 2527/3584/1867 2522/3586/1869
f 2521/3585/1868 2522/3586/1869 2516/3587/1870
f 2516/3587/1870 2522/3586/1869 2517/3588/1871
f 2516/3587/1870 2517/3588/1871 2511/3589/1872
f 2511/3589/1872 2517/3588/1871 2512/3590/1873
f 2511/3589/1872 2512/3590/1873 2506/3591/1874
f 2506/3591/1874 2512/3590/1873 2507/3592/1875
f 2506/3591/1874 2507/3592/1875 2501/3593/1876
f 2501/3593/1876 2507/3592/1875 2502/3594/1877
f 2501/3593/1876 2502/3594/1877 2496/3595/1878
f 2496/3595/1878 2502/3594/1877 2497/3596/1879
f 2496/3595/1878 2497/3596/1879 2491/3597/1880
f 2491/3597/1880 2497/3596/1879 2492/3598/1881
f 2491/3597/1880 2492/3598/1881 2486/3599/1882
f 2486/3599/1882 2492/3598/1881 2487/3600/1883
f 2486/3599/1882 2487/3600/1883 2481/3601/1884
f 2481/3601/1884 2487/3600/1883 2482/3602/1885
f 2481/3601/1884 2482/3602/1885 2476/3603/1886
f 2476/3603/1886 2482/3602/1885 2477/3604/1887
f 2476/3603/1886 2477/3604/1887 2471/3605/1888
f 2471/3605/1888 2477/3604/1887 2472/3606/1889
f 2471/3605/1888 2472/3606/1889 2461/3607/1890
f 2461/3607/1890 2472/3606/1889 2462/3608/1891
f 2461/3607/1890 2462/3608/1891 2466/3609/1892
f 2466/3609/1892 2462/3608/1891 2465/3610/1893
f 2466/3609/1892 2465/3610/1893 2456/3611/1894
f 2456/3611/1894 2465/3610/1893 2457/3612/1895
f 2456/3611/1894 2457/3612/1895 2451/3613/1896
f 2451/3613/1896 2457/3612/1895 2452/3614/1897
f 2451/3613/1896 2452/3614/1897 2446/3615/1898
f 2446/3615/1898 2452/3614/1897 2447/3616/1899
f 2446/3615/1898 2447/3616/1899 2441/3617/1900
f 2441/3617/1900 2447/3616/1899 2442/3618/1901
f 2441/3617/1900 2442/3618/1901 2436/3619/1902
f 2436/3619/1902 2442/3618/1901 2437/3620/1903
f 2436/3619/1902 2437/3620/1903 2431/3621/1904
f 2431/3621/1904 2437/3620/1903 2432/3622/1905
f 2431/3621/1904 2432/3622/1905 2426/3623/1906
f 2426/3623/1906 2432/3622/1905 2427/3624/1907
f 2426/3623/1906 2427/3624/1907 2421/3625/1908
f 2421/3625/1908 2427/3624/1907 2422/3626/1909
f 2421/3625/1908 2422/3626/1909 2416/3627/1910
f 2416/3627/1910 2422/3626/1909 2417/3628/1911
f 2416/3627/1910 2417/3628/1911 2411/3629/1912
f 2411/3629/1912 2417/3628/1911 2412/3630/1913
f 2411/3629/1912 2412/3630/1913 2406/3631/1914
f 2406/3631/1914 2412/3630/1913 2407/3632/1915
f 2406/3631/1914 2407/3632/1915 2401/3633/1916
f 2401/3633/1916 2407/3632/1915 2402/3634/1917
f 2401/3633/1916 2402/3634/1917 2396/3635/1918
f 2396/3635/1918 2402/3634/1917 2397/3636/1919
f 2396/3635/1918 2397/3636/1919 2391/3637/1920
f 2391/3637/1920 2397/3636/1919 2392/3638/1921
f 2391/3637/1920 2392/3638/1921 2386/3639/1922
f 2386/3639/1922 2392/3638/1921 2387/3640/1923
f 2386/3639/1922 2387/3640/1923 2376/3641/1924
f 2376/3641/1924 2387/3640/1923 2377/3642/1925
f 2376/3641/1924 2377/3642/1925 2381/3643/1926
f 2381/3643/1926 2377/3642/1925 2380/3644/1927
f 2381/3643/1926 2380/3644/1927 2691/3645/1928
f 2691/3645/1928 2380/3644/1927 2692/3646/1929
f 2691/3645/1928 2692/3646/1929 2686/3647/1930
f 2686/3647/1930 2692/3646/1929 2687/3648/1931
f 2686/3647/1930 2687/3648/1931 2681/3649/1932
f 2681/3649/1932 2687/3648/1931 2682/3650/1933
f 2681/3649/1932 2682/3650/1933 2676/3651/1934
f 2676/3651/1934 2682/3650/1933 2677/3652/1935
f 2676/3651/1934 2677/3652/1935 2671/3653/1936
f 2671/3653/1936 2677/3652/1935 2672/3654/1937
f 2671/3653/1936 2672/3654/1937 2666/3655/1938
f 2666/3655/1938 2672/3654/1937 2667/3656/1939
f 2666/3655/1938 2667/3656/1939 2661/3657/1940
f 2661/3657/1940 2667/3656/1939 2662/3658/1941
f 2661/3657/1940 2662/3658/1941 2656/3659/1942
f 2656/3659/1942 2662/3658/1941 2657/3660/1943
f 2656/3659/1942 2657/3660/1943 2651/3661/1944
f 2651/3661/1944 2657/3660/1943 2652/3662/1945
f 2651/3661/1944 2652/3662/1945 2646/3663/1946
f 2646/3663/1946 2652/3662/1945 2647/3664/1947
f 2646/3663/1946 2647/3664/1947 2641/3665/1948
f 2641/3665/1948 2647/3664/1947 2642/3666/1949
f 2641/3665/1948 2642/3666/1949 2636/3667/1950
f 2636/3667/1950 2642/3666/1949 2637/3668/1951
f 2636/3667/1950 2637/3668/1951 2631/3669/1952
f 2631/3669/1952 2637/3668/1951 2632/3670/1953
f 2631/3669/1952 2632/3670/1953 2626/3671/1954
f 2626/3671/1954 2632/3670/1953 2627/3672/1955
f 2626/3671/1954 2627/3672/1955 2616/3673/1956
f 2616/3673/1956 2627/3672/1955 2617/3674/1957
f 2616/3673/1956 2617/3674/1957 2620/3675/1958
f 2620/3675/1958 2617/3674/1957 2619/3676/1959
f 2620/3675/1958 2619/3676/1959 2613/3677/1960
f 2613/3677/1960 2619/3676/1959 2321/3678/1961
f 2613/3677/1960 2321/3678/1961 2322/3679/1962
f 2374/3395/1699 2242/3394/263 2384/3524/1809
f 2384/3524/1809 2242/3394/263 2243/3680/263
f 2384/3524/1809 2243/3680/263 2389/3522/1807
f 2389/3522/1807 2243/3680/263 2244/3681/263
f 2389/3522/1807 2244/3681/263 2394/3520/1805
f 2394/3520/1805 2244/3681/263 2245/3682/264
f 2394/3520/1805 2245/3682/264 2399/3518/1803
f 2399/3518/1803 2245/3682/264 2246/3683/263
f 2399/3518/1803 2246/3683/263 2404/3516/1801
f 2404/3516/1801 2246/3683/263 2247/3684/263
f 2404/3516/1801 2247/3684/263 2409/3514/1799
f 2409/3514/1799 2247/3684/263 2248/3685/263
f 2409/3514/1799 2248/3685/263 2414/3512/1797
f 2414/3512/1797 2248/3685/263 2249/3686/263
f 2414/3512/1797 2249/3686/263 2419/3510/1795
f 2419/3510/1795 2249/3686/263 2250/3687/263
f 2419/3510/1795 2250/3687/263 2424/3508/1793
f 2424/3508/1793 2250/3687/263 2251/3688/263
f 2424/3508/1793 2251/3688/263 2429/3506/1791
f 2429/3506/1791 2251/3688/263 2252/3689/263
f 2429/3506/1791 2252/3689/263 2434/3504/1789
f 2434/3504/1789 2252/3689/263 2253/3690/263
f 2434/3504/1789 2253/3690/263 2439/3502/1787
f 2439/3502/1787 2253/3690/263 2254/3691/263
f 2439/3502/1787 2254/3691/263 2444/3500/1785
f 2444/3500/1785 2254/3691/263 2255/3692/263
f 2444/3500/1785 2255/3692/263 2449/3498/1783
f 2449/3498/1783 2255/3692/263 2256/3693/263
f 2449/3498/1783 2256/3693/263 2454/3496/1781
f 2454/3496/1781 2256/3693/263 2257/3694/263
f 2454/3496/1781 2257/3694/263 2468/3494/1779
f 2468/3494/1779 2257/3694/263 2459/3492/1777
f 2257/3694/263 2258/3695/263 2459/3492/1777
f 2459/3492/1777 2258/3695/263 2469/3490/1775
f 2258/3695/263 2259/3696/263 2469/3490/1775
f 2469/3490/1775 2259/3696/263 2474/3488/1773
f 2259/3696/263 2260/3697/263 2474/3488/1773
f 2474/3488/1773 2260/3697/263 2479/3486/1771
f 2260/3697/263 2261/3698/263 2479/3486/1771
f 2479/3486/1771 2261/3698/263 2484/3484/1769
f 2261/3698/263 2262/3699/263 2484/3484/1769
f 2484/3484/1769 2262/3699/263 2489/3482/1767
f 2262/3699/263 2263/3700/263 2489/3482/1767
f 2489/3482/1767 2263/3700/263 2494/3480/1765
f 2263/3700/263 2264/3701/263 2494/3480/1765
f 2494/3480/1765 2264/3701/263 2499/3478/1763
f 2264/3701/263 2265/3702/263 2499/3478/1763
f 2499/3478/1763 2265/3702/263 2504/3476/1761
f 2265/3702/263 2266/3703/263 2504/3476/1761
f 2504/3476/1761 2266/3703/263 2509/3474/1759
f 2266/3703/263 2267/3704/263 2509/3474/1759
f 2509/3474/1759 2267/3704/263 2514/3472/1757
f 2267/3704/263 2268/3705/263 2514/3472/1757
f 2514/3472/1757 2268/3705/263 2519/3470/1755
f 2268/3705/263 2269/3706/263 2519/3470/1755
f 2519/3470/1755 2269/3706/263 2524/3468/1753
f 2269/3706/263 2270/3707/263 2524/3468/1753
f 2524/3468/1753 2270/3707/263 2529/3466/1751
f 2270/3707/263 2271/3708/263 2529/3466/1751
f 2529/3466/1751 2271/3708/263 2534/3464/1749
f 2271/3708/263 2272/3709/263 2534/3464/1749
f 2534/3464/1749 2272/3709/263 2369/3462/1747
f 2272/3710/263 2273/3711/263 2369/3460/1747
f 2369/3460/1747 2273/3711/263 2539/3458/1745
f 2273/3711/263 2274/3712/263 2539/3458/1745
f 2539/3458/1745 2274/3712/263 2544/3456/1743
f 2274/3712/263 2275/3713/263 2544/3456/1743
f 2544/3456/1743 2275/3713/263 2549/3454/1741
f 2275/3713/263 2276/3714/263 2549/3454/1741
f 2549/3454/1741 2276/3714/263 2554/3452/1739
f 2276/3714/263 2277/3715/262 2554/3452/1739
f 2554/3452/1739 2277/3715/262 2559/3450/1737
f 2277/3715/262 2278/3716/262 2559/3450/1737
f 2559/3450/1737 2278/3716/262 2564/3448/1735
f 2278/3716/262 2279/3717/263 2564/3448/1735
f 2564/3448/1735 2279/3717/263 2569/3446/1733
f 2279/3717/263 2280/3718/262 2569/3446/1733
f 2569/3446/1733 2280/3718/262 2574/3444/1731
f 2280/3718/262 2281/3719/263 2574/3444/1731
f 2574/3444/1731 2281/3719/263 2579/3442/1729
f 2281/3719/263 2282/3720/263 2579/3442/1729
f 2579/3442/1729 2282/3720/263 2584/3440/1727
f 2282/3720/263 2283/3721/263 2584/3440/1727
f 2584/3440/1727 2283/3721/263 2589/3438/1725
f 2283/3721/263 2284/3722/263 2589/3438/1725
f 2589/3438/1725 2284/3722/263 2594/3436/1723
f 2284/3722/263 2285/3723/262 2594/3436/1723
f 2594/3436/1723 2285/3723/262 2599/3434/1721
f 2285/3723/262 2286/3724/263 2599/3434/1721
f 2599/3434/1721 2286/3724/263 2604/3432/1719
f 2286/3724/263 2287/3725/262 2604/3432/1719
f 2604/3432/1719 2287/3725/262 2609/3430/1717
f 2287/3725/262 2288/3428/262 2609/3430/1717
f 2305/3726/1963 2379/3727/1964 2304/3728/1965
f 2304/3728/1965 2379/3727/1964 2378/3729/1966
f 2304/3728/1965 2378/3729/1966 2368/3730/1967
f 2368/3730/1967 2378/3729/1966 2388/3731/1968
f 2368/3730/1967 2388/3731/1968 2367/3732/1969
f 2367/3732/1969 2388/3731/1968 2393/3733/1970
f 2367/3732/1969 2393/3733/1970 2366/3734/1971
f 2366/3734/1971 2393/3733/1970 2398/3735/1972
f 2366/3734/1971 2398/3735/1972 2365/3736/1973
f 2365/3736/1973 2398/3735/1972 2403/3737/1974
f 2365/3736/1973 2403/3737/1974 2364/3738/1975
f 2364/3738/1975 2403/3737/1974 2408/3739/1976
f 2364/3738/1975 2408/3739/1976 2363/3740/1977
f 2363/3740/1977 2408/3739/1976 2413/3741/1978
f 2363/3740/1977 2413/3741/1978 2362/3742/1979
f 2362/3742/1979 2413/3741/1978 2418/3743/1980
f 2362/3742/1979 2418/3743/1980 2361/3744/1981
f 2361/3744/1981 2418/3743/1980 2423/3745/1982
f 2361/3744/1981 2423/3745/1982 2360/3746/1983
f 2360/3746/1983 2423/3745/1982 2428/3747/1984
f 2360/3746/1983 2428/3747/1984 2359/3748/1985
f 2359/3748/1985 2428/3747/1984 2433/3749/1986
f 2359/3748/1985 2433/3749/1986 2358/3750/1987
f 2358/3750/1987 2433/3749/1986 2438/3751/1988
f 2358/3750/1987 2438/3751/1988 2357/3752/1989
f 2357/3752/1989 2438/3751/1988 2443/3753/1990
f 2357/3752/1989 2443/3753/1990 2356/3754/1991
f 2356/3754/1991 2443/3753/1990 2448/3755/1992
f 2356/3754/1991 2448/3755/1992 2355/3756/1993
f 2355/3756/1993 2448/3755/1992 2453/3757/1994
f 2355/3756/1993 2453/3757/1994 2354/3758/1995
f 2354/3758/1995 2453/3757/1994 2458/3759/1996
f 2354/3758/1995 2458/3759/1996 2353/3760/1997
f 2353/3760/1997 2458/3759/1996 2464/3761/1998
f 2353/3760/1997 2464/3761/1998 2352/3762/1999
f 2352/3762/1999 2464/3761/1998 2463/3763/2000
f 2352/3762/1999 2463/3763/2000 2351/3764/2001
f 2351/3764/2001 2463/3763/2000 2473/3765/2002
f 2351/3764/2001 2473/3765/2002 2350/3766/2003
f 2350/3766/2003 2473/3765/2002 2478/3767/2004
f 2350/3766/2003 2478/3767/2004 2349/3768/2005
f 2349/3768/2005 2478/3767/2004 2483/3769/2006
f 2349/3768/2005 2483/3769/2006 2348/3770/2007
f 2348/3770/2007 2483/3769/2006 2488/3771/2008
f 2348/3770/2007 2488/3771/2008 2347/3772/2009
f 2347/3772/2009 2488/3771/2008 2493/3773/2010
f 2347/3772/2009 2493/3773/2010 2346/3774/2011
f 2346/3774/2011 2493/3773/2010 2498/3775/2012
f 2346/3774/2011 2498/3775/2012 2345/3776/2013
f 2345/3776/2013 2498/3775/2012 2503/3777/2014
f 2345/3776/2013 2503/3777/2014 2344/3778/2015
f 2344/3778/2015 2503/3777/2014 2508/3779/2016
f 2344/3778/2015 2508/3779/2016 2343/3780/2017
f 2343/3780/2017 2508/3779/2016 2513/3781/2018
f 2343/3780/2017 2513/3781/2018 2342/3782/2019
f 2342/3782/2019 2513/3781/2018 2518/3783/2020
f 2342/3782/2019 2518/3783/2020 2341/3784/2021
f 2341/3784/2021 2518/3783/2020 2523/3785/2022
f 2341/3784/2021 2523/3785/2022 2340/3786/2023
f 2340/3786/2023 2523/3785/2022 2528/3787/2024
f 2340/3786/2023 2528/3787/2024 2339/3788/2025
f 2339/3788/2025 2528/3787/2024 2533/3789/2026
f 2339/3788/2025 2533/3789/2026 2338/3790/2027
f 2338/3790/2027 2533/3789/2026 2538/3791/2028
f 2338/3790/2027 2538/3791/2028 2337/3792/2029
f 2337/3792/2029 2538/3791/2028 2373/3793/2030
f 2337/3792/2029 2373/3793/2030 2336/3794/2031
f 2336/3795/2031 2373/3796/2030 2543/3797/2032
f 2336/3795/2031 2543/3797/2032 2335/3798/2033
f 2335/3798/2033 2543/3797/2032 2548/3799/2034
f 2335/3798/2033 2548/3799/2034 2334/3800/2035
f 2334/3800/2035 2548/3799/2034 2553/3801/2036
f 2334/3800/2035 2553/3801/2036 2333/3802/2037
f 2333/3802/2037 2553/3801/2036 2558/3803/2038
f 2333/3802/2037 2558/3803/2038 2332/3804/2039
f 2332/3804/2039 2558/3803/2038 2563/3805/2040
f 2332/3804/2039 2563/3805/2040 2331/3806/2041
f 2331/3806/2041 2563/3805/2040 2568/3807/2042
f 2331/3806/2041 2568/3807/2042 2330/3808/2043
f 2330/3808/2043 2568/3807/2042 2573/3809/2044
f 2330/3808/2043 2573/3809/2044 2329/3810/2045
f 2329/3810/2045 2573/3809/2044 2578/3811/2046
f 2329/3810/2045 2578/3811/2046 2328/3812/2047
f 2328/3812/2047 2578/3811/2046 2583/3813/2048
f 2328/3812/2047 2583/3813/2048 2327/3814/2049
f 2327/3814/2049 2583/3813/2048 2588/3815/2050
f 2327/3814/2049 2588/3815/2050 2326/3816/2051
f 2326/3816/2051 2588/3815/2050 2593/3817/2052
f 2326/3816/2051 2593/3817/2052 2325/3818/2053
f 2325/3818/2053 2593/3817/2052 2598/3819/2054
f 2325/3818/2053 2598/3819/2054 2324/3820/2055
f 2324/3820/2055 2598/3819/2054 2603/3821/2056
f 2324/3820/2055 2603/3821/2056 2323/3822/2057
f 2323/3822/2057 2603/3821/2056 2608/3823/2058
f 2323/3822/2057 2608/3823/2058 2322/3679/1962
f 2322/3679/1962 2608/3823/2058 2613/3677/1960
f 2379/3727/1964 2305/3726/1963 2693/3824/2059
f 2693/3824/2059 2305/3726/1963 2306/3825/2060
f 2693/3824/2059 2306/3825/2060 2688/3826/2061
f 2688/3826/2061 2306/3825/2060 2307/3827/2062
f 2688/3826/2061 2307/3827/2062 2683/3828/2063
f 2683/3828/2063 2307/3827/2062 2308/3829/2064
f 2683/3828/2063 2308/3829/2064 2678/3830/2065
f 2678/3830/2065 2308/3829/2064 2309/3831/2066
f 2678/3830/2065 2309/3831/2066 2673/3832/2067
f 2673/3832/2067 2309/3831/2066 2310/3833/2068
f 2673/3832/2067 2310/3833/2068 2668/3834/2069
f 2668/3834/2069 2310/3833/2068 2311/3835/2070
f 2668/3834/2069 2311/3835/2070 2663/3836/2071
f 2663/3836/2071 2311/3835/2070 2312/3837/2072
f 2663/3836/2071 2312/3837/2072 2658/3838/2073
f 2658/3838/2073 2312/3837/2072 2313/3839/2074
f 2658/3838/2073 2313/3839/2074 2653/3840/2075
f 2653/3840/2075 2313/3839/2074 2314/3841/2076
f 2653/3840/2075 2314/3841/2076 2648/3842/2077
f 2648/3842/2077 2314/3841/2076 2315/3843/2078
f 2648/3842/2077 2315/3843/2078 2643/3844/2079
f 2643/3844/2079 2315/3843/2078 2316/3845/2080
f 2643/3844/2079 2316/3845/2080 2638/3846/2081
f 2638/3846/2081 2316/3845/2080 2317/3847/2082
f 2638/3846/2081 2317/3847/2082 2633/3848/2083
f 2633/3848/2083 2317/3847/2082 2318/3849/2084
f 2633/3848/2083 2318/3849/2084 2628/3850/2085
f 2628/3850/2085 2318/3849/2084 2319/3851/2086
f 2628/3850/2085 2319/3851/2086 2618/3852/2087
f 2618/3852/2087 2319/3851/2086 2320/3853/2088
f 2618/3852/2087 2320/3853/2088 2619/3676/1959
f 2619/3676/1959 2320/3853/2088 2321/3678/1961
f 2370/3463/1748 2371/3577/1860 2535/3465/1750
f 2535/3465/1750 2371/3577/1860 2536/3579/1862
f 2535/3465/1750 2536/3579/1862 2530/3467/1752
f 2530/3467/1752 2536/3579/1862 2531/3581/1864
f 2530/3467/1752 2531/3581/1864 2525/3469/1754
f 2525/3469/1754 2531/3581/1864 2526/3583/1866
f 2525/3469/1754 2526/3583/1866 2520/3471/1756
f 2520/3471/1756 2526/3583/1866 2521/3585/1868
f 2520/3471/1756 2521/3585/1868 2515/3473/1758
f 2515/3473/1758 2521/3585/1868 2516/3587/1870
f 2515/3473/1758 2516/3587/1870 2510/3475/1760
f 2510/3475/1760 2516/3587/1870 2511/3589/1872
f 2510/3475/1760 2511/3589/1872 2505/3477/1762
f 2505/3477/1762 2511/3589/1872 2506/3591/1874
f 2505/3477/1762 2506/3591/1874 2500/3479/1764
f 2500/3479/1764 2506/3591/1874 2501/3593/1876
f 2500/3479/1764 2501/3593/1876 2495/3481/1766
f 2495/3481/1766 2501/3593/1876 2496/3595/1878
f 2495/3481/1766 2496/3595/1878 2490/3483/1768
f 2490/3483/1768 2496/3595/1878 2491/3597/1880
f 2490/3483/1768 2491/3597/1880 2485/3485/1770
f 2485/3485/1770 2491/3597/1880 2486/3599/1882
f 2485/3485/1770 2486/3599/1882 2480/3487/1772
f 2480/3487/1772 2486/3599/1882 2481/3601/1884
f 2480/3487/1772 2481/3601/1884 2475/3489/1774
f 2475/3489/1774 2481/3601/1884 2476/3603/1886
f 2475/3489/1774 2476/3603/1886 2470/3491/1776
f 2470/3491/1776 2476/3603/1886 2471/3605/1888
f 2470/3491/1776 2471/3605/1888 2460/3493/1778
f 2460/3493/1778 2471/3605/1888 2461/3607/1890
f 2460/3493/1778 2461/3607/1890 2467/3495/1780
f 2467/3495/1780 2461/3607/1890 2466/3609/1892
f 2467/3495/1780 2466/3609/1892 2455/3497/1782
f 2455/3497/1782 2466/3609/1892 2456/3611/1894
f 2455/3497/1782 2456/3611/1894 2450/3499/1784
f 2450/3499/1784 2456/3611/1894 2451/3613/1896
f 2450/3499/1784 2451/3613/1896 2445/3501/1786
f 2445/3501/1786 2451/3613/1896 2446/3615/1898
f 2445/3501/1786 2446/3615/1898 2440/3503/1788
f 2440/3503/1788 2446/3615/1898 2441/3617/1900
f 2440/3503/1788 2441/3617/1900 2435/3505/1790
f 2435/3505/1790 2441/3617/1900 2436/3619/1902
f 2435/3505/1790 2436/3619/1902 2430/3507/1792
f 2430/3507/1792 2436/3619/1902 2431/3621/1904
f 2430/3507/1792 2431/3621/1904 2425/3509/1794
f 2425/3509/1794 2431/3621/1904 2426/3623/1906
f 2425/3509/1794 2426/3623/1906 2420/3511/1796
f 2420/3511/1796 2426/3623/1906 2421/3625/1908
f 2420/3511/1796 2421/3625/1908 2415/3513/1798
f 2415/3513/1798 2421/3625/1908 2416/3627/1910
f 2415/3513/1798 2416/3627/1910 2410/3515/1800
f 2410/3515/1800 2416/3627/1910 2411/3629/1912
f 2410/3515/1800 2411/3629/1912 2405/3517/1802
f 2405/3517/1802 2411/3629/1912 2406/3631/1914
f 2405/3517/1802 2406/3631/1914 2400/3519/1804
f 2400/3519/1804 2406/3631/1914 2401/3633/1916
f 2400/3519/1804 2401/3633/1916 2395/3521/1806
f 2395/3521/1806 2401/3633/1916 2396/3635/1918
f 2395/3521/1806 2396/3635/1918 2390/3523/1808
f 2390/3523/1808 2396/3635/1918 2391/3637/1920
f 2390/3523/1808 2391/3637/1920 2385/3525/1810
f 2385/3525/1810 2391/3637/1920 2386/3639/1922
f 2385/3525/1810 2386/3639/1922 2375/3526/1811
f 2375/3526/1811 2386/3639/1922 2376/3641/1924
f 2375/3526/1811 2376/3641/1924 2382/3527/1812
f 2382/3527/1812 2376/3641/1924 2381/3643/1926
f 2382/3527/1812 2381/3643/1926 2690/3528/1813
f 2690/3528/1813 2381/3643/1926 2691/3645/1928
f 2690/3528/1813 2691/3645/1928 2685/3529/1814
f 2685/3529/1814 2691/3645/1928 2686/3647/1930
f 2685/3529/1814 2686/3647/1930 2680/3530/1815
f 2680/3530/1815 2686/3647/1930 2681/3649/1932
f 2680/3530/1815 2681/3649/1932 2675/3531/1816
f 2675/3531/1816 2681/3649/1932 2676/3651/1934
f 2675/3531/1816 2676/3651/1934 2670/3532/1817
f 2670/3532/1817 2676/3651/1934 2671/3653/1936
f 2670/3532/1817 2671/3653/1936 2665/3533/1818
f 2665/3533/1818 2671/3653/1936 2666/3655/1938
f 2665/3533/1818 2666/3655/1938 2660/3534/1819
f 2660/3534/1819 2666/3655/1938 2661/3657/1940
f 2660/3534/1819 2661/3657/1940 2655/3535/1820
f 2655/3535/1820 2661/3657/1940 2656/3659/1942
f 2655/3535/1820 2656/3659/1942 2650/3536/1821
f 2650/3536/1821 2656/3659/1942 2651/3661/1944
f 2650/3536/1821 2651/3661/1944 2645/3537/1822
f 2645/3537/1822 2651/3661/1944 2646/3663/1946
f 2645/3537/1822 2646/3663/1946 2640/3538/1823
f 2640/3538/1823 2646/3663/1946 2641/3665/1948
f 2640/3538/1823 2641/3665/1948 2635/3539/1824
f 2635/3539/1824 2641/3665/1948 2636/3667/1950
f 2635/3539/1824 2636/3667/1950 2630/3540/1825
f 2630/3540/1825 2636/3667/1950 2631/3669/1952
f 2630/3540/1825 2631/3669/1952 2625/3541/1826
f 2625/3541/1826 2631/3669/1952 2626/3671/1954
f 2625/3541/1826 2626/3671/1954 2615/3542/1827
f 2615/3542/1827 2626/3671/1954 2616/3673/1956
f 2615/3542/1827 2616/3673/1956 2621/3544/1829
f 2621/3544/1829 2616/3673/1956 2620/3675/1958
f 2621/3544/1829 2620/3675/1958 2612/3546/1831
f 2612/3546/1831 2620/3675/1958 2613/3677/1960
f 2612/3546/1831 2613/3677/1960 2607/3548/1833
f 2607/3548/1833 2613/3677/1960 2608/3823/2058
f 2607/3548/1833 2608/3823/2058 2602/3550/1835
f 2602/3550/1835 2608/3823/2058 2603/3821/2056
f 2602/3550/1835 2603/3821/2056 2597/3552/1837
f 2597/3552/1837 2603/3821/2056 2598/3819/2054
f 2597/3552/1837 2598/3819/2054 2592/3554/1839
f 2592/3554/1839 2598/3819/2054 2593/3817/2052
f 2592/3554/1839 2593/3817/2052 2587/3556/1841
f 2587/3556/1841 2593/3817/2052 2588/3815/2050
f 2587/3556/1841 2588/3815/2050 2582/3558/1843
f 2582/3558/1843 2588/3815/2050 2583/3813/2048
f 2582/3558/1843 2583/3813/2048 2577/3560/1845
f 2577/3560/1845 2583/3813/2048 2578/3811/2046
f 2577/3560/1845 2578/3811/2046 2572/3562/1847
f 2572/3562/1847 2578/3811/2046 2573/3809/2044
f 2572/3562/1847 2573/3809/2044 2567/3564/1849
f 2567/3564/1849 2573/3809/2044 2568/3807/2042
f 2567/3564/1849 2568/3807/2042 2562/3566/1851
f 2562/3566/1851 2568/3807/2042 2563/3805/2040
f 2562/3566/1851 2563/3805/2040 2557/3568/1853
f 2557/3568/1853 2563/3805/2040 2558/3803/2038
f 2557/3568/1853 2558/3803/2038 2552/3570/1855
f 2552/3570/1855 2558/3803/2038 2553/3801/2036
f 2552/3570/1855 2553/3801/2036 2547/3572/1857
f 2547/3572/1857 2553/3801/2036 2548/3799/2034
f 2547/3572/1857 2548/3799/2034 2542/3574/1859
f 2542/3574/1859 2548/3799/2034 2543/3797/2032
f 2542/3574/1859 2543/3797/2032 2372/3576/1861
f 2372/3576/1861 2543/3797/2032 2373/3796/2030
f 2372/3578/1861 2373/3793/2030 2537/3580/1863
f 2537/3580/1863 2373/3793/2030 2538/3791/2028
f 2537/3580/1863 2538/3791/2028 2532/3582/1865
f 2532/3582/1865 2538/3791/2028 2533/3789/2026
f 2532/3582/1865 2533/3789/2026 2527/3584/1867
f 2527/3584/1867 2533/3789/2026 2528/3787/2024
f 2527/3584/1867 2528/3787/2024 2522/3586/1869
f 2522/3586/1869 2528/3787/2024 2523/3785/2022
f 2522/3586/1869 2523/3785/2022 2517/3588/1871
f 2517/3588/1871 2523/3785/2022 2518/3783/2020
f 2517/3588/1871 2518/3783/2020 2512/3590/1873
f 2512/3590/1873 2518/3783/2020 2513/3781/2018
f 2512/3590/1873 2513/3781/2018 2507/3592/1875
f 2507/3592/1875 2513/3781/2018 2508/3779/2016
f 2507/3592/1875 2508/3779/2016 2502/3594/1877
f 2502/3594/1877 2508/3779/2016 2503/3777/2014
f 2502/3594/1877 2503/3777/2014 2497/3596/1879
f 2497/3596/1879 2503/3777/2014 2498/3775/2012
f 2497/3596/1879 2498/3775/2012 2492/3598/1881
f 2492/3598/1881 2498/3775/2012 2493/3773/2010
f 2492/3598/1881 2493/3773/2010 2487/3600/1883
f 2487/3600/1883 2493/3773/2010 2488/3771/2008
f 2487/3600/1883 2488/3771/2008 2482/3602/1885
f 2482/3602/1885 2488/3771/2008 2483/3769/2006
f 2482/3602/1885 2483/3769/2006 2477/3604/1887
f 2477/3604/1887 2483/3769/2006 2478/3767/2004
f 2477/3604/1887 2478/3767/2004 2472/3606/1889
f 2472/3606/1889 2478/3767/2004 2473/3765/2002
f 2472/3606/1889 2473/3765/2002 2462/3608/1891
f 2462/3608/1891 2473/3765/2002 2463/3763/2000
f 2462/3608/1891 2463/3763/2000 2465/3610/1893
f 2465/3610/1893 2463/3763/2000 2464/3761/1998
f 2465/3610/1893 2464/3761/1998 2457/3612/1895
f 2457/3612/1895 2464/3761/1998 2458/3759/1996
f 2457/3612/1895 2458/3759/1996 2452/3614/1897
f 2452/3614/1897 2458/3759/1996 2453/3757/1994
f 2452/3614/1897 2453/3757/1994 2447/3616/1899
f 2447/3616/1899 2453/3757/1994 2448/3755/1992
f 2447/3616/1899 2448/3755/1992 2442/3618/1901
f 2442/3618/1901 2448/3755/1992 2443/3753/1990
f 2442/3618/1901 2443/3753/1990 2437/3620/1903
f 2437/3620/1903 2443/3753/1990 2438/3751/1988
f 2437/3620/1903 2438/3751/1988 2432/3622/1905
f 2432/3622/1905 2438/3751/1988 2433/3749/1986
f 2432/3622/1905 2433/3749/1986 2427/3624/1907
f 2427/3624/1907 2433/3749/1986 2428/3747/1984
f 2427/3624/1907 2428/3747/1984 2422/3626/1909
f 2422/3626/1909 2428/3747/1984 2423/3745/1982
f 2422/3626/1909 2423/3745/1982 2417/3628/1911
f 2417/3628/1911 2423/3745/1982 2418/3743/1980
f 2417/3628/1911 2418/3743/1980 2412/3630/1913
f 2412/3630/1913 2418/3743/1980 2413/3741/1978
f 2412/3630/1913 2413/3741/1978 2407/3632/1915
f 2407/3632/1915 2413/3741/1978 2408/3739/1976
f 2407/3632/1915 2408/3739/1976 2402/3634/1917
f 2402/3634/1917 2408/3739/1976 2403/3737/1974
f 2402/3634/1917 2403/3737/1974 2397/3636/1919
f 2397/3636/1919 2403/3737/1974 2398/3735/1972
f 2397/3636/1919 2398/3735/1972 2392/3638/1921
f 2392/3638/1921 2398/3735/1972 2393/3733/1970
f 2392/3638/1921 2393/3733/1970 2387/3640/1923
f 2387/3640/1923 2393/3733/1970 2388/3731/1968
f 2387/3640/1923 2388/3731/1968 2377/3642/1925
f 2377/3642/1925 2388/3731/1968 2378/3729/1966
f 2377/3642/1925 2378/3729/1966 2380/3644/1927
f 2380/3644/1927 2378/3729/1966 2379/3727/1964
f 2380/3644/1927 2379/3727/1964 2692/3646/1929
f 2692/3646/1929 2379/3727/1964 2693/3824/2059
f 2692/3646/1929 2693/3824/2059 2687/3648/1931
f 2687/3648/1931 2693/3824/2059 2688/3826/2061
f 2687/3648/1931 2688/3826/2061 2682/3650/1933
f 2682/3650/1933 2688/3826/2061 2683/3828/2063
f 2682/3650/1933 2683/3828/2063 2677/3652/1935
f 2677/3652/1935 2683/3828/2063 2678/3830/2065
f 2677/3652/1935 2678/3830/2065 2672/3654/1937
f 2672/3654/1937 2678/3830/2065 2673/3832/2067
f 2672/3654/1937 2673/3832/2067 2667/3656/1939
f 2667/3656/1939 2673/3832/2067 2668/3834/2069
f 2667/3656/1939 2668/3834/2069 2662/3658/1941
f 2662/3658/1941 2668/3834/2069 2663/3836/2071
f 2662/3658/1941 2663/3836/2071 2657/3660/1943
f 2657/3660/1943 2663/3836/2071 2658/3838/2073
f 2657/3660/1943 2658/3838/2073 2652/3662/1945
f 2652/3662/1945 2658/3838/2073 2653/3840/2075
f 2652/3662/1945 2653/3840/2075 2647/3664/1947
f 2647/3664/1947 2653/3840/2075 2648/3842/2077
f 2647/3664/1947 2648/3842/2077 2642/3666/1949
f 2642/3666/1949 2648/3842/2077 2643/3844/2079
f 2642/3666/1949 2643/3844/2079 2637/3668/1951
f 2637/3668/1951 2643/3844/2079 2638/3846/2081
f 2637/3668/1951 2638/3846/2081 2632/3670/1953
f 2632/3670/1953 2638/3846/2081 2633/3848/2083
f 2632/3670/1953 2633/3848/2083 2627/3672/1955
f 2627/3672/1955 2633/3848/2083 2628/3850/2085
f 2627/3672/1955 2628/3850/2085 2617/3674/1957
f 2617/3674/1957 2628/3850/2085 2618/3852/2087
f 2617/3674/1957 2618/3852/2087 2619/3676/1959
f 2371/3575/1860 2370/3461/1748 2541/3573/1858
f 2541/3573/1858 2370/3461/1748 2540/3459/1746
f 2541/3573/1858 2540/3459/1746 2546/3571/1856
f 2546/3571/1856 2540/3459/1746 2545/3457/1744
f 2546/3571/1856 2545/3457/1744 2551/3569/1854
f 2551/3569/1854 2545/3457/1744 2550/3455/1742
f 2551/3569/1854 2550/3455/1742 2556/3567/1852
f 2556/3567/1852 2550/3455/1742 2555/3453/1740
f 2556/3567/1852 2555/3453/1740 2561/3565/1850
f 2561/3565/1850 2555/3453/1740 2560/3451/1738
f 2561/3565/1850 2560/3451/1738 2566/3563/1848
f 2566/3563/1848 2560/3451/1738 2565/3449/1736
f 2566/3563/1848 2565/3449/1736 2571/3561/1846
f 2571/3561/1846 2565/3449/1736 2570/3447/1734
f 2571/3561/1846 2570/3447/1734 2576/3559/1844
f 2576/3559/1844 2570/3447/1734 2575/3445/1732
f 2576/3559/1844 2575/3445/1732 2581/3557/1842
f 2581/3557/1842 2575/3445/1732 2580/3443/1730
f 2581/3557/1842 2580/3443/1730 2586/3555/1840
f 2586/3555/1840 2580/3443/1730 2585/3441/1728
f 2586/3555/1840 2585/3441/1728 2591/3553/1838
f 2591/3553/1838 2585/3441/1728 2590/3439/1726
f 2591/3553/1838 2590/3439/1726 2596/3551/1836
f 2596/3551/1836 2590/3439/1726 2595/3437/1724
f 2596/3551/1836 2595/3437/1724 2601/3549/1834
f 2601/3549/1834 2595/3437/1724 2600/3435/1722
f 2601/3549/1834 2600/3435/1722 2606/3547/1832
f 2606/3547/1832 2600/3435/1722 2605/3433/1720
f 2606/3547/1832 2605/3433/1720 2611/3545/1830
f 2611/3545/1830 2605/3433/1720 2610/3431/1718
f 2611/3545/1830 2610/3431/1718 2622/3543/1828
f 2622/3543/1828 2610/3431/1718 2623/3429/1716
f 2622/3543/1828 2623/3429/1716 2614/3427/1715
f 2694/3854/2089 2695/3855/2090 2791/3856/2091
f 2791/3856/2091 2695/3855/2090 2803/3857/2092
f 2791/3856/2091 2803/3857/2092 3200/3858/2093
f 3200/3858/2093 2803/3857/2092 3201/3859/2094
f 3200/3858/2093 3201/3859/2094 2788/3860/2095
f 2788/3860/2095 3201/3859/2094 2787/3861/2096
f 2787/3861/2096 3201/3859/2094 2786/3862/2097
f 2786/3862/2097 3201/3859/2094 3202/3863/2098
f 2786/3862/2097 3202/3863/2098 3195/3864/2099
f 3195/3864/2099 3202/3863/2098 3196/3865/2100
f 3195/3864/2099 3196/3865/2100 2784/3866/2101
f 2784/3866/2101 3196/3865/2100 3191/3867/2102
f 2784/3866/2101 3191/3867/2102 2783/3868/2103
f 2783/3868/2103 3191/3867/2102 3187/3869/2104
f 2783/3868/2103 3187/3869/2104 2782/3870/2105
f 2782/3870/2105 3187/3869/2104 2781/3871/2106
f 2781/3871/2106 3187/3869/2104 2780/3872/2107
f 2780/3872/2107 3187/3869/2104 3188/3873/2108
f 2780/3872/2107 3188/3873/2108 3184/3874/2109
f 3184/3874/2109 3188/3873/2108 3189/3875/2110
f 3184/3874/2109 3189/3875/2110 3185/3876/2111
f 3185/3876/2111 3189/3875/2110 3190/3877/2112
f 3185/3876/2111 3190/3877/2112 3186/3878/2113
f 3186/3878/2113 3190/3877/2112 2322/3879/1962
f 3186/3878/2113 2322/3879/1962 2321/3880/1961
f 2803/3857/2092 2695/3855/2090 2804/3881/2114
f 2804/3881/2114 2695/3855/2090 2696/3882/2115
f 2804/3881/2114 2696/3882/2115 2841/3883/2116
f 2841/3883/2116 2696/3882/2115 2828/3884/2117
f 2841/3883/2116 2828/3884/2117 2829/3885/2118
f 2829/3885/2118 2828/3884/2117 2842/3886/2119
f 2829/3885/2118 2842/3886/2119 2843/3887/2120
f 2843/3887/2120 2842/3886/2119 2859/3888/2121
f 2843/3887/2120 2859/3888/2121 2858/3889/2122
f 2858/3889/2122 2859/3888/2121 2851/3890/2123
f 2858/3889/2122 2851/3890/2123 2852/3891/2124
f 2852/3891/2124 2851/3890/2123 2865/3892/2125
f 2852/3891/2124 2865/3892/2125 2866/3893/2126
f 2866/3893/2126 2865/3892/2125 2876/3894/2127
f 2866/3893/2126 2876/3894/2127 2875/3895/2128
f 2875/3895/2128 2876/3894/2127 2874/3896/2129
f 2875/3895/2128 2874/3896/2129 2335/3897/2033
f 2335/3897/2033 2874/3896/2129 2336/3898/2031
f 2336/3898/2031 2874/3896/2129 2888/3899/2130
f 2336/3898/2031 2888/3899/2130 2807/3900/2131
f 2807/3900/2131 2888/3899/2130 2887/3901/2132
f 2807/3900/2131 2887/3901/2132 2896/3902/2133
f 2896/3902/2133 2887/3901/2132 2886/3903/2134
f 2896/3902/2133 2886/3903/2134 2897/3904/2135
f 2897/3904/2135 2886/3903/2134 2885/3905/2136
f 2897/3904/2135 2885/3905/2136 2898/3906/2137
f 2898/3906/2137 2885/3905/2136 2884/3907/2138
f 2898/3906/2137 2884/3907/2138 2899/3908/2139
f 2899/3908/2139 2884/3907/2138 2883/3909/2140
f 2899/3908/2139 2883/3909/2140 2900/3910/2141
f 2900/3910/2141 2883/3909/2140 2882/3911/2142
f 2900/3910/2141 2882/3911/2142 2808/3912/2143
f 2808/3912/2143 2882/3911/2142 2701/3913/2144
f 2808/3912/2143 2701/3913/2144 2702/3914/2145
f 2696/3882/2115 2697/3915/2146 2828/3884/2117
f 2828/3884/2117 2697/3915/2146 2805/3916/2147
f 2828/3884/2117 2805/3916/2147 2842/3886/2119
f 2842/3886/2119 2805/3916/2147 2860/3917/2148
f 2842/3886/2119 2860/3917/2148 2859/3888/2121
f 2859/3888/2121 2860/3917/2148 2850/3918/2149
f 2859/3888/2121 2850/3918/2149 2851/3890/2123
f 2851/3890/2123 2850/3918/2149 2864/3919/2150
f 2851/3890/2123 2864/3919/2150 2865/3892/2125
f 2865/3892/2125 2864/3919/2150 2877/3920/2151
f 2865/3892/2125 2877/3920/2151 2876/3894/2127
f 2876/3894/2127 2877/3920/2151 2873/3921/2152
f 2876/3894/2127 2873/3921/2152 2874/3896/2129
f 2874/3896/2129 2873/3921/2152 2888/3899/2130
f 2697/3915/2146 2698/3922/2153 2805/3916/2147
f 2805/3916/2147 2698/3922/2153 2861/3923/2154
f 2805/3916/2147 2861/3923/2154 2860/3917/2148
f 2860/3917/2148 2861/3923/2154 2849/3924/2155
f 2860/3917/2148 2849/3924/2155 2850/3918/2149
f 2850/3918/2149 2849/3924/2155 2863/3925/2156
f 2850/3918/2149 2863/3925/2156 2864/3919/2150
f 2864/3919/2150 2863/3925/2156 2878/3926/2157
f 2864/3919/2150 2878/3926/2157 2877/3920/2151
f 2877/3920/2151 2878/3926/2157 2872/3927/2158
f 2877/3920/2151 2872/3927/2158 2873/3921/2152
f 2873/3921/2152 2872/3927/2158 2887/3901/2132
f 2873/3921/2152 2887/3901/2132 2888/3899/2130
f 2861/3923/2154 2698/3922/2153 2848/3928/2159
f 2848/3928/2159 2698/3922/2153 2699/3929/2160
f 2848/3928/2159 2699/3929/2160 2806/3930/2161
f 2806/3930/2161 2699/3929/2160 2700/3931/2162
f 2806/3930/2161 2700/3931/2162 2881/3932/2163
f 2881/3932/2163 2700/3931/2162 2868/3933/2164
f 2881/3932/2163 2868/3933/2164 2869/3934/2165
f 2869/3934/2165 2868/3933/2164 2883/3909/2140
f 2869/3934/2165 2883/3909/2140 2884/3907/2138
f 2700/3931/2162 2701/3913/2144 2868/3933/2164
f 2868/3933/2164 2701/3913/2144 2882/3911/2142
f 2868/3933/2164 2882/3911/2142 2883/3909/2140
f 2808/3912/2143 2702/3914/2145 2889/3935/2166
f 2889/3935/2166 2702/3914/2145 2703/3936/2167
f 2889/3935/2166 2703/3936/2167 2901/3937/2168
f 2901/3937/2168 2703/3936/2167 2809/3938/2169
f 2901/3937/2168 2809/3938/2169 2920/3939/2170
f 2920/3939/2170 2809/3938/2169 2909/3940/2171
f 2920/3939/2170 2909/3940/2171 2910/3941/2172
f 2910/3941/2172 2909/3940/2171 2923/3942/2173
f 2910/3941/2172 2923/3942/2173 2924/3943/2174
f 2924/3943/2174 2923/3942/2173 2938/3944/2175
f 2924/3943/2174 2938/3944/2175 2937/3945/2176
f 2937/3945/2176 2938/3944/2175 2932/3946/2177
f 2937/3945/2176 2932/3946/2177 2933/3947/2178
f 2933/3947/2178 2932/3946/2177 2946/3948/2179
f 2933/3947/2178 2946/3948/2179 2947/3949/2180
f 2947/3949/2180 2946/3948/2179 2955/3950/2181
f 2947/3949/2180 2955/3950/2181 2345/3951/2013
f 2345/3951/2013 2955/3950/2181 2346/3952/2011
f 2346/3952/2011 2955/3950/2181 2954/3953/2182
f 2346/3952/2011 2954/3953/2182 2347/3954/2009
f 2347/3954/2009 2954/3953/2182 2961/3955/2183
f 2347/3954/2009 2961/3955/2183 2348/3956/2007
f 2348/3956/2007 2961/3955/2183 2972/3957/2184
f 2348/3956/2007 2972/3957/2184 2349/3958/2005
f 2349/3958/2005 2972/3957/2184 2976/3959/2185
f 2349/3958/2005 2976/3959/2185 2350/3960/2003
f 2350/3960/2003 2976/3959/2185 2980/3961/2186
f 2350/3960/2003 2980/3961/2186 2351/3962/2001
f 2351/3962/2001 2980/3961/2186 2983/3963/2187
f 2351/3962/2001 2983/3963/2187 2352/3964/1999
f 2352/3964/1999 2983/3963/2187 2812/3965/2188
f 2352/3964/1999 2812/3965/2188 2353/3966/1997
f 2353/3966/1997 2812/3965/2188 2988/3967/2189
f 2353/3966/1997 2988/3967/2189 2991/3968/2190
f 2991/3968/2190 2988/3967/2189 2987/3969/2191
f 2991/3968/2190 2987/3969/2191 2990/3970/2192
f 2990/3970/2192 2987/3969/2191 2986/3971/2193
f 2990/3970/2192 2986/3971/2193 2989/3972/2194
f 2989/3972/2194 2986/3971/2193 2727/3973/2195
f 2989/3972/2194 2727/3973/2195 2728/3974/2196
f 2703/3936/2167 2704/3975/2197 2809/3938/2169
f 2809/3938/2169 2704/3975/2197 2908/3976/2198
f 2809/3938/2169 2908/3976/2198 2909/3940/2171
f 2909/3940/2171 2908/3976/2198 2922/3977/2199
f 2909/3940/2171 2922/3977/2199 2923/3942/2173
f 2923/3942/2173 2922/3977/2199 2939/3978/2200
f 2923/3942/2173 2939/3978/2200 2938/3944/2175
f 2938/3944/2175 2939/3978/2200 2931/3979/2201
f 2938/3944/2175 2931/3979/2201 2932/3946/2177
f 2932/3946/2177 2931/3979/2201 2945/3980/2202
f 2932/3946/2177 2945/3980/2202 2946/3948/2179
f 2946/3948/2179 2945/3980/2202 2956/3981/2203
f 2946/3948/2179 2956/3981/2203 2955/3950/2181
f 2955/3950/2181 2956/3981/2203 2954/3953/2182
f 2704/3975/2197 2705/3982/2204 2908/3976/2198
f 2908/3976/2198 2705/3982/2204 2921/3983/2205
f 2908/3976/2198 2921/3983/2205 2922/3977/2199
f 2922/3977/2199 2921/3983/2205 2940/3984/2206
f 2922/3977/2199 2940/3984/2206 2939/3978/2200
f 2939/3978/2200 2940/3984/2206 2930/3985/2207
f 2939/3978/2200 2930/3985/2207 2931/3979/2201
f 2931/3979/2201 2930/3985/2207 2944/3986/2208
f 2931/3979/2201 2944/3986/2208 2945/3980/2202
f 2945/3980/2202 2944/3986/2208 2957/3987/2209
f 2945/3980/2202 2957/3987/2209 2956/3981/2203
f 2956/3981/2203 2957/3987/2209 2953/3988/2210
f 2956/3981/2203 2953/3988/2210 2954/3953/2182
f 2954/3953/2182 2953/3988/2210 2961/3955/2183
f 2921/3983/2205 2705/3982/2204 2810/3989/2211
f 2810/3989/2211 2705/3982/2204 2706/3990/2212
f 2810/3989/2211 2706/3990/2212 2928/3991/2213
f 2928/3991/2213 2706/3990/2212 2707/3992/2214
f 2928/3991/2213 2707/3992/2214 2941/3993/2215
f 2941/3993/2215 2707/3992/2214 2811/3994/2216
f 2941/3993/2215 2811/3994/2216 2960/3995/2217
f 2960/3995/2217 2811/3994/2216 2949/3996/2218
f 2960/3995/2217 2949/3996/2218 2950/3997/2219
f 2950/3997/2219 2949/3996/2218 2965/3998/2220
f 2950/3997/2219 2965/3998/2220 2964/3999/2221
f 2964/3999/2221 2965/3998/2220 2969/4000/2222
f 2964/3999/2221 2969/4000/2222 2970/4001/2223
f 2970/4001/2223 2969/4000/2222 2974/4002/2224
f 2970/4001/2223 2974/4002/2224 2975/4003/2225
f 2975/4003/2225 2974/4002/2224 2979/4004/2226
f 2975/4003/2225 2979/4004/2226 2980/3961/2186
f 2980/3961/2186 2979/4004/2226 2983/3963/2187
f 2707/3992/2214 2708/4005/2227 2811/3994/2216
f 2811/3994/2216 2708/4005/2227 2948/4006/2228
f 2811/3994/2216 2948/4006/2228 2949/3996/2218
f 2949/3996/2218 2948/4006/2228 2966/4007/2229
f 2949/3996/2218 2966/4007/2229 2965/3998/2220
f 2965/3998/2220 2966/4007/2229 2714/4008/2230
f 2965/3998/2220 2714/4008/2230 2968/4009/2231
f 2968/4009/2231 2714/4008/2230 2715/4010/2232
f 2968/4009/2231 2715/4010/2232 2716/4011/2233
f 2709/4012/2234 2710/4013/2235 2708/4005/2227
f 2708/4005/2227 2710/4013/2235 2948/4006/2228
f 2948/4006/2228 2710/4013/2235 2967/4014/2236
f 2967/4014/2236 2710/4013/2235 2711/4015/2237
f 2967/4014/2236 2711/4015/2237 2712/4016/2238
f 2967/4014/2236 2712/4016/2238 2966/4007/2229
f 2966/4007/2229 2712/4016/2238 2713/4017/2239
f 2966/4007/2229 2713/4017/2239 2714/4008/2230
f 2717/4018/2240 2973/4019/2241 2716/4011/2233
f 2716/4011/2233 2973/4019/2241 2969/4000/2222
f 2716/4011/2233 2969/4000/2222 2968/4009/2231
f 2968/4009/2231 2969/4000/2222 2965/3998/2220
f 2717/4018/2240 2718/4020/2242 2973/4019/2241
f 2973/4019/2241 2718/4020/2242 2719/4021/2243
f 2973/4019/2241 2719/4021/2243 2977/4022/2244
f 2977/4022/2244 2719/4021/2243 2720/4023/2245
f 2977/4022/2244 2720/4023/2245 2721/4024/2246
f 2722/4025/2247 2981/4026/2248 2721/4024/2246
f 2721/4024/2246 2981/4026/2248 2978/4027/2249
f 2721/4024/2246 2978/4027/2249 2977/4022/2244
f 2977/4022/2244 2978/4027/2249 2973/4019/2241
f 2722/4025/2247 2723/4028/2250 2981/4026/2248
f 2981/4026/2248 2723/4028/2250 2724/4029/2251
f 2981/4026/2248 2724/4029/2251 2984/4030/2252
f 2984/4030/2252 2724/4029/2251 2725/4031/2253
f 2984/4030/2252 2725/4031/2253 2726/4032/2254
f 2984/4030/2252 2726/4032/2254 2986/3971/2193
f 2986/3971/2193 2726/4032/2254 2727/3973/2195
f 2728/3974/2196 2729/4033/2255 2989/3972/2194
f 2989/3972/2194 2729/4033/2255 2992/4034/2256
f 2989/3972/2194 2992/4034/2256 2990/3970/2192
f 2990/3970/2192 2992/4034/2256 2993/4035/2257
f 2990/3970/2192 2993/4035/2257 2991/3968/2190
f 2991/3968/2190 2993/4035/2257 2994/4036/2258
f 2991/3968/2190 2994/4036/2258 2354/4037/1995
f 2354/4037/1995 2994/4036/2258 2355/4038/1993
f 2355/4038/1993 2994/4036/2258 2998/4039/2259
f 2355/4038/1993 2998/4039/2259 2356/4040/1991
f 2356/4040/1991 2998/4039/2259 3003/4041/2260
f 2356/4040/1991 3003/4041/2260 2357/4042/1989
f 2357/4042/1989 3003/4041/2260 3009/4043/2261
f 2357/4042/1989 3009/4043/2261 2358/4044/1987
f 2358/4044/1987 3009/4043/2261 3016/4045/2262
f 2358/4044/1987 3016/4045/2262 2359/4046/1985
f 2359/4046/1985 3016/4045/2262 3024/4047/2263
f 2359/4046/1985 3024/4047/2263 2360/4048/1983
f 2360/4048/1983 3024/4047/2263 3023/4049/2264
f 2360/4048/1983 3023/4049/2264 2361/4050/1981
f 2361/4050/1981 3023/4049/2264 3036/4051/2265
f 2361/4050/1981 3036/4051/2265 2362/4052/1979
f 2362/4052/1979 3036/4051/2265 3044/4053/2266
f 2362/4052/1979 3044/4053/2266 2363/4054/1977
f 2363/4054/1977 3044/4053/2266 3043/4055/2267
f 2363/4054/1977 3043/4055/2267 2364/4056/1975
f 2364/4056/1975 3043/4055/2267 3056/4057/2268
f 2364/4056/1975 3056/4057/2268 2365/4058/1973
f 2365/4058/1973 3056/4057/2268 3064/4059/2269
f 2365/4058/1973 3064/4059/2269 2366/4060/1971
f 2366/4060/1971 3064/4059/2269 3063/4061/2270
f 2366/4060/1971 3063/4061/2270 2367/4062/1969
f 2367/4062/1969 3063/4061/2270 3076/4063/2271
f 2367/4062/1969 3076/4063/2271 2368/4064/1967
f 2368/4064/1967 3076/4063/2271 3077/4065/2272
f 2368/4064/1967 3077/4065/2272 2304/4066/1965
f 2304/4066/1965 3077/4065/2272 2798/4067/2273
f 2304/4068/1965 2798/4069/2273 3090/4070/2274
f 3090/4070/2274 2798/4069/2273 2797/4071/2275
f 3090/4070/2274 2797/4071/2275 3089/4072/2276
f 3089/4072/2276 2797/4071/2275 2796/4073/2277
f 3089/4072/2276 2796/4073/2277 3088/4074/2278
f 3088/4074/2278 2796/4073/2277 2795/4075/2279
f 3088/4074/2278 2795/4075/2279 3087/4076/2280
f 3087/4076/2280 2795/4075/2279 2794/4077/2281
f 3087/4076/2280 2794/4077/2281 3086/4078/2282
f 3086/4078/2282 2794/4077/2281 2793/4079/2283
f 3086/4078/2282 2793/4079/2283 3085/4080/2284
f 3085/4080/2284 2793/4079/2283 2792/4081/2285
f 3085/4080/2284 2792/4081/2285 3084/4082/2286
f 3084/4082/2286 2792/4081/2285 2751/4083/2287
f 3084/4082/2286 2751/4083/2287 2799/4084/2288
f 2799/4084/2288 2751/4083/2287 2752/4085/2289
f 2799/4084/2288 2752/4085/2289 3091/4086/2290
f 3091/4086/2290 2752/4085/2289 2753/4087/2291
f 3091/4086/2290 2753/4087/2291 3104/4088/2292
f 3104/4088/2292 2753/4087/2291 2800/4089/2293
f 3104/4088/2292 2800/4089/2293 3123/4090/2294
f 3123/4090/2294 2800/4089/2293 3112/4091/2295
f 3123/4090/2294 3112/4091/2295 3113/4092/2296
f 3113/4092/2296 3112/4091/2295 3126/4093/2297
f 3113/4092/2296 3126/4093/2297 3127/4094/2298
f 3127/4094/2298 3126/4093/2297 3141/4095/2299
f 3127/4094/2298 3141/4095/2299 3140/4096/2300
f 3140/4096/2300 3141/4095/2299 3135/4097/2301
f 3140/4096/2300 3135/4097/2301 3136/4098/2302
f 3136/4098/2302 3135/4097/2301 3153/4099/2303
f 3136/4098/2302 3153/4099/2303 3152/4100/2304
f 3152/4100/2304 3153/4099/2303 3148/4101/2305
f 3152/4100/2304 3148/4101/2305 3149/4102/2306
f 3149/4102/2306 3148/4101/2305 3162/4103/2307
f 3149/4102/2306 3162/4103/2307 3163/4104/2308
f 3163/4104/2308 3162/4103/2307 3168/4105/2309
f 3163/4104/2308 3168/4105/2309 2316/4106/2080
f 2316/4106/2080 3168/4105/2309 2317/4107/2082
f 2317/4107/2082 3168/4105/2309 3172/4108/2310
f 2317/4107/2082 3172/4108/2310 2318/4109/2084
f 2318/4109/2084 3172/4108/2310 3175/4110/2311
f 2318/4109/2084 3175/4110/2311 2319/4111/2086
f 2319/4111/2086 3175/4110/2311 3178/4112/2312
f 2319/4111/2086 3178/4112/2312 2320/4113/2088
f 2320/4113/2088 3178/4112/2312 3181/4114/2313
f 2320/4113/2088 3181/4114/2313 2802/4115/2314
f 2802/4115/2314 3181/4114/2313 3180/4116/2315
f 2802/4115/2314 3180/4116/2315 3183/4117/2316
f 3183/4117/2316 3180/4116/2315 3179/4118/2317
f 3183/4117/2316 3179/4118/2317 3182/4119/2318
f 3182/4119/2318 3179/4118/2317 2775/4120/2319
f 3182/4119/2318 2775/4120/2319 2776/4121/2320
f 2729/4033/2255 2730/4122/2321 2992/4034/2256
f 2992/4034/2256 2730/4122/2321 2731/4123/2322
f 2992/4034/2256 2731/4123/2322 2732/4124/2323
f 2733/4125/2324 2995/4126/2325 2732/4124/2323
f 2732/4124/2323 2995/4126/2325 2996/4127/2326
f 2732/4124/2323 2996/4127/2326 2992/4034/2256
f 2992/4034/2256 2996/4127/2326 2993/4035/2257
f 2733/4125/2324 2734/4128/2327 2995/4126/2325
f 2995/4126/2325 2734/4128/2327 3000/4129/2328
f 2995/4126/2325 3000/4129/2328 3001/4130/2329
f 3001/4130/2329 3000/4129/2328 3007/4131/2330
f 3001/4130/2329 3007/4131/2330 3008/4132/2331
f 3008/4132/2331 3007/4131/2330 3015/4133/2332
f 3008/4132/2331 3015/4133/2332 3016/4045/2262
f 3016/4045/2262 3015/4133/2332 3024/4047/2263
f 2734/4128/2327 2735/4134/2333 3000/4129/2328
f 3000/4129/2328 2735/4134/2333 2999/4135/2334
f 3000/4129/2328 2999/4135/2334 3006/4136/2335
f 3006/4136/2335 2999/4135/2334 3005/4137/2336
f 3006/4136/2335 3005/4137/2336 3013/4138/2337
f 3013/4138/2337 3005/4137/2336 3012/4139/2338
f 3013/4138/2337 3012/4139/2338 3027/4140/2339
f 3027/4140/2339 3012/4139/2338 3028/4141/2340
f 3027/4140/2339 3028/4141/2340 3020/4142/2341
f 3020/4142/2341 3028/4141/2340 3019/4143/2342
f 3020/4142/2341 3019/4143/2342 3033/4144/2343
f 3033/4144/2343 3019/4143/2342 3032/4145/2344
f 3033/4144/2343 3032/4145/2344 3047/4146/2345
f 3047/4146/2345 3032/4145/2344 3048/4147/2346
f 3047/4146/2345 3048/4147/2346 3040/4148/2347
f 3040/4148/2347 3048/4147/2346 3039/4149/2348
f 3040/4148/2347 3039/4149/2348 3053/4150/2349
f 3053/4150/2349 3039/4149/2348 3052/4151/2350
f 3053/4150/2349 3052/4151/2350 3067/4152/2351
f 3067/4152/2351 3052/4151/2350 3068/4153/2352
f 3067/4152/2351 3068/4153/2352 3060/4154/2353
f 3060/4154/2353 3068/4153/2352 3059/4155/2354
f 3060/4154/2353 3059/4155/2354 3073/4156/2355
f 3073/4156/2355 3059/4155/2354 3072/4157/2356
f 3073/4156/2355 3072/4157/2356 3080/4158/2357
f 3080/4158/2357 3072/4157/2356 3081/4159/2358
f 3080/4158/2357 3081/4159/2358 2795/4160/2279
f 2795/4160/2279 3081/4159/2358 2794/4161/2281
f 2735/4134/2333 2736/4162/2359 2999/4135/2334
f 2999/4135/2334 2736/4162/2359 3005/4137/2336
f 2736/4162/2359 2737/4163/2360 3005/4137/2336
f 3005/4137/2336 2737/4163/2360 3004/4164/2361
f 3005/4137/2336 3004/4164/2361 3012/4139/2338
f 3012/4139/2338 3004/4164/2361 3011/4165/2362
f 3012/4139/2338 3011/4165/2362 3028/4141/2340
f 3028/4141/2340 3011/4165/2362 3029/4166/2363
f 3028/4141/2340 3029/4166/2363 3019/4143/2342
f 3019/4143/2342 3029/4166/2363 3018/4167/2364
f 3019/4143/2342 3018/4167/2364 3032/4145/2344
f 3032/4145/2344 3018/4167/2364 3031/4168/2365
f 3032/4145/2344 3031/4168/2365 3048/4147/2346
f 3048/4147/2346 3031/4168/2365 3049/4169/2366
f 3048/4147/2346 3049/4169/2366 3039/4149/2348
f 3039/4149/2348 3049/4169/2366 3038/4170/2367
f 3039/4149/2348 3038/4170/2367 3052/4151/2350
f 3052/4151/2350 3038/4170/2367 3051/4171/2368
f 3052/4151/2350 3051/4171/2368 3068/4153/2352
f 3068/4153/2352 3051/4171/2368 3069/4172/2369
f 3068/4153/2352 3069/4172/2369 3059/4155/2354
f 3059/4155/2354 3069/4172/2369 3058/4173/2370
f 3059/4155/2354 3058/4173/2370 3072/4157/2356
f 3072/4157/2356 3058/4173/2370 3071/4174/2371
f 3072/4157/2356 3071/4174/2371 3081/4159/2358
f 3081/4159/2358 3071/4174/2371 3082/4175/2372
f 3081/4159/2358 3082/4175/2372 2794/4161/2281
f 2794/4161/2281 3082/4175/2372 2793/4176/2283
f 2737/4163/2360 2738/4177/2373 3004/4164/2361
f 3004/4164/2361 2738/4177/2373 3011/4165/2362
f 2738/4177/2373 2739/4178/2374 3011/4165/2362
f 3011/4165/2362 2739/4178/2374 3010/4179/2375
f 3011/4165/2362 3010/4179/2375 3029/4166/2363
f 3029/4166/2363 3010/4179/2375 3030/4180/2376
f 3029/4166/2363 3030/4180/2376 3018/4167/2364
f 3018/4167/2364 3030/4180/2376 3017/4181/2377
f 3018/4167/2364 3017/4181/2377 3031/4168/2365
f 3031/4168/2365 3017/4181/2377 2813/4182/2378
f 3031/4168/2365 2813/4182/2378 3049/4169/2366
f 3049/4169/2366 2813/4182/2378 3050/4183/2379
f 3049/4169/2366 3050/4183/2379 3038/4170/2367
f 3038/4170/2367 3050/4183/2379 3037/4184/2380
f 3038/4170/2367 3037/4184/2380 3051/4171/2368
f 3051/4171/2368 3037/4184/2380 2814/4185/2381
f 3051/4171/2368 2814/4185/2381 3069/4172/2369
f 3069/4172/2369 2814/4185/2381 3070/4186/2382
f 3069/4172/2369 3070/4186/2382 3058/4173/2370
f 3058/4173/2370 3070/4186/2382 3057/4187/2383
f 3058/4173/2370 3057/4187/2383 3071/4174/2371
f 3071/4174/2371 3057/4187/2383 2815/4188/2384
f 3071/4174/2371 2815/4188/2384 3082/4175/2372
f 3082/4175/2372 2815/4188/2384 3083/4189/2385
f 3082/4175/2372 3083/4189/2385 2793/4176/2283
f 2793/4176/2283 3083/4189/2385 2792/4190/2285
f 2739/4178/2374 2740/4191/2386 3010/4179/2375
f 3010/4179/2375 2740/4191/2386 2741/4192/2387
f 3010/4179/2375 2741/4192/2387 2742/4193/2388
f 2743/4194/2389 2744/4195/2390 2742/4193/2388
f 2742/4193/2388 2744/4195/2390 3010/4179/2375
f 2745/4196/2391 3017/4181/2377 2744/4195/2390
f 2744/4195/2390 3017/4181/2377 3030/4180/2376
f 2744/4195/2390 3030/4180/2376 3010/4179/2375
f 3017/4181/2377 2745/4196/2391 2813/4182/2378
f 2813/4182/2378 2745/4196/2391 2746/4197/2392
f 2813/4182/2378 2746/4197/2392 3050/4183/2379
f 3050/4183/2379 2746/4197/2392 3037/4184/2380
f 2746/4197/2392 2747/4198/2393 3037/4184/2380
f 3037/4184/2380 2747/4198/2393 2814/4185/2381
f 2747/4198/2393 2748/4199/2394 2814/4185/2381
f 2814/4185/2381 2748/4199/2394 3070/4186/2382
f 3070/4186/2382 2748/4199/2394 3057/4187/2383
f 3057/4187/2383 2748/4199/2394 2749/4200/2395
f 3057/4187/2383 2749/4200/2395 2815/4188/2384
f 2815/4188/2384 2749/4200/2395 2750/4201/2396
f 2815/4188/2384 2750/4201/2396 3083/4189/2385
f 3083/4189/2385 2750/4201/2396 2792/4190/2285
f 2750/4202/2396 2751/4083/2287 2792/4081/2285
f 2753/4087/2291 2754/4203/2397 2800/4089/2293
f 2800/4089/2293 2754/4203/2397 3111/4204/2398
f 2800/4089/2293 3111/4204/2398 3112/4091/2295
f 3112/4091/2295 3111/4204/2398 3125/4205/2399
f 3112/4091/2295 3125/4205/2399 3126/4093/2297
f 3126/4093/2297 3125/4205/2399 3142/4206/2400
f 3126/4093/2297 3142/4206/2400 3141/4095/2299
f 3141/4095/2299 3142/4206/2400 3134/4207/2401
f 3141/4095/2299 3134/4207/2401 3135/4097/2301
f 3135/4097/2301 3134/4207/2401 3154/4208/2402
f 3135/4097/2301 3154/4208/2402 3153/4099/2303
f 3153/4099/2303 3154/4208/2402 3147/4209/2403
f 3153/4099/2303 3147/4209/2403 3148/4101/2305
f 3148/4101/2305 3147/4209/2403 3161/4210/2404
f 3148/4101/2305 3161/4210/2404 3162/4103/2307
f 3162/4103/2307 3161/4210/2404 3167/4211/2405
f 3162/4103/2307 3167/4211/2405 3168/4105/2309
f 3168/4105/2309 3167/4211/2405 3172/4108/2310
f 2754/4203/2397 2755/4212/2406 3111/4204/2398
f 3111/4204/2398 2755/4212/2406 3124/4213/2407
f 3111/4204/2398 3124/4213/2407 3125/4205/2399
f 3125/4205/2399 3124/4213/2407 3143/4214/2408
f 3125/4205/2399 3143/4214/2408 3142/4206/2400
f 3142/4206/2400 3143/4214/2408 3133/4215/2409
f 3142/4206/2400 3133/4215/2409 3134/4207/2401
f 3134/4207/2401 3133/4215/2409 3155/4216/2410
f 3134/4207/2401 3155/4216/2410 3154/4208/2402
f 3154/4208/2402 3155/4216/2410 3146/4217/2411
f 3154/4208/2402 3146/4217/2411 3147/4209/2403
f 3147/4209/2403 3146/4217/2411 3160/4218/2412
f 3147/4209/2403 3160/4218/2412 3161/4210/2404
f 3161/4210/2404 3160/4218/2412 3166/4219/2413
f 3161/4210/2404 3166/4219/2413 3167/4211/2405
f 3167/4211/2405 3166/4219/2413 3171/4220/2414
f 3167/4211/2405 3171/4220/2414 3172/4108/2310
f 3172/4108/2310 3171/4220/2414 3175/4110/2311
f 3124/4213/2407 2755/4212/2406 2801/4221/2415
f 2801/4221/2415 2755/4212/2406 2756/4222/2416
f 2801/4221/2415 2756/4222/2416 3131/4223/2417
f 3131/4223/2417 2756/4222/2416 2757/4224/2418
f 3131/4223/2417 2757/4224/2418 3157/4225/2419
f 3157/4225/2419 2757/4224/2418 3144/4226/2420
f 3157/4225/2419 3144/4226/2420 3156/4227/2421
f 3156/4227/2421 3144/4226/2420 3145/4228/2422
f 3156/4227/2421 3145/4228/2422 3155/4216/2410
f 3155/4216/2410 3145/4228/2422 3146/4217/2411
f 2758/4229/2423 2759/4230/2424 2757/4224/2418
f 2757/4224/2418 2759/4230/2424 3144/4226/2420
f 2759/4230/2424 2760/4231/2425 3144/4226/2420
f 3144/4226/2420 2760/4231/2425 2761/4232/2426
f 3144/4226/2420 2761/4232/2426 3145/4228/2422
f 3145/4228/2422 2761/4232/2426 2762/4233/2427
f 3145/4228/2422 2762/4233/2427 3158/4234/2428
f 3158/4234/2428 2762/4233/2427 2763/4235/2429
f 3158/4234/2428 2763/4235/2429 3159/4236/2430
f 3159/4236/2430 2763/4235/2429 2764/4237/2431
f 3159/4236/2430 2764/4237/2431 3164/4238/2432
f 3164/4238/2432 2764/4237/2431 2765/4239/2433
f 3164/4238/2432 2765/4239/2433 3165/4240/2434
f 3165/4240/2434 2765/4239/2433 2766/4241/2435
f 3165/4240/2434 2766/4241/2435 3169/4242/2436
f 3169/4242/2436 2766/4241/2435 2767/4243/2437
f 3169/4242/2436 2767/4243/2437 2768/4244/2438
f 2768/4244/2438 2769/4245/2439 3169/4242/2436
f 3169/4242/2436 2769/4245/2439 2770/4246/2440
f 3169/4242/2436 2770/4246/2440 3170/4247/2441
f 3170/4247/2441 2770/4246/2440 3173/4248/2442
f 3170/4247/2441 3173/4248/2442 3174/4249/2443
f 3174/4249/2443 3173/4248/2442 3177/4250/2444
f 3174/4249/2443 3177/4250/2444 3178/4112/2312
f 3178/4112/2312 3177/4250/2444 3181/4114/2313
f 2770/4246/2440 2771/4251/2445 3173/4248/2442
f 3173/4248/2442 2771/4251/2445 2772/4252/2446
f 3173/4248/2442 2772/4252/2446 3176/4253/2447
f 3176/4253/2447 2772/4252/2446 2773/4254/2448
f 3176/4253/2447 2773/4254/2448 2774/4255/2449
f 3176/4253/2447 2774/4255/2449 3179/4118/2317
f 3179/4118/2317 2774/4255/2449 2775/4120/2319
f 2776/4121/2320 2777/4256/2450 3182/4119/2318
f 3182/4119/2318 2777/4256/2450 3184/3874/2109
f 3182/4119/2318 3184/3874/2109 3185/3876/2111
f 2777/4256/2450 2778/4257/2451 3184/3874/2109
f 3184/3874/2109 2778/4257/2451 2779/4258/2452
f 3184/3874/2109 2779/4258/2452 2780/3872/2107
f 2784/3866/2101 2785/4259/2453 3195/3864/2099
f 3195/3864/2099 2785/4259/2453 2786/3862/2097
f 2788/3860/2095 2789/4260/2454 3200/3858/2093
f 3200/3858/2093 2789/4260/2454 2790/4261/2455
f 3200/3858/2093 2790/4261/2455 2791/3856/2091
f 2354/4037/1995 2353/3966/1997 2991/3968/2190
f 2345/3951/2013 2344/4262/2015 2947/3949/2180
f 2947/3949/2180 2344/4262/2015 2934/4263/2456
f 2947/3949/2180 2934/4263/2456 2933/3947/2178
f 2933/3947/2178 2934/4263/2456 2936/4264/2457
f 2933/3947/2178 2936/4264/2457 2937/3945/2176
f 2937/3945/2176 2936/4264/2457 2925/4265/2458
f 2937/3945/2176 2925/4265/2458 2924/3943/2174
f 2924/3943/2174 2925/4265/2458 2911/4266/2459
f 2924/3943/2174 2911/4266/2459 2910/3941/2172
f 2910/3941/2172 2911/4266/2459 2919/4267/2460
f 2910/3941/2172 2919/4267/2460 2920/3939/2170
f 2920/3939/2170 2919/4267/2460 2902/4268/2461
f 2920/3939/2170 2902/4268/2461 2901/3937/2168
f 2901/3937/2168 2902/4268/2461 2889/3935/2166
f 2344/4262/2015 2343/4269/2017 2934/4263/2456
f 2934/4263/2456 2343/4269/2017 2935/4270/2462
f 2934/4263/2456 2935/4270/2462 2936/4264/2457
f 2936/4264/2457 2935/4270/2462 2926/4271/2463
f 2936/4264/2457 2926/4271/2463 2925/4265/2458
f 2925/4265/2458 2926/4271/2463 2912/4272/2464
f 2925/4265/2458 2912/4272/2464 2911/4266/2459
f 2911/4266/2459 2912/4272/2464 2918/4273/2465
f 2911/4266/2459 2918/4273/2465 2919/4267/2460
f 2919/4267/2460 2918/4273/2465 2903/4274/2466
f 2919/4267/2460 2903/4274/2466 2902/4268/2461
f 2902/4268/2461 2903/4274/2466 2890/4275/2467
f 2902/4268/2461 2890/4275/2467 2889/3935/2166
f 2889/3935/2166 2890/4275/2467 2808/3912/2143
f 2343/4269/2017 2342/4276/2019 2935/4270/2462
f 2935/4270/2462 2342/4276/2019 2927/4277/2468
f 2935/4270/2462 2927/4277/2468 2926/4271/2463
f 2926/4271/2463 2927/4277/2468 2913/4278/2469
f 2926/4271/2463 2913/4278/2469 2912/4272/2464
f 2912/4272/2464 2913/4278/2469 2917/4279/2470
f 2912/4272/2464 2917/4279/2470 2918/4273/2465
f 2918/4273/2465 2917/4279/2470 2904/4280/2471
f 2918/4273/2465 2904/4280/2471 2903/4274/2466
f 2903/4274/2466 2904/4280/2471 2891/4281/2472
f 2903/4274/2466 2891/4281/2472 2890/4275/2467
f 2890/4275/2467 2891/4281/2472 2900/3910/2141
f 2890/4275/2467 2900/3910/2141 2808/3912/2143
f 2342/4276/2019 2341/4282/2021 2927/4277/2468
f 2927/4277/2468 2341/4282/2021 2914/4283/2473
f 2927/4277/2468 2914/4283/2473 2913/4278/2469
f 2913/4278/2469 2914/4283/2473 2916/4284/2474
f 2913/4278/2469 2916/4284/2474 2917/4279/2470
f 2917/4279/2470 2916/4284/2474 2905/4285/2475
f 2917/4279/2470 2905/4285/2475 2904/4280/2471
f 2904/4280/2471 2905/4285/2475 2892/4286/2476
f 2904/4280/2471 2892/4286/2476 2891/4281/2472
f 2891/4281/2472 2892/4286/2476 2899/3908/2139
f 2891/4281/2472 2899/3908/2139 2900/3910/2141
f 2341/4282/2021 2340/4287/2023 2914/4283/2473
f 2914/4283/2473 2340/4287/2023 2915/4288/2477
f 2914/4283/2473 2915/4288/2477 2916/4284/2474
f 2916/4284/2474 2915/4288/2477 2906/4289/2478
f 2916/4284/2474 2906/4289/2478 2905/4285/2475
f 2905/4285/2475 2906/4289/2478 2893/4290/2479
f 2905/4285/2475 2893/4290/2479 2892/4286/2476
f 2892/4286/2476 2893/4290/2479 2898/3906/2137
f 2892/4286/2476 2898/3906/2137 2899/3908/2139
f 2340/4287/2023 2339/4291/2025 2915/4288/2477
f 2915/4288/2477 2339/4291/2025 2907/4292/2480
f 2915/4288/2477 2907/4292/2480 2906/4289/2478
f 2906/4289/2478 2907/4292/2480 2894/4293/2481
f 2906/4289/2478 2894/4293/2481 2893/4290/2479
f 2893/4290/2479 2894/4293/2481 2897/3904/2135
f 2893/4290/2479 2897/3904/2135 2898/3906/2137
f 2339/4291/2025 2338/4294/2027 2907/4292/2480
f 2907/4292/2480 2338/4294/2027 2895/4295/2482
f 2907/4292/2480 2895/4295/2482 2894/4293/2481
f 2894/4293/2481 2895/4295/2482 2896/3902/2133
f 2894/4293/2481 2896/3902/2133 2897/3904/2135
f 2338/4294/2027 2337/4296/2029 2895/4295/2482
f 2895/4295/2482 2337/4296/2029 2807/3900/2131
f 2895/4295/2482 2807/3900/2131 2896/3902/2133
f 2337/4296/2029 2336/3898/2031 2807/3900/2131
f 2335/3897/2033 2334/4297/2035 2875/3895/2128
f 2875/3895/2128 2334/4297/2035 2867/4298/2483
f 2875/3895/2128 2867/4298/2483 2866/3893/2126
f 2866/3893/2126 2867/4298/2483 2853/4299/2484
f 2866/3893/2126 2853/4299/2484 2852/3891/2124
f 2852/3891/2124 2853/4299/2484 2857/4300/2485
f 2852/3891/2124 2857/4300/2485 2858/3889/2122
f 2858/3889/2122 2857/4300/2485 2844/4301/2486
f 2858/3889/2122 2844/4301/2486 2843/3887/2120
f 2843/3887/2120 2844/4301/2486 2830/4302/2487
f 2843/3887/2120 2830/4302/2487 2829/3885/2118
f 2829/3885/2118 2830/4302/2487 2840/4303/2488
f 2829/3885/2118 2840/4303/2488 2841/3883/2116
f 2841/3883/2116 2840/4303/2488 2804/3881/2114
f 2334/4297/2035 2333/4304/2037 2867/4298/2483
f 2867/4298/2483 2333/4304/2037 2854/4305/2489
f 2867/4298/2483 2854/4305/2489 2853/4299/2484
f 2853/4299/2484 2854/4305/2489 2856/4306/2490
f 2853/4299/2484 2856/4306/2490 2857/4300/2485
f 2857/4300/2485 2856/4306/2490 2845/4307/2491
f 2857/4300/2485 2845/4307/2491 2844/4301/2486
f 2844/4301/2486 2845/4307/2491 2831/4308/2492
f 2844/4301/2486 2831/4308/2492 2830/4302/2487
f 2830/4302/2487 2831/4308/2492 2839/4309/2493
f 2830/4302/2487 2839/4309/2493 2840/4303/2488
f 2840/4303/2488 2839/4309/2493 2816/4310/2494
f 2840/4303/2488 2816/4310/2494 2804/3881/2114
f 2804/3881/2114 2816/4310/2494 2803/3857/2092
f 2333/4304/2037 2332/4311/2039 2854/4305/2489
f 2854/4305/2489 2332/4311/2039 2855/4312/2495
f 2854/4305/2489 2855/4312/2495 2856/4306/2490
f 2856/4306/2490 2855/4312/2495 2846/4313/2496
f 2856/4306/2490 2846/4313/2496 2845/4307/2491
f 2845/4307/2491 2846/4313/2496 2832/4314/2497
f 2845/4307/2491 2832/4314/2497 2831/4308/2492
f 2831/4308/2492 2832/4314/2497 2838/4315/2498
f 2831/4308/2492 2838/4315/2498 2839/4309/2493
f 2839/4309/2493 2838/4315/2498 2817/4316/2499
f 2839/4309/2493 2817/4316/2499 2816/4310/2494
f 2816/4310/2494 2817/4316/2499 2827/4317/2500
f 2816/4310/2494 2827/4317/2500 2803/3857/2092
f 2803/3857/2092 2827/4317/2500 3201/3859/2094
f 2332/4311/2039 2331/4318/2041 2855/4312/2495
f 2855/4312/2495 2331/4318/2041 2847/4319/2501
f 2855/4312/2495 2847/4319/2501 2846/4313/2496
f 2846/4313/2496 2847/4319/2501 2833/4320/2502
f 2846/4313/2496 2833/4320/2502 2832/4314/2497
f 2832/4314/2497 2833/4320/2502 2837/4321/2503
f 2832/4314/2497 2837/4321/2503 2838/4315/2498
f 2838/4315/2498 2837/4321/2503 2818/4322/2504
f 2838/4315/2498 2818/4322/2504 2817/4316/2499
f 2817/4316/2499 2818/4322/2504 2826/4323/2505
f 2817/4316/2499 2826/4323/2505 2827/4317/2500
f 2827/4317/2500 2826/4323/2505 3202/3863/2098
f 2827/4317/2500 3202/3863/2098 3201/3859/2094
f 2331/4318/2041 2330/4324/2043 2847/4319/2501
f 2847/4319/2501 2330/4324/2043 2834/4325/2506
f 2847/4319/2501 2834/4325/2506 2833/4320/2502
f 2833/4320/2502 2834/4325/2506 2836/4326/2507
f 2833/4320/2502 2836/4326/2507 2837/4321/2503
f 2837/4321/2503 2836/4326/2507 2819/4327/2508
f 2837/4321/2503 2819/4327/2508 2818/4322/2504
f 2818/4322/2504 2819/4327/2508 2825/4328/2509
f 2818/4322/2504 2825/4328/2509 2826/4323/2505
f 2826/4323/2505 2825/4328/2509 3203/4329/2510
f 2826/4323/2505 3203/4329/2510 3202/3863/2098
f 3202/3863/2098 3203/4329/2510 3196/3865/2100
f 2330/4324/2043 2329/4330/2045 2834/4325/2506
f 2834/4325/2506 2329/4330/2045 2835/4331/2511
f 2834/4325/2506 2835/4331/2511 2836/4326/2507
f 2836/4326/2507 2835/4331/2511 2820/4332/2512
f 2836/4326/2507 2820/4332/2512 2819/4327/2508
f 2819/4327/2508 2820/4332/2512 2824/4333/2513
f 2819/4327/2508 2824/4333/2513 2825/4328/2509
f 2825/4328/2509 2824/4333/2513 3204/4334/2514
f 2825/4328/2509 3204/4334/2514 3203/4329/2510
f 3203/4329/2510 3204/4334/2514 3197/4335/2515
f 3203/4329/2510 3197/4335/2515 3196/3865/2100
f 3196/3865/2100 3197/4335/2515 3191/3867/2102
f 2329/4330/2045 2328/4336/2047 2835/4331/2511
f 2835/4331/2511 2328/4336/2047 2821/4337/2516
f 2835/4331/2511 2821/4337/2516 2820/4332/2512
f 2820/4332/2512 2821/4337/2516 2823/4338/2517
f 2820/4332/2512 2823/4338/2517 2824/4333/2513
f 2824/4333/2513 2823/4338/2517 3205/4339/2518
f 2824/4333/2513 3205/4339/2518 3204/4334/2514
f 3204/4334/2514 3205/4339/2518 3198/4340/2519
f 3204/4334/2514 3198/4340/2519 3197/4335/2515
f 3197/4335/2515 3198/4340/2519 3192/4341/2520
f 3197/4335/2515 3192/4341/2520 3191/3867/2102
f 3191/3867/2102 3192/4341/2520 3187/3869/2104
f 2328/4336/2047 2327/4342/2049 2821/4337/2516
f 2821/4337/2516 2327/4342/2049 2822/4343/2521
f 2821/4337/2516 2822/4343/2521 2823/4338/2517
f 2823/4338/2517 2822/4343/2521 3206/4344/2522
f 2823/4338/2517 3206/4344/2522 3205/4339/2518
f 3205/4339/2518 3206/4344/2522 3199/4345/2523
f 3205/4339/2518 3199/4345/2523 3198/4340/2519
f 3198/4340/2519 3199/4345/2523 3193/4346/2524
f 3198/4340/2519 3193/4346/2524 3192/4341/2520
f 3192/4341/2520 3193/4346/2524 3188/3873/2108
f 3192/4341/2520 3188/3873/2108 3187/3869/2104
f 2327/4342/2049 2326/4347/2051 2822/4343/2521
f 2822/4343/2521 2326/4347/2051 3206/4344/2522
f 2326/4347/2051 2325/4348/2053 3206/4344/2522
f 3206/4344/2522 2325/4348/2053 3199/4345/2523
f 2325/4348/2053 2324/4349/2055 3199/4345/2523
f 3199/4345/2523 2324/4349/2055 3194/4350/2525
f 3199/4345/2523 3194/4350/2525 3193/4346/2524
f 3193/4346/2524 3194/4350/2525 3189/3875/2110
f 3193/4346/2524 3189/3875/2110 3188/3873/2108
f 2324/4349/2055 2323/4351/2057 3194/4350/2525
f 3194/4350/2525 2323/4351/2057 3190/3877/2112
f 3194/4350/2525 3190/3877/2112 3189/3875/2110
f 2323/4351/2057 2322/3879/1962 3190/3877/2112
f 3186/3878/2113 2321/3880/1961 2802/4115/2314
f 2802/4115/2314 2321/3880/1961 2320/4113/2088
f 2316/4106/2080 2315/4352/2078 3163/4104/2308
f 3163/4104/2308 2315/4352/2078 3150/4353/2526
f 3163/4104/2308 3150/4353/2526 3149/4102/2306
f 3149/4102/2306 3150/4353/2526 3151/4354/2527
f 3149/4102/2306 3151/4354/2527 3152/4100/2304
f 3152/4100/2304 3151/4354/2527 3137/4355/2528
f 3152/4100/2304 3137/4355/2528 3136/4098/2302
f 3136/4098/2302 3137/4355/2528 3139/4356/2529
f 3136/4098/2302 3139/4356/2529 3140/4096/2300
f 3140/4096/2300 3139/4356/2529 3128/4357/2530
f 3140/4096/2300 3128/4357/2530 3127/4094/2298
f 3127/4094/2298 3128/4357/2530 3114/4358/2531
f 3127/4094/2298 3114/4358/2531 3113/4092/2296
f 3113/4092/2296 3114/4358/2531 3122/4359/2532
f 3113/4092/2296 3122/4359/2532 3123/4090/2294
f 3123/4090/2294 3122/4359/2532 3105/4360/2533
f 3123/4090/2294 3105/4360/2533 3104/4088/2292
f 3104/4088/2292 3105/4360/2533 3091/4086/2290
f 2315/4352/2078 2314/4361/2076 3150/4353/2526
f 3150/4353/2526 2314/4361/2076 3151/4354/2527
f 2314/4361/2076 2313/4362/2074 3151/4354/2527
f 3151/4354/2527 2313/4362/2074 3137/4355/2528
f 2313/4362/2074 2312/4363/2072 3137/4355/2528
f 3137/4355/2528 2312/4363/2072 3138/4364/2534
f 3137/4355/2528 3138/4364/2534 3139/4356/2529
f 3139/4356/2529 3138/4364/2534 3129/4365/2535
f 3139/4356/2529 3129/4365/2535 3128/4357/2530
f 3128/4357/2530 3129/4365/2535 3115/4366/2536
f 3128/4357/2530 3115/4366/2536 3114/4358/2531
f 3114/4358/2531 3115/4366/2536 3121/4367/2537
f 3114/4358/2531 3121/4367/2537 3122/4359/2532
f 3122/4359/2532 3121/4367/2537 3106/4368/2538
f 3122/4359/2532 3106/4368/2538 3105/4360/2533
f 3105/4360/2533 3106/4368/2538 3092/4369/2539
f 3105/4360/2533 3092/4369/2539 3091/4086/2290
f 3091/4086/2290 3092/4369/2539 2799/4084/2288
f 2312/4363/2072 2311/4370/2070 3138/4364/2534
f 3138/4364/2534 2311/4370/2070 3130/4371/2540
f 3138/4364/2534 3130/4371/2540 3129/4365/2535
f 3129/4365/2535 3130/4371/2540 3116/4372/2541
f 3129/4365/2535 3116/4372/2541 3115/4366/2536
f 3115/4366/2536 3116/4372/2541 3120/4373/2542
f 3115/4366/2536 3120/4373/2542 3121/4367/2537
f 3121/4367/2537 3120/4373/2542 3107/4374/2543
f 3121/4367/2537 3107/4374/2543 3106/4368/2538
f 3106/4368/2538 3107/4374/2543 3093/4375/2544
f 3106/4368/2538 3093/4375/2544 3092/4369/2539
f 3092/4369/2539 3093/4375/2544 3103/4376/2545
f 3092/4369/2539 3103/4376/2545 2799/4084/2288
f 2799/4084/2288 3103/4376/2545 3084/4082/2286
f 2311/4370/2070 2310/4377/2068 3130/4371/2540
f 3130/4371/2540 2310/4377/2068 3117/4378/2546
f 3130/4371/2540 3117/4378/2546 3116/4372/2541
f 3116/4372/2541 3117/4378/2546 3119/4379/2547
f 3116/4372/2541 3119/4379/2547 3120/4373/2542
f 3120/4373/2542 3119/4379/2547 3108/4380/2548
f 3120/4373/2542 3108/4380/2548 3107/4374/2543
f 3107/4374/2543 3108/4380/2548 3094/4381/2549
f 3107/4374/2543 3094/4381/2549 3093/4375/2544
f 3093/4375/2544 3094/4381/2549 3102/4382/2550
f 3093/4375/2544 3102/4382/2550 3103/4376/2545
f 3103/4376/2545 3102/4382/2550 3085/4080/2284
f 3103/4376/2545 3085/4080/2284 3084/4082/2286
f 2310/4377/2068 2309/4383/2066 3117/4378/2546
f 3117/4378/2546 2309/4383/2066 3118/4384/2551
f 3117/4378/2546 3118/4384/2551 3119/4379/2547
f 3119/4379/2547 3118/4384/2551 3109/4385/2552
f 3119/4379/2547 3109/4385/2552 3108/4380/2548
f 3108/4380/2548 3109/4385/2552 3095/4386/2553
f 3108/4380/2548 3095/4386/2553 3094/4381/2549
f 3094/4381/2549 3095/4386/2553 3101/4387/2554
f 3094/4381/2549 3101/4387/2554 3102/4382/2550
f 3102/4382/2550 3101/4387/2554 3086/4078/2282
f 3102/4382/2550 3086/4078/2282 3085/4080/2284
f 2309/4383/2066 2308/4388/2064 3118/4384/2551
f 3118/4384/2551 2308/4388/2064 3110/4389/2555
f 3118/4384/2551 3110/4389/2555 3109/4385/2552
f 3109/4385/2552 3110/4389/2555 3096/4390/2556
f 3109/4385/2552 3096/4390/2556 3095/4386/2553
f 3095/4386/2553 3096/4390/2556 3100/4391/2557
f 3095/4386/2553 3100/4391/2557 3101/4387/2554
f 3101/4387/2554 3100/4391/2557 3087/4076/2280
f 3101/4387/2554 3087/4076/2280 3086/4078/2282
f 2308/4388/2064 2307/4392/2062 3110/4389/2555
f 3110/4389/2555 2307/4392/2062 3097/4393/2558
f 3110/4389/2555 3097/4393/2558 3096/4390/2556
f 3096/4390/2556 3097/4393/2558 3099/4394/2559
f 3096/4390/2556 3099/4394/2559 3100/4391/2557
f 3100/4391/2557 3099/4394/2559 3088/4074/2278
f 3100/4391/2557 3088/4074/2278 3087/4076/2280
f 2307/4392/2062 2306/4395/2060 3097/4393/2558
f 3097/4393/2558 2306/4395/2060 3098/4396/2560
f 3097/4393/2558 3098/4396/2560 3099/4394/2559
f 3099/4394/2559 3098/4396/2560 3089/4072/2276
f 3099/4394/2559 3089/4072/2276 3088/4074/2278
f 2306/4395/2060 2305/4397/1963 3098/4396/2560
f 3098/4396/2560 2305/4397/1963 3090/4070/2274
f 3098/4396/2560 3090/4070/2274 3089/4072/2276
f 2305/4397/1963 2304/4068/1965 3090/4070/2274
f 2795/4160/2279 2796/4398/2277 3080/4158/2357
f 3080/4158/2357 2796/4398/2277 3079/4399/2561
f 3080/4158/2357 3079/4399/2561 3073/4156/2355
f 3073/4156/2355 3079/4399/2561 3074/4400/2562
f 3073/4156/2355 3074/4400/2562 3060/4154/2353
f 3060/4154/2353 3074/4400/2562 3061/4401/2563
f 3060/4154/2353 3061/4401/2563 3067/4152/2351
f 3067/4152/2351 3061/4401/2563 3066/4402/2564
f 3067/4152/2351 3066/4402/2564 3053/4150/2349
f 3053/4150/2349 3066/4402/2564 3054/4403/2565
f 3053/4150/2349 3054/4403/2565 3040/4148/2347
f 3040/4148/2347 3054/4403/2565 3041/4404/2566
f 3040/4148/2347 3041/4404/2566 3047/4146/2345
f 3047/4146/2345 3041/4404/2566 3046/4405/2567
f 3047/4146/2345 3046/4405/2567 3033/4144/2343
f 3033/4144/2343 3046/4405/2567 3034/4406/2568
f 3033/4144/2343 3034/4406/2568 3020/4142/2341
f 3020/4142/2341 3034/4406/2568 3021/4407/2569
f 3020/4142/2341 3021/4407/2569 3027/4140/2339
f 3027/4140/2339 3021/4407/2569 3026/4408/2570
f 3027/4140/2339 3026/4408/2570 3013/4138/2337
f 3013/4138/2337 3026/4408/2570 3014/4409/2571
f 3013/4138/2337 3014/4409/2571 3006/4136/2335
f 3006/4136/2335 3014/4409/2571 3007/4131/2330
f 3006/4136/2335 3007/4131/2330 3000/4129/2328
f 2796/4398/2277 2797/4410/2275 3079/4399/2561
f 3079/4399/2561 2797/4410/2275 3078/4411/2572
f 3079/4399/2561 3078/4411/2572 3074/4400/2562
f 3074/4400/2562 3078/4411/2572 3075/4412/2573
f 3074/4400/2562 3075/4412/2573 3061/4401/2563
f 3061/4401/2563 3075/4412/2573 3062/4413/2574
f 3061/4401/2563 3062/4413/2574 3066/4402/2564
f 3066/4402/2564 3062/4413/2574 3065/4414/2575
f 3066/4402/2564 3065/4414/2575 3054/4403/2565
f 3054/4403/2565 3065/4414/2575 3055/4415/2576
f 3054/4403/2565 3055/4415/2576 3041/4404/2566
f 3041/4404/2566 3055/4415/2576 3042/4416/2577
f 3041/4404/2566 3042/4416/2577 3046/4405/2567
f 3046/4405/2567 3042/4416/2577 3045/4417/2578
f 3046/4405/2567 3045/4417/2578 3034/4406/2568
f 3034/4406/2568 3045/4417/2578 3035/4418/2579
f 3034/4406/2568 3035/4418/2579 3021/4407/2569
f 3021/4407/2569 3035/4418/2579 3022/4419/2580
f 3021/4407/2569 3022/4419/2580 3026/4408/2570
f 3026/4408/2570 3022/4419/2580 3025/4420/2581
f 3026/4408/2570 3025/4420/2581 3014/4409/2571
f 3014/4409/2571 3025/4420/2581 3015/4133/2332
f 3014/4409/2571 3015/4133/2332 3007/4131/2330
f 2797/4410/2275 2798/4067/2273 3078/4411/2572
f 3078/4411/2572 2798/4067/2273 3077/4065/2272
f 3078/4411/2572 3077/4065/2272 3075/4412/2573
f 3075/4412/2573 3077/4065/2272 3076/4063/2271
f 3075/4412/2573 3076/4063/2271 3062/4413/2574
f 3062/4413/2574 3076/4063/2271 3063/4061/2270
f 3062/4413/2574 3063/4061/2270 3065/4414/2575
f 3065/4414/2575 3063/4061/2270 3064/4059/2269
f 3065/4414/2575 3064/4059/2269 3055/4415/2576
f 3055/4415/2576 3064/4059/2269 3056/4057/2268
f 3055/4415/2576 3056/4057/2268 3042/4416/2577
f 3042/4416/2577 3056/4057/2268 3043/4055/2267
f 3042/4416/2577 3043/4055/2267 3045/4417/2578
f 3045/4417/2578 3043/4055/2267 3044/4053/2266
f 3045/4417/2578 3044/4053/2266 3035/4418/2579
f 3035/4418/2579 3044/4053/2266 3036/4051/2265
f 3035/4418/2579 3036/4051/2265 3022/4419/2580
f 3022/4419/2580 3036/4051/2265 3023/4049/2264
f 3022/4419/2580 3023/4049/2264 3025/4420/2581
f 3025/4420/2581 3023/4049/2264 3024/4047/2263
f 3025/4420/2581 3024/4047/2263 3015/4133/2332
f 2966/4007/2229 2948/4006/2228 2967/4014/2236
f 2861/3923/2154 2848/3928/2159 2849/3924/2155
f 2849/3924/2155 2848/3928/2159 2862/4421/2582
f 2849/3924/2155 2862/4421/2582 2863/3925/2156
f 2863/3925/2156 2862/4421/2582 2879/4422/2583
f 2863/3925/2156 2879/4422/2583 2878/3926/2157
f 2878/3926/2157 2879/4422/2583 2871/4423/2584
f 2878/3926/2157 2871/4423/2584 2872/3927/2158
f 2872/3927/2158 2871/4423/2584 2886/3903/2134
f 2872/3927/2158 2886/3903/2134 2887/3901/2132
f 2848/3928/2159 2806/3930/2161 2862/4421/2582
f 2862/4421/2582 2806/3930/2161 2880/4424/2585
f 2862/4421/2582 2880/4424/2585 2879/4422/2583
f 2879/4422/2583 2880/4424/2585 2870/4425/2586
f 2879/4422/2583 2870/4425/2586 2871/4423/2584
f 2871/4423/2584 2870/4425/2586 2885/3905/2136
f 2871/4423/2584 2885/3905/2136 2886/3903/2134
f 2881/3932/2163 2869/3934/2165 2880/4424/2585
f 2880/4424/2585 2869/3934/2165 2870/4425/2586
f 2885/3905/2136 2870/4425/2586 2884/3907/2138
f 2884/3907/2138 2870/4425/2586 2869/3934/2165
f 2806/3930/2161 2881/3932/2163 2880/4424/2585
f 2928/3991/2213 2929/4426/2587 2810/3989/2211
f 2810/3989/2211 2929/4426/2587 2940/3984/2206
f 2810/3989/2211 2940/3984/2206 2921/3983/2205
f 2940/3984/2206 2929/4426/2587 2930/3985/2207
f 2930/3985/2207 2929/4426/2587 2943/4427/2588
f 2930/3985/2207 2943/4427/2588 2944/3986/2208
f 2944/3986/2208 2943/4427/2588 2958/4428/2589
f 2944/3986/2208 2958/4428/2589 2957/3987/2209
f 2957/3987/2209 2958/4428/2589 2952/4429/2590
f 2957/3987/2209 2952/4429/2590 2953/3988/2210
f 2953/3988/2210 2952/4429/2590 2962/4430/2591
f 2953/3988/2210 2962/4430/2591 2961/3955/2183
f 2961/3955/2183 2962/4430/2591 2972/3957/2184
f 2929/4426/2587 2928/3991/2213 2942/4431/2592
f 2942/4431/2592 2928/3991/2213 2941/3993/2215
f 2942/4431/2592 2941/3993/2215 2960/3995/2217
f 2929/4426/2587 2942/4431/2592 2943/4427/2588
f 2943/4427/2588 2942/4431/2592 2959/4432/2593
f 2943/4427/2588 2959/4432/2593 2958/4428/2589
f 2958/4428/2589 2959/4432/2593 2951/4433/2594
f 2958/4428/2589 2951/4433/2594 2952/4429/2590
f 2952/4429/2590 2951/4433/2594 2963/4434/2595
f 2952/4429/2590 2963/4434/2595 2962/4430/2591
f 2962/4430/2591 2963/4434/2595 2971/4435/2596
f 2962/4430/2591 2971/4435/2596 2972/3957/2184
f 2972/3957/2184 2971/4435/2596 2976/3959/2185
f 2959/4432/2593 2942/4431/2592 2960/3995/2217
f 2959/4432/2593 2960/3995/2217 2950/3997/2219
f 2959/4432/2593 2950/3997/2219 2951/4433/2594
f 2951/4433/2594 2950/3997/2219 2964/3999/2221
f 2951/4433/2594 2964/3999/2221 2963/4434/2595
f 2963/4434/2595 2964/3999/2221 2970/4001/2223
f 2963/4434/2595 2970/4001/2223 2971/4435/2596
f 2971/4435/2596 2970/4001/2223 2975/4003/2225
f 2971/4435/2596 2975/4003/2225 2976/3959/2185
f 2976/3959/2185 2975/4003/2225 2980/3961/2186
f 2969/4000/2222 2973/4019/2241 2974/4002/2224
f 2974/4002/2224 2973/4019/2241 2978/4027/2249
f 2974/4002/2224 2978/4027/2249 2979/4004/2226
f 2979/4004/2226 2978/4027/2249 2982/4436/2597
f 2979/4004/2226 2982/4436/2597 2983/3963/2187
f 2983/3963/2187 2982/4436/2597 2812/3965/2188
f 2978/4027/2249 2981/4026/2248 2982/4436/2597
f 2982/4436/2597 2981/4026/2248 2985/4437/2598
f 2982/4436/2597 2985/4437/2598 2812/3965/2188
f 2812/3965/2188 2985/4437/2598 2988/3967/2189
f 2981/4026/2248 2984/4030/2252 2985/4437/2598
f 2985/4437/2598 2984/4030/2252 2987/3969/2191
f 2985/4437/2598 2987/3969/2191 2988/3967/2189
f 2986/3971/2193 2987/3969/2191 2984/4030/2252
f 2994/4036/2258 2993/4035/2257 2997/4438/2599
f 2997/4438/2599 2993/4035/2257 2996/4127/2326
f 2997/4438/2599 2996/4127/2326 3002/4439/2600
f 3002/4439/2600 2996/4127/2326 3001/4130/2329
f 3002/4439/2600 3001/4130/2329 3008/4132/2331
f 3001/4130/2329 2996/4127/2326 2995/4126/2325
f 3003/4041/2260 2998/4039/2259 2997/4438/2599
f 2997/4438/2599 2998/4039/2259 2994/4036/2258
f 3003/4041/2260 2997/4438/2599 3002/4439/2600
f 3009/4043/2261 3003/4041/2260 3002/4439/2600
f 3009/4043/2261 3002/4439/2600 3008/4132/2331
f 3016/4045/2262 3009/4043/2261 3008/4132/2331
f 3131/4223/2417 3132/4440/2601 2801/4221/2415
f 2801/4221/2415 3132/4440/2601 3143/4214/2408
f 2801/4221/2415 3143/4214/2408 3124/4213/2407
f 3143/4214/2408 3132/4440/2601 3133/4215/2409
f 3133/4215/2409 3132/4440/2601 3156/4227/2421
f 3133/4215/2409 3156/4227/2421 3155/4216/2410
f 3156/4227/2421 3132/4440/2601 3157/4225/2419
f 3157/4225/2419 3132/4440/2601 3131/4223/2417
f 3158/4234/2428 3159/4236/2430 3145/4228/2422
f 3145/4228/2422 3159/4236/2430 3146/4217/2411
f 3146/4217/2411 3159/4236/2430 3160/4218/2412
f 3160/4218/2412 3159/4236/2430 3165/4240/2434
f 3160/4218/2412 3165/4240/2434 3166/4219/2413
f 3166/4219/2413 3165/4240/2434 3170/4247/2441
f 3166/4219/2413 3170/4247/2441 3171/4220/2414
f 3171/4220/2414 3170/4247/2441 3174/4249/2443
f 3171/4220/2414 3174/4249/2443 3175/4110/2311
f 3175/4110/2311 3174/4249/2443 3178/4112/2312
f 3164/4238/2432 3165/4240/2434 3159/4236/2430
f 3169/4242/2436 3170/4247/2441 3165/4240/2434
f 3173/4248/2442 3176/4253/2447 3177/4250/2444
f 3177/4250/2444 3176/4253/2447 3180/4116/2315
f 3177/4250/2444 3180/4116/2315 3181/4114/2313
f 3179/4118/2317 3180/4116/2315 3176/4253/2447
f 3186/3878/2113 2802/4115/2314 3183/4117/2316
f 3186/3878/2113 3183/4117/2316 3185/3876/2111
f 3185/3876/2111 3183/4117/2316 3182/4119/2318
f 3208/4441/2602 3251/4442/2603 3207/4443/2604
f 3207/4443/2604 3251/4442/2603 3252/4444/2605
f 3207/4443/2604 3252/4444/2605 3253/4445/2606
f 3251/4442/2603 3208/4441/2602 3250/4446/2607
f 3250/4446/2607 3208/4441/2602 3209/4447/2608
f 3250/4446/2607 3209/4447/2608 3249/4448/2609
f 3249/4448/2609 3209/4447/2608 3210/4449/2610
f 3249/4448/2609 3210/4449/2610 3248/4450/2611
f 3248/4450/2611 3210/4449/2610 3211/4451/2612
f 3248/4450/2611 3211/4451/2612 3247/4452/2613
f 3247/4452/2613 3211/4451/2612 3212/4453/2614
f 3247/4452/2613 3212/4453/2614 3246/4454/2615
f 3246/4454/2615 3212/4453/2614 3213/4455/2616
f 3246/4454/2615 3213/4455/2616 3245/4456/2617
f 3245/4456/2617 3213/4455/2616 3214/4457/2618
f 3245/4456/2617 3214/4457/2618 3244/4458/2619
f 3244/4458/2619 3214/4457/2618 3215/4459/2620
f 3244/4458/2619 3215/4459/2620 3243/4460/2621
f 3243/4460/2621 3215/4459/2620 3216/4461/2622
f 3243/4460/2621 3216/4461/2622 3242/4462/2623
f 3242/4462/2623 3216/4461/2622 3217/4463/2624
f 3242/4462/2623 3217/4463/2624 3218/4464/2625
f 3242/4462/2623 3218/4464/2625 3241/4465/2626
f 3241/4465/2626 3218/4464/2625 3219/4466/2627
f 3241/4465/2626 3219/4466/2627 3240/4467/2628
f 3240/4467/2628 3219/4466/2627 3220/4468/2629
f 3240/4467/2628 3220/4468/2629 3239/4469/2630
f 3239/4469/2630 3220/4468/2629 3221/4470/2631
f 3239/4469/2630 3221/4470/2631 3238/4471/2632
f 3238/4471/2632 3221/4470/2631 3222/4472/2633
f 3238/4471/2632 3222/4472/2633 3237/4473/2634
f 3237/4473/2634 3222/4472/2633 3223/4474/2635
f 3237/4473/2634 3223/4474/2635 3236/4475/2636
f 3236/4475/2636 3223/4474/2635 3224/4476/2637
f 3236/4475/2636 3224/4476/2637 3235/4477/2638
f 3235/4477/2638 3224/4476/2637 3225/4478/2639
f 3235/4477/2638 3225/4478/2639 3234/4479/2640
f 3234/4479/2640 3225/4478/2639 3226/4480/2641
f 3234/4479/2640 3226/4480/2641 3233/4481/2642
f 3233/4481/2642 3226/4480/2641 3227/4482/2643
f 3233/4481/2642 3227/4482/2643 3232/4483/2644
f 3232/4483/2644 3227/4482/2643 3228/4484/2645
f 3232/4483/2644 3228/4484/2645 3231/4485/2646
f 3231/4485/2646 3228/4484/2645 3230/4486/2647
f 3230/4486/2647 3228/4484/2645 3229/4487/2648
f 3253/4445/2606 3254/4488/2649 3207/4443/2604
f 3256/4489/2650 3268/4490/263 3255/4491/263
f 3255/4491/263 3268/4490/263 3269/4492/2651
f 3255/4491/263 3269/4492/2651 3267/4493/2651
f 3267/4493/2651 3269/4492/2651 3270/4494/2652
f 3267/4493/2651 3270/4494/2652 3266/4495/2652
f 3266/4495/2652 3270/4494/2652 3271/4496/2653
f 3266/4495/2652 3271/4496/2653 3265/4497/2653
f 3265/4497/2653 3271/4496/2653 3272/4498/2654
f 3265/4497/2653 3272/4498/2654 3264/4499/2654
f 3264/4499/2654 3272/4498/2654 3273/4500/2655
f 3264/4499/2654 3273/4500/2655 3263/4501/2655
f 3263/4501/2655 3273/4500/2655 3274/4502/2656
f 3263/4501/2655 3274/4502/2656 3262/4503/2656
f 3262/4504/2656 3274/4505/2656 3275/4506/2657
f 3262/4504/2656 3275/4506/2657 3261/4507/2657
f 3261/4507/2657 3275/4506/2657 3276/4508/2658
f 3261/4507/2657 3276/4508/2658 3260/4509/2658
f 3260/4509/2658 3276/4508/2658 3277/4510/2659
f 3260/4509/2658 3277/4510/2659 3259/4511/2659
f 3259/4511/2659 3277/4510/2659 3278/4512/2660
f 3259/4511/2659 3278/4512/2660 3258/4513/2660
f 3258/4513/2660 3278/4512/2660 3279/4514/2661
f 3258/4513/2660 3279/4514/2661 3257/4515/2661
f 3257/4515/2661 3279/4514/2661 3280/4516/2662
f 3257/4515/2661 3280/4516/2662 3256/4489/2650
f 3256/4489/2650 3280/4516/2662 3268/4490/263
f 3282/4517/2650 3294/4518/263 3281/4519/263
f 3281/4519/263 3294/4518/263 3295/4520/2651
f 3281/4519/263 3295/4520/2651 3293/4521/2651
f 3293/4521/2651 3295/4520/2651 3296/4522/2652
f 3293/4521/2651 3296/4522/2652 3292/4523/2652
f 3292/4523/2652 3296/4522/2652 3297/4524/2663
f 3292/4523/2652 3297/4524/2663 3291/4525/2653
f 3291/4525/2653 3297/4524/2663 3298/4526/2654
f 3291/4525/2653 3298/4526/2654 3290/4527/2654
f 3290/4527/2654 3298/4526/2654 3299/4528/2655
f 3290/4527/2654 3299/4528/2655 3289/4529/2655
f 3289/4529/2655 3299/4528/2655 3300/4530/2664
f 3289/4529/2655 3300/4530/2664 3288/4531/2656
f 3288/4532/2656 3300/4533/2664 3301/4534/2657
f 3288/4532/2656 3301/4534/2657 3287/4535/2657
f 3287/4535/2657 3301/4534/2657 3302/4536/2658
f 3287/4535/2657 3302/4536/2658 3286/4537/2658
f 3286/4537/2658 3302/4536/2658 3303/4538/2659
f 3286/4537/2658 3303/4538/2659 3285/4539/2659
f 3285/4539/2659 3303/4538/2659 3304/4540/2660
f 3285/4539/2659 3304/4540/2660 3284/4541/2660
f 3284/4541/2660 3304/4540/2660 3305/4542/2661
f 3284/4541/2660 3305/4542/2661 3283/4543/2661
f 3283/4543/2661 3305/4542/2661 3306/4544/2650
f 3283/4543/2661 3306/4544/2650 3282/4517/2650
f 3282/4517/2650 3306/4544/2650 3294/4518/263
f 3353/4545/2665 3307/4546/2666 3352/4547/2667
f 3352/4547/2667 3307/4546/2666 3308/4548/2668
f 3352/4547/2667 3308/4548/2668 3351/4549/2669
f 3351/4549/2669 3308/4548/2668 3309/4550/2670
f 3351/4549/2669 3309/4550/2670 3350/4551/2671
f 3350/4551/2671 3309/4550/2670 3310/4552/2672
f 3350/4551/2671 3310/4552/2672 3349/4553/2673
f 3349/4553/2673 3310/4552/2672 3311/4554/2674
f 3349/4553/2673 3311/4554/2674 3348/4555/2675
f 3348/4555/2675 3311/4554/2674 3312/4556/2676
f 3348/4555/2675 3312/4556/2676 3347/4557/2677
f 3347/4557/2677 3312/4556/2676 3313/4558/2678
f 3347/4557/2677 3313/4558/2678 3346/4559/2679
f 3346/4559/2679 3313/4558/2678 3314/4560/2680
f 3346/4559/2679 3314/4560/2680 3345/4561/2681
f 3345/4561/2681 3314/4560/2680 3344/4562/2682
f 3344/4562/2682 3314/4560/2680 3315/4563/2683
f 3344/4562/2682 3315/4563/2683 3343/4564/2684
f 3343/4564/2684 3315/4563/2683 3316/4565/2685
f 3343/4564/2684 3316/4565/2685 3342/4566/2686
f 3342/4566/2686 3316/4565/2685 3317/4567/2687
f 3342/4566/2686 3317/4567/2687 3341/4568/2688
f 3341/4568/2688 3317/4567/2687 3318/4569/2689
f 3341/4568/2688 3318/4569/2689 3340/4570/2690
f 3340/4570/2690 3318/4569/2689 3319/4571/2691
f 3340/4570/2690 3319/4571/2691 3339/4572/2692
f 3339/4572/2692 3319/4571/2691 3320/4573/2693
f 3339/4572/2692 3320/4573/2693 3338/4574/2694
f 3338/4574/2694 3320/4573/2693 3321/4575/2695
f 3338/4574/2694 3321/4575/2695 3336/4576/2696
f 3336/4576/2696 3321/4575/2695 3322/4577/2697
f 3336/4576/2696 3322/4577/2697 3335/4578/2698
f 3335/4578/2698 3322/4577/2697 3323/4579/2699
f 3335/4578/2698 3323/4579/2699 3334/4580/2700
f 3334/4580/2700 3323/4579/2699 3324/4581/2701
f 3334/4580/2700 3324/4581/2701 3333/4582/2702
f 3333/4582/2702 3324/4581/2701 3325/4583/2703
f 3333/4582/2702 3325/4583/2703 3332/4584/2704
f 3332/4584/2704 3325/4583/2703 3326/4585/2705
f 3332/4584/2704 3326/4585/2705 3331/4586/2706
f 3331/4586/2706 3326/4585/2705 3327/4587/2707
f 3331/4586/2706 3327/4587/2707 3330/4588/2708
f 3330/4588/2708 3327/4587/2707 3328/4589/2709
f 3330/4588/2708 3328/4589/2709 3329/4590/2709
f 3336/4576/2696 3337/4591/2696 3338/4574/2694
f 3354/4592/2710 3355/4593/2711 3401/4594/2710
f 3401/4594/2710 3355/4593/2711 3400/4595/2711
f 3400/4595/2711 3355/4593/2711 3356/4596/2712
f 3400/4595/2711 3356/4596/2712 3399/4597/2712
f 3399/4597/2712 3356/4596/2712 3357/4598/2713
f 3399/4597/2712 3357/4598/2713 3398/4599/2713
f 3398/4599/2713 3357/4598/2713 3358/4600/2714
f 3398/4599/2713 3358/4600/2714 3397/4601/2714
f 3397/4601/2714 3358/4600/2714 3359/4602/2715
f 3397/4601/2714 3359/4602/2715 3396/4603/2715
f 3396/4603/2715 3359/4602/2715 3360/4604/2716
f 3396/4603/2715 3360/4604/2716 3395/4605/2716
f 3395/4605/2716 3360/4604/2716 3361/4606/2717
f 3395/4605/2716 3361/4606/2717 3394/4607/2717
f 3394/4607/2717 3361/4606/2717 3362/4608/2718
f 3394/4607/2717 3362/4608/2718 3393/4609/2718
f 3393/4609/2718 3362/4608/2718 3363/4610/2719
f 3393/4609/2718 3363/4610/2719 3392/4611/2719
f 3392/4611/2719 3363/4610/2719 3364/4612/2720
f 3392/4611/2719 3364/4612/2720 3391/4613/2720
f 3391/4613/2720 3364/4612/2720 3365/4614/2721
f 3391/4613/2720 3365/4614/2721 3390/4615/2721
f 3390/4615/2721 3365/4614/2721 3366/4616/2722
f 3390/4615/2721 3366/4616/2722 3389/4617/2722
f 3389/4617/2722 3366/4616/2722 3367/4618/2723
f 3389/4617/2722 3367/4618/2723 3388/4619/2723
f 3388/4619/2723 3367/4618/2723 3368/4620/2724
f 3388/4619/2723 3368/4620/2724 3387/4621/2724
f 3387/4621/2724 3368/4620/2724 3369/4622/2725
f 3387/4621/2724 3369/4622/2725 3386/4623/2725
f 3386/4623/2725 3369/4622/2725 3370/4624/2726
f 3386/4623/2725 3370/4624/2726 3385/4625/2726
f 3385/4625/2726 3370/4624/2726 3371/4626/2727
f 3385/4625/2726 3371/4626/2727 3384/4627/2727
f 3384/4627/2727 3371/4626/2727 3372/4628/2728
f 3384/4627/2727 3372/4628/2728 3383/4629/2728
f 3383/4629/2728 3372/4628/2728 3373/4630/2729
f 3383/4629/2728 3373/4630/2729 3382/4631/2729
f 3382/4631/2729 3373/4630/2729 3374/4632/2730
f 3382/4631/2729 3374/4632/2730 3381/4633/2730
f 3381/4633/2730 3374/4632/2730 3375/4634/2731
f 3381/4633/2730 3375/4634/2731 3380/4635/2731
f 3380/4635/2731 3375/4634/2731 3376/4636/2732
f 3380/4635/2731 3376/4636/2732 3379/4637/2732
f 3379/4637/2732 3376/4636/2732 3377/4638/2733
f 3379/4637/2732 3377/4638/2733 3378/4639/2733
f 3403/4640/2734 3404/4641/2734 3402/4642/1241
f 3402/4642/1241 3404/4641/2734 3405/4643/1241
f 3407/4644/2735 3408/4645/2735 3406/4646/1231
f 3406/4646/1231 3408/4645/2735 3409/4647/1231
f 3404/4648/2734 3403/4649/2734 3415/4650/1299
f 3415/4650/1299 3403/4649/2734 3410/4651/1298
f 3415/4650/1299 3410/4651/1298 3414/4652/1576
f 3414/4652/1576 3410/4651/1298 3411/4653/1576
f 3414/4652/1576 3411/4653/1576 3413/4654/1203
f 3413/4654/1203 3411/4653/1576 3412/4655/1203
f 3421/4654/1203 3416/4655/1321 3420/4656/1575
f 3420/4656/1575 3416/4655/1321 3417/4657/2736
f 3420/4656/1575 3417/4657/2736 3419/4658/1275
f 3419/4658/1275 3417/4657/2736 3418/4659/1275
f 3419/4658/1275 3418/4659/1275 3409/3199/1231
f 3409/3199/1231 3418/4659/1275 3406/4660/1231
f 3408/2852/2735 3407/4661/2735 3427/4662/1573
f 3427/4662/1573 3407/4661/2735 3422/4663/1573
f 3427/4662/1573 3422/4663/1573 3426/4664/1572
f 3426/4664/1572 3422/4663/1573 3423/4665/1572
f 3426/4664/1572 3423/4665/1572 3425/4666/1408
f 3425/4666/1408 3423/4665/1572 3424/4667/1215
f 3433/4666/1215 3428/4667/1408 3432/4668/1571
f 3432/4668/1571 3428/4667/1408 3429/4669/1571
f 3432/4668/1571 3429/4669/1571 3431/4670/1570
f 3431/4670/1570 3429/4669/1571 3430/4671/1570
f 3431/4670/1570 3430/4671/1570 3405/4672/1241
f 3405/4672/1241 3430/4671/1570 3402/4673/1241
f 3336/4674/263 2078/4675/262 3434/4676/263
f 3434/4676/263 2078/4675/262 2077/4677/263
f 3434/4676/263 2077/4677/263 2076/4678/263
f 3335/4679/263 2080/4680/263 3336/4674/263
f 3336/4674/263 2080/4680/263 2079/4681/2737
f 3336/4674/263 2079/4681/2737 2078/4675/262
f 3334/4682/263 2070/4683/263 3335/4679/263
f 3335/4679/263 2070/4683/263 2069/4684/263
f 3335/4679/263 2069/4684/263 2080/4680/263
f 2070/4683/263 3334/4682/263 2071/4685/263
f 2071/4685/263 3334/4682/263 3333/4686/263
f 2071/4685/263 3333/4686/263 2072/4687/263
f 2072/4687/263 3333/4686/263 3332/4688/263
f 2072/4687/263 3332/4688/263 3331/4689/263
f 3330/4690/263 3436/4691/263 3331/4689/263
f 3331/4689/263 3436/4691/263 3437/4692/263
f 3331/4689/263 3437/4692/263 2072/4687/263
f 2072/4687/263 3437/4692/263 3438/4693/263
f 2072/4687/263 3438/4693/263 3439/4694/263
f 3329/4695/263 3435/4696/263 3330/4690/263
f 3330/4690/263 3435/4696/263 3436/4691/263
f 2072/4687/263 3439/4694/263 2073/4697/263
f 2073/4697/263 3439/4694/263 3440/4698/263
f 2073/4697/263 3440/4698/263 2074/4699/262
f 2074/4699/262 3440/4698/263 3441/4700/263
f 2074/4699/262 3441/4700/263 2075/4701/263
f 2075/4701/263 3441/4700/263 2076/4678/263
f 2076/4678/263 3441/4700/263 3434/4676/263
f 3337/4702/1203 3336/4703/1203 3412/4704/1203
f 3412/4704/1203 3336/4703/1203 3434/4705/1203
f 3412/4704/1203 3434/4705/1203 3416/4706/1321
f 3416/4706/1321 3434/4705/1203 3442/4707/1203
f 3416/4706/1321 3421/4708/1203 3412/4704/1203
f 3412/4704/1203 3421/4708/1203 3413/4709/1203
f 3346/4710/1215 3428/4711/1408 3443/4712/1215
f 3443/4712/1215 3428/4711/1408 3424/4713/1215
f 3443/4712/1215 3424/4713/1215 3444/4714/1215
f 3346/4710/1215 3345/4715/1215 3428/4711/1408
f 3428/4711/1408 3433/4716/1215 3424/4713/1215
f 3424/4713/1215 3433/4716/1215 3425/4717/1408
f 2303/4718/263 3390/4719/263 2241/4720/263
f 2241/4720/263 3390/4719/263 3389/4721/263
f 2241/4720/263 3389/4721/263 2242/4722/263
f 2242/4722/263 3389/4721/263 3388/4723/263
f 2242/4722/263 3388/4723/263 2243/4724/263
f 2243/4724/263 3388/4723/263 3387/4725/263
f 2243/4724/263 3387/4725/263 2244/4726/263
f 2244/4726/263 3387/4725/263 3386/4727/263
f 2244/4726/263 3386/4727/263 2245/4728/264
f 2245/4728/264 3386/4727/263 2246/4729/263
f 2246/4729/263 3386/4727/263 3385/4730/263
f 2246/4729/263 3385/4730/263 2247/4731/263
f 2247/4731/263 3385/4730/263 3384/4732/263
f 2247/4731/263 3384/4732/263 2248/4733/263
f 2248/4733/263 3384/4732/263 3383/4734/263
f 2248/4733/263 3383/4734/263 2249/4735/263
f 2249/4735/263 3383/4734/263 3382/4736/263
f 2249/4735/263 3382/4736/263 2250/4737/263
f 2250/4737/263 3382/4736/263 3381/4738/263
f 2250/4737/263 3381/4738/263 2251/4739/263
f 2251/4739/263 3381/4738/263 3380/4740/263
f 2251/4739/263 3380/4740/263 2252/4741/263
f 2252/4741/263 3380/4740/263 3379/4742/263
f 2252/4741/263 3379/4742/263 2253/4743/263
f 2253/4743/263 3379/4742/263 2254/4744/263
f 2254/4744/263 3379/4742/263 3378/4745/263
f 2254/4744/263 3378/4745/263 2255/4746/263
f 2255/4746/263 3378/4745/263 2256/4747/263
f 2256/4747/263 3378/4745/263 2257/4748/263
f 2257/4748/263 3378/4745/263 3445/4749/263
f 2257/4748/263 3445/4749/263 2258/4750/263
f 2258/4750/263 3445/4749/263 2259/4751/263
f 2259/4751/263 3445/4749/263 2260/4752/263
f 2260/4752/263 3445/4749/263 3446/4753/263
f 2260/4752/263 3446/4753/263 2261/4754/263
f 2261/4754/263 3446/4753/263 3447/4755/263
f 2261/4754/263 3447/4755/263 2262/4756/263
f 2262/4756/263 3447/4755/263 3448/4757/263
f 2262/4756/263 3448/4757/263 2263/4758/263
f 2263/4758/263 3448/4757/263 3449/4759/263
f 2263/4758/263 3449/4759/263 2264/4760/263
f 2264/4760/263 3449/4759/263 3450/4761/263
f 2264/4760/263 3450/4761/263 2265/4762/263
f 2265/4762/263 3450/4761/263 2266/4763/263
f 2266/4763/263 3450/4761/263 3451/4764/263
f 2266/4763/263 3451/4764/263 2267/4765/263
f 2267/4765/263 3451/4764/263 3452/4766/263
f 2267/4765/263 3452/4766/263 2268/4767/263
f 2268/4767/263 3452/4766/263 3453/4768/263
f 2268/4767/263 3453/4768/263 2269/4769/263
f 2269/4769/263 3453/4768/263 3454/4770/263
f 2269/4769/263 3454/4770/263 2270/4771/263
f 2270/4771/263 3454/4770/263 3455/4772/263
f 2270/4771/263 3455/4772/263 2271/4773/263
f 2271/4773/263 3455/4772/263 3456/4774/263
f 2271/4773/263 3456/4774/263 2272/4775/263
f 2272/4775/263 3456/4774/263 2273/4776/263
f 2273/4776/263 3456/4774/263 3457/4777/263
f 2273/4776/263 3457/4777/263 2274/4778/263
f 2274/4778/263 3457/4777/263 3458/4779/263
f 2274/4778/263 3458/4779/263 2275/4780/263
f 2275/4780/263 3458/4779/263 3459/4781/263
f 2275/4780/263 3459/4781/263 2276/4782/263
f 2276/4782/263 3459/4781/263 3460/4783/263
f 2276/4782/263 3460/4783/263 2277/4784/262
f 2277/4784/262 3460/4783/263 3461/4785/263
f 2277/4784/262 3461/4785/263 2278/4786/262
f 2278/4786/262 3461/4785/263 3462/4787/263
f 2278/4786/262 3462/4787/263 2279/4788/263
f 2279/4788/263 3462/4787/263 3463/4789/263
f 2279/4788/263 3463/4789/263 2280/4790/262
f 2280/4790/262 3463/4789/263 2281/4791/263
f 2281/4791/263 3463/4789/263 3464/4792/263
f 2281/4791/263 3464/4792/263 2282/4793/263
f 2282/4793/263 3464/4792/263 3465/4794/263
f 2282/4793/263 3465/4794/263 2283/4795/263
f 2283/4795/263 3465/4794/263 3466/4796/263
f 2283/4795/263 3466/4796/263 2284/4797/263
f 2284/4797/263 3466/4796/263 3467/4798/263
f 2284/4797/263 3467/4798/263 2285/4799/262
f 2285/4799/262 3467/4798/263 3468/4800/263
f 2285/4799/262 3468/4800/263 2286/4801/263
f 2286/4801/263 3468/4800/263 2287/4802/262
f 2287/4802/262 3468/4800/263 2288/4803/262
f 2288/4803/262 3468/4800/263 3401/4804/263
f 2288/4803/262 3401/4804/263 2289/4805/262
f 2289/4805/262 3401/4804/263 2290/4806/262
f 2290/4806/262 3401/4804/263 2291/4807/262
f 2291/4807/262 3401/4804/263 3400/4808/263
f 2291/4807/262 3400/4808/263 2292/4809/262
f 2292/4809/262 3400/4808/263 2293/4810/262
f 2293/4810/262 3400/4808/263 3399/4811/263
f 2293/4810/262 3399/4811/263 2294/4812/262
f 2294/4812/262 3399/4811/263 3398/4813/263
f 2294/4812/262 3398/4813/263 2295/4814/262
f 2295/4814/262 3398/4813/263 3397/4815/263
f 2295/4814/262 3397/4815/263 2296/4816/262
f 2296/4816/262 3397/4815/263 3396/4817/263
f 2296/4816/262 3396/4817/263 2297/4818/262
f 2297/4818/262 3396/4817/263 3395/4819/263
f 2297/4818/262 3395/4819/263 2298/4820/263
f 2298/4820/263 3395/4819/263 3394/4821/263
f 2298/4820/263 3394/4821/263 2299/4822/262
f 2299/4822/262 3394/4821/263 3393/4823/263
f 2299/4822/262 3393/4823/263 2300/4824/263
f 2300/4824/263 3393/4823/263 2301/4825/263
f 2301/4825/263 3393/4823/263 3392/4826/263
f 2301/4825/263 3392/4826/263 2302/4827/264
f 2302/4827/264 3392/4826/263 3391/4828/263
f 2302/4827/264 3391/4828/263 2303/4718/263
f 2303/4718/263 3391/4828/263 3390/4719/263
f 2757/4829/265 3481/4830/265 2758/4831/265
f 2758/4831/265 3481/4830/265 3482/4832/265
f 2758/4831/265 3482/4832/265 3483/4833/265
f 2756/4834/265 3414/4835/265 2757/4829/265
f 2757/4829/265 3414/4835/265 3413/4836/265
f 2757/4829/265 3413/4836/265 2218/4837/265
f 2218/4837/265 3413/4836/265 2219/4838/265
f 2219/4838/265 3413/4836/265 2220/4839/265
f 2220/4839/265 3413/4836/265 2221/4840/265
f 2221/4840/265 3413/4836/265 2222/4841/265
f 2222/4841/265 3413/4836/265 3421/4842/265
f 2222/4841/265 3421/4842/265 2223/4843/265
f 2223/4843/265 3421/4842/265 2224/4844/266
f 2224/4844/266 3421/4842/265 2225/4845/265
f 2225/4845/265 3421/4842/265 2226/4846/265
f 2226/4846/265 3421/4842/265 2227/4847/265
f 2227/4847/265 3421/4842/265 2695/4848/265
f 2227/4847/265 2695/4848/265 3480/4849/265
f 3480/4849/265 2695/4848/265 2694/4850/265
f 3480/4849/265 2694/4850/265 3479/4851/265
f 3479/4851/265 2694/4850/265 3478/4852/2738
f 3478/4852/2738 2694/4850/265 3477/4853/266
f 3414/4835/265 2756/4834/265 3415/4854/265
f 3415/4854/265 2756/4834/265 2755/4855/265
f 3415/4854/265 2755/4855/265 3404/4856/265
f 3404/4856/265 2755/4855/265 2754/4857/265
f 3404/4856/265 2754/4857/265 2753/4858/265
f 2753/4858/265 2752/4859/265 3404/4856/265
f 3404/4856/265 2752/4859/265 2751/4860/265
f 3404/4856/265 2751/4860/265 2750/4861/265
f 3404/4856/265 2750/4861/265 3405/4862/265
f 3405/4862/265 2750/4861/265 2749/4863/265
f 3405/4862/265 2749/4863/265 2748/4864/265
f 2748/4864/265 2747/4865/265 3405/4862/265
f 3405/4862/265 2747/4865/265 2746/4866/265
f 3405/4862/265 2746/4866/265 3431/4867/265
f 3431/4867/265 2746/4866/265 2745/4868/265
f 3431/4867/265 2745/4868/265 3432/4869/265
f 3432/4869/265 2745/4868/265 2744/4870/265
f 3432/4869/265 2744/4870/265 3433/4871/265
f 3433/4871/265 2744/4870/265 2152/4872/265
f 3433/4871/265 2152/4872/265 2151/4873/265
f 2152/4872/265 2744/4870/265 3472/4874/265
f 3472/4874/265 2744/4870/265 2743/4875/265
f 3472/4874/265 2743/4875/265 3471/4876/1407
f 3471/4876/1407 2743/4875/265 3470/4877/2739
f 3470/4877/2739 2743/4875/265 3469/4878/2740
f 2151/4873/265 2150/4879/265 3433/4871/265
f 3433/4871/265 2150/4879/265 2149/4880/265
f 3433/4871/265 2149/4880/265 2148/4881/266
f 2148/4881/266 2147/4882/265 3433/4871/265
f 3433/4871/265 2147/4882/265 3425/4883/265
f 3425/4883/265 2147/4882/265 2146/4884/266
f 3425/4883/265 2146/4884/266 2145/4885/265
f 2145/4885/265 2144/4886/265 3425/4883/265
f 3425/4883/265 2144/4886/265 2143/4887/265
f 3425/4883/265 2143/4887/265 2708/4888/265
f 2708/4888/265 2143/4887/265 3473/4889/265
f 2708/4888/265 3473/4889/265 2709/4890/265
f 2709/4890/265 3473/4889/265 3474/4891/1451
f 2709/4890/265 3474/4891/1451 3475/4892/2741
f 3475/4892/2741 3476/4893/2742 2709/4890/265
f 3425/4883/265 2708/4888/265 3426/4894/265
f 3426/4894/265 2708/4888/265 2707/4895/265
f 3426/4894/265 2707/4895/265 3427/4896/266
f 3427/4896/266 2707/4895/265 2706/4897/265
f 3427/4896/266 2706/4897/265 3408/4898/265
f 3408/4898/265 2706/4897/265 2705/4899/265
f 3408/4898/265 2705/4899/265 2704/4900/265
f 2704/4900/265 2703/4901/265 3408/4898/265
f 3408/4898/265 2703/4901/265 2702/4902/265
f 3408/4898/265 2702/4902/265 2701/4903/265
f 3408/4898/265 2701/4903/265 3409/4904/265
f 3409/4904/265 2701/4903/265 2700/4905/265
f 3409/4904/265 2700/4905/265 2699/4906/265
f 2699/4906/265 2698/4907/265 3409/4904/265
f 3409/4904/265 2698/4907/265 2697/4908/265
f 3409/4904/265 2697/4908/265 3419/4909/265
f 3419/4909/265 2697/4908/265 2696/4910/265
f 3419/4909/265 2696/4910/265 3420/4911/265
f 3420/4911/265 2696/4910/265 2695/4848/265
f 3420/4911/265 2695/4848/265 3421/4842/265
f 2218/4837/265 3481/4830/265 2757/4829/265
f 3483/4833/265 3484/4912/2743 2758/4831/265
f 3376/4742/263 3530/4913/263 3377/4745/263
f 3377/4745/263 3530/4913/263 3252/4914/263
f 3377/4745/263 3252/4914/263 3508/4749/263
f 3508/4749/263 3252/4914/263 3507/4753/263
f 3507/4753/263 3252/4914/263 3251/4915/263
f 3507/4753/263 3251/4915/263 3506/4755/263
f 3506/4755/263 3251/4915/263 3250/4916/263
f 3506/4755/263 3250/4916/263 3505/4757/263
f 3505/4757/263 3250/4916/263 3249/4917/263
f 3505/4757/263 3249/4917/263 3504/4759/263
f 3504/4759/263 3249/4917/263 3248/4918/263
f 3504/4759/263 3248/4918/263 3503/4761/263
f 3503/4761/263 3248/4918/263 3247/4919/263
f 3503/4761/263 3247/4919/263 3502/4764/263
f 3502/4764/263 3247/4919/263 3246/4920/263
f 3502/4764/263 3246/4920/263 3501/4766/263
f 3501/4766/263 3246/4920/263 3245/4921/263
f 3501/4766/263 3245/4921/263 3500/4768/263
f 3500/4768/263 3245/4921/263 3244/4922/263
f 3500/4768/263 3244/4922/263 3499/4770/263
f 3499/4770/263 3244/4922/263 3243/4923/263
f 3499/4770/263 3243/4923/263 3498/4772/263
f 3498/4772/263 3243/4923/263 3242/4924/263
f 3498/4772/263 3242/4924/263 3497/4774/263
f 3497/4774/263 3242/4924/263 3496/4777/263
f 3496/4777/263 3242/4924/263 3241/4925/263
f 3496/4777/263 3241/4925/263 3495/4779/263
f 3495/4779/263 3241/4925/263 3240/4926/263
f 3495/4779/263 3240/4926/263 3494/4781/263
f 3494/4781/263 3240/4926/263 3239/4927/263
f 3494/4781/263 3239/4927/263 3493/4783/263
f 3493/4783/263 3239/4927/263 3238/4928/263
f 3493/4783/263 3238/4928/263 3492/4785/263
f 3492/4785/263 3238/4928/263 3237/4929/263
f 3492/4785/263 3237/4929/263 3491/4787/263
f 3491/4787/263 3237/4929/263 3236/4930/263
f 3491/4787/263 3236/4930/263 3490/4789/263
f 3490/4789/263 3236/4930/263 3235/4931/263
f 3490/4789/263 3235/4931/263 3489/4792/263
f 3489/4792/263 3235/4931/263 3234/4932/263
f 3489/4792/263 3234/4932/263 3488/4794/263
f 3488/4794/263 3234/4932/263 3233/4933/263
f 3488/4794/263 3233/4933/263 3487/4796/263
f 3487/4796/263 3233/4933/263 3232/4934/263
f 3487/4796/263 3232/4934/263 3486/4798/263
f 3486/4798/263 3232/4934/263 3231/4935/263
f 3486/4798/263 3231/4935/263 3485/4800/263
f 3485/4800/263 3231/4935/263 3509/4936/263
f 3485/4800/263 3509/4936/263 3354/4804/263
f 3354/4804/263 3509/4936/263 3355/4808/263
f 3355/4808/263 3509/4936/263 3510/4937/263
f 3355/4808/263 3510/4937/263 3356/4811/263
f 3356/4811/263 3510/4937/263 3511/4938/263
f 3356/4811/263 3511/4938/263 3357/4813/263
f 3357/4813/263 3511/4938/263 3512/4939/263
f 3357/4813/263 3512/4939/263 3358/4815/263
f 3358/4815/263 3512/4939/263 3513/4940/263
f 3358/4815/263 3513/4940/263 3359/4817/263
f 3359/4817/263 3513/4940/263 3514/4941/263
f 3359/4817/263 3514/4941/263 3360/4819/263
f 3360/4819/263 3514/4941/263 3515/4942/263
f 3360/4819/263 3515/4942/263 3361/4821/263
f 3361/4821/263 3515/4942/263 3516/4943/263
f 3361/4821/263 3516/4943/263 3362/4823/263
f 3362/4823/263 3516/4943/263 3517/4944/263
f 3362/4823/263 3517/4944/263 3363/4826/263
f 3363/4826/263 3517/4944/263 3518/4945/263
f 3363/4826/263 3518/4945/263 3364/4828/263
f 3364/4828/263 3518/4945/263 3519/4946/263
f 3364/4828/263 3519/4946/263 3365/4719/263
f 3365/4719/263 3519/4946/263 3520/4947/263
f 3365/4719/263 3520/4947/263 3366/4721/263
f 3366/4721/263 3520/4947/263 3367/4723/263
f 3367/4723/263 3520/4947/263 3521/4948/263
f 3367/4723/263 3521/4948/263 3368/4725/263
f 3368/4725/263 3521/4948/263 3522/4949/263
f 3368/4725/263 3522/4949/263 3369/4727/263
f 3369/4727/263 3522/4949/263 3523/4950/263
f 3369/4727/263 3523/4950/263 3370/4730/263
f 3370/4730/263 3523/4950/263 3524/4951/263
f 3370/4730/263 3524/4951/263 3371/4732/263
f 3371/4732/263 3524/4951/263 3525/4952/263
f 3371/4732/263 3525/4952/263 3372/4734/263
f 3372/4734/263 3525/4952/263 3526/4953/263
f 3372/4734/263 3526/4953/263 3373/4736/263
f 3373/4736/263 3526/4953/263 3527/4954/263
f 3373/4736/263 3527/4954/263 3374/4738/263
f 3374/4738/263 3527/4954/263 3528/4955/263
f 3374/4738/263 3528/4955/263 3375/4740/263
f 3375/4740/263 3528/4955/263 3529/4956/263
f 3375/4740/263 3529/4956/263 3376/4742/263
f 3376/4742/263 3529/4956/263 3530/4913/263
f 3468/4957/1215 3255/4958/1215 3401/4959/1215
f 3401/4959/1215 3255/4958/1215 3267/4960/1215
f 3401/4959/1215 3267/4960/1215 3266/4961/1215
f 3485/4962/1215 3258/4963/1215 3468/4957/1215
f 3468/4957/1215 3258/4963/1215 3257/4964/1215
f 3468/4957/1215 3257/4964/1215 3256/4965/1215
f 3354/3/1215 3262/4966/1215 3485/4962/1215
f 3485/4962/1215 3262/4966/1215 3261/4967/1215
f 3485/4962/1215 3261/4967/1215 3260/4968/1215
f 3401/4959/1215 3265/4969/1215 3354/3/1215
f 3354/3/1215 3265/4969/1215 3264/4970/1215
f 3354/3/1215 3264/4970/1215 3263/4971/1215
f 3266/4961/1215 3265/4969/1215 3401/4959/1215
f 3263/4971/1215 3262/4966/1215 3354/3/1215
f 3260/4968/1215 3259/4972/1215 3485/4962/1215
f 3485/4962/1215 3259/4972/1215 3258/4963/1215
f 3256/4965/1215 3255/4958/1215 3468/4957/1215
f 3468/4973/2744 3467/4974/2745 3485/4975/2744
f 3485/4975/2744 3467/4974/2745 3486/4976/2745
f 3486/4976/2745 3467/4974/2745 3466/4977/2746
f 3486/4976/2745 3466/4977/2746 3487/4978/2746
f 3487/4978/2746 3466/4977/2746 3465/4979/2747
f 3487/4978/2746 3465/4979/2747 3488/4980/2747
f 3488/4980/2747 3465/4979/2747 3464/4981/2748
f 3488/4980/2747 3464/4981/2748 3489/4982/2748
f 3489/4982/2748 3464/4981/2748 3463/4983/2749
f 3489/4982/2748 3463/4983/2749 3490/4984/2749
f 3490/4984/2749 3463/4983/2749 3462/4985/2750
f 3490/4984/2749 3462/4985/2750 3491/4986/2750
f 3491/4986/2750 3462/4985/2750 3461/4987/2751
f 3491/4986/2750 3461/4987/2751 3492/4988/2751
f 3492/4988/2751 3461/4987/2751 3460/4989/2752
f 3492/4988/2751 3460/4989/2752 3493/4990/2752
f 3493/4990/2752 3460/4989/2752 3459/4991/2753
f 3493/4990/2752 3459/4991/2753 3494/4992/2753
f 3494/4992/2753 3459/4991/2753 3458/4993/2754
f 3494/4992/2753 3458/4993/2754 3495/4994/2754
f 3495/4994/2754 3458/4993/2754 3457/4995/2755
f 3495/4994/2754 3457/4995/2755 3496/4996/2755
f 3496/4996/2755 3457/4995/2755 3456/4997/2756
f 3496/4996/2755 3456/4997/2756 3497/4998/2756
f 3497/4999/2756 3456/5000/2756 3455/5001/2757
f 3497/4999/2756 3455/5001/2757 3498/5002/2757
f 3498/5002/2757 3455/5001/2757 3454/5003/2758
f 3498/5002/2757 3454/5003/2758 3499/5004/2758
f 3499/5004/2758 3454/5003/2758 3453/5005/2759
f 3499/5004/2758 3453/5005/2759 3500/5006/2759
f 3500/5006/2759 3453/5005/2759 3452/5007/2760
f 3500/5006/2759 3452/5007/2760 3501/5008/2760
f 3501/5008/2760 3452/5007/2760 3451/5009/2761
f 3501/5008/2760 3451/5009/2761 3502/5010/2761
f 3502/5010/2761 3451/5009/2761 3450/5011/2762
f 3502/5010/2761 3450/5011/2762 3503/5012/2762
f 3503/5012/2762 3450/5011/2762 3449/5013/2763
f 3503/5012/2762 3449/5013/2763 3504/5014/2763
f 3504/5014/2763 3449/5013/2763 3448/5015/2764
f 3504/5014/2763 3448/5015/2764 3505/5016/2764
f 3505/5016/2764 3448/5015/2764 3447/5017/2765
f 3505/5016/2764 3447/5017/2765 3506/5018/2765
f 3506/5018/2765 3447/5017/2765 3446/5019/2766
f 3506/5018/2765 3446/5019/2766 3507/5020/2766
f 3507/5020/2766 3446/5019/2766 3445/5021/2767
f 3507/5020/2766 3445/5021/2767 3508/5022/2767
f 3378/2247/1203 3294/5023/1203 3445/5024/1203
f 3445/5024/1203 3294/5023/1203 3306/5025/1203
f 3445/5024/1203 3306/5025/1203 3305/5026/1203
f 3377/3/1203 3297/5027/1203 3378/2247/1203
f 3378/2247/1203 3297/5027/1203 3296/5028/1203
f 3378/2247/1203 3296/5028/1203 3295/5029/1203
f 3508/4962/1203 3300/5030/1203 3377/3/1203
f 3377/3/1203 3300/5030/1203 3299/5031/1203
f 3377/3/1203 3299/5031/1203 3298/5032/1203
f 3445/5024/1203 3304/5033/1203 3508/4962/1203
f 3508/4962/1203 3304/5033/1203 3303/5034/1203
f 3508/4962/1203 3303/5034/1203 3302/5035/1203
f 3305/5026/1203 3304/5033/1203 3445/5024/1203
f 3302/5035/1203 3301/5036/1449 3508/4962/1203
f 3508/4962/1203 3301/5036/1449 3300/5030/1203
f 3298/5032/1203 3297/5027/1203 3377/3/1203
f 3295/5029/1203 3294/5023/1203 3378/2247/1203
f 3328/5037/1203 3270/5038/1203 3329/5039/1203
f 3329/5039/1203 3270/5038/1203 3269/5040/1203
f 3329/5039/1203 3269/5040/1203 3268/5041/1203
f 3228/5042/1203 3274/5043/1203 3328/5037/1203
f 3328/5037/1203 3274/5043/1203 3273/5044/1203
f 3328/5037/1203 3273/5044/1203 3272/5045/1203
f 3435/5046/1203 3279/5047/1203 3228/5042/1203
f 3228/5042/1203 3279/5047/1203 3278/5048/2768
f 3228/5042/1203 3278/5048/2768 3277/5049/1203
f 3329/5039/1203 3268/5041/1203 3435/5046/1203
f 3435/5046/1203 3268/5041/1203 3280/5050/1321
f 3435/5046/1203 3280/5050/1321 3279/5047/1203
f 3277/5049/1203 3276/5051/1203 3228/5042/1203
f 3228/5042/1203 3276/5051/1203 3275/5052/1321
f 3228/5042/1203 3275/5052/1321 3274/5043/1203
f 3272/5045/1203 3271/5053/1203 3328/5037/1203
f 3328/5037/1203 3271/5053/1203 3270/5038/1203
f 3435/5054/2769 3228/5055/2770 3436/5056/2771
f 3436/5056/2771 3228/5055/2770 3227/5057/2772
f 3436/5056/2771 3227/5057/2772 3437/5058/2773
f 3437/5058/2773 3227/5057/2772 3226/5059/2774
f 3437/5058/2773 3226/5059/2774 3438/5060/2775
f 3438/5060/2775 3226/5059/2774 3225/5061/2776
f 3438/5060/2775 3225/5061/2776 3439/5062/2777
f 3439/5062/2777 3225/5061/2776 3224/5063/2778
f 3439/5062/2777 3224/5063/2778 3440/5064/2779
f 3440/5064/2779 3224/5063/2778 3223/5065/2780
f 3440/5064/2779 3223/5065/2780 3441/5066/2781
f 3441/5066/2781 3223/5065/2780 3222/5067/2782
f 3441/5066/2781 3222/5067/2782 3434/5068/2783
f 3434/5068/2783 3222/5067/2782 3221/5069/2784
f 3434/5068/2783 3221/5069/2784 3442/5070/2783
f 3442/5070/2783 3221/5069/2784 3544/5071/2785
f 3544/5071/2785 3221/5069/2784 3220/5072/2786
f 3544/5071/2785 3220/5072/2786 3543/5073/2787
f 3543/5073/2787 3220/5072/2786 3219/5074/2788
f 3543/5073/2787 3219/5074/2788 3542/5075/2789
f 3542/5075/2789 3219/5074/2788 3218/5076/2790
f 3542/5075/2789 3218/5076/2790 3541/5077/2791
f 3541/5078/2791 3218/5079/2790 3217/5080/2792
f 3541/5078/2791 3217/5080/2792 3540/5081/2793
f 3540/5081/2793 3217/5080/2792 3216/5082/2794
f 3540/5081/2793 3216/5082/2794 3539/5083/2795
f 3539/5083/2795 3216/5082/2794 3215/5084/2796
f 3539/5083/2795 3215/5084/2796 3538/5085/2797
f 3538/5085/2797 3215/5084/2796 3214/5086/2798
f 3538/5085/2797 3214/5086/2798 3444/5087/2799
f 3444/5087/2799 3214/5086/2798 3443/5088/2799
f 3443/5088/2799 3214/5086/2798 3213/5089/2800
f 3443/5088/2799 3213/5089/2800 3537/5090/2801
f 3537/5090/2801 3213/5089/2800 3212/5091/2802
f 3537/5090/2801 3212/5091/2802 3536/5092/2803
f 3536/5092/2803 3212/5091/2802 3211/5093/2804
f 3536/5092/2803 3211/5093/2804 3535/5094/2805
f 3535/5094/2805 3211/5093/2804 3210/5095/2806
f 3535/5094/2805 3210/5095/2806 3534/5096/2807
f 3534/5096/2807 3210/5095/2806 3209/5097/2808
f 3534/5096/2807 3209/5097/2808 3533/5098/2809
f 3533/5098/2809 3209/5097/2808 3208/5099/2810
f 3533/5098/2809 3208/5099/2810 3532/5100/2811
f 3532/5100/2811 3208/5099/2810 3207/5101/2812
f 3532/5100/2811 3207/5101/2812 3531/5102/2812
f 3207/5103/1215 3283/5104/1215 3531/5105/1215
f 3531/5105/1215 3283/5104/1215 3282/5106/1215
f 3531/5105/1215 3282/5106/1215 3281/5107/1215
f 3307/1423/1215 3288/5108/1215 3207/5103/1215
f 3207/5103/1215 3288/5108/1215 3287/5109/2813
f 3207/5103/1215 3287/5109/2813 3286/5110/1215
f 3353/5111/1215 3292/5112/1215 3307/1423/1215
f 3307/1423/1215 3292/5112/1215 3291/5113/1215
f 3307/1423/1215 3291/5113/1215 3290/5114/1408
f 3531/5105/1215 3281/5107/1215 3353/5111/1215
f 3353/5111/1215 3281/5107/1215 3293/5115/1215
f 3353/5111/1215 3293/5115/1215 3292/5112/1215
f 3290/5114/1408 3289/5116/1215 3307/1423/1215
f 3307/1423/1215 3289/5116/1215 3288/5108/1215
f 3286/5110/1215 3285/5117/1215 3207/5103/1215
f 3207/5103/1215 3285/5117/1215 3284/5118/1408
f 3207/5103/1215 3284/5118/1408 3283/5104/1215
f 3443/5119/263 2096/5120/263 3346/5121/263
f 3346/5121/263 2096/5120/263 2095/5122/466
f 3346/5121/263 2095/5122/466 2094/5123/262
f 3537/5124/263 2098/5125/262 3443/5119/263
f 3443/5119/263 2098/5125/262 2097/5126/466
f 3443/5119/263 2097/5126/466 2096/5120/263
f 3536/5127/263 2100/5128/262 3537/5124/263
f 3537/5124/263 2100/5128/262 2099/5129/263
f 3537/5124/263 2099/5129/263 2098/5125/262
f 2100/5128/262 3536/5127/263 2101/5130/262
f 2101/5130/262 3536/5127/263 3535/5131/263
f 2101/5130/262 3535/5131/263 2102/5132/263
f 2102/5132/263 3535/5131/263 3534/5133/263
f 2102/5132/263 3534/5133/263 3533/5134/263
f 3532/5135/263 3352/5136/263 3533/5134/263
f 3533/5134/263 3352/5136/263 3351/5137/263
f 3533/5134/263 3351/5137/263 2102/5132/263
f 2102/5132/263 3351/5137/263 3350/5138/263
f 2102/5132/263 3350/5138/263 3349/5139/263
f 3531/5140/263 3353/5141/263 3532/5135/263
f 3532/5135/263 3353/5141/263 3352/5136/263
f 2102/5132/263 3349/5139/263 2103/5142/263
f 2103/5142/263 3349/5139/263 3348/5143/263
f 2103/5142/263 3348/5143/263 2104/5144/262
f 2104/5144/262 3348/5143/263 3347/5145/263
f 2104/5144/262 3347/5145/263 2093/5146/263
f 2093/5146/263 3347/5145/263 2094/5123/262
f 2094/5123/262 3347/5145/263 3346/5121/263
f 3228/5147/2814 3328/3/2815 3229/5148/2814
f 3229/5148/2814 3328/3/2815 3545/5149/2814
f 3229/5148/2814 3545/5149/2814 3230/5150/2814
f 3230/5150/2814 3545/5149/2814 3546/5151/2814
f 3230/5150/2814 3546/5151/2814 3231/5152/2814
f 3231/5152/2814 3546/5151/2814 3509/5153/1530
f 3510/5154/2816 3509/5155/2817 3328/5156/2818
f 3328/5156/2818 3509/5155/2817 3546/5157/2819
f 3328/5156/2818 3546/5157/2819 3545/5158/2820
f 3328/5156/2818 3327/5159/2821 3510/5154/2816
f 3510/5154/2816 3327/5159/2821 3511/5160/2822
f 3511/5160/2822 3327/5159/2821 3326/5161/2823
f 3511/5160/2822 3326/5161/2823 3512/5162/2824
f 3512/5162/2824 3326/5161/2823 3325/5163/2825
f 3512/5162/2824 3325/5163/2825 3513/5164/2826
f 3513/5164/2826 3325/5163/2825 3324/5165/2827
f 3513/5164/2826 3324/5165/2827 3514/5166/2828
f 3514/5166/2828 3324/5165/2827 3323/5167/2829
f 3514/5166/2828 3323/5167/2829 3515/5168/2830
f 3515/5168/2830 3323/5167/2829 3322/5169/2831
f 3515/5168/2830 3322/5169/2831 3516/5170/2832
f 3516/5170/2832 3322/5169/2831 3321/5171/2833
f 3516/5170/2832 3321/5171/2833 3517/5172/2834
f 3517/5172/2834 3321/5171/2833 3320/5173/2835
f 3517/5172/2834 3320/5173/2835 3518/5174/2836
f 3518/5174/2836 3320/5173/2835 3319/5175/2837
f 3518/5174/2836 3319/5175/2837 3519/5176/2838
f 3519/5176/2838 3319/5175/2837 3318/5177/2839
f 3519/5176/2838 3318/5177/2839 3317/5178/2840
f 3519/5176/2838 3317/5178/2840 3520/5179/2841
f 3520/5180/2841 3317/5181/2840 3316/5182/2842
f 3520/5180/2841 3316/5182/2842 3521/5183/2843
f 3521/5183/2843 3316/5182/2842 3315/5184/2844
f 3521/5183/2843 3315/5184/2844 3522/5185/2845
f 3522/5185/2845 3315/5184/2844 3314/5186/2846
f 3522/5185/2845 3314/5186/2846 3523/5187/2847
f 3523/5187/2847 3314/5186/2846 3313/5188/2848
f 3523/5187/2847 3313/5188/2848 3524/5189/2849
f 3524/5189/2849 3313/5188/2848 3312/5190/2850
f 3524/5189/2849 3312/5190/2850 3525/5191/2851
f 3525/5191/2851 3312/5190/2850 3311/5192/2852
f 3525/5191/2851 3311/5192/2852 3526/5193/2853
f 3526/5193/2853 3311/5192/2852 3310/5194/2854
f 3526/5193/2853 3310/5194/2854 3527/5195/2855
f 3527/5195/2855 3310/5194/2854 3309/5196/2856
f 3527/5195/2855 3309/5196/2856 3528/5197/2857
f 3528/5197/2857 3309/5196/2856 3308/5198/2858
f 3528/5197/2857 3308/5198/2858 3529/5199/2859
f 3529/5199/2859 3308/5198/2858 3307/5200/2860
f 3529/5199/2859 3307/5200/2860 3530/5201/2861
f 3530/5201/2861 3307/5200/2860 3548/5202/2862
f 3548/5202/2862 3307/5200/2860 3547/5203/2863
f 3307/3/1532 3207/5204/1532 3547/5205/1532
f 3547/5205/1532 3207/5204/1532 3254/5206/2864
f 3547/5205/1532 3254/5206/2864 3548/5207/1532
f 3548/5207/1532 3254/5206/2864 3253/5208/2864
f 3548/5207/1532 3253/5208/2864 3530/5209/1532
f 3530/5209/1532 3253/5208/2864 3252/5210/1532
f 2203/5211/265 2180/5212/265 2204/5213/265
f 2204/5213/265 2180/5212/265 2179/5214/266
f 2204/5213/265 2179/5214/266 3549/5215/265
f 2180/5212/265 2203/5211/265 2181/5216/265
f 2181/5216/265 2203/5211/265 2202/5217/265
f 2181/5216/265 2202/5217/265 2087/5218/265
f 2087/5218/265 2202/5217/265 2201/5219/265
f 2087/5218/265 2201/5219/265 2200/5220/265
f 2200/5220/265 2199/5221/265 2087/5218/265
f 2087/5218/265 2199/5221/265 2198/5222/265
f 2087/5218/265 2198/5222/265 2088/5223/265
f 2088/5223/265 2198/5222/265 2197/5224/265
f 2088/5223/265 2197/5224/265 2196/5225/266
f 2196/5225/266 2195/5226/265 2088/5223/265
f 2088/5223/265 2195/5226/265 2089/5227/265
f 2089/5227/265 2195/5226/265 2194/5228/265
f 2089/5227/265 2194/5228/265 2193/5229/266
f 2089/5227/265 2193/5229/266 2090/5230/265
f 2090/5230/265 2193/5229/266 2192/5231/265
f 2090/5230/265 2192/5231/265 2091/5232/265
f 2091/5232/265 2192/5231/265 2092/5233/266
f 2092/5233/266 2192/5231/265 2081/5234/1451
f 2086/5235/265 2185/5236/265 2087/5218/265
f 2087/5218/265 2185/5236/265 2184/5237/265
f 2087/5218/265 2184/5237/265 2183/5238/265
f 2085/5239/266 2188/5240/265 2086/5235/265
f 2086/5235/265 2188/5240/265 2187/5241/266
f 2086/5235/265 2187/5241/266 2186/5242/265
f 2084/5243/265 2190/5244/266 2085/5239/266
f 2085/5239/266 2190/5244/266 2189/5245/265
f 2085/5239/266 2189/5245/265 2188/5240/265
f 2190/5244/266 2084/5243/265 2191/5246/266
f 2191/5246/266 2084/5243/265 2083/5247/266
f 2191/5246/266 2083/5247/266 2082/5248/265
f 2082/5248/265 2081/5234/265 2191/5246/266
f 2186/5242/265 2185/5236/265 2086/5235/265
f 2183/5238/265 2182/5249/265 2087/5218/265
f 2087/5218/265 2182/5249/265 2181/5216/265
f 2204/5213/265 3549/5215/265 3555/5250/265
f 3555/5250/265 3549/5215/265 3550/5251/265
f 3555/5250/265 3550/5251/265 3554/5252/265
f 3554/5252/265 3550/5251/265 3553/5253/266
f 3553/5253/266 3550/5251/265 3551/5254/1451
f 3553/5253/266 3551/5254/1451 3552/5255/265
f 2128/5256/265 2167/5257/265 2129/5258/265
f 2129/5258/265 2167/5257/265 2166/5259/265
f 2129/5258/265 2166/5259/265 3556/5260/265
f 2167/5257/265 2128/5256/265 2168/5261/265
f 2168/5261/265 2128/5256/265 2127/5262/265
f 2168/5261/265 2127/5262/265 2111/5263/265
f 2111/5263/265 2127/5262/265 2126/5264/265
f 2111/5263/265 2126/5264/265 2125/5265/265
f 2125/5265/265 2124/5266/265 2111/5263/265
f 2111/5263/265 2124/5266/265 2123/5267/265
f 2111/5263/265 2123/5267/265 2112/5268/265
f 2112/5268/265 2123/5267/265 2122/5269/265
f 2112/5268/265 2122/5269/265 2121/5270/265
f 2121/5270/265 2120/5271/265 2112/5268/265
f 2112/5268/265 2120/5271/265 2113/5272/266
f 2113/5272/266 2120/5271/265 2119/5273/265
f 2113/5272/266 2119/5273/265 2118/5274/265
f 2113/5272/266 2118/5274/265 2114/5275/265
f 2114/5275/265 2118/5274/265 2117/5276/265
f 2114/5275/265 2117/5276/265 2115/5277/265
f 2115/5277/265 2117/5276/265 2116/5278/1451
f 2116/5278/1451 2117/5276/265 2105/5279/2865
f 2110/5280/265 2172/5281/265 2111/5263/265
f 2111/5263/265 2172/5281/265 2171/5282/265
f 2111/5263/265 2171/5282/265 2170/5283/265
f 2109/5284/265 2175/5285/265 2110/5280/265
f 2110/5280/265 2175/5285/265 2174/5286/265
f 2110/5280/265 2174/5286/265 2173/5287/265
f 2108/5288/265 2177/5289/265 2109/5284/265
f 2109/5284/265 2177/5289/265 2176/5290/265
f 2109/5284/265 2176/5290/265 2175/5285/265
f 2177/5289/265 2108/5288/265 2178/5291/265
f 2178/5291/265 2108/5288/265 2107/5292/266
f 2178/5291/265 2107/5292/266 2106/5293/1451
f 2106/5293/1451 2105/5279/2865 2178/5291/265
f 2173/5287/265 2172/5281/265 2110/5280/265
f 2170/5283/265 2169/5294/265 2111/5263/265
f 2111/5263/265 2169/5294/265 2168/5261/265
f 2129/5258/265 3556/5260/265 3562/5295/265
f 3562/5295/265 3556/5260/265 3557/5296/265
f 3562/5295/265 3557/5296/265 3561/5297/265
f 3561/5297/265 3557/5296/265 3560/5298/265
f 3560/5298/265 3557/5296/265 3558/5299/265
f 3560/5298/265 3558/5299/265 3559/5300/266
f 3412/4842/2866 3411/4911/466 3337/4674/263
f 3337/4674/263 3411/4911/466 3410/4909/262
f 3337/4674/263 3410/4909/262 3403/4904/263
f 3402/4898/263 3341/5301/263 3403/4904/263
f 3403/4904/263 3341/5301/263 3340/5302/263
f 3403/4904/263 3340/5302/263 3339/5303/263
f 3430/4896/262 3345/5121/263 3402/4898/263
f 3402/4898/263 3345/5121/263 3344/5304/263
f 3402/4898/263 3344/5304/263 3343/5305/263
f 3430/4896/262 3429/4894/263 3345/5121/263
f 3345/5121/263 3429/4894/263 3428/4883/263
f 3343/5305/263 3342/5306/263 3402/4898/263
f 3402/4898/263 3342/5306/263 3341/5301/263
f 3339/5303/263 3338/5307/263 3403/4904/263
f 3403/4904/263 3338/5307/263 3337/4674/263
f 3418/4854/263 3442/4676/263 3406/4856/263
f 3406/4856/263 3442/4676/263 3544/5308/263
f 3406/4856/263 3544/5308/263 3543/5309/263
f 3418/4854/263 3417/4835/263 3442/4676/263
f 3442/4676/263 3417/4835/263 3416/4836/263
f 3543/5309/263 3542/5310/263 3406/4856/263
f 3406/4856/263 3542/5310/263 3541/5311/263
f 3406/4856/263 3541/5311/263 3407/4862/263
f 3407/4862/263 3541/5311/263 3540/5312/263
f 3407/4862/263 3540/5312/263 3539/5313/263
f 3539/5313/263 3538/5314/263 3407/4862/263
f 3407/4862/263 3538/5314/263 3444/5119/263
f 3407/4862/263 3444/5119/263 3422/4867/263
f 3422/4867/263 3444/5119/263 3423/4869/2737
f 3423/4869/2737 3444/5119/263 3424/4871/2737
f 2153/5315/1589 2152/5316/1587 3568/5317/2867
f 3568/5317/2867 2152/5316/1587 3472/5318/2868
f 3568/5317/2867 3472/5318/2868 3597/5319/2869
f 3597/5319/2869 3472/5318/2868 3598/5320/2870
f 3597/5319/2869 3598/5320/2870 3599/5321/2871
f 3599/5321/2871 3598/5320/2870 3471/5322/2872
f 3599/5321/2871 3471/5322/2872 3625/5323/2873
f 3625/5323/2873 3471/5322/2872 3626/5324/2874
f 3625/5323/2873 3626/5324/2874 3627/5325/2875
f 3627/5325/2875 3626/5324/2874 2742/5326/2388
f 3627/5325/2875 2742/5326/2388 2741/5327/2387
f 3472/5318/2868 3471/5322/2872 3598/5320/2870
f 3471/5322/2872 3470/5328/2876 3626/5324/2874
f 3626/5324/2874 3470/5328/2876 3469/5329/2877
f 3626/5324/2874 3469/5329/2877 2742/5326/2388
f 2742/5326/2388 3469/5329/2877 2743/5330/2389
f 3627/5325/2875 2741/5327/2387 3628/5331/2878
f 3628/5331/2878 2741/5327/2387 2740/5332/2386
f 3628/5331/2878 2740/5332/2386 3629/5333/2879
f 3629/5333/2879 2740/5332/2386 2739/5334/2374
f 3629/5333/2879 2739/5334/2374 3630/5335/2880
f 3630/5335/2880 2739/5334/2374 2738/5336/2373
f 3630/5335/2880 2738/5336/2373 3631/5337/2881
f 3631/5337/2881 2738/5336/2373 3632/5338/2882
f 3631/5337/2881 3632/5338/2882 3620/5339/2883
f 3620/5339/2883 3632/5338/2882 3619/5340/2884
f 3620/5339/2883 3619/5340/2884 3605/5341/2885
f 3605/5341/2885 3619/5340/2884 3606/5342/2886
f 3605/5341/2885 3606/5342/2886 3590/5343/2887
f 3590/5343/2887 3606/5342/2886 3589/5344/2888
f 3590/5343/2887 3589/5344/2888 3576/5345/2889
f 3576/5345/2889 3589/5344/2888 3577/5346/2890
f 3576/5345/2889 3577/5346/2890 2157/5347/1241
f 2157/5347/1241 3577/5346/2890 2158/5348/1626
f 2158/5348/1626 3577/5346/2890 3578/5349/2891
f 2158/5348/1626 3578/5349/2891 2159/5350/1627
f 2159/5350/1627 3578/5349/2891 3579/5351/2892
f 2159/5350/1627 3579/5351/2892 2160/5352/1629
f 2160/5352/1629 3579/5351/2892 3580/5353/2893
f 2160/5352/1629 3580/5353/2893 2161/5354/1630
f 2161/5354/1630 3580/5353/2893 2162/5355/1632
f 2162/5355/1632 3580/5353/2893 3581/5356/2894
f 2162/5355/1632 3581/5356/2894 2163/5357/1633
f 2163/5357/1633 3581/5356/2894 3582/5358/2895
f 2163/5357/1633 3582/5358/2895 2164/5359/1635
f 2164/5359/1635 3582/5358/2895 3583/5360/2896
f 2164/5359/1635 3583/5360/2896 2165/5361/1636
f 2165/5361/1636 3583/5360/2896 3566/5362/2897
f 2165/5361/1636 3566/5362/2897 2166/5363/1637
f 2738/5336/2373 2737/5364/2360 3632/5338/2882
f 3632/5338/2882 2737/5364/2360 3633/5365/2898
f 3632/5338/2882 3633/5365/2898 3619/5340/2884
f 3619/5340/2884 3633/5365/2898 3618/5366/2899
f 3619/5340/2884 3618/5366/2899 3606/5342/2886
f 3606/5342/2886 3618/5366/2899 3607/5367/2900
f 3606/5342/2886 3607/5367/2900 3589/5344/2888
f 3589/5344/2888 3607/5367/2900 3588/5368/2901
f 3589/5344/2888 3588/5368/2901 3577/5346/2890
f 3577/5346/2890 3588/5368/2901 3578/5349/2891
f 3633/5365/2898 2737/5364/2360 3634/5369/2902
f 3634/5369/2902 2737/5364/2360 2736/5370/2359
f 3634/5369/2902 2736/5370/2359 3635/5371/2903
f 3635/5371/2903 2736/5370/2359 2735/5372/2333
f 3635/5371/2903 2735/5372/2333 3636/5373/2904
f 3636/5373/2904 2735/5372/2333 3637/5374/2905
f 3636/5373/2904 3637/5374/2905 3615/5375/2906
f 3615/5375/2906 3637/5374/2905 3614/5376/2907
f 3615/5375/2906 3614/5376/2907 3610/5377/2908
f 3610/5377/2908 3614/5376/2907 3611/5378/2909
f 3610/5377/2908 3611/5378/2909 3585/5379/2910
f 3585/5379/2910 3611/5378/2909 3584/5380/2911
f 3585/5379/2910 3584/5380/2911 3581/5356/2894
f 3581/5356/2894 3584/5380/2911 3582/5358/2895
f 2735/5372/2333 2734/5381/2327 3637/5374/2905
f 3637/5374/2905 2734/5381/2327 3638/5382/2912
f 3637/5374/2905 3638/5382/2912 3614/5376/2907
f 3614/5376/2907 3638/5382/2912 3613/5383/2913
f 3614/5376/2907 3613/5383/2913 3611/5378/2909
f 3611/5378/2909 3613/5383/2913 3612/5384/2914
f 3611/5378/2909 3612/5384/2914 3584/5380/2911
f 3584/5380/2911 3612/5384/2914 3567/5385/2915
f 3584/5380/2911 3567/5385/2915 3582/5358/2895
f 3582/5358/2895 3567/5385/2915 3583/5360/2896
f 3638/5382/2912 2734/5381/2327 3639/5386/2916
f 3639/5386/2916 2734/5381/2327 2733/5387/2324
f 3639/5386/2916 2733/5387/2324 3563/5388/2917
f 3563/5388/2917 2733/5387/2324 2732/5389/2323
f 3639/5386/2916 3563/5388/2917 3569/5390/2918
f 3569/5390/2918 3563/5388/2917 3564/5391/2919
f 3569/5390/2918 3564/5391/2919 3612/5384/2914
f 3612/5384/2914 3564/5391/2919 3565/5392/2920
f 3612/5384/2914 3565/5392/2920 3567/5385/2915
f 3567/5385/2915 3565/5392/2920 3566/5362/2897
f 3567/5385/2915 3566/5362/2897 3583/5360/2896
f 3576/5345/2889 2157/5347/1241 3575/5393/2921
f 3575/5393/2921 2157/5347/1241 2156/5394/1623
f 3575/5393/2921 2156/5394/1623 3574/5395/2922
f 3574/5395/2922 2156/5394/1623 3573/5396/2923
f 3574/5395/2922 3573/5396/2923 3592/5397/2924
f 3592/5397/2924 3573/5396/2923 3593/5398/2925
f 3592/5397/2924 3593/5398/2925 3603/5399/2926
f 3603/5399/2926 3593/5398/2925 3602/5400/2927
f 3603/5399/2926 3602/5400/2927 3622/5401/2928
f 3622/5401/2928 3602/5400/2927 3623/5402/2929
f 3622/5401/2928 3623/5402/2929 3629/5333/2879
f 3629/5333/2879 3623/5402/2929 3628/5331/2878
f 2156/5394/1623 2155/5403/1621 3573/5396/2923
f 3573/5396/2923 2155/5403/1621 3572/5404/2930
f 3573/5396/2923 3572/5404/2930 3593/5398/2925
f 3593/5398/2925 3572/5404/2930 3594/5405/2931
f 3593/5398/2925 3594/5405/2931 3602/5400/2927
f 3602/5400/2927 3594/5405/2931 3601/5406/2932
f 3602/5400/2927 3601/5406/2932 3623/5402/2929
f 3623/5402/2929 3601/5406/2932 3624/5407/2933
f 3623/5402/2929 3624/5407/2933 3628/5331/2878
f 3628/5331/2878 3624/5407/2933 3627/5325/2875
f 3572/5404/2930 2155/5403/1621 3571/5408/2934
f 3571/5408/2934 2155/5403/1621 2154/5409/1590
f 3571/5408/2934 2154/5409/1590 3570/5410/2935
f 3570/5410/2935 2154/5409/1590 2153/5315/1589
f 3570/5410/2935 2153/5315/1589 3568/5317/2867
f 3570/5410/2935 3568/5317/2867 3596/5411/2936
f 3596/5411/2936 3568/5317/2867 3597/5319/2869
f 3596/5411/2936 3597/5319/2869 3599/5321/2871
f 3594/5405/2931 3572/5404/2930 3571/5408/2934
f 3571/5408/2934 3570/5410/2935 3595/5412/2937
f 3595/5412/2937 3570/5410/2935 3596/5411/2936
f 3595/5412/2937 3596/5411/2936 3600/5413/2938
f 3600/5413/2938 3596/5411/2936 3599/5321/2871
f 3600/5413/2938 3599/5321/2871 3625/5323/2873
f 3590/5343/2887 3576/5345/2889 3575/5393/2921
f 3575/5393/2921 3574/5395/2922 3591/5414/2939
f 3591/5414/2939 3574/5395/2922 3592/5397/2924
f 3591/5414/2939 3592/5397/2924 3604/5415/2940
f 3604/5415/2940 3592/5397/2924 3603/5399/2926
f 3604/5415/2940 3603/5399/2926 3621/5416/2941
f 3621/5416/2941 3603/5399/2926 3622/5401/2928
f 3621/5416/2941 3622/5401/2928 3630/5335/2880
f 3630/5335/2880 3622/5401/2928 3629/5333/2879
f 3579/5351/2892 3578/5349/2891 3587/5417/2942
f 3587/5417/2942 3578/5349/2891 3588/5368/2901
f 3587/5417/2942 3588/5368/2901 3608/5418/2943
f 3608/5418/2943 3588/5368/2901 3607/5367/2900
f 3608/5418/2943 3607/5367/2900 3617/5419/2944
f 3617/5419/2944 3607/5367/2900 3618/5366/2899
f 3617/5419/2944 3618/5366/2899 3634/5369/2902
f 3634/5369/2902 3618/5366/2899 3633/5365/2898
f 3585/5379/2910 3581/5356/2894 3580/5353/2893
f 3580/5353/2893 3579/5351/2892 3586/5420/2945
f 3586/5420/2945 3579/5351/2892 3587/5417/2942
f 3586/5420/2945 3587/5417/2942 3609/5421/2946
f 3609/5421/2946 3587/5417/2942 3608/5418/2943
f 3609/5421/2946 3608/5418/2943 3616/5422/2947
f 3616/5422/2947 3608/5418/2943 3617/5419/2944
f 3616/5422/2947 3617/5419/2944 3635/5371/2903
f 3635/5371/2903 3617/5419/2944 3634/5369/2902
f 3585/5379/2910 3586/5420/2945 3610/5377/2908
f 3610/5377/2908 3586/5420/2945 3609/5421/2946
f 3610/5377/2908 3609/5421/2946 3615/5375/2906
f 3615/5375/2906 3609/5421/2946 3616/5422/2947
f 3615/5375/2906 3616/5422/2947 3636/5373/2904
f 3636/5373/2904 3616/5422/2947 3635/5371/2903
f 3586/5420/2945 3585/5379/2910 3580/5353/2893
f 3590/5343/2887 3591/5414/2939 3605/5341/2885
f 3605/5341/2885 3591/5414/2939 3604/5415/2940
f 3605/5341/2885 3604/5415/2940 3620/5339/2883
f 3620/5339/2883 3604/5415/2940 3621/5416/2941
f 3620/5339/2883 3621/5416/2941 3631/5337/2881
f 3631/5337/2881 3621/5416/2941 3630/5335/2880
f 3591/5414/2939 3590/5343/2887 3575/5393/2921
f 3594/5405/2931 3595/5412/2937 3601/5406/2932
f 3601/5406/2932 3595/5412/2937 3600/5413/2938
f 3601/5406/2932 3600/5413/2938 3624/5407/2933
f 3624/5407/2933 3600/5413/2938 3625/5323/2873
f 3624/5407/2933 3625/5323/2873 3627/5325/2875
f 3595/5412/2937 3594/5405/2931 3571/5408/2934
f 3569/5390/2918 3612/5384/2914 3613/5383/2913
f 3638/5382/2912 3639/5386/2916 3613/5383/2913
f 3613/5383/2913 3639/5386/2916 3569/5390/2918
f 3566/5423/2897 3645/5424/2948 2166/5425/1637
f 2166/5425/1637 3645/5424/2948 3648/5426/2949
f 2166/5425/1637 3648/5426/2949 3556/5427/2950
f 3556/5427/2950 3648/5426/2949 3649/5428/2951
f 3556/5427/2950 3649/5428/2951 3650/5429/2952
f 3650/5429/2952 3649/5428/2951 3684/5430/2953
f 3650/5429/2952 3684/5430/2953 3683/5431/2954
f 3683/5431/2954 3684/5430/2953 3665/5432/2955
f 3683/5431/2954 3665/5432/2955 3666/5433/2956
f 3666/5433/2956 3665/5432/2955 3692/5434/2957
f 3666/5433/2956 3692/5434/2957 3693/5435/2958
f 3693/5435/2958 3692/5434/2957 3707/5436/2959
f 3693/5435/2958 3707/5436/2959 3706/5437/2960
f 3706/5437/2960 3707/5436/2959 2725/5438/2253
f 3706/5437/2960 2725/5438/2253 3705/5439/2961
f 3705/5439/2961 2725/5438/2253 2724/5440/2251
f 3705/5439/2961 2724/5440/2251 3704/5441/2962
f 3704/5441/2962 2724/5440/2251 2723/5442/2250
f 3704/5441/2962 2723/5442/2250 3703/5443/2963
f 3703/5443/2963 2723/5442/2250 2722/5444/2247
f 3703/5443/2963 2722/5444/2247 3702/5445/2964
f 3702/5445/2964 2722/5444/2247 2721/5446/2246
f 3702/5445/2964 2721/5446/2246 3701/5447/2965
f 3701/5447/2965 2721/5446/2246 3700/5448/2966
f 3701/5447/2965 3700/5448/2966 3699/5449/2967
f 3699/5449/2967 3700/5448/2966 3646/5450/2968
f 3699/5449/2967 3646/5450/2968 3673/5451/2969
f 3673/5451/2969 3646/5450/2968 3674/5452/2970
f 3673/5451/2969 3674/5452/2970 3675/5453/2971
f 3675/5453/2971 3674/5452/2970 3644/5454/2972
f 3675/5453/2971 3644/5454/2972 3659/5455/2973
f 3659/5455/2973 3644/5454/2972 3660/5456/2974
f 3659/5455/2973 3660/5456/2974 3562/5457/2975
f 3562/5457/2975 3660/5456/2974 2129/5458/1619
f 2129/5458/1619 3660/5456/2974 3643/5459/2976
f 3643/5459/2976 3660/5456/2974 3644/5454/2972
f 3643/5459/2976 3644/5454/2972 3642/5460/2977
f 3642/5460/2977 3644/5454/2972 3674/5452/2970
f 3642/5460/2977 3674/5452/2970 3641/5461/2978
f 3641/5461/2978 3674/5452/2970 3646/5450/2968
f 3641/5461/2978 3646/5450/2968 3640/5462/2979
f 3640/5462/2979 3646/5450/2968 3700/5448/2966
f 3640/5462/2979 3700/5448/2966 2721/5446/2246
f 3566/5423/2897 3565/5463/2920 3645/5424/2948
f 3645/5424/2948 3565/5463/2920 3687/5464/2980
f 3645/5424/2948 3687/5464/2980 3686/5465/2981
f 3686/5465/2981 3687/5464/2980 3662/5466/2982
f 3686/5465/2981 3662/5466/2982 3663/5467/2983
f 3663/5467/2983 3662/5466/2982 3689/5468/2984
f 3663/5467/2983 3689/5468/2984 3690/5469/2985
f 3690/5469/2985 3689/5468/2984 3710/5470/2986
f 3690/5469/2985 3710/5470/2986 3709/5471/2987
f 3709/5471/2987 3710/5470/2986 2729/5472/2255
f 3709/5471/2987 2729/5472/2255 2728/5473/2196
f 3687/5464/2980 3565/5463/2920 3661/5474/2988
f 3661/5474/2988 3565/5463/2920 3564/5475/2919
f 3661/5474/2988 3564/5475/2919 3647/5476/2989
f 3647/5476/2989 3564/5475/2919 3563/5477/2917
f 3647/5476/2989 3563/5477/2917 3713/5478/2990
f 3713/5478/2990 3563/5477/2917 2731/5479/2322
f 3713/5478/2990 2731/5479/2322 3712/5480/2991
f 3712/5480/2991 2731/5479/2322 3711/5481/2992
f 3712/5480/2991 3711/5481/2992 3688/5482/2993
f 3688/5482/2993 3711/5481/2992 3689/5468/2984
f 3688/5482/2993 3689/5468/2984 3662/5466/2982
f 3563/5477/2917 2732/5483/2323 2731/5479/2322
f 2731/5479/2322 2730/5484/2321 3711/5481/2992
f 3711/5481/2992 2730/5484/2321 3710/5470/2986
f 3711/5481/2992 3710/5470/2986 3689/5468/2984
f 2730/5484/2321 2729/5472/2255 3710/5470/2986
f 3709/5471/2987 2728/5473/2196 3708/5485/2994
f 3708/5485/2994 2728/5473/2196 2727/5486/2195
f 3708/5485/2994 2727/5486/2195 2726/5487/2254
f 3708/5485/2994 2726/5487/2254 3707/5436/2959
f 3707/5436/2959 2726/5487/2254 2725/5438/2253
f 2721/5446/2246 2720/5488/2245 3640/5462/2979
f 3561/5489/2995 3657/5490/2996 3562/5457/2975
f 3562/5457/2975 3657/5490/2996 3658/5491/2997
f 3562/5457/2975 3658/5491/2997 3659/5455/2973
f 3659/5455/2973 3658/5491/2997 3675/5453/2971
f 3560/5492/2998 3655/5493/2999 3561/5489/2995
f 3561/5489/2995 3655/5493/2999 3656/5494/3000
f 3561/5489/2995 3656/5494/3000 3657/5490/2996
f 3657/5490/2996 3656/5494/3000 3677/5495/3001
f 3657/5490/2996 3677/5495/3001 3676/5496/3002
f 3676/5496/3002 3677/5495/3001 3672/5497/3003
f 3676/5496/3002 3672/5497/3003 3673/5451/2969
f 3673/5451/2969 3672/5497/3003 3699/5449/2967
f 3655/5493/2999 3560/5492/2998 3654/5498/3004
f 3654/5498/3004 3560/5492/2998 3559/5499/3005
f 3654/5498/3004 3559/5499/3005 3653/5500/3006
f 3653/5500/3006 3559/5499/3005 3652/5501/3007
f 3653/5500/3006 3652/5501/3007 3681/5502/3008
f 3681/5502/3008 3652/5501/3007 3682/5503/3009
f 3681/5502/3008 3682/5503/3009 3667/5504/3010
f 3667/5504/3010 3682/5503/3009 3666/5433/2956
f 3667/5504/3010 3666/5433/2956 3693/5435/2958
f 3559/5499/3005 3558/5505/3011 3652/5501/3007
f 3652/5501/3007 3558/5505/3011 3557/5506/3012
f 3652/5501/3007 3557/5506/3012 3651/5507/3013
f 3651/5507/3013 3557/5506/3012 3650/5429/2952
f 3651/5507/3013 3650/5429/2952 3683/5431/2954
f 3557/5506/3012 3556/5427/2950 3650/5429/2952
f 3645/5424/2948 3686/5465/2981 3648/5426/2949
f 3648/5426/2949 3686/5465/2981 3685/5508/3014
f 3648/5426/2949 3685/5508/3014 3649/5428/2951
f 3649/5428/2951 3685/5508/3014 3684/5430/2953
f 3682/5503/3009 3652/5501/3007 3651/5507/3013
f 3682/5503/3009 3651/5507/3013 3683/5431/2954
f 3654/5498/3004 3653/5500/3006 3680/5509/3015
f 3680/5509/3015 3653/5500/3006 3681/5502/3008
f 3680/5509/3015 3681/5502/3008 3668/5510/3016
f 3668/5510/3016 3681/5502/3008 3667/5504/3010
f 3668/5510/3016 3667/5504/3010 3694/5511/3017
f 3694/5511/3017 3667/5504/3010 3693/5435/2958
f 3694/5511/3017 3693/5435/2958 3706/5437/2960
f 3655/5493/2999 3654/5498/3004 3679/5512/3018
f 3679/5512/3018 3654/5498/3004 3680/5509/3015
f 3679/5512/3018 3680/5509/3015 3669/5513/3019
f 3669/5513/3019 3680/5509/3015 3668/5510/3016
f 3669/5513/3019 3668/5510/3016 3695/5514/3020
f 3695/5514/3020 3668/5510/3016 3694/5511/3017
f 3695/5514/3020 3694/5511/3017 3705/5439/2961
f 3705/5439/2961 3694/5511/3017 3706/5437/2960
f 3656/5494/3000 3655/5493/2999 3678/5515/3021
f 3678/5515/3021 3655/5493/2999 3679/5512/3018
f 3678/5515/3021 3679/5512/3018 3670/5516/3022
f 3670/5516/3022 3679/5512/3018 3669/5513/3019
f 3670/5516/3022 3669/5513/3019 3696/5517/3023
f 3696/5517/3023 3669/5513/3019 3695/5514/3020
f 3696/5517/3023 3695/5514/3020 3704/5441/2962
f 3704/5441/2962 3695/5514/3020 3705/5439/2961
f 3675/5453/2971 3658/5491/2997 3676/5496/3002
f 3676/5496/3002 3658/5491/2997 3657/5490/2996
f 3688/5482/2993 3662/5466/2982 3661/5474/2988
f 3661/5474/2988 3662/5466/2982 3687/5464/2980
f 3685/5508/3014 3686/5465/2981 3663/5467/2983
f 3684/5430/2953 3685/5508/3014 3664/5518/3024
f 3664/5518/3024 3685/5508/3014 3663/5467/2983
f 3664/5518/3024 3663/5467/2983 3690/5469/2985
f 3684/5430/2953 3664/5518/3024 3665/5432/2955
f 3665/5432/2955 3664/5518/3024 3691/5519/3025
f 3665/5432/2955 3691/5519/3025 3692/5434/2957
f 3692/5434/2957 3691/5519/3025 3708/5485/2994
f 3692/5434/2957 3708/5485/2994 3707/5436/2959
f 3691/5519/3025 3664/5518/3024 3690/5469/2985
f 3682/5503/3009 3683/5431/2954 3666/5433/2956
f 3670/5516/3022 3671/5520/3026 3678/5515/3021
f 3678/5515/3021 3671/5520/3026 3677/5495/3001
f 3678/5515/3021 3677/5495/3001 3656/5494/3000
f 3677/5495/3001 3671/5520/3026 3672/5497/3003
f 3672/5497/3003 3671/5520/3026 3698/5521/3027
f 3672/5497/3003 3698/5521/3027 3699/5449/2967
f 3699/5449/2967 3698/5521/3027 3701/5447/2965
f 3671/5520/3026 3670/5516/3022 3697/5522/3028
f 3697/5522/3028 3670/5516/3022 3696/5517/3023
f 3697/5522/3028 3696/5517/3023 3703/5443/2963
f 3703/5443/2963 3696/5517/3023 3704/5441/2962
f 3675/5453/2971 3676/5496/3002 3673/5451/2969
f 3712/5480/2991 3688/5482/2993 3647/5476/2989
f 3647/5476/2989 3688/5482/2993 3661/5474/2988
f 3713/5478/2990 3712/5480/2991 3647/5476/2989
f 3708/5485/2994 3691/5519/3025 3709/5471/2987
f 3709/5471/2987 3691/5519/3025 3690/5469/2985
f 3671/5520/3026 3697/5522/3028 3698/5521/3027
f 3698/5521/3027 3697/5522/3028 3702/5445/2964
f 3698/5521/3027 3702/5445/2964 3701/5447/2965
f 3702/5445/2964 3697/5522/3028 3703/5443/2963
f 2709/5523/2234 3476/5524/3029 2710/5525/2235
f 2710/5525/2235 3476/5524/3029 3717/5526/3030
f 2710/5525/2235 3717/5526/3030 3718/5527/3031
f 3718/5527/3031 3717/5526/3030 3757/5528/3032
f 3718/5527/3031 3757/5528/3032 3756/5529/3033
f 3756/5529/3033 3757/5528/3032 3734/5530/3034
f 3756/5529/3033 3734/5530/3034 3735/5531/3035
f 3735/5531/3035 3734/5530/3034 3763/5532/3036
f 3735/5531/3035 3763/5532/3036 3764/5533/3037
f 3764/5533/3037 3763/5532/3036 3782/5534/3038
f 3764/5533/3037 3782/5534/3038 3781/5535/3039
f 3781/5535/3039 3782/5534/3038 2138/5536/1606
f 3781/5535/3039 2138/5536/1606 3780/5537/3040
f 3780/5537/3040 2138/5536/1606 2137/5538/1608
f 3780/5537/3040 2137/5538/1608 3779/5539/3041
f 3779/5539/3041 2137/5538/1608 2136/5540/1609
f 3779/5539/3041 2136/5540/1609 2135/5541/1611
f 3476/5524/3029 3475/5542/3042 3717/5526/3030
f 3717/5526/3030 3475/5542/3042 3474/5543/3043
f 3717/5526/3030 3474/5543/3043 3758/5544/3044
f 3758/5544/3044 3474/5543/3043 3732/5545/3045
f 3758/5544/3044 3732/5545/3045 3733/5546/3046
f 3733/5546/3046 3732/5545/3045 3761/5547/3047
f 3733/5546/3046 3761/5547/3047 3762/5548/3048
f 3762/5548/3048 3761/5547/3047 3784/5549/3049
f 3762/5548/3048 3784/5549/3049 3783/5550/3050
f 3783/5550/3050 3784/5549/3049 2140/5551/1602
f 3783/5550/3050 2140/5551/1602 2139/5552/1604
f 3732/5545/3045 3474/5543/3043 3731/5553/3051
f 3731/5553/3051 3474/5543/3043 3473/5554/3052
f 3731/5553/3051 3473/5554/3052 3759/5555/3053
f 3759/5555/3053 3473/5554/3052 3714/5556/3054
f 3759/5555/3053 3714/5556/3054 3786/5557/3055
f 3786/5557/3055 3714/5556/3054 2141/5558/1600
f 3786/5557/3055 2141/5558/1600 3785/5559/3056
f 3785/5559/3056 2141/5558/1600 2140/5551/1602
f 3785/5559/3056 2140/5551/1602 3784/5549/3049
f 3473/5554/3052 2143/5560/1597 3714/5556/3054
f 3714/5556/3054 2143/5560/1597 2142/5561/1599
f 3714/5556/3054 2142/5561/1599 2141/5558/1600
f 3783/5550/3050 2139/5552/1604 3782/5534/3038
f 3782/5534/3038 2139/5552/1604 2138/5536/1606
f 3779/5539/3041 2135/5541/1611 3778/5562/3057
f 3778/5562/3057 2135/5541/1611 2134/5563/1612
f 3778/5562/3057 2134/5563/1612 3777/5564/3058
f 3777/5564/3058 2134/5563/1612 3776/5565/3059
f 3777/5564/3058 3776/5565/3059 3769/5566/3060
f 3769/5566/3060 3776/5565/3059 3770/5567/3061
f 3769/5566/3060 3770/5567/3061 3741/5568/3062
f 3741/5568/3062 3770/5567/3061 3742/5569/3063
f 3741/5568/3062 3742/5569/3063 3749/5570/3064
f 3749/5570/3064 3742/5569/3063 3748/5571/3065
f 3749/5570/3064 3748/5571/3065 3726/5572/3066
f 3726/5572/3066 3748/5571/3065 3727/5573/3067
f 3726/5572/3066 3727/5573/3067 2716/5574/2233
f 2716/5574/2233 3727/5573/3067 3728/5575/3068
f 2716/5574/2233 3728/5575/3068 2717/5576/2240
f 2717/5576/2240 3728/5575/3068 3729/5577/3069
f 2717/5576/2240 3729/5577/3069 2718/5578/2242
f 2718/5578/2242 3729/5577/3069 3730/5579/3070
f 2718/5578/2242 3730/5579/3070 2719/5580/2243
f 2719/5580/2243 3730/5579/3070 3640/5581/2979
f 2719/5580/2243 3640/5581/2979 2720/5582/2245
f 2134/5563/1612 2133/5583/1614 3776/5565/3059
f 3776/5565/3059 2133/5583/1614 3775/5584/3071
f 3776/5565/3059 3775/5584/3071 3770/5567/3061
f 3770/5567/3061 3775/5584/3071 3771/5585/3072
f 3770/5567/3061 3771/5585/3072 3742/5569/3063
f 3742/5569/3063 3771/5585/3072 3743/5586/3073
f 3742/5569/3063 3743/5586/3073 3748/5571/3065
f 3748/5571/3065 3743/5586/3073 3747/5587/3074
f 3748/5571/3065 3747/5587/3074 3727/5573/3067
f 3727/5573/3067 3747/5587/3074 3728/5575/3068
f 2133/5583/1614 2132/5588/1616 3775/5584/3071
f 3775/5584/3071 2132/5588/1616 2131/5589/1617
f 3775/5584/3071 2131/5589/1617 3774/5590/3075
f 3774/5590/3075 2131/5589/1617 2130/5591/1618
f 3774/5590/3075 2130/5591/1618 3715/5592/3076
f 3715/5592/3076 2130/5591/1618 3643/5593/2976
f 3715/5592/3076 3643/5593/2976 3642/5594/2977
f 2130/5591/1618 2129/5595/1619 3643/5593/2976
f 3641/5596/2978 3745/5597/3077 3642/5594/2977
f 3642/5594/2977 3745/5597/3077 3773/5598/3078
f 3642/5594/2977 3773/5598/3078 3715/5592/3076
f 3715/5592/3076 3773/5598/3078 3772/5599/3079
f 3715/5592/3076 3772/5599/3079 3774/5590/3075
f 3774/5590/3075 3772/5599/3079 3771/5585/3072
f 3774/5590/3075 3771/5585/3072 3775/5584/3071
f 3745/5597/3077 3641/5596/2978 3716/5600/3080
f 3716/5600/3080 3641/5596/2978 3640/5581/2979
f 3716/5600/3080 3640/5581/2979 3730/5579/3070
f 2716/5574/2233 2715/5601/2232 3726/5572/3066
f 3726/5572/3066 2715/5601/2232 3725/5602/3081
f 3726/5572/3066 3725/5602/3081 3749/5570/3064
f 3749/5570/3064 3725/5602/3081 3750/5603/3082
f 3749/5570/3064 3750/5603/3082 3741/5568/3062
f 3741/5568/3062 3750/5603/3082 3740/5604/3083
f 3741/5568/3062 3740/5604/3083 3769/5566/3060
f 3769/5566/3060 3740/5604/3083 3768/5605/3084
f 3769/5566/3060 3768/5605/3084 3777/5564/3058
f 3777/5564/3058 3768/5605/3084 3778/5562/3057
f 2715/5601/2232 2714/5606/2230 3725/5602/3081
f 3725/5602/3081 2714/5606/2230 3724/5607/3085
f 3725/5602/3081 3724/5607/3085 3750/5603/3082
f 3750/5603/3082 3724/5607/3085 3751/5608/3086
f 3750/5603/3082 3751/5608/3086 3740/5604/3083
f 3740/5604/3083 3751/5608/3086 3739/5609/3087
f 3740/5604/3083 3739/5609/3087 3768/5605/3084
f 3768/5605/3084 3739/5609/3087 3767/5610/3088
f 3768/5605/3084 3767/5610/3088 3778/5562/3057
f 3778/5562/3057 3767/5610/3088 3779/5539/3041
f 3724/5607/3085 2714/5606/2230 3723/5611/3089
f 3723/5611/3089 2714/5606/2230 2713/5612/2239
f 3723/5611/3089 2713/5612/2239 3722/5613/3090
f 3722/5613/3090 2713/5612/2239 3721/5614/3091
f 3722/5613/3090 3721/5614/3091 3753/5615/3092
f 3753/5615/3092 3721/5614/3091 3754/5616/3093
f 3753/5615/3092 3754/5616/3093 3737/5617/3094
f 3737/5617/3094 3754/5616/3093 3736/5618/3095
f 3737/5617/3094 3736/5618/3095 3765/5619/3096
f 3765/5619/3096 3736/5618/3095 3764/5533/3037
f 3765/5619/3096 3764/5533/3037 3781/5535/3039
f 2713/5612/2239 2712/5620/2238 3721/5614/3091
f 3721/5614/3091 2712/5620/2238 3720/5621/3097
f 3721/5614/3091 3720/5621/3097 3754/5616/3093
f 3754/5616/3093 3720/5621/3097 3755/5622/3098
f 3754/5616/3093 3755/5622/3098 3736/5618/3095
f 3736/5618/3095 3755/5622/3098 3735/5531/3035
f 3736/5618/3095 3735/5531/3035 3764/5533/3037
f 3720/5621/3097 2712/5620/2238 3719/5623/3099
f 3719/5623/3099 2712/5620/2238 2711/5624/2237
f 3719/5623/3099 2711/5624/2237 3718/5527/3031
f 3718/5527/3031 2711/5624/2237 2710/5525/2235
f 3757/5528/3032 3717/5526/3030 3758/5544/3044
f 3755/5622/3098 3720/5621/3097 3719/5623/3099
f 3755/5622/3098 3719/5623/3099 3756/5529/3033
f 3756/5529/3033 3719/5623/3099 3718/5527/3031
f 3751/5608/3086 3724/5607/3085 3723/5611/3089
f 3723/5611/3089 3722/5613/3090 3752/5625/3100
f 3752/5625/3100 3722/5613/3090 3753/5615/3092
f 3752/5625/3100 3753/5615/3092 3738/5626/3101
f 3738/5626/3101 3753/5615/3092 3737/5617/3094
f 3738/5626/3101 3737/5617/3094 3766/5627/3102
f 3766/5627/3102 3737/5617/3094 3765/5619/3096
f 3766/5627/3102 3765/5619/3096 3780/5537/3040
f 3780/5537/3040 3765/5619/3096 3781/5535/3039
f 3716/5600/3080 3730/5579/3070 3729/5577/3069
f 3729/5577/3069 3728/5575/3068 3746/5628/3103
f 3746/5628/3103 3728/5575/3068 3747/5587/3074
f 3746/5628/3103 3747/5587/3074 3744/5629/3104
f 3744/5629/3104 3747/5587/3074 3743/5586/3073
f 3744/5629/3104 3743/5586/3073 3772/5599/3079
f 3772/5599/3079 3743/5586/3073 3771/5585/3072
f 3757/5528/3032 3758/5544/3044 3733/5546/3046
f 3732/5545/3045 3731/5553/3051 3760/5630/3105
f 3760/5630/3105 3731/5553/3051 3759/5555/3053
f 3760/5630/3105 3759/5555/3053 3786/5557/3055
f 3757/5528/3032 3733/5546/3046 3734/5530/3034
f 3734/5530/3034 3733/5546/3046 3762/5548/3048
f 3734/5530/3034 3762/5548/3048 3763/5532/3036
f 3763/5532/3036 3762/5548/3048 3783/5550/3050
f 3763/5532/3036 3783/5550/3050 3782/5534/3038
f 3755/5622/3098 3756/5529/3033 3735/5531/3035
f 3738/5626/3101 3739/5609/3087 3752/5625/3100
f 3752/5625/3100 3739/5609/3087 3751/5608/3086
f 3752/5625/3100 3751/5608/3086 3723/5611/3089
f 3739/5609/3087 3738/5626/3101 3767/5610/3088
f 3767/5610/3088 3738/5626/3101 3766/5627/3102
f 3767/5610/3088 3766/5627/3102 3779/5539/3041
f 3779/5539/3041 3766/5627/3102 3780/5537/3040
f 3744/5629/3104 3745/5597/3077 3746/5628/3103
f 3746/5628/3103 3745/5597/3077 3716/5600/3080
f 3746/5628/3103 3716/5600/3080 3729/5577/3069
f 3772/5599/3079 3773/5598/3078 3744/5629/3104
f 3744/5629/3104 3773/5598/3078 3745/5597/3077
f 3732/5545/3045 3760/5630/3105 3761/5547/3047
f 3761/5547/3047 3760/5630/3105 3785/5559/3056
f 3761/5547/3047 3785/5559/3056 3784/5549/3049
f 3785/5559/3056 3760/5630/3105 3786/5557/3055
f 2228/5315/1658 2227/5316/1659 3792/5317/3106
f 3792/5317/3106 2227/5316/1659 3480/5318/3107
f 3792/5317/3106 3480/5318/3107 3821/5319/3108
f 3821/5319/3108 3480/5318/3107 3822/5320/3109
f 3821/5319/3108 3822/5320/3109 3823/5321/3110
f 3823/5321/3110 3822/5320/3109 3479/5322/3111
f 3823/5321/3110 3479/5322/3111 3849/5323/3112
f 3849/5323/3112 3479/5322/3111 3850/5324/3113
f 3849/5323/3112 3850/5324/3113 3851/5325/3114
f 3851/5325/3114 3850/5324/3113 2791/5326/2091
f 3851/5325/3114 2791/5326/2091 2790/5327/2455
f 3480/5318/3107 3479/5322/3111 3822/5320/3109
f 3479/5322/3111 3478/5328/3115 3850/5324/3113
f 3850/5324/3113 3478/5328/3115 3477/5329/3116
f 3850/5324/3113 3477/5329/3116 2791/5326/2091
f 2791/5326/2091 3477/5329/3116 2694/5330/2089
f 3851/5325/3114 2790/5327/2455 3852/5331/3117
f 3852/5331/3117 2790/5327/2455 2789/5332/2454
f 3852/5331/3117 2789/5332/2454 3853/5333/3118
f 3853/5333/3118 2789/5332/2454 2788/5334/2095
f 3853/5333/3118 2788/5334/2095 3854/5335/3119
f 3854/5335/3119 2788/5334/2095 2787/5336/2096
f 3854/5335/3119 2787/5336/2096 3855/5337/3120
f 3855/5337/3120 2787/5336/2096 3856/5338/3121
f 3855/5337/3120 3856/5338/3121 3844/5339/3122
f 3844/5339/3122 3856/5338/3121 3843/5340/3123
f 3844/5339/3122 3843/5340/3123 3829/5341/3124
f 3829/5341/3124 3843/5340/3123 3830/5342/3125
f 3829/5341/3124 3830/5342/3125 3814/5343/3126
f 3814/5343/3126 3830/5342/3125 3813/5344/3127
f 3814/5343/3126 3813/5344/3127 3800/5345/3128
f 3800/5345/3128 3813/5344/3127 3801/5346/3129
f 3800/5345/3128 3801/5346/3129 2232/5347/1231
f 2232/5347/1231 3801/5346/3129 2233/5348/1650
f 2233/5348/1650 3801/5346/3129 3802/5349/3130
f 2233/5348/1650 3802/5349/3130 2234/5350/1648
f 2234/5350/1648 3802/5349/3130 3803/5351/3131
f 2234/5350/1648 3803/5351/3131 2235/5352/1647
f 2235/5352/1647 3803/5351/3131 3804/5353/3132
f 2235/5352/1647 3804/5353/3132 2236/5354/1645
f 2236/5354/1645 3804/5353/3132 2237/5355/1644
f 2237/5355/1644 3804/5353/3132 3805/5356/3133
f 2237/5355/1644 3805/5356/3133 2238/5357/1642
f 2238/5357/1642 3805/5356/3133 3806/5358/3134
f 2238/5357/1642 3806/5358/3134 2239/5359/1641
f 2239/5359/1641 3806/5358/3134 3807/5360/3135
f 2239/5359/1641 3807/5360/3135 2240/5361/1640
f 2240/5361/1640 3807/5360/3135 3790/5362/3136
f 2240/5361/1640 3790/5362/3136 2179/5363/1638
f 2787/5336/2096 2786/5364/2097 3856/5338/3121
f 3856/5338/3121 2786/5364/2097 3857/5365/3137
f 3856/5338/3121 3857/5365/3137 3843/5340/3123
f 3843/5340/3123 3857/5365/3137 3842/5366/3138
f 3843/5340/3123 3842/5366/3138 3830/5342/3125
f 3830/5342/3125 3842/5366/3138 3831/5367/3139
f 3830/5342/3125 3831/5367/3139 3813/5344/3127
f 3813/5344/3127 3831/5367/3139 3812/5368/3140
f 3813/5344/3127 3812/5368/3140 3801/5346/3129
f 3801/5346/3129 3812/5368/3140 3802/5349/3130
f 3857/5365/3137 2786/5364/2097 3858/5369/3141
f 3858/5369/3141 2786/5364/2097 2785/5370/2453
f 3858/5369/3141 2785/5370/2453 3859/5371/3142
f 3859/5371/3142 2785/5370/2453 2784/5372/2101
f 3859/5371/3142 2784/5372/2101 3860/5373/3143
f 3860/5373/3143 2784/5372/2101 3861/5374/3144
f 3860/5373/3143 3861/5374/3144 3839/5375/3145
f 3839/5375/3145 3861/5374/3144 3838/5376/3146
f 3839/5375/3145 3838/5376/3146 3834/5377/3147
f 3834/5377/3147 3838/5376/3146 3835/5378/3148
f 3834/5377/3147 3835/5378/3148 3809/5379/3149
f 3809/5379/3149 3835/5378/3148 3808/5380/3150
f 3809/5379/3149 3808/5380/3150 3805/5356/3133
f 3805/5356/3133 3808/5380/3150 3806/5358/3134
f 2784/5372/2101 2783/5381/2103 3861/5374/3144
f 3861/5374/3144 2783/5381/2103 3862/5382/3151
f 3861/5374/3144 3862/5382/3151 3838/5376/3146
f 3838/5376/3146 3862/5382/3151 3837/5383/3152
f 3838/5376/3146 3837/5383/3152 3835/5378/3148
f 3835/5378/3148 3837/5383/3152 3836/5384/3153
f 3835/5378/3148 3836/5384/3153 3808/5380/3150
f 3808/5380/3150 3836/5384/3153 3791/5385/3154
f 3808/5380/3150 3791/5385/3154 3806/5358/3134
f 3806/5358/3134 3791/5385/3154 3807/5360/3135
f 3862/5382/3151 2783/5381/2103 3863/5386/3155
f 3863/5386/3155 2783/5381/2103 2782/5387/2105
f 3863/5386/3155 2782/5387/2105 3787/5388/3156
f 3787/5388/3156 2782/5387/2105 2781/5389/2106
f 3863/5386/3155 3787/5388/3156 3793/5390/3157
f 3793/5390/3157 3787/5388/3156 3788/5391/3158
f 3793/5390/3157 3788/5391/3158 3836/5384/3153
f 3836/5384/3153 3788/5391/3158 3789/5392/3159
f 3836/5384/3153 3789/5392/3159 3791/5385/3154
f 3791/5385/3154 3789/5392/3159 3790/5362/3136
f 3791/5385/3154 3790/5362/3136 3807/5360/3135
f 3800/5345/3128 2232/5347/1231 3799/5393/3160
f 3799/5393/3160 2232/5347/1231 2231/5394/1652
f 3799/5393/3160 2231/5394/1652 3798/5395/3161
f 3798/5395/3161 2231/5394/1652 3797/5396/3162
f 3798/5395/3161 3797/5396/3162 3816/5397/3163
f 3816/5397/3163 3797/5396/3162 3817/5398/3164
f 3816/5397/3163 3817/5398/3164 3827/5399/3165
f 3827/5399/3165 3817/5398/3164 3826/5400/3166
f 3827/5399/3165 3826/5400/3166 3846/5401/3167
f 3846/5401/3167 3826/5400/3166 3847/5402/3168
f 3846/5401/3167 3847/5402/3168 3853/5333/3118
f 3853/5333/3118 3847/5402/3168 3852/5331/3117
f 2231/5394/1652 2230/5403/1654 3797/5396/3162
f 3797/5396/3162 2230/5403/1654 3796/5404/3169
f 3797/5396/3162 3796/5404/3169 3817/5398/3164
f 3817/5398/3164 3796/5404/3169 3818/5405/3170
f 3817/5398/3164 3818/5405/3170 3826/5400/3166
f 3826/5400/3166 3818/5405/3170 3825/5406/3171
f 3826/5400/3166 3825/5406/3171 3847/5402/3168
f 3847/5402/3168 3825/5406/3171 3848/5407/3172
f 3847/5402/3168 3848/5407/3172 3852/5331/3117
f 3852/5331/3117 3848/5407/3172 3851/5325/3114
f 3796/5404/3169 2230/5403/1654 3795/5408/3173
f 3795/5408/3173 2230/5403/1654 2229/5409/1656
f 3795/5408/3173 2229/5409/1656 3794/5410/3174
f 3794/5410/3174 2229/5409/1656 2228/5315/1658
f 3794/5410/3174 2228/5315/1658 3792/5317/3106
f 3794/5410/3174 3792/5317/3106 3820/5411/3175
f 3820/5411/3175 3792/5317/3106 3821/5319/3108
f 3820/5411/3175 3821/5319/3108 3823/5321/3110
f 3818/5405/3170 3796/5404/3169 3795/5408/3173
f 3795/5408/3173 3794/5410/3174 3819/5412/3176
f 3819/5412/3176 3794/5410/3174 3820/5411/3175
f 3819/5412/3176 3820/5411/3175 3824/5413/3177
f 3824/5413/3177 3820/5411/3175 3823/5321/3110
f 3824/5413/3177 3823/5321/3110 3849/5323/3112
f 3814/5343/3126 3800/5345/3128 3799/5393/3160
f 3799/5393/3160 3798/5395/3161 3815/5414/3178
f 3815/5414/3178 3798/5395/3161 3816/5397/3163
f 3815/5414/3178 3816/5397/3163 3828/5415/3179
f 3828/5415/3179 3816/5397/3163 3827/5399/3165
f 3828/5415/3179 3827/5399/3165 3845/5416/3180
f 3845/5416/3180 3827/5399/3165 3846/5401/3167
f 3845/5416/3180 3846/5401/3167 3854/5335/3119
f 3854/5335/3119 3846/5401/3167 3853/5333/3118
f 3803/5351/3131 3802/5349/3130 3811/5417/3181
f 3811/5417/3181 3802/5349/3130 3812/5368/3140
f 3811/5417/3181 3812/5368/3140 3832/5418/3182
f 3832/5418/3182 3812/5368/3140 3831/5367/3139
f 3832/5418/3182 3831/5367/3139 3841/5419/3183
f 3841/5419/3183 3831/5367/3139 3842/5366/3138
f 3841/5419/3183 3842/5366/3138 3858/5369/3141
f 3858/5369/3141 3842/5366/3138 3857/5365/3137
f 3809/5379/3149 3805/5356/3133 3804/5353/3132
f 3804/5353/3132 3803/5351/3131 3810/5420/3184
f 3810/5420/3184 3803/5351/3131 3811/5417/3181
f 3810/5420/3184 3811/5417/3181 3833/5421/3185
f 3833/5421/3185 3811/5417/3181 3832/5418/3182
f 3833/5421/3185 3832/5418/3182 3840/5422/3186
f 3840/5422/3186 3832/5418/3182 3841/5419/3183
f 3840/5422/3186 3841/5419/3183 3859/5371/3142
f 3859/5371/3142 3841/5419/3183 3858/5369/3141
f 3809/5379/3149 3810/5420/3184 3834/5377/3147
f 3834/5377/3147 3810/5420/3184 3833/5421/3185
f 3834/5377/3147 3833/5421/3185 3839/5375/3145
f 3839/5375/3145 3833/5421/3185 3840/5422/3186
f 3839/5375/3145 3840/5422/3186 3860/5373/3143
f 3860/5373/3143 3840/5422/3186 3859/5371/3142
f 3810/5420/3184 3809/5379/3149 3804/5353/3132
f 3814/5343/3126 3815/5414/3178 3829/5341/3124
f 3829/5341/3124 3815/5414/3178 3828/5415/3179
f 3829/5341/3124 3828/5415/3179 3844/5339/3122
f 3844/5339/3122 3828/5415/3179 3845/5416/3180
f 3844/5339/3122 3845/5416/3180 3855/5337/3120
f 3855/5337/3120 3845/5416/3180 3854/5335/3119
f 3815/5414/3178 3814/5343/3126 3799/5393/3160
f 3818/5405/3170 3819/5412/3176 3825/5406/3171
f 3825/5406/3171 3819/5412/3176 3824/5413/3177
f 3825/5406/3171 3824/5413/3177 3848/5407/3172
f 3848/5407/3172 3824/5413/3177 3849/5323/3112
f 3848/5407/3172 3849/5323/3112 3851/5325/3114
f 3819/5412/3176 3818/5405/3170 3795/5408/3173
f 3793/5390/3157 3836/5384/3153 3837/5383/3152
f 3862/5382/3151 3863/5386/3155 3837/5383/3152
f 3837/5383/3152 3863/5386/3155 3793/5390/3157
f 3790/5423/3136 3869/5424/3187 2179/5425/1638
f 2179/5425/1638 3869/5424/3187 3872/5426/3188
f 2179/5425/1638 3872/5426/3188 3549/5427/3189
f 3549/5427/3189 3872/5426/3188 3873/5428/3190
f 3549/5427/3189 3873/5428/3190 3874/5429/3191
f 3874/5429/3191 3873/5428/3190 3908/5430/3192
f 3874/5429/3191 3908/5430/3192 3907/5431/3193
f 3907/5431/3193 3908/5430/3192 3889/5432/3194
f 3907/5431/3193 3889/5432/3194 3890/5433/3195
f 3890/5433/3195 3889/5432/3194 3916/5434/3196
f 3890/5433/3195 3916/5434/3196 3917/5435/3197
f 3917/5435/3197 3916/5434/3196 3931/5436/3198
f 3917/5435/3197 3931/5436/3198 3930/5437/3199
f 3930/5437/3199 3931/5436/3198 2774/5438/2449
f 3930/5437/3199 2774/5438/2449 3929/5439/3200
f 3929/5439/3200 2774/5438/2449 2773/5440/2448
f 3929/5439/3200 2773/5440/2448 3928/5441/3201
f 3928/5441/3201 2773/5440/2448 2772/5442/2446
f 3928/5441/3201 2772/5442/2446 3927/5443/3202
f 3927/5443/3202 2772/5442/2446 2771/5444/2445
f 3927/5443/3202 2771/5444/2445 3926/5445/3203
f 3926/5445/3203 2771/5444/2445 2770/5446/2440
f 3926/5445/3203 2770/5446/2440 3925/5447/3204
f 3925/5447/3204 2770/5446/2440 3924/5448/3205
f 3925/5447/3204 3924/5448/3205 3923/5449/3206
f 3923/5449/3206 3924/5448/3205 3870/5450/3207
f 3923/5449/3206 3870/5450/3207 3897/5451/3208
f 3897/5451/3208 3870/5450/3207 3898/5452/3209
f 3897/5451/3208 3898/5452/3209 3899/5453/3210
f 3899/5453/3210 3898/5452/3209 3868/5454/3211
f 3899/5453/3210 3868/5454/3211 3883/5455/3212
f 3883/5455/3212 3868/5454/3211 3884/5456/3213
f 3883/5455/3212 3884/5456/3213 3555/5457/3214
f 3555/5457/3214 3884/5456/3213 2204/5458/1698
f 2204/5458/1698 3884/5456/3213 3867/5459/3215
f 3867/5459/3215 3884/5456/3213 3868/5454/3211
f 3867/5459/3215 3868/5454/3211 3866/5460/3216
f 3866/5460/3216 3868/5454/3211 3898/5452/3209
f 3866/5460/3216 3898/5452/3209 3865/5461/3217
f 3865/5461/3217 3898/5452/3209 3870/5450/3207
f 3865/5461/3217 3870/5450/3207 3864/5462/3218
f 3864/5462/3218 3870/5450/3207 3924/5448/3205
f 3864/5462/3218 3924/5448/3205 2770/5446/2440
f 3790/5423/3136 3789/5463/3159 3869/5424/3187
f 3869/5424/3187 3789/5463/3159 3911/5464/3219
f 3869/5424/3187 3911/5464/3219 3910/5465/3220
f 3910/5465/3220 3911/5464/3219 3886/5466/3221
f 3910/5465/3220 3886/5466/3221 3887/5467/3222
f 3887/5467/3222 3886/5466/3221 3913/5468/3223
f 3887/5467/3222 3913/5468/3223 3914/5469/3224
f 3914/5469/3224 3913/5468/3223 3934/5470/3225
f 3914/5469/3224 3934/5470/3225 3933/5471/3226
f 3933/5471/3226 3934/5470/3225 2778/5472/2451
f 3933/5471/3226 2778/5472/2451 2777/5473/2450
f 3911/5464/3219 3789/5463/3159 3885/5474/3227
f 3885/5474/3227 3789/5463/3159 3788/5475/3158
f 3885/5474/3227 3788/5475/3158 3871/5476/3228
f 3871/5476/3228 3788/5475/3158 3787/5477/3156
f 3871/5476/3228 3787/5477/3156 3937/5478/3229
f 3937/5478/3229 3787/5477/3156 2780/5479/2107
f 3937/5478/3229 2780/5479/2107 3936/5480/3230
f 3936/5480/3230 2780/5479/2107 3935/5481/3231
f 3936/5480/3230 3935/5481/3231 3912/5482/3232
f 3912/5482/3232 3935/5481/3231 3913/5468/3223
f 3912/5482/3232 3913/5468/3223 3886/5466/3221
f 3787/5477/3156 2781/5483/2106 2780/5479/2107
f 2780/5479/2107 2779/5484/2452 3935/5481/3231
f 3935/5481/3231 2779/5484/2452 3934/5470/3225
f 3935/5481/3231 3934/5470/3225 3913/5468/3223
f 2779/5484/2452 2778/5472/2451 3934/5470/3225
f 3933/5471/3226 2777/5473/2450 3932/5485/3233
f 3932/5485/3233 2777/5473/2450 2776/5486/2320
f 3932/5485/3233 2776/5486/2320 2775/5487/2319
f 3932/5485/3233 2775/5487/2319 3931/5436/3198
f 3931/5436/3198 2775/5487/2319 2774/5438/2449
f 2770/5446/2440 2769/5488/2439 3864/5462/3218
f 3554/5489/3234 3881/5490/3235 3555/5457/3214
f 3555/5457/3214 3881/5490/3235 3882/5491/3236
f 3555/5457/3214 3882/5491/3236 3883/5455/3212
f 3883/5455/3212 3882/5491/3236 3899/5453/3210
f 3553/5492/3237 3879/5493/3238 3554/5489/3234
f 3554/5489/3234 3879/5493/3238 3880/5494/3239
f 3554/5489/3234 3880/5494/3239 3881/5490/3235
f 3881/5490/3235 3880/5494/3239 3901/5495/3240
f 3881/5490/3235 3901/5495/3240 3900/5496/3241
f 3900/5496/3241 3901/5495/3240 3896/5497/3242
f 3900/5496/3241 3896/5497/3242 3897/5451/3208
f 3897/5451/3208 3896/5497/3242 3923/5449/3206
f 3879/5493/3238 3553/5492/3237 3878/5498/3243
f 3878/5498/3243 3553/5492/3237 3552/5499/3244
f 3878/5498/3243 3552/5499/3244 3877/5500/3245
f 3877/5500/3245 3552/5499/3244 3876/5501/3246
f 3877/5500/3245 3876/5501/3246 3905/5502/3247
f 3905/5502/3247 3876/5501/3246 3906/5503/3248
f 3905/5502/3247 3906/5503/3248 3891/5504/3249
f 3891/5504/3249 3906/5503/3248 3890/5433/3195
f 3891/5504/3249 3890/5433/3195 3917/5435/3197
f 3552/5499/3244 3551/5505/3250 3876/5501/3246
f 3876/5501/3246 3551/5505/3250 3550/5506/3251
f 3876/5501/3246 3550/5506/3251 3875/5507/3252
f 3875/5507/3252 3550/5506/3251 3874/5429/3191
f 3875/5507/3252 3874/5429/3191 3907/5431/3193
f 3550/5506/3251 3549/5427/3189 3874/5429/3191
f 3869/5424/3187 3910/5465/3220 3872/5426/3188
f 3872/5426/3188 3910/5465/3220 3909/5508/3253
f 3872/5426/3188 3909/5508/3253 3873/5428/3190
f 3873/5428/3190 3909/5508/3253 3908/5430/3192
f 3906/5503/3248 3876/5501/3246 3875/5507/3252
f 3906/5503/3248 3875/5507/3252 3907/5431/3193
f 3878/5498/3243 3877/5500/3245 3904/5509/3254
f 3904/5509/3254 3877/5500/3245 3905/5502/3247
f 3904/5509/3254 3905/5502/3247 3892/5510/3255
f 3892/5510/3255 3905/5502/3247 3891/5504/3249
f 3892/5510/3255 3891/5504/3249 3918/5511/3256
f 3918/5511/3256 3891/5504/3249 3917/5435/3197
f 3918/5511/3256 3917/5435/3197 3930/5437/3199
f 3879/5493/3238 3878/5498/3243 3903/5512/3257
f 3903/5512/3257 3878/5498/3243 3904/5509/3254
f 3903/5512/3257 3904/5509/3254 3893/5513/3258
f 3893/5513/3258 3904/5509/3254 3892/5510/3255
f 3893/5513/3258 3892/5510/3255 3919/5514/3259
f 3919/5514/3259 3892/5510/3255 3918/5511/3256
f 3919/5514/3259 3918/5511/3256 3929/5439/3200
f 3929/5439/3200 3918/5511/3256 3930/5437/3199
f 3880/5494/3239 3879/5493/3238 3902/5515/3260
f 3902/5515/3260 3879/5493/3238 3903/5512/3257
f 3902/5515/3260 3903/5512/3257 3894/5516/3261
f 3894/5516/3261 3903/5512/3257 3893/5513/3258
f 3894/5516/3261 3893/5513/3258 3920/5517/3262
f 3920/5517/3262 3893/5513/3258 3919/5514/3259
f 3920/5517/3262 3919/5514/3259 3928/5441/3201
f 3928/5441/3201 3919/5514/3259 3929/5439/3200
f 3899/5453/3210 3882/5491/3236 3900/5496/3241
f 3900/5496/3241 3882/5491/3236 3881/5490/3235
f 3912/5482/3232 3886/5466/3221 3885/5474/3227
f 3885/5474/3227 3886/5466/3221 3911/5464/3219
f 3909/5508/3253 3910/5465/3220 3887/5467/3222
f 3908/5430/3192 3909/5508/3253 3888/5518/3263
f 3888/5518/3263 3909/5508/3253 3887/5467/3222
f 3888/5518/3263 3887/5467/3222 3914/5469/3224
f 3908/5430/3192 3888/5518/3263 3889/5432/3194
f 3889/5432/3194 3888/5518/3263 3915/5519/3264
f 3889/5432/3194 3915/5519/3264 3916/5434/3196
f 3916/5434/3196 3915/5519/3264 3932/5485/3233
f 3916/5434/3196 3932/5485/3233 3931/5436/3198
f 3915/5519/3264 3888/5518/3263 3914/5469/3224
f 3906/5503/3248 3907/5431/3193 3890/5433/3195
f 3894/5516/3261 3895/5520/3265 3902/5515/3260
f 3902/5515/3260 3895/5520/3265 3901/5495/3240
f 3902/5515/3260 3901/5495/3240 3880/5494/3239
f 3901/5495/3240 3895/5520/3265 3896/5497/3242
f 3896/5497/3242 3895/5520/3265 3922/5521/3266
f 3896/5497/3242 3922/5521/3266 3923/5449/3206
f 3923/5449/3206 3922/5521/3266 3925/5447/3204
f 3895/5520/3265 3894/5516/3261 3921/5522/3267
f 3921/5522/3267 3894/5516/3261 3920/5517/3262
f 3921/5522/3267 3920/5517/3262 3927/5443/3202
f 3927/5443/3202 3920/5517/3262 3928/5441/3201
f 3899/5453/3210 3900/5496/3241 3897/5451/3208
f 3936/5480/3230 3912/5482/3232 3871/5476/3228
f 3871/5476/3228 3912/5482/3232 3885/5474/3227
f 3937/5478/3229 3936/5480/3230 3871/5476/3228
f 3932/5485/3233 3915/5519/3264 3933/5471/3226
f 3933/5471/3226 3915/5519/3264 3914/5469/3224
f 3895/5520/3265 3921/5522/3267 3922/5521/3266
f 3922/5521/3266 3921/5522/3267 3926/5445/3203
f 3922/5521/3266 3926/5445/3203 3925/5447/3204
f 3926/5445/3203 3921/5522/3267 3927/5443/3202
f 2758/5523/2423 3484/5524/3268 2759/5525/2424
f 2759/5525/2424 3484/5524/3268 3941/5526/3269
f 2759/5525/2424 3941/5526/3269 3942/5527/3270
f 3942/5527/3270 3941/5526/3269 3981/5528/3271
f 3942/5527/3270 3981/5528/3271 3980/5529/3272
f 3980/5529/3272 3981/5528/3271 3958/5530/3273
f 3980/5529/3272 3958/5530/3273 3959/5531/3274
f 3959/5531/3274 3958/5530/3273 3987/5532/3275
f 3959/5531/3274 3987/5532/3275 3988/5533/3276
f 3988/5533/3276 3987/5532/3275 4006/5534/3277
f 3988/5533/3276 4006/5534/3277 4005/5535/3278
f 4005/5535/3278 4006/5534/3277 2213/5536/1685
f 4005/5535/3278 2213/5536/1685 4004/5537/3279
f 4004/5537/3279 2213/5536/1685 2212/5538/1687
f 4004/5537/3279 2212/5538/1687 4003/5539/3280
f 4003/5539/3280 2212/5538/1687 2211/5540/1688
f 4003/5539/3280 2211/5540/1688 2210/5541/1690
f 3484/5524/3268 3483/5542/3281 3941/5526/3269
f 3941/5526/3269 3483/5542/3281 3482/5543/3282
f 3941/5526/3269 3482/5543/3282 3982/5544/3283
f 3982/5544/3283 3482/5543/3282 3956/5545/3284
f 3982/5544/3283 3956/5545/3284 3957/5546/3285
f 3957/5546/3285 3956/5545/3284 3985/5547/3286
f 3957/5546/3285 3985/5547/3286 3986/5548/3287
f 3986/5548/3287 3985/5547/3286 4008/5549/3288
f 3986/5548/3287 4008/5549/3288 4007/5550/3289
f 4007/5550/3289 4008/5549/3288 2215/5551/1681
f 4007/5550/3289 2215/5551/1681 2214/5552/1683
f 3956/5545/3284 3482/5543/3282 3955/5553/3290
f 3955/5553/3290 3482/5543/3282 3481/5554/3291
f 3955/5553/3290 3481/5554/3291 3983/5555/3292
f 3983/5555/3292 3481/5554/3291 3938/5556/3293
f 3983/5555/3292 3938/5556/3293 4010/5557/3294
f 4010/5557/3294 3938/5556/3293 2216/5558/1679
f 4010/5557/3294 2216/5558/1679 4009/5559/3295
f 4009/5559/3295 2216/5558/1679 2215/5551/1681
f 4009/5559/3295 2215/5551/1681 4008/5549/3288
f 3481/5554/3291 2218/5560/1676 3938/5556/3293
f 3938/5556/3293 2218/5560/1676 2217/5561/1678
f 3938/5556/3293 2217/5561/1678 2216/5558/1679
f 4007/5550/3289 2214/5552/1683 4006/5534/3277
f 4006/5534/3277 2214/5552/1683 2213/5536/1685
f 4003/5539/3280 2210/5541/1690 4002/5562/3296
f 4002/5562/3296 2210/5541/1690 2209/5563/1691
f 4002/5562/3296 2209/5563/1691 4001/5564/3297
f 4001/5564/3297 2209/5563/1691 4000/5565/3298
f 4001/5564/3297 4000/5565/3298 3993/5566/3299
f 3993/5566/3299 4000/5565/3298 3994/5567/3300
f 3993/5566/3299 3994/5567/3300 3965/5568/3301
f 3965/5568/3301 3994/5567/3300 3966/5569/3302
f 3965/5568/3301 3966/5569/3302 3973/5570/3303
f 3973/5570/3303 3966/5569/3302 3972/5571/3304
f 3973/5570/3303 3972/5571/3304 3950/5572/3305
f 3950/5572/3305 3972/5571/3304 3951/5573/3306
f 3950/5572/3305 3951/5573/3306 2765/5574/2433
f 2765/5574/2433 3951/5573/3306 3952/5575/3307
f 2765/5574/2433 3952/5575/3307 2766/5576/2435
f 2766/5576/2435 3952/5575/3307 3953/5577/3308
f 2766/5576/2435 3953/5577/3308 2767/5578/2437
f 2767/5578/2437 3953/5577/3308 3954/5579/3309
f 2767/5578/2437 3954/5579/3309 2768/5580/2438
f 2768/5580/2438 3954/5579/3309 3864/5581/3218
f 2768/5580/2438 3864/5581/3218 2769/5582/2439
f 2209/5563/1691 2208/5583/1693 4000/5565/3298
f 4000/5565/3298 2208/5583/1693 3999/5584/3310
f 4000/5565/3298 3999/5584/3310 3994/5567/3300
f 3994/5567/3300 3999/5584/3310 3995/5585/3311
f 3994/5567/3300 3995/5585/3311 3966/5569/3302
f 3966/5569/3302 3995/5585/3311 3967/5586/3312
f 3966/5569/3302 3967/5586/3312 3972/5571/3304
f 3972/5571/3304 3967/5586/3312 3971/5587/3313
f 3972/5571/3304 3971/5587/3313 3951/5573/3306
f 3951/5573/3306 3971/5587/3313 3952/5575/3307
f 2208/5583/1693 2207/5588/1695 3999/5584/3310
f 3999/5584/3310 2207/5588/1695 2206/5589/1696
f 3999/5584/3310 2206/5589/1696 3998/5590/3314
f 3998/5590/3314 2206/5589/1696 2205/5591/1697
f 3998/5590/3314 2205/5591/1697 3939/5592/3315
f 3939/5592/3315 2205/5591/1697 3867/5593/3215
f 3939/5592/3315 3867/5593/3215 3866/5594/3216
f 2205/5591/1697 2204/5595/1698 3867/5593/3215
f 3865/5596/3217 3969/5597/3316 3866/5594/3216
f 3866/5594/3216 3969/5597/3316 3997/5598/3317
f 3866/5594/3216 3997/5598/3317 3939/5592/3315
f 3939/5592/3315 3997/5598/3317 3996/5599/3318
f 3939/5592/3315 3996/5599/3318 3998/5590/3314
f 3998/5590/3314 3996/5599/3318 3995/5585/3311
f 3998/5590/3314 3995/5585/3311 3999/5584/3310
f 3969/5597/3316 3865/5596/3217 3940/5600/3319
f 3940/5600/3319 3865/5596/3217 3864/5581/3218
f 3940/5600/3319 3864/5581/3218 3954/5579/3309
f 2765/5574/2433 2764/5601/2431 3950/5572/3305
f 3950/5572/3305 2764/5601/2431 3949/5602/3320
f 3950/5572/3305 3949/5602/3320 3973/5570/3303
f 3973/5570/3303 3949/5602/3320 3974/5603/3321
f 3973/5570/3303 3974/5603/3321 3965/5568/3301
f 3965/5568/3301 3974/5603/3321 3964/5604/3322
f 3965/5568/3301 3964/5604/3322 3993/5566/3299
f 3993/5566/3299 3964/5604/3322 3992/5605/3323
f 3993/5566/3299 3992/5605/3323 4001/5564/3297
f 4001/5564/3297 3992/5605/3323 4002/5562/3296
f 2764/5601/2431 2763/5606/2429 3949/5602/3320
f 3949/5602/3320 2763/5606/2429 3948/5607/3324
f 3949/5602/3320 3948/5607/3324 3974/5603/3321
f 3974/5603/3321 3948/5607/3324 3975/5608/3325
f 3974/5603/3321 3975/5608/3325 3964/5604/3322
f 3964/5604/3322 3975/5608/3325 3963/5609/3326
f 3964/5604/3322 3963/5609/3326 3992/5605/3323
f 3992/5605/3323 3963/5609/3326 3991/5610/3327
f 3992/5605/3323 3991/5610/3327 4002/5562/3296
f 4002/5562/3296 3991/5610/3327 4003/5539/3280
f 3948/5607/3324 2763/5606/2429 3947/5611/3328
f 3947/5611/3328 2763/5606/2429 2762/5612/2427
f 3947/5611/3328 2762/5612/2427 3946/5613/3329
f 3946/5613/3329 2762/5612/2427 3945/5614/3330
f 3946/5613/3329 3945/5614/3330 3977/5615/3331
f 3977/5615/3331 3945/5614/3330 3978/5616/3332
f 3977/5615/3331 3978/5616/3332 3961/5617/3333
f 3961/5617/3333 3978/5616/3332 3960/5618/3334
f 3961/5617/3333 3960/5618/3334 3989/5619/3335
f 3989/5619/3335 3960/5618/3334 3988/5533/3276
f 3989/5619/3335 3988/5533/3276 4005/5535/3278
f 2762/5612/2427 2761/5620/2426 3945/5614/3330
f 3945/5614/3330 2761/5620/2426 3944/5621/3336
f 3945/5614/3330 3944/5621/3336 3978/5616/3332
f 3978/5616/3332 3944/5621/3336 3979/5622/3337
f 3978/5616/3332 3979/5622/3337 3960/5618/3334
f 3960/5618/3334 3979/5622/3337 3959/5531/3274
f 3960/5618/3334 3959/5531/3274 3988/5533/3276
f 3944/5621/3336 2761/5620/2426 3943/5623/3338
f 3943/5623/3338 2761/5620/2426 2760/5624/2425
f 3943/5623/3338 2760/5624/2425 3942/5527/3270
f 3942/5527/3270 2760/5624/2425 2759/5525/2424
f 3981/5528/3271 3941/5526/3269 3982/5544/3283
f 3979/5622/3337 3944/5621/3336 3943/5623/3338
f 3979/5622/3337 3943/5623/3338 3980/5529/3272
f 3980/5529/3272 3943/5623/3338 3942/5527/3270
f 3975/5608/3325 3948/5607/3324 3947/5611/3328
f 3947/5611/3328 3946/5613/3329 3976/5625/3339
f 3976/5625/3339 3946/5613/3329 3977/5615/3331
f 3976/5625/3339 3977/5615/3331 3962/5626/3340
f 3962/5626/3340 3977/5615/3331 3961/5617/3333
f 3962/5626/3340 3961/5617/3333 3990/5627/3341
f 3990/5627/3341 3961/5617/3333 3989/5619/3335
f 3990/5627/3341 3989/5619/3335 4004/5537/3279
f 4004/5537/3279 3989/5619/3335 4005/5535/3278
f 3940/5600/3319 3954/5579/3309 3953/5577/3308
f 3953/5577/3308 3952/5575/3307 3970/5628/3342
f 3970/5628/3342 3952/5575/3307 3971/5587/3313
f 3970/5628/3342 3971/5587/3313 3968/5629/3343
f 3968/5629/3343 3971/5587/3313 3967/5586/3312
f 3968/5629/3343 3967/5586/3312 3996/5599/3318
f 3996/5599/3318 3967/5586/3312 3995/5585/3311
f 3981/5528/3271 3982/5544/3283 3957/5546/3285
f 3956/5545/3284 3955/5553/3290 3984/5630/3344
f 3984/5630/3344 3955/5553/3290 3983/5555/3292
f 3984/5630/3344 3983/5555/3292 4010/5557/3294
f 3981/5528/3271 3957/5546/3285 3958/5530/3273
f 3958/5530/3273 3957/5546/3285 3986/5548/3287
f 3958/5530/3273 3986/5548/3287 3987/5532/3275
f 3987/5532/3275 3986/5548/3287 4007/5550/3289
f 3987/5532/3275 4007/5550/3289 4006/5534/3277
f 3979/5622/3337 3980/5529/3272 3959/5531/3274
f 3962/5626/3340 3963/5609/3326 3976/5625/3339
f 3976/5625/3339 3963/5609/3326 3975/5608/3325
f 3976/5625/3339 3975/5608/3325 3947/5611/3328
f 3963/5609/3326 3962/5626/3340 3991/5610/3327
f 3991/5610/3327 3962/5626/3340 3990/5627/3341
f 3991/5610/3327 3990/5627/3341 4003/5539/3280
f 4003/5539/3280 3990/5627/3341 4004/5537/3279
f 3968/5629/3343 3969/5597/3316 3970/5628/3342
f 3970/5628/3342 3969/5597/3316 3940/5600/3319
f 3970/5628/3342 3940/5600/3319 3953/5577/3308
f 3996/5599/3318 3997/5598/3317 3968/5629/3343
f 3968/5629/3343 3997/5598/3317 3969/5597/3316
f 3956/5545/3284 3984/5630/3344 3985/5547/3286
f 3985/5547/3286 3984/5630/3344 4009/5559/3295
f 3985/5547/3286 4009/5559/3295 4008/5549/3288
f 4009/5559/3295 3984/5630/3344 4010/5557/3294
