# Blender 4.4.3
# www.blender.org
mtllib base_2.mtl
o SMR8-2
v 5.058740 -3.425283 -12.764005
v 5.132014 -3.327376 -12.738829
v 5.192193 -3.243159 -12.669041
v 5.231073 -3.186297 -12.564814
v 5.243710 -3.166394 -12.442219
v 5.228874 -3.186405 -12.319880
v 5.211434 -3.210805 -12.264778
v 5.159602 -3.282764 -12.176897
v 5.126730 -3.327571 -12.147733
v 5.052966 -3.425555 -12.124037
v 4.814912 -3.243001 -12.126106
v 4.884996 -3.149925 -12.149857
v 4.943335 -3.069913 -12.218570
v 4.982111 -3.015809 -12.322027
v 4.996258 -2.996798 -12.444369
v 4.984301 -3.015718 -12.566953
v 4.947406 -3.069727 -12.671162
v 4.890274 -3.149739 -12.740912
v 4.820676 -3.242742 -12.766074
v 4.997362 -3.165822 -12.178307
v 5.024915 -3.127750 -12.217883
v 5.028999 -3.127540 -12.670453
v 4.970856 -3.208955 -12.740211
v 5.066557 -3.072583 -12.566238
v 5.071139 -3.065650 -12.542668
v 5.064365 -3.072674 -12.321310
v 5.078743 -3.053330 -12.443652
v 5.047492 -3.096262 -12.266203
v 4.965576 -3.209146 -12.149156
v 4.936393 -3.255579 -12.758750
v 5.003207 -3.157784 -12.185388
v -4.463833 -3.425283 -12.846803
v -4.388571 -3.521665 -12.821610
v -4.323619 -3.602222 -12.751781
v -4.279936 -3.655402 -12.647511
v -4.265337 -3.673800 -12.524899
v -4.282152 -3.655306 -12.402580
v -4.301794 -3.632595 -12.347496
v -4.358800 -3.564603 -12.259659
v -4.393861 -3.521474 -12.230515
v -4.469607 -3.425010 -12.206836
v -4.231532 -3.242484 -12.204764
v -4.159572 -3.334121 -12.228498
v -4.096686 -3.410645 -12.297174
v -4.053365 -3.461265 -12.400590
v -4.037336 -3.478833 -12.522917
v -4.051162 -3.461347 -12.645516
v -4.092607 -3.410825 -12.749763
v -4.154288 -3.334302 -12.819553
v -4.225770 -3.242742 -12.844732
v -4.203763 -3.438267 -12.258312
v -4.173712 -3.474423 -12.297866
v -4.169612 -3.474622 -12.750433
v -4.232386 -3.396756 -12.820233
v -4.127426 -3.526030 -12.646181
v -4.122178 -3.532451 -12.622605
v -4.129627 -3.525945 -12.401254
v -4.113338 -3.543824 -12.523577
v -4.148632 -3.503993 -12.346166
v -4.237673 -3.396572 -12.229177
v -4.268268 -3.351220 -12.838784
v -4.197440 -3.445938 -12.265389
v -5.149740 -1.690325 -40.283798
v -5.206022 -1.513758 -40.302570
v -5.254690 -1.342487 -40.357040
v -5.294657 -1.183396 -40.445198
v -5.325767 -1.043058 -40.563610
v -5.348360 -0.927373 -40.707764
v -5.363162 -0.841081 -40.872158
v -5.371006 -0.787858 -41.050442
v -5.372425 -0.769854 -41.235802
v -5.367786 -0.787841 -41.421055
v -5.356837 -0.841102 -41.599224
v -5.339183 -0.927375 -41.763329
v -5.314077 -1.043096 -41.907063
v -5.280909 -1.183457 -42.024944
v -5.239414 -1.342538 -42.112354
v -5.189784 -1.513877 -42.165970
v -5.133202 -1.690379 -42.183727
v -4.848918 -1.594583 -42.181255
v -4.902758 -1.426720 -42.163433
v -4.949848 -1.264134 -42.109833
v -4.989520 -1.112199 -42.021824
v -5.020875 -0.979661 -41.904518
v -5.044844 -0.869395 -41.760231
v -5.061626 -0.787770 -41.596661
v -5.076594 -0.720084 -41.233227
v -5.067952 -0.787751 -40.869591
v -5.054004 -0.869442 -40.705662
v -5.032563 -0.979630 -40.561062
v -5.003288 -1.112019 -40.443336
v -4.965127 -1.264086 -40.354523
v -4.919127 -1.426182 -40.300213
v -4.865456 -1.594532 -40.281330
v -5.014744 -1.455362 -40.300999
v -5.061648 -1.290219 -40.355358
v -5.100406 -1.135799 -40.443954
v -5.130295 -1.000772 -40.561909
v -5.152130 -0.888750 -40.706360
v -5.166355 -0.805528 -40.870445
v -5.170144 -0.780934 -40.940563
v -5.175204 -0.736674 -41.234085
v -5.170666 -0.754062 -41.419342
v -5.160030 -0.805547 -41.597515
v -5.142964 -0.888719 -41.761265
v -5.118607 -1.000809 -41.905365
v -5.093558 -1.107761 -42.002022
v -5.046372 -1.290269 -42.110676
v -4.998421 -1.455766 -42.164276
v -5.149740 2.141381 -40.283798
v -5.087661 2.316101 -40.301540
v -5.022662 2.482186 -40.355022
v -4.958048 2.633486 -40.442268
v -4.897676 2.764657 -40.559891
v -4.845399 2.871183 -40.703392
v -4.804671 2.949701 -40.867302
v -4.778390 2.997756 -41.045292
v -4.768296 3.013923 -41.230549
v -4.775160 2.997771 -41.415909
v -4.798358 2.949683 -41.594368
v -4.836223 2.871182 -41.758957
v -4.886012 2.764622 -41.903343
v -4.944338 2.633431 -42.022018
v -5.007420 2.482138 -42.110336
v -5.071502 2.315985 -42.164940
v -5.133238 2.141327 -42.183731
v -4.848953 2.045537 -42.181259
v -4.790261 2.211658 -42.162453
v -4.729453 2.369306 -42.107914
v -4.669247 2.513803 -42.019035
v -4.614209 2.637672 -41.900982
v -4.566817 2.739199 -41.756077
v -4.531072 2.813475 -41.592049
v -4.502671 2.874504 -41.228241
v -4.537385 2.813493 -40.864975
v -4.576008 2.739156 -40.701504
v -4.625877 2.637702 -40.557526
v -4.682898 2.513973 -40.440556
v -4.744700 2.369354 -40.352600
v -4.806270 2.212188 -40.299229
v -4.865456 2.045588 -40.281330
v -4.900049 2.246827 -40.300003
v -4.837354 2.406965 -40.353409
v -4.774603 2.553818 -40.441124
v -4.716475 2.680019 -40.558311
v -4.665809 2.783171 -40.702133
v -4.626481 2.858895 -40.865749
v -4.614489 2.881136 -40.935730
v -4.591212 2.920977 -41.229012
v -4.597794 2.905363 -41.414364
v -4.620168 2.858878 -41.592823
v -4.656624 2.783200 -41.757038
v -4.704809 2.679986 -41.901768
v -4.749422 2.580193 -41.999027
v -4.822111 2.406917 -42.108723
v -4.883995 2.246431 -42.163284
v 3.455410 5.421681 -30.958632
v 3.403000 5.454454 -31.543623
v 3.233771 5.548734 -32.116676
v 2.956708 5.685679 -32.639950
v 2.597338 5.837202 -33.085339
v 2.158396 5.984817 -33.453674
v 1.638578 6.112516 -33.741592
v 1.066559 6.196895 -33.921829
v 0.481607 6.225529 -33.984604
v -0.104347 6.196895 -33.932011
v -0.679414 6.112516 -33.761749
v -1.204160 5.984817 -33.482910
v -1.649441 5.837202 -33.122269
v -2.016501 5.685679 -32.683189
v -2.302621 5.548734 -32.164814
v -2.481789 5.454454 -31.594793
v -2.544363 5.421681 -31.010799
v -2.544363 5.072177 -31.010799
v -2.481609 5.107400 -31.595657
v -2.302312 5.208318 -32.165539
v -2.016467 5.354196 -32.683262
v -1.650015 5.514995 -33.121696
v -1.205422 5.671181 -33.482075
v -0.680949 5.806127 -33.761120
v -0.105480 5.895264 -33.931793
v 0.481607 5.925529 -33.984604
v 1.067688 5.895264 -33.921593
v 1.640102 5.806127 -33.740940
v 2.159643 5.671181 -33.452820
v 2.597903 5.514995 -33.084763
v 2.956675 5.354196 -32.640026
v 3.233474 5.208318 -32.117401
v 3.402835 5.107400 -31.544491
v 3.455410 5.072177 -30.958632
v -5.707885 0.225530 -12.217596
v -5.706423 0.347999 -12.241947
v -5.702802 0.451804 -12.311280
v -5.698880 0.521167 -12.415056
v -5.696563 0.545530 -12.537510
v -5.696750 0.521167 -12.659986
v -5.698867 0.451804 -12.763812
v -5.701282 0.347999 -12.833200
v -5.702320 0.225530 -12.857572
v -5.701282 0.103061 -12.833200
v -5.698867 -0.000744 -12.763812
v -5.696750 -0.070107 -12.659986
v -5.696563 -0.094470 -12.537509
v -5.698880 -0.070107 -12.415056
v -5.702802 -0.000744 -12.311280
v -5.706423 0.103061 -12.241947
v -5.402331 0.225530 -12.854963
v -5.401227 0.348000 -12.830588
v -5.398653 0.451804 -12.761201
v -5.396377 0.521167 -12.657374
v -5.396124 0.545530 -12.534898
v -5.398507 0.521167 -12.412443
v -5.402588 0.451804 -12.308670
v -5.406368 0.348001 -12.239339
v -5.407896 0.225530 -12.214987
v -5.406368 0.103060 -12.239339
v -5.402588 -0.000744 -12.308670
v -5.398507 -0.070106 -12.412443
v -5.396124 -0.094470 -12.534898
v -5.396377 -0.070106 -12.657374
v -5.398653 -0.000744 -12.761201
v -5.401227 0.103060 -12.830588
v 5.997237 0.225530 -12.755843
v 5.995710 0.103060 -12.731492
v 5.991930 -0.000744 -12.662160
v 5.987848 -0.070106 -12.558389
v 5.985466 -0.094470 -12.435933
v 5.985718 -0.070106 -12.313457
v 5.987995 -0.000744 -12.209629
v 5.990569 0.103060 -12.140241
v 5.991673 0.225530 -12.115868
v 5.990569 0.348001 -12.140241
v 5.987995 0.451804 -12.209629
v 5.985718 0.521167 -12.313457
v 5.985466 0.545530 -12.435933
v 5.987848 0.521167 -12.558389
v 5.991930 0.451804 -12.662160
v 5.995710 0.348000 -12.731492
v 6.291661 0.225530 -12.113259
v 6.290623 0.103061 -12.137631
v 6.288208 -0.000744 -12.207019
v 6.286091 -0.070107 -12.310845
v 6.285904 -0.094470 -12.433322
v 6.288220 -0.070107 -12.555776
v 6.292143 -0.000744 -12.659550
v 6.295764 0.103061 -12.728885
v 6.297226 0.225530 -12.753235
v 6.295764 0.347999 -12.728885
v 6.292143 0.451804 -12.659550
v 6.288220 0.521167 -12.555776
v 6.285904 0.545530 -12.433322
v 6.286091 0.521167 -12.310845
v 6.288208 0.451804 -12.207019
v 6.290623 0.347999 -12.137631
v -5.468780 0.225528 -39.716557
v -5.467318 0.347997 -39.740906
v -5.463696 0.451802 -39.810238
v -5.459775 0.521165 -39.914013
v -5.457458 0.545528 -40.036465
v -5.457645 0.521165 -40.158943
v -5.459762 0.451802 -40.262772
v -5.462177 0.347997 -40.332157
v -5.463215 0.225528 -40.356529
v -5.462177 0.103059 -40.332157
v -5.459762 -0.000746 -40.262772
v -5.457645 -0.070109 -40.158943
v -5.457458 -0.094472 -40.036465
v -5.459775 -0.070109 -39.914013
v -5.463696 -0.000746 -39.810238
v -5.467318 0.103059 -39.740906
v -5.163226 0.225528 -40.353920
v -5.162123 0.347998 -40.329544
v -5.159549 0.451802 -40.260159
v -5.157272 0.521165 -40.156330
v -5.157020 0.545528 -40.033855
v -5.159402 0.521165 -39.911404
v -5.163483 0.451802 -39.807629
v -5.167264 0.347998 -39.738297
v -5.168791 0.225528 -39.713943
v -5.167264 0.103058 -39.738297
v -5.163483 -0.000746 -39.807629
v -5.159402 -0.070109 -39.911400
v -5.157020 -0.094472 -40.033855
v -5.157272 -0.070109 -40.156330
v -5.159549 -0.000746 -40.260159
v -5.162123 0.103058 -40.329544
v 6.236341 0.225528 -40.254803
v 6.234815 0.103058 -40.230450
v 6.231034 -0.000746 -40.161118
v 6.226953 -0.070108 -40.057343
v 6.224571 -0.094472 -39.934891
v 6.224823 -0.070108 -39.812416
v 6.227099 -0.000746 -39.708588
v 6.229674 0.103058 -39.639202
v 6.230777 0.225528 -39.614826
v 6.229674 0.347998 -39.639202
v 6.227099 0.451802 -39.708588
v 6.224823 0.521165 -39.812416
v 6.224571 0.545528 -39.934891
v 6.226953 0.521165 -40.057343
v 6.231034 0.451802 -40.161118
v 6.234815 0.347998 -40.230450
v 6.530766 0.225528 -39.612217
v 6.529728 0.103059 -39.636589
v 6.527313 -0.000746 -39.705975
v 6.525196 -0.070109 -39.809807
v 6.525009 -0.094472 -39.932281
v 6.527326 -0.070109 -40.054733
v 6.531247 -0.000746 -40.158508
v 6.534869 0.103059 -40.227840
v 6.536330 0.225528 -40.252190
v 6.534869 0.347997 -40.227840
v 6.531247 0.451802 -40.158508
v 6.527326 0.521165 -40.054733
v 6.525009 0.545528 -39.932281
v 6.525196 0.521165 -39.809807
v 6.527313 0.451802 -39.705975
v 6.529728 0.347997 -39.636589
v -5.451390 0.225528 -41.716476
v -5.449928 0.347997 -41.740826
v -5.446308 0.451802 -41.810162
v -5.442385 0.521165 -41.913937
v -5.440069 0.545528 -42.036392
v -5.440255 0.521165 -42.158867
v -5.442373 0.451802 -42.262695
v -5.444787 0.347997 -42.332077
v -5.445826 0.225528 -42.356453
v -5.444787 0.103059 -42.332077
v -5.442373 -0.000746 -42.262695
v -5.440255 -0.070109 -42.158867
v -5.440069 -0.094472 -42.036392
v -5.442385 -0.070109 -41.913937
v -5.446308 -0.000746 -41.810162
v -5.449928 0.103059 -41.740826
v -5.145837 0.225528 -42.353844
v -5.144733 0.347998 -42.329472
v -5.142159 0.451802 -42.260086
v -5.139883 0.521164 -42.156258
v -5.139630 0.545528 -42.033783
v -5.142012 0.521164 -41.911324
v -5.146094 0.451802 -41.807552
v -5.149874 0.347998 -41.738220
v -5.151402 0.225528 -41.713867
v -5.149874 0.103058 -41.738220
v -5.146094 -0.000746 -41.807552
v -5.142012 -0.070109 -41.911324
v -5.139630 -0.094472 -42.033783
v -5.139883 -0.070109 -42.156258
v -5.142159 -0.000746 -42.260086
v -5.144733 0.103057 -42.329472
v 6.253731 0.225528 -42.254723
v 6.252204 0.103058 -42.230377
v 6.248424 -0.000746 -42.161045
v 6.244342 -0.070109 -42.057270
v 6.241960 -0.094472 -41.934818
v 6.242212 -0.070109 -41.812336
v 6.244489 -0.000746 -41.708511
v 6.247063 0.103058 -41.639126
v 6.248167 0.225528 -41.614750
v 6.247063 0.347998 -41.639126
v 6.244489 0.451802 -41.708511
v 6.242212 0.521164 -41.812336
v 6.241960 0.545528 -41.934818
v 6.244342 0.521164 -42.057270
v 6.248424 0.451802 -42.161045
v 6.252204 0.347998 -42.230377
v 6.548155 0.225528 -41.612141
v 6.547117 0.103059 -41.636513
v 6.544702 -0.000746 -41.705902
v 6.542585 -0.070109 -41.809727
v 6.542398 -0.094472 -41.932205
v 6.544715 -0.070109 -42.054657
v 6.548637 -0.000746 -42.158432
v 6.552258 0.103059 -42.227764
v 6.553720 0.225528 -42.252117
v 6.552258 0.347997 -42.227764
v 6.548637 0.451802 -42.158432
v 6.544715 0.521165 -42.054657
v 6.542398 0.545528 -41.932205
v 6.542585 0.521165 -41.809727
v 6.544702 0.451802 -41.705902
v 6.547117 0.347997 -41.636513
v 0.240937 -5.774469 -6.305649
v 0.363190 -5.773220 -6.280222
v 0.466388 -5.770201 -6.209959
v 0.534846 -5.767181 -6.105555
v 0.558143 -5.765930 -5.982879
v 0.532716 -5.767181 -5.860626
v 0.462453 -5.770201 -5.757428
v 0.358049 -5.773220 -5.688970
v 0.235373 -5.774469 -5.665673
v 0.113120 -5.773220 -5.691100
v 0.009922 -5.770201 -5.761363
v -0.058535 -5.767181 -5.865767
v -0.081833 -5.765930 -5.988443
v -0.056406 -5.767181 -6.110696
v 0.013857 -5.770201 -6.213893
v 0.118261 -5.773220 -6.282351
v 0.235373 -5.474469 -5.665673
v 0.358051 -5.473154 -5.688970
v 0.462453 -5.469976 -5.757428
v 0.532716 -5.466797 -5.860624
v 0.558143 -5.465479 -5.982879
v 0.534845 -5.466797 -6.105556
v 0.466388 -5.469976 -6.209959
v 0.363191 -5.473154 -6.280222
v 0.240937 -5.474469 -6.305649
v 0.118260 -5.473154 -6.282351
v 0.013857 -5.469976 -6.213893
v -0.056405 -5.466797 -6.110697
v -0.081833 -5.465479 -5.988443
v -0.058535 -5.466797 -5.865765
v 0.009922 -5.469976 -5.761363
v 0.113119 -5.473154 -5.691100
v 0.235373 5.925530 -5.665674
v 0.113119 5.924214 -5.691101
v 0.009922 5.921038 -5.761364
v -0.058535 5.917859 -5.865766
v -0.081833 5.916541 -5.988444
v -0.056405 5.917859 -6.110698
v 0.013857 5.921038 -6.213894
v 0.118260 5.924214 -6.282352
v 0.240937 5.925530 -6.305650
v 0.363191 5.924214 -6.280222
v 0.466388 5.921038 -6.209960
v 0.534845 5.917859 -6.105557
v 0.558143 5.916541 -5.982880
v 0.532716 5.917859 -5.860625
v 0.462453 5.921038 -5.757429
v 0.358051 5.924214 -5.688971
v 0.240937 6.225531 -6.305650
v 0.118261 6.224280 -6.282352
v 0.013857 6.221262 -6.213894
v -0.056406 6.218242 -6.110697
v -0.081833 6.216991 -5.988444
v -0.058535 6.218242 -5.865767
v 0.009922 6.221262 -5.761364
v 0.113120 6.224280 -5.691101
v 0.235373 6.225531 -5.665674
v 0.358049 6.224280 -5.688971
v 0.462453 6.221262 -5.757429
v 0.532716 6.218242 -5.860627
v 0.558143 6.216991 -5.982880
v 0.534846 6.218242 -6.105556
v 0.466388 6.221262 -6.209960
v 0.363190 6.224280 -6.280222
v 0.223548 -5.774469 -4.305725
v 0.345801 -5.773220 -4.280297
v 0.448999 -5.770201 -4.210034
v 0.517456 -5.767181 -4.105631
v 0.540754 -5.765930 -3.982955
v 0.515327 -5.767181 -3.860702
v 0.445064 -5.770201 -3.757503
v 0.340660 -5.773220 -3.689046
v 0.217983 -5.774469 -3.665749
v 0.095731 -5.773220 -3.691175
v -0.007467 -5.770201 -3.761438
v -0.075925 -5.767181 -3.865843
v -0.099222 -5.765930 -3.988519
v -0.073795 -5.767181 -4.110772
v -0.003532 -5.770201 -4.213969
v 0.100872 -5.773220 -4.282427
v 0.217983 -5.474469 -3.665749
v 0.340661 -5.473154 -3.689046
v 0.445064 -5.469976 -3.757503
v 0.515326 -5.466797 -3.860700
v 0.540754 -5.465479 -3.982955
v 0.517456 -5.466797 -4.105632
v 0.448999 -5.469976 -4.210034
v 0.345802 -5.473154 -4.280296
v 0.223548 -5.474469 -4.305725
v 0.100870 -5.473154 -4.282427
v -0.003532 -5.469976 -4.213969
v -0.073795 -5.466797 -4.110773
v -0.099222 -5.465479 -3.988519
v -0.075924 -5.466797 -3.865841
v -0.007467 -5.469976 -3.761438
v 0.095729 -5.473154 -3.691176
v 0.217983 5.925530 -3.665750
v 0.095729 5.924214 -3.691177
v -0.007467 5.921038 -3.761439
v -0.075924 5.917859 -3.865842
v -0.099222 5.916541 -3.988520
v -0.073795 5.917859 -4.110774
v -0.003532 5.921038 -4.213970
v 0.100870 5.924214 -4.282427
v 0.223548 5.925530 -4.305726
v 0.345802 5.924214 -4.280297
v 0.448999 5.921038 -4.210035
v 0.517456 5.917859 -4.105633
v 0.540754 5.916541 -3.982955
v 0.515326 5.917859 -3.860701
v 0.445064 5.921038 -3.757504
v 0.340661 5.924214 -3.689047
v 0.223548 6.225531 -4.305726
v 0.100872 6.224280 -4.282428
v -0.003532 6.221262 -4.213970
v -0.073795 6.218242 -4.110773
v -0.099222 6.216991 -3.988520
v -0.075925 6.218242 -3.865843
v -0.007467 6.221262 -3.761439
v 0.095731 6.224280 -3.691176
v 0.217983 6.225531 -3.665750
v 0.340660 6.224280 -3.689047
v 0.445064 6.221262 -3.757504
v 0.515327 6.218242 -3.860703
v 0.540754 6.216991 -3.982955
v 0.517456 6.218242 -4.105632
v 0.448999 6.221262 -4.210035
v 0.345801 6.224280 -4.280298
v -3.723532 4.332509 -4.953166
v -3.738852 4.317233 -5.010121
v -3.880718 4.170613 -5.471646
v -4.044839 3.987590 -5.909304
v -4.226349 3.765871 -6.321476
v -4.418528 3.504097 -6.703073
v -4.612315 3.204656 -7.046826
v -4.802054 2.865268 -7.353143
v -4.978245 2.491170 -7.616392
v -5.135297 2.081562 -7.836612
v -5.264857 1.645098 -8.009519
v -5.362076 1.184723 -8.134537
v -5.422170 0.709074 -8.209990
v -5.442501 0.225533 -8.235138
v -5.422168 -0.258040 -8.209987
v -5.362077 -0.733658 -8.134538
v -5.264865 -1.194002 -8.009531
v -5.135299 -1.630497 -7.836614
v -4.978235 -2.040132 -7.616376
v -4.802056 -2.414204 -7.353145
v -4.612313 -2.753598 -7.046822
v -4.418530 -3.053033 -6.703076
v -4.226333 -3.314830 -6.321441
v -4.044827 -3.536543 -5.909276
v -3.880721 -3.719549 -5.471662
v -3.738853 -3.866171 -5.010125
v -3.723528 -3.881451 -4.953154
v -3.580570 -4.017858 -4.528474
v -3.383828 -4.189060 -4.140654
v -3.132071 -4.385357 -3.797846
v -2.827266 -4.593742 -3.510160
v -2.475049 -4.799915 -3.285201
v -2.082446 -4.991725 -3.125884
v -1.654910 -5.159910 -3.030961
v -1.206612 -5.295084 -2.998110
v -0.502918 -5.429445 -2.991991
v 0.212071 -5.474469 -2.985774
v 0.927060 -5.429445 -2.979558
v 1.630754 -5.295084 -2.973439
v 2.079576 -5.159904 -2.998493
v 2.508698 -4.991715 -3.085968
v 2.903979 -4.799922 -3.238423
v 3.260093 -4.593727 -3.457250
v 3.569836 -4.385351 -3.739582
v 3.827515 -4.189056 -4.077960
v 4.030965 -4.017858 -4.462292
v 4.181285 -3.881451 -4.884422
v 4.197599 -3.866171 -4.941117
v 4.347470 -3.719549 -5.400118
v 4.519161 -3.536543 -5.834811
v 4.707807 -3.314830 -6.243758
v 4.906610 -3.053033 -6.621994
v 5.106342 -2.753598 -6.962317
v 5.301383 -2.414204 -7.265295
v 5.482113 -2.040132 -7.525423
v 5.642982 -1.630497 -7.742897
v 5.775536 -1.194003 -7.913533
v 5.874907 -0.733658 -8.036831
v 5.936300 -0.258040 -8.111225
v 5.957067 0.225533 -8.136019
v 5.936303 0.709075 -8.111227
v 5.874905 1.184723 -8.036831
v 5.775527 1.645097 -7.913523
v 5.642981 2.081562 -7.742894
v 5.482123 2.491171 -7.525438
v 5.301382 2.865268 -7.265293
v 5.106344 3.204656 -6.962322
v 4.906610 3.504097 -6.621991
v 4.707824 3.765871 -6.243792
v 4.519174 3.987590 -5.834839
v 4.347467 4.170613 -5.400101
v 4.197598 4.317233 -4.941113
v 4.181290 4.332509 -4.884434
v 4.030969 4.468915 -4.462302
v 3.827514 4.640118 -4.077959
v 3.569833 4.836414 -3.739578
v 3.260072 5.044801 -3.457235
v 2.903995 5.250975 -3.238433
v 2.508681 5.442786 -3.085965
v 2.079557 5.610971 -2.998491
v 1.630754 5.746146 -2.973440
v 0.927060 5.880507 -2.979558
v 0.212071 5.925531 -2.985775
v -0.502918 5.880507 -2.991992
v -1.206612 5.746146 -2.998111
v -1.654932 5.610965 -3.030966
v -2.082469 5.442775 -3.125891
v -2.475041 5.250981 -3.285197
v -2.827296 5.044785 -3.510184
v -3.132084 4.836408 -3.797862
v -3.383840 4.640114 -4.140672
v -3.580575 4.468915 -4.528486
v -4.960546 -1.193209 -43.032261
v -5.094902 -0.489488 -43.033428
v -5.139925 0.225528 -43.033821
v -5.094902 0.940544 -43.033428
v -4.960546 1.644265 -43.032261
v -4.825623 2.092854 -43.002132
v -4.658232 2.521199 -42.909466
v -4.467801 2.915142 -42.751919
v -4.263542 3.269340 -42.528217
v -4.057651 3.576617 -42.241398
v -3.864325 3.831344 -41.899097
v -3.696490 4.031444 -41.511536
v -3.563771 4.178088 -41.086941
v -3.548989 4.193903 -41.029995
v -3.406362 4.339793 -40.568417
v -3.227122 4.507726 -40.130604
v -3.008968 4.692819 -39.718113
v -2.750552 4.888275 -39.336010
v -2.454066 5.085061 -38.991333
v -2.117371 5.277437 -38.683769
v -1.745501 5.455938 -38.418777
v -1.337872 5.614872 -38.196423
v -0.902996 5.745908 -38.020882
v -0.443640 5.844230 -37.892689
v 0.031452 5.904989 -37.813618
v 0.514645 5.925528 -37.784458
v 0.998448 5.904974 -37.805229
v 1.474668 5.844233 -37.876011
v 1.935995 5.745958 -37.996136
v 2.374046 5.614871 -38.164143
v 2.785620 5.455876 -38.379467
v 3.161902 5.277439 -38.637863
v 3.504153 5.084898 -38.939789
v 3.806333 4.888252 -39.278976
v 4.071865 4.692401 -39.657352
v 4.297074 4.507351 -40.066082
v 4.483733 4.339516 -40.500607
v 4.634104 4.193905 -40.958836
v 4.649879 4.178084 -41.015537
v 4.789961 4.031439 -41.437756
v 4.964515 3.831333 -41.822350
v 5.163764 3.576604 -42.161232
v 5.374620 3.269310 -42.444439
v 5.582716 2.915150 -42.664528
v 5.775873 2.521177 -42.818745
v 5.944846 2.092832 -42.908482
v 6.080266 1.644264 -42.936260
v 6.214621 0.940544 -42.935089
v 6.259644 0.225528 -42.934700
v 6.214621 -0.489488 -42.935089
v 6.080266 -1.193209 -42.936256
v 5.944839 -1.641796 -42.908478
v 5.775864 -2.070141 -42.818745
v 5.582722 -2.464082 -42.664528
v 5.374604 -2.818280 -42.444416
v 5.163758 -3.125556 -42.161224
v 4.964510 -3.380283 -41.822342
v 4.789961 -3.580384 -41.437756
v 4.649879 -3.727028 -41.015537
v 4.634104 -3.742849 -40.958836
v 4.483461 -3.888749 -40.499771
v 4.296644 -4.056673 -40.065170
v 4.071352 -4.241765 -39.656540
v 3.806330 -4.437220 -39.278992
v 3.503884 -4.634012 -38.939514
v 3.161902 -4.826383 -38.637863
v 2.785480 -5.004883 -38.379375
v 2.374046 -5.163817 -38.164143
v 1.936194 -5.294850 -37.996201
v 1.474668 -5.393174 -37.876007
v 0.998257 -5.453934 -37.805206
v 0.514645 -5.474472 -37.784458
v 0.031277 -5.453918 -37.813637
v -0.443640 -5.393177 -37.892693
v -0.902799 -5.294903 -38.020813
v -1.337873 -5.163813 -38.196419
v -1.745643 -5.004817 -38.418877
v -2.117370 -4.826380 -38.683769
v -2.454319 -4.633840 -38.991600
v -2.750555 -4.437193 -39.335995
v -3.009469 -4.241342 -39.718929
v -3.227536 -4.056293 -40.131516
v -3.406617 -3.888451 -40.569241
v -3.548988 -3.742847 -41.029991
v -3.563771 -3.727032 -41.086941
v -3.696490 -3.580387 -41.511536
v -3.864329 -3.380282 -41.899105
v -4.057657 -3.125553 -42.241409
v -4.263557 -2.818259 -42.528236
v -4.467794 -2.464098 -42.751911
v -4.658242 -2.070124 -42.909473
v -4.825629 -1.641777 -43.002132
v 3.351073 5.072178 -18.959085
v -2.648700 5.072178 -19.011253
v -2.596126 5.107401 -18.425394
v -2.426764 5.208319 -17.852480
v -2.149965 5.354197 -17.329859
v -1.791193 5.514996 -16.885118
v -1.352933 5.671182 -16.517067
v -0.833393 5.806128 -16.228945
v -0.260978 5.895265 -16.048290
v 0.325102 5.925529 -15.985283
v 0.912189 5.895265 -16.038090
v 1.487659 5.806128 -16.208763
v 2.012132 5.671182 -16.487806
v 2.456725 5.514996 -16.848183
v 2.823176 5.354197 -17.286617
v 3.109021 5.208319 -17.804346
v 3.288319 5.107401 -18.374228
v -4.902872 1.877417 -42.163345
v -4.949877 1.715095 -42.109787
v -4.989573 1.563040 -42.021648
v -5.020891 1.430649 -41.904430
v -5.044846 1.320441 -41.760193
v -5.061634 1.238786 -41.596558
v -5.076595 1.171140 -41.233116
v -5.067946 1.238845 -40.869484
v -5.054004 1.320500 -40.705624
v -5.032548 1.430757 -40.560982
v -5.003266 1.563172 -40.443260
v -4.965101 1.715237 -40.354477
v -4.918898 1.877998 -40.300030
v -4.790135 -1.760957 -42.162369
v -4.729420 -1.918342 -42.107868
v -4.669160 -2.062949 -42.018864
v -4.614181 -2.186679 -41.900898
v -4.566813 -2.288152 -41.756035
v -4.531055 -2.362455 -41.591942
v -4.502671 -2.423448 -41.228127
v -4.537404 -2.362402 -40.864872
v -4.576009 -2.288098 -40.701466
v -4.625909 -2.186579 -40.557442
v -4.682939 -2.062826 -40.440475
v -4.744738 -1.918206 -40.352558
v -4.806549 -1.760388 -40.299053
v -4.301126 -3.149472 -12.230004
v -4.358192 -3.069543 -12.299903
v -4.395008 -3.015643 -12.404202
v -4.404271 -3.001456 -12.464095
v -4.406930 -2.996773 -12.526785
v -4.392700 -3.015891 -12.649130
v -4.353815 -3.070168 -12.752466
v -4.295600 -3.149994 -12.821172
v 4.743423 -3.334559 -12.151362
v 4.681807 -3.410998 -12.221300
v 4.640449 -3.461416 -12.325638
v 4.629807 -3.474546 -12.385544
v 4.626661 -3.478856 -12.448238
v 4.642772 -3.461179 -12.570566
v 4.686230 -3.410409 -12.673864
v 4.748968 -3.334051 -12.742530
v 6.085750 0.225529 -22.935457
v -2.964607 -4.385633 -23.014151
v 3.736540 4.836690 -22.955887
v -2.964612 4.836688 -23.014153
v -3.644391 4.256038 -23.020061
v -4.225018 3.576235 -23.025110
v -4.692528 2.813377 -23.029179
v -5.034852 1.986926 -23.032152
v -5.243645 1.117206 -23.033968
v -5.313819 0.225529 -23.034576
v -5.304830 -0.094471 -23.034498
v -5.243645 -0.666147 -23.033968
v -5.034852 -1.535868 -23.032152
v -4.692536 -2.362302 -23.029177
v -4.225079 -3.125092 -23.025108
v -3.644391 -3.804979 -23.020061
v -2.201683 -4.853208 -23.007519
v -1.375365 -5.195493 -23.000332
v -0.505677 -5.404294 -22.992771
v 0.385964 -5.474471 -22.985018
v 0.797781 -5.459573 -22.981436
v 1.277608 -5.404294 -22.977262
v 2.147296 -5.195493 -22.969702
v 2.973614 -4.853208 -22.962519
v 3.736542 -4.385631 -22.955885
v 4.416322 -3.804979 -22.949972
v 4.997009 -3.125093 -22.944925
v 5.129432 -2.934823 -22.943773
v 5.464510 -2.362216 -22.940859
v 5.806782 -1.535867 -22.937883
v 6.015575 -0.666147 -22.936066
v 6.076761 0.545529 -22.935535
v 6.015575 1.117206 -22.936066
v 5.806782 1.986926 -22.937885
v 5.464510 2.813275 -22.940859
v 4.996953 3.576229 -22.944925
v 4.416322 4.256038 -22.949972
v -5.742490 0.225530 -8.237747
v -5.730021 0.613918 -8.223145
v -5.693074 0.997853 -8.179349
v -5.632382 1.375552 -8.106406
v -5.549782 1.741672 -8.005086
v -5.447336 2.093816 -7.875677
v -5.418948 2.179248 -7.839072
v -5.193968 2.744978 -7.536287
v -5.049309 3.040004 -7.327978
v -4.742779 3.559885 -6.842267
v -4.435367 3.985407 -6.270741
v -4.153608 4.317159 -5.624852
v -3.922996 4.557147 -4.924059
v -3.778646 4.694406 -4.506890
v -3.582258 4.865490 -4.126117
v -3.332889 5.061293 -3.789528
v -3.032649 5.269653 -3.506746
v -2.686973 5.477212 -3.285053
v -2.302565 5.672600 -3.127445
v -1.884249 5.847263 -3.033032
v -1.445327 5.992057 -3.000186
v -0.624809 6.166875 -2.993052
v 0.212071 6.225531 -2.985775
v 1.048951 6.166875 -2.978498
v 1.869469 5.992057 -2.971364
v 2.308918 5.847255 -2.996576
v 2.728804 5.672592 -3.083701
v 3.115865 5.477221 -3.234590
v 3.465386 5.269636 -3.450265
v 3.770481 5.061286 -3.727773
v 4.025662 4.865486 -4.059977
v 4.228635 4.694406 -4.437266
v 4.380216 4.557147 -4.851862
v 4.406449 4.532584 -4.939298
v 4.564740 4.377641 -5.399775
v 4.745894 4.184516 -5.835378
v 4.943710 3.951444 -6.243084
v 5.151984 3.676656 -6.619872
v 5.362564 3.360724 -6.960803
v 5.567261 3.004202 -7.262981
v 5.757922 2.609216 -7.523743
v 5.926631 2.179249 -7.740421
v 6.066224 1.719169 -7.911196
v 6.170628 1.235204 -8.034235
v 6.235191 0.734622 -8.108618
v 6.257057 0.225551 -8.133410
v 6.257057 0.225530 -8.133410
v 6.235191 -0.283555 -8.108618
v 6.170628 -0.784138 -8.034236
v 6.066225 -1.268104 -7.911197
v 5.926633 -1.728184 -7.740422
v 5.757924 -2.158152 -7.523744
v 5.567263 -2.553137 -7.262983
v 5.362566 -2.909660 -6.960806
v 5.151987 -3.225592 -6.619874
v 4.943712 -3.500381 -6.243088
v 4.745897 -3.733452 -5.835386
v 4.564743 -3.926577 -5.399784
v 4.406451 -4.081522 -4.939301
v 4.380210 -4.106092 -4.851841
v 4.228628 -4.243351 -4.437250
v 4.025647 -4.414435 -4.059953
v 3.770464 -4.610237 -3.727754
v 3.465352 -4.818597 -3.450239
v 3.115874 -5.026155 -3.234593
v 2.728786 -5.221540 -3.083695
v 2.308893 -5.396202 -2.996571
v 1.869469 -5.540995 -2.971363
v 1.048951 -5.715814 -2.978497
v 0.212071 -5.774469 -2.985774
v -0.624809 -5.715814 -2.993051
v -1.445327 -5.540995 -3.000185
v -1.884269 -5.396194 -3.033034
v -2.302575 -5.221533 -3.127447
v -2.686952 -5.026164 -3.285041
v -3.032667 -4.818580 -3.506759
v -3.332890 -4.610231 -3.789528
v -3.582256 -4.414431 -4.126114
v -3.778640 -4.243351 -4.506874
v -3.922989 -4.106091 -4.924038
v -4.153039 -3.866721 -5.623374
v -4.434704 -3.535184 -6.269384
v -4.742481 -3.109278 -6.841759
v -5.048425 -2.590631 -7.326666
v -5.193396 -2.295168 -7.535485
v -5.418949 -1.728184 -7.839074
v -5.447324 -1.642792 -7.875661
v -5.549803 -1.290528 -8.005112
v -5.632428 -0.924253 -8.106462
v -5.693100 -0.546590 -8.179380
v -5.730027 -0.162818 -8.223152
v -5.206449 1.882989 -43.034397
v -5.381260 1.062440 -43.035919
v -5.439913 0.225528 -43.036430
v -5.381260 -0.611384 -43.035919
v -5.206449 -1.431933 -43.034397
v -5.061905 -1.871146 -43.004112
v -4.888037 -2.290259 -42.911819
v -4.694016 -2.675994 -42.755878
v -4.488339 -3.023625 -42.535378
v -4.282434 -3.326296 -42.253426
v -4.089548 -3.578579 -41.917328
v -3.921770 -3.778265 -41.536812
v -3.788132 -3.926235 -41.119736
v -3.764332 -3.951707 -41.031864
v -3.613410 -4.105988 -40.568695
v -3.424094 -4.283348 -40.129875
v -3.194590 -4.477611 -39.718452
v -2.923105 -4.682601 -39.337494
v -2.610165 -4.890208 -38.992008
v -2.256299 -5.092271 -38.684975
v -1.863610 -5.280657 -38.419144
v -1.435556 -5.447476 -38.197277
v -0.976988 -5.585578 -38.021297
v -0.494119 -5.688909 -37.893154
v 0.005795 -5.752822 -37.813862
v 0.514645 -5.774472 -37.784458
v 1.023930 -5.752822 -37.805008
v 1.525146 -5.688910 -37.875595
v 2.010172 -5.585579 -37.995323
v 2.471730 -5.447478 -38.163300
v 2.903578 -5.280659 -38.377689
v 3.300830 -5.092272 -38.636654
v 3.659981 -4.890210 -38.937489
v 3.978882 -4.682603 -39.277481
v 4.256951 -4.477612 -39.653660
v 4.493574 -4.283350 -40.061024
v 4.690493 -4.105990 -40.496490
v 4.849447 -3.951708 -40.956963
v 4.874779 -3.926229 -41.044430
v 5.015648 -3.778257 -41.459118
v 5.190022 -3.578564 -41.836662
v 5.388725 -3.326279 -42.169353
v 5.599512 -3.023592 -42.447689
v 5.808964 -2.676003 -42.664551
v 6.005683 -2.290241 -42.817104
v 6.181127 -1.871121 -42.906353
v 6.326168 -1.431933 -42.934124
v 6.500979 -0.611384 -42.932602
v 6.559632 0.225528 -42.932091
v 6.500979 1.062440 -42.932602
v 6.326168 1.882988 -42.934124
v 6.181119 2.322199 -42.906349
v 6.005675 2.741310 -42.817101
v 5.808972 3.127043 -42.664558
v 5.599495 3.474674 -42.447666
v 5.388719 3.777343 -42.169342
v 5.190018 4.029627 -41.836655
v 5.015648 4.229313 -41.459118
v 4.874778 4.377285 -41.044430
v 4.629919 4.612891 -40.350536
v 4.293732 4.899489 -39.710968
v 3.864181 5.211570 -39.145714
v 3.343020 5.521216 -38.668335
v 3.046717 5.667859 -38.463352
v 2.471729 5.898533 -38.163300
v 2.393456 5.924794 -38.130707
v 2.041097 6.028621 -38.004833
v 1.675002 6.112473 -37.906906
v 1.297670 6.174273 -37.837181
v 0.914381 6.212194 -37.796329
v 0.526829 6.225515 -37.784367
v -0.246783 6.176943 -37.847477
v -0.624826 6.116109 -37.922573
v -0.991090 6.032981 -38.025879
v -1.343112 5.929643 -38.157078
v -1.435555 5.898531 -38.197277
v -1.993306 5.673410 -38.499542
v -2.287429 5.526832 -38.709126
v -2.804764 5.215584 -39.196999
v -3.226641 4.902528 -39.770279
v -3.553693 4.614498 -40.417618
v -3.788132 4.377291 -41.119736
v -3.921769 4.229319 -41.536812
v -4.089552 4.029628 -41.917339
v -4.282439 3.777343 -42.253433
v -4.488356 3.474655 -42.535397
v -4.694006 3.127065 -42.755871
v -4.888045 2.741301 -42.911823
v -5.061913 2.322179 -43.004112
v 4.983268 -3.521398 -12.740498
v 4.917277 -3.601754 -12.671832
v 4.891286 -3.632419 -12.623601
v 4.871564 -3.655217 -12.568577
v 4.854661 -3.673824 -12.446255
v 4.857988 -3.669301 -12.383555
v 4.869229 -3.655465 -12.323648
v 4.912812 -3.602395 -12.219292
v 4.977705 -3.521932 -12.149327
v -4.537329 -3.327652 -12.823278
v -4.598559 -3.243647 -12.754573
v -4.621958 -3.210994 -12.706321
v -4.639460 -3.186493 -12.651276
v -4.654383 -3.166368 -12.528936
v -4.651565 -3.171281 -12.466243
v -4.641777 -3.186231 -12.406347
v -4.602976 -3.242969 -12.302032
v -4.542875 -3.327106 -12.232109
v -5.087741 -1.864910 -40.301498
v -5.022702 -2.031034 -40.354977
v -4.958101 -2.182312 -40.442173
v -4.897710 -2.313530 -40.559807
v -4.845424 -2.420080 -40.703281
v -4.804690 -2.498609 -40.867195
v -4.778388 -2.546706 -41.045208
v -4.768297 -2.562868 -41.230434
v -4.775160 -2.546717 -41.415840
v -4.798340 -2.498664 -41.594261
v -4.836206 -2.420159 -41.758873
v -4.885979 -2.313636 -41.903259
v -4.944298 -2.182463 -42.021935
v -5.007381 -2.031178 -42.110287
v -5.071452 -1.865063 -42.164906
v 3.351073 5.421682 -18.959085
v 3.288499 5.454455 -18.375092
v 3.109331 5.548735 -17.805069
v 2.823211 5.685680 -17.286694
v 2.456150 5.837203 -16.847620
v 2.010870 5.984818 -16.486975
v 1.486124 6.112517 -16.208136
v 0.911057 6.196896 -16.037874
v 0.325102 6.225530 -15.985283
v -0.259849 6.196896 -16.048056
v -0.831869 6.112517 -16.228291
v -1.351686 5.984818 -16.516211
v -1.790629 5.837203 -16.884544
v -2.149999 5.685680 -17.329935
v -2.427061 5.548735 -17.853207
v -2.596290 5.454455 -18.426260
v -2.648700 5.421682 -19.011253
v -5.206004 1.964970 -40.302525
v -5.254663 1.793643 -40.356995
v -5.294629 1.634577 -40.445103
v -5.325751 1.494190 -40.563526
v -5.348352 1.378481 -40.707653
v -5.363156 1.292177 -40.872055
v -5.371008 1.238907 -41.050365
v -5.372427 1.220909 -41.235691
v -5.367787 1.238895 -41.420986
v -5.356845 1.292116 -41.599121
v -5.339190 1.378394 -41.763248
v -5.314095 1.494076 -41.906982
v -5.280931 1.634417 -42.024857
v -5.239442 1.793494 -42.112305
v -5.189825 1.964795 -42.165936
v 6.385738 0.225529 -22.932850
v 0.834329 -5.757694 -22.981117
v -5.613808 0.225529 -23.037188
v -5.546795 1.119783 -23.036602
v -5.347255 1.994061 -23.034870
v -5.019643 2.828832 -23.032019
v -4.571280 3.605450 -23.028122
v -4.012179 4.306566 -23.023262
v -3.354832 4.916519 -23.017546
v 4.784110 4.306566 -22.946777
v 4.126763 4.916519 -22.952492
v 5.343211 3.605450 -22.941914
v 5.791574 2.828832 -22.938015
v 6.119185 1.994061 -22.935167
v 6.318726 1.119783 -22.933432
v 6.377199 0.545529 -22.932924
v 6.370577 0.651797 -22.932981
v 6.318726 -0.668724 -22.933432
v 6.119185 -1.543002 -22.935167
v 5.791574 -2.377773 -22.938015
v 5.343211 -3.154391 -22.941912
v 4.784110 -3.855507 -22.946775
v 4.126763 -4.465460 -22.952492
v 3.385852 -4.970623 -22.958933
v 2.577929 -5.359713 -22.965958
v 1.721040 -5.624038 -22.973410
v -0.062398 -5.757694 -22.988916
v -0.949110 -5.624038 -22.996626
v -1.805998 -5.359713 -23.004074
v -2.613921 -4.970623 -23.011103
v -3.354832 -4.465460 -23.017546
v -4.012179 -3.855507 -23.023260
v -4.141251 -3.711825 -23.024384
v -4.571280 -3.154391 -23.028122
v -4.918686 -2.577780 -23.031141
v -5.019643 -2.377773 -23.032019
v -5.347255 -1.543002 -23.034870
v -5.546795 -0.668724 -23.036602
v -5.603093 -0.132881 -23.037094
v -5.605268 -0.094471 -23.037111
v 6.244127 -1.352434 -42.934837
v 6.162159 -1.272859 -42.935547
v 6.162159 1.723915 -42.935547
v 6.244127 1.803490 -42.934837
v -1.286259 -5.376980 -2.998802
v -1.365831 -5.458951 -2.999494
v 1.789973 -5.458951 -2.972054
v 1.710401 -5.376980 -2.972746
v 1.710401 5.828043 -2.972747
v 1.789973 5.910013 -2.972055
v -1.365831 5.910013 -2.999495
v -1.286259 5.828043 -2.998803
v -5.124408 1.803490 -43.033684
v -5.042440 1.723915 -43.032970
v -5.042440 -1.272859 -43.032970
v -5.124408 -1.352434 -43.033684
v 4.247622 -3.956284 -4.873416
v 4.313931 -4.031164 -4.862556
v 4.313936 4.482220 -4.862574
v 4.247627 4.407341 -4.873431
v -3.856534 -4.031163 -4.933598
v -3.790047 -3.956284 -4.943304
v -3.790051 4.407341 -4.943319
v -3.856539 4.482220 -4.933616
v 4.724799 -3.793459 -41.025314
v 4.799766 -3.859859 -41.034943
v -3.713296 -3.859864 -41.108952
v -3.638509 -3.793463 -41.098019
v 4.799766 4.310915 -41.034946
v 4.724799 4.244515 -41.025314
v -3.638509 4.244519 -41.098019
v -3.713296 4.310919 -41.108952
v -2.181375 -5.040524 -3.137905
v -1.864520 -5.347406 -3.035702
v 2.607800 -5.040524 -3.096263
v 2.289217 -5.347406 -2.999586
v 2.607121 5.490843 -3.096278
v 2.288530 5.797737 -2.999594
v -1.863834 5.797737 -3.035699
v -2.180695 5.490843 -3.137908
v 5.824573 -2.169150 -42.807163
v 6.132308 -1.851420 -42.903931
v 5.824573 2.620206 -42.807163
v 6.132308 2.302475 -42.903934
v -5.012413 2.301788 -43.000835
v -4.706395 2.619526 -42.898724
v -4.706395 -2.168471 -42.898720
v -5.012413 -1.850733 -43.000835
v -4.998507 1.906532 -42.164207
v -5.046399 1.741228 -42.110626
v -5.093582 1.558715 -42.001923
v -5.142968 1.339756 -41.761211
v -5.118623 1.451791 -41.905281
v -5.160038 1.256563 -41.597412
v -5.170667 1.205116 -41.419273
v -5.175205 1.187729 -41.233974
v -5.170143 1.231999 -40.940495
v -5.152127 1.339824 -40.706299
v -5.166349 1.256622 -40.870338
v -5.130280 1.451901 -40.561829
v -5.100382 1.586960 -40.443874
v -5.061623 1.741373 -40.355316
v -5.014600 1.906989 -40.300865
v -4.883889 -1.795658 -42.163216
v -4.822074 -1.955954 -42.108677
v -4.749378 -2.129231 -41.998932
v -4.656615 -2.332160 -41.756981
v -4.704779 -2.228997 -41.901680
v -4.620150 -2.407858 -41.592720
v -4.597794 -2.454309 -41.414291
v -4.591214 -2.469922 -41.228897
v -4.614494 -2.430071 -40.935661
v -4.665819 -2.332098 -40.702072
v -4.626499 -2.407804 -40.865646
v -4.716508 -2.228895 -40.558231
v -4.774648 -2.102662 -40.441044
v -4.837393 -1.955816 -40.353367
v -4.900279 -1.795229 -40.299870
v -4.381711 -3.208685 -12.230708
v -4.418804 -3.157172 -12.267888
v -4.477265 -3.072506 -12.404917
v -4.439788 -3.127353 -12.300613
v -4.486698 -3.058060 -12.464810
v -4.489416 -3.053305 -12.527503
v -4.479937 -3.065847 -12.626414
v -4.458020 -3.096444 -12.704894
v -4.474951 -3.072772 -12.649839
v -4.435382 -3.128016 -12.753143
v -4.376176 -3.209222 -12.821857
v 4.821519 -3.397017 -12.150686
v 4.781804 -3.446521 -12.187889
v 4.716710 -3.526099 -12.324976
v 4.758810 -3.474798 -12.220631
v 4.705862 -3.539462 -12.384881
v 4.702662 -3.543846 -12.447577
v 4.713398 -3.532269 -12.546478
v 4.738118 -3.503821 -12.624932
v 4.719049 -3.525853 -12.569898
v 4.763263 -3.474171 -12.673162
v 4.827075 -3.396497 -12.741837
v -6.133670 -5.329530 -36.630508
v -6.133845 -5.418647 -36.630508
v -6.095293 -5.498994 -36.630173
v -6.025667 -5.554617 -36.629566
v -5.938793 -5.574471 -36.628811
v -5.938967 -5.752488 -36.608757
v -5.939481 -5.921578 -36.549591
v -5.940310 -6.073264 -36.454281
v -5.941411 -6.199937 -36.327618
v -5.942730 -6.295247 -36.175938
v -5.944201 -6.354414 -36.006851
v -5.945748 -6.374472 -35.828842
v -6.168534 -6.349337 -35.830780
v -6.380121 -6.275197 -35.832619
v -6.569872 -6.155778 -35.834267
v -6.728250 -5.997084 -35.835648
v -6.847291 -5.807091 -35.836681
v -6.921013 -5.595351 -35.837322
v -6.945709 -5.372507 -35.837536
v -6.920137 -5.149763 -35.837315
v -6.899046 -5.154270 -36.015156
v -6.839923 -5.167565 -36.183739
v -6.745736 -5.188982 -36.334606
v -6.621205 -5.217447 -36.460205
v -6.472577 -5.251532 -36.554230
v -6.307302 -5.289528 -36.611958
v -6.324136 -5.374472 -36.610439
v -6.506634 -5.374472 -36.544556
v -6.667902 -5.374472 -36.436672
v -6.798457 -5.374472 -36.293137
v -6.890618 -5.374472 -36.122402
v -6.938963 -5.374472 -35.934494
v -6.024703 -5.749980 -36.607834
v -6.776978 -5.183835 -36.292957
v -6.866866 -5.163659 -36.122196
v -6.914041 -5.153265 -35.934280
v -6.649665 -5.212607 -36.436512
v -6.492416 -5.248283 -36.544430
v -6.314480 -5.288764 -36.610352
v -6.286029 -5.541518 -36.610107
v -6.450581 -5.620304 -36.544067
v -6.596072 -5.689662 -36.436047
v -6.713939 -5.745522 -36.292408
v -6.797243 -5.784607 -36.121590
v -6.841078 -5.804635 -35.933643
v -6.914411 -5.594047 -35.934280
v -6.867219 -5.583730 -36.122196
v -6.777298 -5.563702 -36.292957
v -6.649937 -5.535142 -36.436520
v -6.492628 -5.499730 -36.544434
v -6.314623 -5.459548 -36.610352
v -6.179160 -5.675580 -36.609177
v -6.293241 -5.817748 -36.542698
v -6.394254 -5.943010 -36.434292
v -6.476254 -6.044001 -36.290340
v -6.534409 -6.114786 -36.119301
v -6.565294 -6.151206 -35.931248
v -6.722786 -5.993408 -35.932613
v -6.684598 -5.964325 -36.120605
v -6.612155 -5.907872 -36.291519
v -6.509719 -5.827367 -36.435299
v -6.383314 -5.727547 -36.543480
v -6.240377 -5.614283 -36.609711
v -6.065800 -5.927330 -36.540718
v -6.102468 -6.083625 -36.431759
v -6.132549 -6.209673 -36.287350
v -6.154272 -6.298059 -36.115997
v -6.166355 -6.343586 -35.927776
v -6.376713 -6.269879 -35.929607
v -6.354786 -6.227806 -36.117744
v -6.313909 -6.146135 -36.288929
v -6.256486 -6.029670 -36.433094
v -6.185895 -5.885261 -36.541763
v -6.106289 -5.721404 -36.608543
v 6.947016 -5.574471 -36.516769
v 7.033890 -5.554617 -36.516010
v 7.103517 -5.498994 -36.515408
v 7.142069 -5.418647 -36.515072
v 7.141894 -5.329530 -36.515072
v 7.315177 -5.289528 -36.493511
v 7.479423 -5.251532 -36.432911
v 7.626393 -5.217447 -36.336323
v 7.748721 -5.188982 -36.208580
v 7.840271 -5.167565 -36.056091
v 7.896453 -5.154270 -35.886505
v 7.914449 -5.149763 -35.708324
v 7.940021 -5.372507 -35.708103
v 7.915324 -5.595351 -35.708321
v 7.841603 -5.807091 -35.708961
v 7.722561 -5.997084 -35.709999
v 7.564184 -6.155778 -35.711369
v 7.374433 -6.275197 -35.713024
v 7.162847 -6.349337 -35.714859
v 6.940060 -6.374472 -35.716797
v 6.941607 -6.354414 -35.894810
v 6.943079 -6.295247 -36.063896
v 6.944397 -6.199937 -36.215572
v 6.945498 -6.073264 -36.342239
v 6.946327 -5.921578 -36.437546
v 6.946842 -5.752488 -36.496716
v 7.032547 -5.749980 -36.494297
v 7.187005 -5.675580 -36.492958
v 7.293874 -5.541518 -36.492031
v 7.331982 -5.374360 -36.491695
v 7.072471 -5.927330 -36.426479
v 7.107239 -6.083625 -36.316895
v 7.134805 -6.209673 -36.171989
v 7.153545 -6.298059 -36.000286
v 7.162353 -6.343586 -35.811882
v 7.299913 -5.817748 -36.424507
v 7.399026 -5.943010 -36.314362
v 7.478509 -6.044001 -36.168999
v 7.533682 -6.114786 -35.996983
v 7.561292 -6.151206 -35.808414
v 7.372712 -6.269879 -35.810055
v 7.354060 -6.227806 -35.998543
v 7.316165 -6.146135 -36.170414
v 7.261258 -6.029670 -36.315559
v 7.192568 -5.885261 -36.425442
v 7.114134 -5.721404 -36.493591
v 7.457253 -5.620304 -36.423138
v 7.600843 -5.689662 -36.312607
v 7.716195 -5.745522 -36.166935
v 7.796516 -5.784607 -35.994694
v 7.837077 -5.804635 -35.806015
v 7.718784 -5.993408 -35.807045
v 7.683871 -5.964325 -35.995678
v 7.614411 -5.907872 -36.167824
v 7.514491 -5.827367 -36.313354
v 7.389986 -5.727547 -36.423721
v 7.248222 -5.614283 -36.492424
v 7.513306 -5.374134 -36.422653
v 7.672674 -5.373817 -36.311981
v 7.800713 -5.373440 -36.166203
v 7.889889 -5.373043 -35.993881
v 7.934960 -5.372670 -35.805164
v 7.910410 -5.594047 -35.805378
v 7.866493 -5.583730 -35.994087
v 7.779554 -5.563702 -36.166382
v 7.654709 -5.535142 -36.312138
v 7.499300 -5.499730 -36.422771
v 7.322470 -5.459548 -36.491776
v 7.910038 -5.153265 -35.805382
v 7.866139 -5.163659 -35.994087
v 7.779235 -5.183835 -36.166386
v 7.654438 -5.212607 -36.312141
v 7.499088 -5.248283 -36.422775
v 7.322326 -5.288764 -36.491779
v -5.956182 -6.374472 -34.628887
v -6.178968 -6.349337 -34.630825
v -6.390555 -6.275197 -34.632668
v -6.580306 -6.155778 -34.634315
v -6.738683 -5.997084 -34.635689
v -6.857725 -5.807091 -34.636726
v -6.931446 -5.595351 -34.637371
v -6.956142 -5.372507 -34.637581
v -6.930571 -5.149763 -34.637360
v 2.116626 -5.574471 -36.558773
v 2.638968 -5.403188 -36.554230
v 3.143507 -5.184968 -36.549843
v 3.626037 -4.921630 -36.545647
v 4.082535 -4.615373 -36.541676
v 4.509192 -4.268748 -36.537968
v 4.902452 -3.884646 -36.534550
v 5.259036 -3.466271 -36.531445
v 5.575970 -3.017111 -36.528690
v 5.850611 -2.540911 -36.526302
v 6.080668 -2.041643 -36.524300
v 6.264224 -1.523469 -36.522705
v 6.929626 -6.374471 -34.516846
v 7.904016 -5.149763 -34.508373
v 7.929586 -5.372507 -34.508148
v 7.904891 -5.595350 -34.508366
v 7.831170 -5.807091 -34.509007
v 7.712128 -5.997083 -34.510044
v 7.553751 -6.155777 -34.511417
v 7.363999 -6.275197 -34.513069
v 7.152412 -6.349337 -34.514908
v 7.043875 -1.374472 -35.715897
v 7.033442 -1.374472 -34.515945
v -1.108403 -5.574471 -36.586815
v -1.630744 -5.403188 -36.591354
v -2.135283 -5.184968 -36.595737
v -2.617814 -4.921630 -36.599937
v -3.074311 -4.615373 -36.603905
v -3.500969 -4.268748 -36.607616
v -3.894229 -3.884646 -36.611038
v -4.250813 -3.466271 -36.614132
v -4.567747 -3.017111 -36.616890
v -4.842387 -2.540911 -36.619282
v -5.072445 -2.041643 -36.621277
v -5.256001 -1.523469 -36.622875
v -5.299181 -1.374472 -36.619678
v -5.316540 -1.374472 -34.623325
v -5.149721 -1.888354 -34.621876
v -4.937503 -2.385210 -34.620033
v -4.681594 -2.861036 -34.617809
v -4.384056 -3.312002 -34.615219
v -4.047286 -3.734474 -34.612289
v -3.673995 -4.125049 -34.609047
v -3.267191 -4.480581 -34.605511
v -2.830150 -4.798207 -34.601707
v -2.366393 -5.075369 -34.597675
v -1.879655 -5.309834 -34.593441
v -1.373857 -5.499712 -34.589043
v -0.853072 -5.643476 -34.584518
v -0.321495 -5.739966 -34.579891
v 0.216591 -5.788407 -34.575218
v 0.756854 -5.788407 -34.570515
v 1.294940 -5.739966 -34.565838
v 1.826517 -5.643476 -34.561214
v 2.347301 -5.499712 -34.556690
v 2.853100 -5.309834 -34.552292
v 3.339838 -5.075369 -34.548058
v 3.803595 -4.798207 -34.544025
v 4.240636 -4.480581 -34.540226
v 4.647440 -4.125049 -34.536686
v 5.020730 -3.734474 -34.533443
v 5.357501 -3.312002 -34.530514
v 5.655039 -2.861036 -34.527927
v 5.910947 -2.385210 -34.525703
v 6.123166 -1.888354 -34.523861
v 6.289984 -1.374472 -34.522411
v 6.307343 -1.374472 -36.518757
v 1.714338 -5.671526 -36.556358
v 1.304394 -5.740736 -36.548721
v 0.897246 -5.781265 -36.542618
v 0.503844 -5.794472 -36.541946
v 0.110512 -5.781265 -36.549461
v -0.296469 -5.740736 -36.562641
v -0.706217 -5.671526 -36.577408
v -6.059997 -1.374472 -34.629787
v -6.049563 -1.374472 -35.829742
v 7.020845 -1.374472 -35.910957
v 6.949755 -1.374472 -36.094700
v 6.834886 -1.374472 -36.256054
v 6.683156 -1.374472 -36.385307
v 6.503706 -1.374472 -36.474667
v -5.496282 -1.374472 -36.579006
v -5.677259 -1.374472 -36.492783
v -5.831213 -1.374472 -36.366188
v -5.948871 -1.374472 -36.206852
v -6.023145 -1.374472 -36.024372
v 4.325053 -5.868971 -36.483387
v 0.903608 -5.868971 -36.513134
v -2.517836 -5.868971 -36.542885
v 4.325486 -5.674738 -36.533257
v -2.517403 -5.674738 -36.592754
v 4.324213 -6.044700 -36.386784
v 0.902769 -6.044700 -36.416534
v -2.518677 -6.044700 -36.446281
v 4.323020 -6.190882 -36.249512
v 0.901575 -6.190882 -36.279266
v -2.519870 -6.190882 -36.309013
v 4.321548 -6.298333 -36.080200
v 0.900103 -6.298333 -36.109955
v -2.521342 -6.298333 -36.139706
v 4.319889 -6.360301 -35.889492
v 0.898444 -6.360301 -35.919243
v -2.523000 -6.360301 -35.948994
v -5.818453 -3.738970 -36.626190
v -6.010716 -3.694706 -36.590279
v -6.188260 -3.653934 -36.506439
v -6.339927 -3.619213 -36.379932
v -6.456190 -3.592726 -36.218697
v -6.529741 -3.576138 -36.032879
v -0.211828 5.907740 -5.989574
v -0.204059 5.908415 -5.902973
v -0.179059 5.910350 -5.817043
v -0.137344 5.913288 -5.737888
v -0.082798 5.916642 -5.670242
v -0.016110 5.919994 -5.614527
v 0.062307 5.922927 -5.571443
v 0.147789 5.924858 -5.544952
v 0.234243 5.925530 -5.535679
v 0.320845 5.924858 -5.543448
v 0.406774 5.922927 -5.568447
v 0.485928 5.919994 -5.610162
v 0.553575 5.916642 -5.664709
v 0.609289 5.913288 -5.731397
v 0.652374 5.910350 -5.809813
v 0.678864 5.908415 -5.895295
v 0.688138 5.907740 -5.981749
v 0.680369 5.908415 -6.068351
v 0.655369 5.910350 -6.154280
v 0.613654 5.913288 -6.233434
v 0.559108 5.916642 -6.301080
v 0.492420 5.919994 -6.356795
v 0.414004 5.922927 -6.399881
v 0.328522 5.924858 -6.426371
v 0.242068 5.925530 -6.435645
v 0.155466 5.924858 -6.427876
v 0.069536 5.922927 -6.402876
v -0.009618 5.919994 -6.361161
v -0.077264 5.916642 -6.306614
v -0.132979 5.913288 -6.239926
v -0.176064 5.910350 -6.161510
v -0.202554 5.908415 -6.076028
v -0.211828 4.483858 -5.989574
v -0.195482 4.483858 -6.105905
v -0.149585 4.483858 -6.214041
v -0.077264 4.483858 -6.306614
v 0.016552 4.483858 -6.377314
v 0.125470 4.483858 -6.421324
v 0.242068 4.483858 -6.435645
v 0.358399 4.483858 -6.419300
v 0.466535 4.483858 -6.373402
v 0.559108 4.483858 -6.301081
v 0.629808 4.483858 -6.207265
v 0.673818 4.483858 -6.098346
v 0.688138 4.483858 -5.981749
v 0.671793 4.483858 -5.865418
v 0.625896 4.483858 -5.757281
v 0.553575 4.483858 -5.664709
v 0.459758 4.483858 -5.594008
v 0.350840 4.483858 -5.549998
v 0.234243 4.483858 -5.535678
v 0.117912 4.483858 -5.552024
v 0.009775 4.483858 -5.597921
v -0.082797 4.483858 -5.670242
v -0.153498 4.483858 -5.764059
v -0.197508 4.483858 -5.872976
v -0.229217 5.907740 -3.989650
v -0.221448 5.908415 -3.903048
v -0.196449 5.910350 -3.817118
v -0.154734 5.913288 -3.737964
v -0.100187 5.916642 -3.670318
v -0.033499 5.919994 -3.614604
v 0.044917 5.922927 -3.571518
v 0.130399 5.924858 -3.545028
v 0.216853 5.925530 -3.535754
v 0.303455 5.924858 -3.543524
v 0.389385 5.922927 -3.568523
v 0.468539 5.919994 -3.610238
v 0.536185 5.916642 -3.664784
v 0.591900 5.913288 -3.731472
v 0.634985 5.910350 -3.809889
v 0.661475 5.908415 -3.895370
v 0.670749 5.907740 -3.981825
v 0.662980 5.908415 -4.068427
v 0.637980 5.910350 -4.154356
v 0.596265 5.913288 -4.233510
v 0.541719 5.916642 -4.301157
v 0.475031 5.919994 -4.356871
v 0.396614 5.922927 -4.399956
v 0.311132 5.924858 -4.426446
v 0.224678 5.925530 -4.435719
v 0.138076 5.924858 -4.427951
v 0.052147 5.922927 -4.402951
v -0.027007 5.919994 -4.361236
v -0.094654 5.916642 -4.306690
v -0.150368 5.913288 -4.240002
v -0.193453 5.910350 -4.161586
v -0.219944 5.908415 -4.076103
v -0.229217 4.483858 -3.989650
v -0.212872 4.483858 -4.105981
v -0.166975 4.483858 -4.214117
v -0.094654 4.483858 -4.306690
v -0.000837 4.483858 -4.377389
v 0.108081 4.483858 -4.421400
v 0.224678 4.483858 -4.435719
v 0.341009 4.483858 -4.419374
v 0.449146 4.483858 -4.373477
v 0.541718 4.483858 -4.301157
v 0.612419 4.483858 -4.207341
v 0.656429 4.483858 -4.098422
v 0.670749 4.483858 -3.981825
v 0.654403 4.483858 -3.865494
v 0.608506 4.483858 -3.757357
v 0.536185 4.483858 -3.664784
v 0.442369 4.483858 -3.594084
v 0.333451 4.483858 -3.550074
v 0.216853 4.483858 -3.535754
v 0.100522 4.483858 -3.552099
v -0.007614 4.483858 -3.597996
v -0.100187 4.483858 -3.670318
v -0.170887 4.483858 -3.764134
v -0.214897 4.483858 -3.873052
v 0.880961 4.083858 0.020154
v 0.866012 4.083858 -0.129386
v 0.819265 4.083858 -0.272216
v 0.742908 4.083858 -0.401658
v 0.640509 4.083858 -0.511659
v 0.516857 4.083858 -0.597075
v 0.377735 4.083858 -0.653914
v 0.229646 4.083858 -0.679516
v 0.079516 4.083858 -0.672684
v -0.065636 4.083858 -0.633739
v -0.199022 4.083858 -0.564502
v -0.314405 4.083858 -0.468209
v -0.406391 4.083858 -0.349363
v -0.470678 4.083858 -0.213521
v -0.504260 4.083858 -0.067036
v -0.505566 4.083858 0.083244
v -0.474537 4.083858 0.230291
v -0.412622 4.083858 0.367230
v -0.322716 4.083858 0.487658
v -0.209025 4.083858 0.585943
v -0.076863 4.083858 0.657489
v 0.067589 4.083858 0.698952
v 0.217578 4.083858 0.708393
v 0.366089 4.083858 0.685370
v 0.506180 4.083858 0.630960
v 0.631298 4.083858 0.547706
v 0.735594 4.083858 0.439502
v 0.814191 4.083858 0.311408
v 0.863413 4.083858 0.169412
v 0.880961 5.083858 0.020154
v 0.863413 5.083858 0.169412
v 0.814191 5.083858 0.311408
v 0.735594 5.083858 0.439502
v 0.631298 5.083858 0.547706
v 0.506180 5.083858 0.630960
v 0.366089 5.083858 0.685370
v 0.217578 5.083858 0.708393
v 0.067589 5.083858 0.698952
v -0.076863 5.083858 0.657489
v -0.209025 5.083858 0.585942
v -0.322716 5.083858 0.487658
v -0.412622 5.083858 0.367230
v -0.474537 5.083858 0.230291
v -0.505566 5.083858 0.083244
v -0.504260 5.083858 -0.067036
v -0.470678 5.083858 -0.213521
v -0.406391 5.083858 -0.349363
v -0.314405 5.083858 -0.468209
v -0.199022 5.083858 -0.564502
v -0.065636 5.083858 -0.633739
v 0.079516 5.083858 -0.672685
v 0.229646 5.083858 -0.679516
v 0.377735 5.083858 -0.653914
v 0.516857 5.083858 -0.597076
v 0.640509 5.083858 -0.511659
v 0.742908 5.083858 -0.401658
v 0.819265 5.083858 -0.272216
v 0.866012 5.083858 -0.129386
v -2.013930 5.083858 -0.005017
v -1.984368 5.083858 -3.404888
v 2.415466 5.083858 -3.366631
v 2.385904 5.083858 0.033240
v 2.369226 5.083858 0.274177
v 2.323628 5.083858 0.511348
v 2.249775 5.083858 0.741293
v 2.148743 5.083858 0.960659
v 2.022007 5.083858 1.166248
v 1.871413 5.083858 1.355062
v 1.699158 5.083858 1.524347
v 1.507754 5.083858 1.671634
v 1.299993 5.083858 1.794777
v 1.078903 5.083858 1.891979
v 0.847708 5.083858 1.961822
v 0.609781 5.083858 2.003289
v 0.368590 5.083858 2.015775
v -0.031395 5.083858 2.012297
v -0.272332 5.083858 1.995619
v -0.509503 5.083858 1.950021
v -0.739448 5.083858 1.876168
v -0.958814 5.083858 1.775136
v -1.164403 5.083858 1.648400
v -1.353217 5.083858 1.497806
v -1.522502 5.083858 1.325552
v -1.669789 5.083858 1.134148
v -1.792932 5.083858 0.926386
v -1.890134 5.083858 0.705296
v -1.959977 5.083858 0.474102
v -2.001444 5.083858 0.236174
v -1.953067 4.483858 -7.004752
v -1.953067 5.483857 -7.004752
v -1.568860 5.628580 -7.001412
v -1.175232 5.745270 -6.997989
v -0.774226 5.833322 -6.994503
v -0.367923 5.892278 -6.990970
v 0.041571 5.921833 -6.987409
v 0.452129 5.921833 -6.983840
v 0.861622 5.892278 -6.980278
v 1.267926 5.833322 -6.976745
v 1.668932 5.745270 -6.973258
v 2.062560 5.628580 -6.969836
v 2.446767 5.483857 -6.966496
v 2.446767 4.483858 -6.966496
v 2.411988 5.483858 -2.966646
v 2.411988 5.552148 -2.966646
v 2.385904 5.552148 0.033240
v 2.415466 4.483858 -3.366631
v 0.368590 5.552148 2.015775
v -0.031395 5.552148 2.012297
v -2.013930 5.552148 -0.005017
v -1.987846 5.552148 -3.004903
v -1.987846 5.483858 -3.004903
v -1.984368 4.483858 -3.404888
v 1.412026 6.083858 -2.975342
v -0.987883 6.083858 -2.996209
v -1.013968 6.083858 0.003678
v -1.000286 6.083858 0.177451
v -0.956636 6.083858 0.346209
v -0.884346 6.083858 0.504824
v -0.785610 6.083858 0.648475
v -0.663429 6.083858 0.772799
v -0.521517 6.083858 0.874018
v -0.364183 6.083858 0.949056
v -0.196210 6.083858 0.995633
v -0.022700 6.083858 1.012335
v 0.377285 6.083858 1.015813
v 0.551058 6.083858 1.002131
v 0.719816 6.083858 0.958481
v 0.878430 6.083858 0.886190
v 1.022082 6.083858 0.787455
v 1.146406 6.083858 0.665274
v 1.247625 6.083858 0.523361
v 1.322663 6.083858 0.366028
v 1.369240 6.083858 0.198055
v 1.385941 6.083858 0.024545
v 2.369226 5.552148 0.274177
v 2.323628 5.552148 0.511348
v 2.249775 5.552148 0.741293
v 2.148743 5.552148 0.960659
v 2.022007 5.552148 1.166248
v 1.871413 5.552148 1.355062
v 1.699158 5.552148 1.524346
v 1.507754 5.552148 1.671634
v 1.299993 5.552148 1.794777
v 1.078903 5.552148 1.891978
v 0.847708 5.552148 1.961822
v 0.609781 5.552148 2.003289
v -0.272332 5.552148 1.995619
v -0.509503 5.552148 1.950021
v -0.739448 5.552148 1.876168
v -0.958814 5.552148 1.775136
v -1.164403 5.552148 1.648400
v -1.353217 5.552148 1.497806
v -1.522502 5.552148 1.325552
v -1.669789 5.552148 1.134148
v -1.792932 5.552148 0.926386
v -1.890134 5.552148 0.705296
v -1.959977 5.552148 0.474102
v -2.001444 5.552148 0.236174
v 2.027781 5.628581 -2.969987
v 1.634153 5.745271 -2.973410
v 1.233147 5.833322 -2.976897
v 0.826843 5.892278 -2.980430
v 0.417350 5.921833 -2.983990
v 0.006792 5.921833 -2.987560
v -0.402702 5.892278 -2.991120
v -0.809005 5.833322 -2.994653
v -1.210011 5.745271 -2.998140
v -1.603639 5.628581 -3.001563
v 0.173380 -3.896969 1.464057
v 0.065079 -3.896969 1.480246
v -0.032919 -3.896969 1.529110
v -0.111020 -3.896968 1.605865
v -0.161580 -3.896968 1.702998
v -0.179650 -3.896968 1.811001
v -0.163461 -3.896968 1.919302
v -0.114598 -3.896968 2.017299
v -0.037843 -3.896968 2.095401
v 0.059290 -3.896968 2.145961
v 0.167293 -3.896968 2.164031
v 0.275594 -3.896968 2.147842
v 0.373591 -3.896968 2.098978
v 0.451693 -3.896968 2.022223
v 0.502253 -3.896968 1.925090
v 0.520323 -3.896968 1.817087
v 0.504134 -3.896968 1.708786
v 0.455270 -3.896968 1.610789
v 0.378515 -3.896969 1.532688
v 0.281382 -3.896969 1.482127
v 0.173380 -4.896968 1.464057
v 0.281382 -4.896968 1.482127
v 0.378515 -4.896968 1.532688
v 0.455270 -4.896968 1.610789
v 0.504134 -4.896968 1.708786
v 0.520323 -4.896968 1.817087
v 0.502253 -4.896968 1.925090
v 0.451693 -4.896968 2.022223
v 0.373591 -4.896968 2.098978
v 0.275594 -4.896968 2.147842
v 0.167293 -4.896968 2.164031
v 0.059290 -4.896968 2.145961
v -0.037843 -4.896968 2.095401
v -0.114598 -4.896968 2.017299
v -0.163461 -4.896968 1.919302
v -0.179650 -4.896968 1.811001
v -0.161580 -4.896968 1.702998
v -0.111020 -4.896968 1.605865
v -0.032919 -4.896968 1.529110
v 0.065079 -4.896968 1.480247
v -1.610902 -3.896969 -0.351525
v -1.719203 -3.896969 -0.335336
v -1.817200 -3.896969 -0.286472
v -1.895301 -3.896969 -0.209717
v -1.945862 -3.896969 -0.112584
v -1.963932 -3.896969 -0.004581
v -1.947743 -3.896969 0.103719
v -1.898879 -3.896969 0.201717
v -1.822124 -3.896969 0.279818
v -1.724991 -3.896969 0.330378
v -1.616988 -3.896969 0.348449
v -1.508687 -3.896969 0.332259
v -1.410690 -3.896969 0.283396
v -1.332589 -3.896969 0.206641
v -1.282028 -3.896969 0.109508
v -1.263958 -3.896969 0.001505
v -1.280147 -3.896969 -0.106796
v -1.329011 -3.896969 -0.204794
v -1.405766 -3.896969 -0.282895
v -1.502899 -3.896969 -0.333455
v -1.610902 -4.896968 -0.351525
v -1.502899 -4.896968 -0.333455
v -1.405766 -4.896968 -0.282895
v -1.329011 -4.896968 -0.204793
v -1.280147 -4.896968 -0.106796
v -1.263958 -4.896968 0.001505
v -1.282028 -4.896968 0.109508
v -1.332589 -4.896968 0.206641
v -1.410690 -4.896968 0.283396
v -1.508687 -4.896968 0.332259
v -1.616988 -4.896968 0.348449
v -1.724991 -4.896968 0.330379
v -1.822124 -4.896968 0.279818
v -1.898879 -4.896968 0.201717
v -1.947743 -4.896968 0.103719
v -1.963932 -4.896968 -0.004581
v -1.945862 -4.896968 -0.112584
v -1.895301 -4.896968 -0.209717
v -1.817200 -4.896968 -0.286472
v -1.719203 -4.896968 -0.335336
v 0.204680 -3.896969 -2.135807
v 0.096380 -3.896969 -2.119617
v -0.001618 -3.896969 -2.070754
v -0.079719 -3.896969 -1.993999
v -0.130280 -3.896969 -1.896866
v -0.148349 -3.896969 -1.788863
v -0.132160 -3.896969 -1.680562
v -0.083297 -3.896969 -1.582565
v -0.006542 -3.896969 -1.504463
v 0.090591 -3.896969 -1.453903
v 0.198594 -3.896969 -1.435833
v 0.306895 -3.896969 -1.452022
v 0.404892 -3.896969 -1.500886
v 0.482994 -3.896969 -1.577641
v 0.533554 -3.896969 -1.674774
v 0.551624 -3.896969 -1.782776
v 0.535435 -3.896969 -1.891077
v 0.486571 -3.896969 -1.989075
v 0.409816 -3.896969 -2.067176
v 0.312683 -3.896969 -2.117736
v 0.204680 -4.896968 -2.135807
v 0.312683 -4.896968 -2.117736
v 0.409816 -4.896968 -2.067176
v 0.486571 -4.896968 -1.989075
v 0.535435 -4.896968 -1.891077
v 0.551624 -4.896968 -1.782776
v 0.533554 -4.896968 -1.674774
v 0.482994 -4.896968 -1.577641
v 0.404892 -4.896968 -1.500886
v 0.306895 -4.896968 -1.452022
v 0.198594 -4.896968 -1.435833
v 0.090591 -4.896968 -1.453903
v -0.006542 -4.896968 -1.504463
v -0.083297 -4.896968 -1.582565
v -0.132160 -4.896968 -1.680562
v -0.148349 -4.896968 -1.788862
v -0.130280 -4.896968 -1.896865
v -0.079719 -4.896968 -1.993999
v -0.001618 -4.896968 -2.070753
v 0.096380 -4.896968 -2.119617
v 1.988962 -3.896969 -0.320224
v 1.880661 -3.896969 -0.304035
v 1.782664 -3.896969 -0.255171
v 1.704562 -3.896969 -0.178416
v 1.654002 -3.896969 -0.081283
v 1.635932 -3.896969 0.026719
v 1.652121 -3.896969 0.135020
v 1.700985 -3.896969 0.233018
v 1.777740 -3.896969 0.311119
v 1.874873 -3.896969 0.361680
v 1.982875 -3.896969 0.379749
v 2.091177 -3.896969 0.363560
v 2.189174 -3.896969 0.314697
v 2.267276 -3.896969 0.237942
v 2.317836 -3.896969 0.140809
v 2.335906 -3.896969 0.032806
v 2.319716 -3.896969 -0.075495
v 2.270853 -3.896969 -0.173492
v 2.194098 -3.896969 -0.251594
v 2.096965 -3.896969 -0.302154
v 1.988962 -4.896968 -0.320224
v 2.096965 -4.896968 -0.302154
v 2.194098 -4.896968 -0.251594
v 2.270853 -4.896968 -0.173492
v 2.319716 -4.896968 -0.075495
v 2.335906 -4.896968 0.032806
v 2.317836 -4.896968 0.140809
v 2.267276 -4.896968 0.237942
v 2.189174 -4.896968 0.314697
v 2.091177 -4.896968 0.363560
v 1.982875 -4.896968 0.379750
v 1.874873 -4.896968 0.361680
v 1.777740 -4.896968 0.311119
v 1.700985 -4.896968 0.233018
v 1.652121 -4.896968 0.135021
v 1.635932 -4.896968 0.026720
v 1.654002 -4.896968 -0.081283
v 1.704562 -4.896968 -0.178416
v 1.782664 -4.896968 -0.255171
v 1.880661 -4.896968 -0.304035
v -2.369908 -4.896968 -1.113685
v -2.480785 -4.896968 -0.818266
v -2.557641 -4.896968 -0.512228
v -2.599494 -4.896968 -0.199476
v -2.605813 -4.896968 0.116002
v -2.576514 -4.896968 0.430179
v -2.511974 -4.896968 0.739049
v -2.413014 -4.896968 1.038670
v -2.280898 -4.896968 1.325220
v -2.117311 -4.896968 1.595044
v -1.924339 -4.896968 1.844700
v -1.704445 -4.896968 2.071002
v -1.460434 -4.896968 2.271063
v -1.195418 -4.896968 2.442331
v -0.912780 -4.896968 2.582621
v -0.616124 -4.896968 2.690144
v -0.309235 -4.896968 2.763527
v 0.003971 -4.896968 2.801835
v 0.319500 -4.896968 2.804578
v 0.633325 -4.896968 2.771723
v 0.941444 -4.896968 2.703687
v 1.239924 -4.896968 2.601339
v 1.524960 -4.896968 2.465984
v 1.792913 -4.896968 2.299351
v 2.040366 -4.896968 2.103563
v 2.264162 -4.896968 1.881119
v 2.461446 -4.896968 1.634857
v 2.629700 -4.896968 1.367918
v 2.766779 -4.896968 1.083708
v 2.870934 -4.896968 0.785853
v 2.940835 -4.896968 0.478153
v 2.975592 -4.896968 0.164532
v 2.974761 -4.896968 -0.151007
v 2.938352 -4.896968 -0.464440
v 2.866829 -4.896968 -0.771768
v 2.761106 -4.896968 -1.069070
v 2.859130 -4.696969 -1.110302
v 2.968877 -4.696969 -0.801683
v 3.043122 -4.696969 -0.482657
v 3.080916 -4.696969 -0.157293
v 3.081780 -4.696969 0.170258
v 3.045700 -4.696969 0.495817
v 2.973138 -4.696969 0.815230
v 2.865018 -4.696969 1.124423
v 2.722721 -4.696969 1.419451
v 2.548062 -4.696969 1.696551
v 2.343269 -4.696969 1.952187
v 2.110954 -4.696969 2.183099
v 1.854081 -4.696969 2.386339
v 1.575928 -4.696969 2.559316
v 1.280043 -4.696969 2.699823
v 0.970200 -4.696969 2.806067
v 0.650353 -4.696969 2.876692
v 0.324582 -4.696969 2.910798
v -0.002957 -4.696969 2.907950
v -0.328086 -4.696969 2.868185
v -0.646657 -4.696969 2.792008
v -0.954605 -4.696969 2.680392
v -1.248002 -4.696969 2.534762
v -1.523106 -4.696969 2.356974
v -1.776405 -4.696969 2.149298
v -2.004669 -4.696969 1.914382
v -2.204987 -4.696969 1.655223
v -2.374801 -4.696969 1.375128
v -2.511946 -4.696969 1.077670
v -2.614673 -4.696969 0.766644
v -2.681670 -4.696969 0.446017
v -2.712084 -4.696969 0.119880
v -2.705525 -4.696969 -0.207606
v -2.662078 -4.696969 -0.532264
v -2.582296 -4.696969 -0.849951
v -2.467199 -4.696969 -1.156615
v 0.242068 -5.474469 -6.435645
v 0.328522 -5.473796 -6.426370
v 0.414004 -5.471866 -6.399880
v 0.492420 -5.468933 -6.356794
v 0.559108 -5.465581 -6.301079
v 0.613654 -5.462227 -6.233433
v 0.655369 -5.459288 -6.154280
v 0.680369 -5.457354 -6.068350
v 0.688138 -5.456678 -5.981748
v 0.678864 -5.457354 -5.895294
v 0.652374 -5.459288 -5.809813
v 0.609289 -5.462227 -5.731396
v 0.553575 -5.465581 -5.664708
v 0.485928 -5.468933 -5.610161
v 0.406774 -5.471866 -5.568447
v 0.320845 -5.473796 -5.543447
v 0.234243 -5.474469 -5.535678
v 0.147789 -5.473796 -5.544951
v 0.062307 -5.471866 -5.571442
v -0.016110 -5.468933 -5.614527
v -0.082798 -5.465581 -5.670241
v -0.137344 -5.462227 -5.737887
v -0.179059 -5.459288 -5.817042
v -0.204059 -5.457354 -5.902972
v -0.211828 -5.456678 -5.989573
v -0.202554 -5.457354 -6.076027
v -0.176064 -5.459288 -6.161510
v -0.132979 -5.462227 -6.239925
v -0.077264 -5.465581 -6.306613
v -0.009618 -5.468933 -6.361160
v 0.069536 -5.471866 -6.402875
v 0.155466 -5.473796 -6.427875
v 0.234243 -3.896969 -5.535678
v 0.361176 -3.896969 -5.552803
v 0.478143 -3.896969 -5.604996
v 0.575667 -3.896969 -5.688027
v 0.645849 -3.896969 -5.795172
v 0.683001 -3.896969 -5.917749
v 0.684115 -3.896969 -6.045827
v 0.649100 -3.896969 -6.169031
v 0.580792 -3.896969 -6.277380
v 0.484726 -3.896969 -6.362096
v 0.368684 -3.896969 -6.416314
v 0.242068 -3.896969 -6.435645
v 0.115134 -3.896969 -6.418519
v -0.001833 -3.896969 -6.366326
v -0.099357 -3.896969 -6.283294
v -0.169538 -3.896969 -6.176150
v -0.206691 -3.896969 -6.053573
v -0.207804 -3.896969 -5.925495
v -0.172789 -3.896969 -5.802290
v -0.104482 -3.896969 -5.693942
v -0.008416 -3.896969 -5.609226
v 0.107626 -3.896969 -5.555007
v 0.224678 -5.474469 -4.435719
v 0.311132 -5.473796 -4.426445
v 0.396614 -5.471866 -4.399956
v 0.475031 -5.468933 -4.356870
v 0.541719 -5.465581 -4.301156
v 0.596265 -5.462227 -4.233509
v 0.637980 -5.459288 -4.154355
v 0.662980 -5.457354 -4.068426
v 0.670749 -5.456678 -3.981824
v 0.661475 -5.457354 -3.895370
v 0.634985 -5.459288 -3.809888
v 0.591900 -5.462227 -3.731471
v 0.536185 -5.465581 -3.664783
v 0.468539 -5.468933 -3.610237
v 0.389385 -5.471866 -3.568522
v 0.303455 -5.473796 -3.543523
v 0.216853 -5.474469 -3.535753
v 0.130399 -5.473796 -3.545027
v 0.044917 -5.471866 -3.571517
v -0.033499 -5.468933 -3.614603
v -0.100187 -5.465581 -3.670317
v -0.154734 -5.462227 -3.737963
v -0.196448 -5.459288 -3.817117
v -0.221448 -5.457354 -3.903047
v -0.229217 -5.456678 -3.989649
v -0.219943 -5.457354 -4.076102
v -0.193453 -5.459288 -4.161585
v -0.150368 -5.462227 -4.240001
v -0.094654 -5.465581 -4.306689
v -0.027007 -5.468933 -4.361235
v 0.052147 -5.471866 -4.402951
v 0.138076 -5.473796 -4.427950
v 0.216853 -3.896969 -3.535754
v 0.343786 -3.896969 -3.552879
v 0.460753 -3.896969 -3.605072
v 0.558278 -3.896969 -3.688103
v 0.628459 -3.896969 -3.795248
v 0.665612 -3.896969 -3.917824
v 0.666725 -3.896969 -4.045903
v 0.631710 -3.896969 -4.169107
v 0.563402 -3.896969 -4.277455
v 0.467336 -3.896969 -4.362171
v 0.351295 -3.896969 -4.416389
v 0.224678 -3.896969 -4.435719
v 0.097745 -3.896969 -4.418594
v -0.019222 -3.896969 -4.366402
v -0.116746 -3.896969 -4.283370
v -0.186928 -3.896969 -4.176225
v -0.224080 -3.896969 -4.053648
v -0.225194 -3.896969 -3.925570
v -0.190179 -3.896969 -3.802366
v -0.121871 -3.896969 -3.694017
v -0.025805 -3.896969 -3.609302
v 0.090237 -3.896969 -3.555083
v 0.176857 -4.896968 1.064072
v -0.015917 -4.896968 1.044517
v -0.201816 -4.896968 0.989873
v -0.374508 -4.896968 0.902000
v -0.528114 -4.896968 0.783892
v -0.657401 -4.896968 0.639569
v -0.757968 -4.896968 0.473948
v -0.826390 -4.896968 0.292667
v -0.860337 -4.896968 0.101900
v -0.858652 -4.896968 -0.091856
v -0.821393 -4.896968 -0.282004
v -0.749830 -4.896968 -0.462068
v -0.646398 -4.896968 -0.625916
v -0.514620 -4.896968 -0.767968
v -0.358984 -4.896968 -0.883388
v -0.184790 -4.896968 -0.968245
v 0.002031 -4.896968 -1.019648
v 0.195116 -4.896968 -1.035848
v 0.387890 -4.896968 -1.016293
v 0.573789 -4.896968 -0.961649
v 0.746482 -4.896968 -0.873776
v 0.900087 -4.896968 -0.755667
v 1.029375 -4.896968 -0.611345
v 1.129942 -4.896968 -0.445723
v 1.198364 -4.896968 -0.264442
v 1.232310 -4.896968 -0.073675
v 1.230626 -4.896968 0.120081
v 1.193367 -4.896968 0.310228
v 1.121803 -4.896968 0.490292
v 1.018371 -4.896968 0.654140
v 0.886594 -4.896968 0.796193
v 0.730958 -4.896968 0.911612
v 0.556763 -4.896968 0.996469
v 0.369942 -4.896968 1.047872
v 0.176857 -3.896969 1.064072
v 0.369942 -3.896969 1.047872
v 0.556763 -3.896969 0.996469
v 0.730958 -3.896969 0.911612
v 0.886594 -3.896969 0.796192
v 1.018371 -3.896969 0.654140
v 1.121803 -3.896969 0.490292
v 1.193367 -3.896969 0.310228
v 1.230626 -3.896969 0.120081
v 1.232310 -3.896969 -0.073675
v 1.198364 -3.896969 -0.264442
v 1.129942 -3.896969 -0.445723
v 1.029375 -3.896969 -0.611345
v 0.900087 -3.896969 -0.755667
v 0.746482 -3.896969 -0.873776
v 0.573789 -3.896969 -0.961649
v 0.387890 -3.896969 -1.016293
v 0.195116 -3.896969 -1.035848
v 0.002031 -3.896969 -1.019648
v -0.184790 -3.896969 -0.968245
v -0.358984 -3.896969 -0.883388
v -0.514620 -3.896969 -0.767968
v -0.646398 -3.896969 -0.625916
v -0.749830 -3.896969 -0.462068
v -0.821393 -3.896969 -0.282004
v -0.858652 -3.896969 -0.091856
v -0.860337 -3.896969 0.101900
v -0.826390 -3.896969 0.292667
v -0.757968 -3.896969 0.473948
v -0.657401 -3.896969 0.639569
v -0.528114 -3.896969 0.783892
v -0.374508 -3.896969 0.902000
v -0.201816 -3.896969 0.989873
v -0.015917 -3.896969 1.044517
v 2.859130 -4.003310 -1.110302
v 2.968877 -4.003310 -0.801683
v 3.043122 -4.003310 -0.482657
v 3.080916 -4.003310 -0.157293
v 3.081780 -4.003310 0.170258
v 3.045700 -4.003310 0.495817
v 2.973138 -4.003310 0.815230
v 2.865018 -4.003310 1.124423
v 2.722721 -4.003310 1.419451
v 2.548062 -4.003310 1.696551
v 2.343269 -4.003310 1.952187
v 2.110954 -4.003310 2.183099
v 1.854081 -4.003310 2.386339
v 1.575928 -4.003310 2.559316
v 1.280043 -4.003310 2.699823
v 0.970200 -4.003310 2.806067
v 0.650353 -4.003310 2.876692
v 0.324582 -4.003310 2.910798
v -0.002957 -4.003310 2.907950
v -0.328086 -4.003310 2.868185
v -0.646657 -4.003310 2.792008
v -0.954605 -4.003310 2.680392
v -1.248002 -4.003310 2.534762
v -1.523106 -4.003310 2.356974
v -1.776405 -4.003310 2.149298
v -2.004669 -4.003310 1.914382
v -2.204987 -4.003310 1.655223
v -2.374801 -4.003310 1.375128
v -2.511946 -4.003310 1.077670
v -2.614673 -4.003310 0.766644
v -2.681670 -4.003310 0.446017
v -2.712084 -4.003310 0.119880
v -2.705525 -4.003310 -0.207606
v -2.662078 -4.003310 -0.532264
v -2.582296 -4.003310 -0.849951
v -2.467199 -4.003310 -1.156615
v -2.181496 -4.896968 -3.006586
v 2.605639 -4.896968 -2.964962
v 2.596414 -4.896968 -1.904074
v 2.605441 -4.896968 -1.690109
v 2.636147 -4.896968 -1.478167
v 2.688215 -4.896968 -1.270438
v -2.293526 -4.896968 -1.313755
v -2.237854 -4.896968 -1.520547
v -2.203467 -4.896968 -1.731923
v -2.190721 -4.896968 -1.945698
v 2.546763 -3.896969 -6.965626
v -2.053063 -3.896969 -7.005621
v -2.097066 -3.896969 -1.944884
v -2.110379 -3.896969 -1.721603
v -2.146295 -3.896969 -1.500828
v -2.204443 -3.896969 -1.284842
v -2.284221 -3.896969 -1.075875
v -2.394040 -3.896969 -0.781789
v -2.468982 -3.896969 -0.476944
v -2.508035 -3.896969 -0.165462
v -2.510669 -3.896969 0.148449
v -2.476849 -3.896969 0.460544
v -2.407034 -3.896969 0.766603
v -2.302165 -3.896969 1.062490
v -2.163662 -3.896969 1.344206
v -1.993396 -3.896969 1.607941
v -1.793669 -3.896968 1.850130
v -1.567181 -3.896968 2.067501
v -1.316993 -3.896968 2.257113
v -1.046488 -3.896968 2.416404
v -0.759322 -3.896968 2.543221
v -0.459377 -3.896968 2.635849
v -0.150709 -3.896968 2.693037
v 0.162511 -3.896968 2.714010
v 0.476048 -3.896968 2.698486
v 0.785665 -3.896968 2.646675
v 1.087175 -3.896968 2.559277
v 1.376502 -3.896968 2.437472
v 1.649736 -3.896968 2.282909
v 1.903184 -3.896968 2.097676
v 2.133417 -3.896968 1.884277
v 2.337326 -3.896968 1.645597
v 2.512152 -3.896969 1.384862
v 2.655533 -3.896969 1.105598
v 2.765531 -3.896969 0.811579
v 2.840658 -3.896969 0.506780
v 2.879899 -3.896969 0.195320
v 2.882724 -3.896969 -0.118588
v 2.849094 -3.896969 -0.430703
v 2.779464 -3.896969 -0.736805
v 2.674775 -3.896969 -1.032756
v 2.598642 -3.896969 -1.243078
v 2.544259 -3.896969 -1.460044
v 2.512188 -3.896969 -1.681410
v 2.502759 -3.896969 -1.904889
v -2.253055 -4.896969 -7.007360
v -2.287834 -4.896968 -3.007511
v -2.287834 -4.696969 -3.007511
v -2.297059 -4.696969 -1.946623
v -2.297059 -4.003310 -1.946623
v -2.253055 -4.003311 -7.007360
v 2.746755 -4.003311 -6.963886
v 2.746755 -4.896969 -6.963886
v 2.352352 -5.071311 -6.967316
v 1.945898 -5.215335 -6.970850
v 1.529719 -5.328218 -6.974468
v 1.106197 -5.409313 -6.978151
v 0.677756 -5.458157 -6.981877
v 0.246850 -5.474469 -6.985623
v -0.184057 -5.458157 -6.989370
v -0.612497 -5.409313 -6.993095
v -1.036019 -5.328218 -6.996778
v -1.452198 -5.215335 -7.000397
v -1.858652 -5.071311 -7.003931
v 2.702752 -4.003310 -1.903149
v 2.702752 -4.696969 -1.903149
v 2.711976 -4.696969 -2.964037
v 2.711976 -4.896968 -2.964037
v 2.317573 -5.071310 -2.967467
v 1.911119 -5.215335 -2.971001
v 1.494940 -5.328218 -2.974620
v 1.071418 -5.409313 -2.978302
v 0.642978 -5.458156 -2.982028
v 0.212071 -5.474469 -2.985774
v -0.218836 -5.458156 -2.989521
v -0.647276 -5.409313 -2.993246
v -1.070798 -5.328218 -2.996929
v -1.486977 -5.215335 -3.000547
v -1.893431 -5.071310 -3.004081
v -2.317774 -4.696969 -1.676382
v -2.374837 -4.696969 -1.411425
v -2.374837 -4.003310 -1.411425
v -2.317774 -4.003310 -1.676383
v 2.771211 -4.696969 -1.366679
v 2.718765 -4.696969 -1.632590
v 2.718765 -4.003310 -1.632590
v 2.771211 -4.003310 -1.366679
v 4.485616 -1.674472 -45.950237
v 4.487915 -1.655982 -46.214657
v 4.490170 -1.600870 -46.473930
v 4.492335 -1.510209 -46.723011
v 4.494370 -1.385764 -46.957047
v 4.496234 -1.229957 -47.171490
v 4.497892 -1.045821 -47.362160
v 4.499311 -0.836939 -47.525352
v 4.500463 -0.607378 -47.657883
v 4.501328 -0.361605 -47.757175
v 4.501884 -0.104404 -47.821301
v 4.502126 0.159219 -47.849010
v 4.502045 0.424131 -47.839760
v 4.501645 0.685179 -47.793736
v 4.500933 0.937280 -47.711823
v 4.499923 1.175527 -47.595623
v 4.498634 1.395284 -47.447399
v 4.497092 1.592273 -47.270039
v 4.495326 1.762660 -47.066986
v 4.493371 1.903128 -46.842201
v 4.491266 2.010943 -46.600052
v 4.489050 2.084008 -46.345253
v 4.486768 2.120899 -46.082767
v 4.484463 2.120899 -45.817707
v 4.482181 2.084008 -45.555222
v 4.479966 2.010943 -45.300426
v 4.477860 1.903128 -45.058277
v 4.475905 1.762660 -44.833488
v 4.474140 1.592273 -44.630440
v 4.472598 1.395285 -44.453075
v 4.471309 1.175528 -44.304855
v 4.470299 0.937280 -44.188656
v 4.469586 0.685179 -44.106747
v 4.469186 0.424132 -44.060719
v 4.469106 0.159219 -44.051464
v 4.469347 -0.104404 -44.079174
v 4.469904 -0.361605 -44.143299
v 4.470768 -0.607378 -44.242592
v 4.471920 -0.836939 -44.375126
v 4.473339 -1.045820 -44.538315
v 4.474997 -1.229957 -44.728989
v 4.476862 -1.385764 -44.943432
v 4.478897 -1.510209 -45.177467
v 4.481062 -1.600870 -45.426544
v 4.483317 -1.655982 -45.685818
v 4.432447 -1.774472 -45.950699
v 4.430079 -1.755844 -45.678379
v 4.427755 -1.700307 -45.411125
v 4.425519 -1.608895 -45.153927
v 4.423412 -1.483311 -44.911575
v 4.421473 -1.325895 -44.688576
v 4.419738 -1.139578 -44.489086
v 4.418240 -0.927833 -44.316822
v 4.417007 -0.694602 -44.174995
v 4.416061 -0.444231 -44.066250
v 4.415421 -0.181384 -43.992607
v 4.415098 0.089043 -43.955441
v 4.415098 0.362012 -43.955441
v 4.415421 0.632440 -43.992607
v 4.416061 0.895287 -44.066250
v 4.417007 1.145658 -44.174995
v 4.418240 1.378888 -44.316822
v 4.419738 1.590634 -44.489086
v 4.421473 1.776950 -44.688576
v 4.423412 1.934367 -44.911575
v 4.425519 2.059950 -45.153927
v 4.427755 2.151362 -45.411125
v 4.430079 2.206900 -45.678379
v 4.432447 2.225528 -45.950699
v 4.434815 2.206900 -46.223026
v 4.437139 2.151362 -46.490276
v 4.439375 2.059950 -46.747475
v 4.441482 1.934366 -46.989830
v 4.443421 1.776950 -47.212830
v 4.445156 1.590634 -47.412315
v 4.446653 1.378888 -47.584579
v 4.447886 1.145657 -47.726406
v 4.448833 0.895287 -47.835152
v 4.449472 0.632439 -47.908794
v 4.449796 0.362012 -47.945965
v 4.449796 0.089043 -47.945965
v 4.449472 -0.181385 -47.908794
v 4.448833 -0.444232 -47.835152
v 4.447886 -0.694603 -47.726406
v 4.446653 -0.927833 -47.584576
v 4.445156 -1.139579 -47.412315
v 4.443421 -1.325895 -47.212830
v 4.441482 -1.483311 -46.989830
v 4.439375 -1.608895 -46.747471
v 4.437139 -1.700307 -46.490276
v 4.434815 -1.755844 -46.223026
v 5.379240 2.125528 -45.942467
v 5.381539 2.107037 -46.206890
v 5.383794 2.051925 -46.466160
v 5.385959 1.961264 -46.715237
v 5.387994 1.836819 -46.949276
v 5.389858 1.681012 -47.163715
v 5.391517 1.496876 -47.354393
v 5.392936 1.287994 -47.517578
v 5.394088 1.058433 -47.650112
v 5.394951 0.812660 -47.749405
v 5.395509 0.555459 -47.813534
v 5.395750 0.291836 -47.841240
v 5.395669 0.026923 -47.831985
v 5.395269 -0.234124 -47.785957
v 5.394557 -0.486225 -47.704048
v 5.393547 -0.724473 -47.587852
v 5.392258 -0.944229 -47.439632
v 5.390716 -1.141218 -47.262268
v 5.388950 -1.311605 -47.059216
v 5.386996 -1.452073 -46.834431
v 5.384891 -1.559888 -46.592281
v 5.382675 -1.632953 -46.337486
v 5.380392 -1.669844 -46.075001
v 5.378088 -1.669844 -45.809937
v 5.375806 -1.632953 -45.547451
v 5.373590 -1.559888 -45.292652
v 5.371484 -1.452073 -45.050507
v 5.369530 -1.311604 -44.825722
v 5.367764 -1.141218 -44.622665
v 5.366222 -0.944229 -44.445305
v 5.364933 -0.724472 -44.297081
v 5.363923 -0.486225 -44.180885
v 5.363211 -0.234124 -44.098976
v 5.362811 0.026924 -44.052952
v 5.362730 0.291837 -44.043697
v 5.362971 0.555459 -44.071404
v 5.363529 0.812660 -44.135532
v 5.364392 1.058433 -44.234825
v 5.365544 1.287994 -44.367355
v 5.366963 1.496876 -44.530548
v 5.368621 1.681012 -44.721218
v 5.370485 1.836819 -44.935658
v 5.372520 1.961264 -45.169697
v 5.374686 2.051925 -45.418777
v 5.376940 2.107038 -45.678051
v 5.432409 2.225528 -45.942005
v 5.430041 2.206900 -45.669682
v 5.427717 2.151362 -45.402431
v 5.425481 2.059950 -45.145233
v 5.423374 1.934367 -44.902874
v 5.421435 1.776950 -44.679878
v 5.419700 1.590634 -44.480392
v 5.418202 1.378888 -44.308132
v 5.416969 1.145658 -44.166302
v 5.416024 0.895287 -44.057556
v 5.415383 0.632440 -43.983910
v 5.415060 0.362012 -43.946743
v 5.415060 0.089043 -43.946743
v 5.415383 -0.181384 -43.983910
v 5.416024 -0.444231 -44.057556
v 5.416969 -0.694602 -44.166302
v 5.418202 -0.927833 -44.308128
v 5.419700 -1.139578 -44.480392
v 5.421435 -1.325895 -44.679878
v 5.423374 -1.483311 -44.902874
v 5.425481 -1.608895 -45.145229
v 5.427717 -1.700307 -45.402431
v 5.430041 -1.755844 -45.669682
v 5.432409 -1.774472 -45.942005
v 5.434776 -1.755844 -46.214329
v 5.437100 -1.700307 -46.481579
v 5.439337 -1.608895 -46.738781
v 5.441444 -1.483311 -46.981133
v 5.443383 -1.325895 -47.204132
v 5.445117 -1.139579 -47.403622
v 5.446615 -0.927833 -47.575886
v 5.447849 -0.694603 -47.717712
v 5.448794 -0.444232 -47.826458
v 5.449435 -0.181385 -47.900101
v 5.449758 0.089043 -47.937263
v 5.449758 0.362012 -47.937263
v 5.449435 0.632439 -47.900101
v 5.448794 0.895287 -47.826458
v 5.447849 1.145657 -47.717712
v 5.446615 1.378888 -47.575886
v 5.445117 1.590634 -47.403622
v 5.443383 1.776950 -47.204132
v 5.441444 1.934366 -46.981133
v 5.439337 2.059950 -46.738781
v 5.437100 2.151362 -46.481579
v 5.434776 2.206900 -46.214329
v 6.215769 0.675528 -39.934967
v 6.215692 0.667006 -39.848431
v 6.216881 0.641260 -39.762714
v 6.219135 0.598859 -39.683899
v 6.221905 0.543726 -39.616703
v 6.224777 0.476557 -39.561546
v 6.227342 0.397768 -39.519119
v 6.229048 0.312059 -39.493359
v 6.229647 0.225528 -39.484829
v 6.229048 0.138997 -39.493359
v 6.227342 0.053288 -39.519119
v 6.224777 -0.025501 -39.561546
v 6.221905 -0.092670 -39.616703
v 6.219135 -0.147803 -39.683899
v 6.216881 -0.190204 -39.762714
v 6.215692 -0.215950 -39.848431
v 6.215769 -0.224472 -39.934967
v 6.217196 -0.215950 -40.021492
v 6.219877 -0.190204 -40.107182
v 6.223500 -0.147803 -40.185940
v 6.227438 -0.092670 -40.253078
v 6.231269 -0.025501 -40.308174
v 6.234572 0.053288 -40.350552
v 6.236725 0.138997 -40.376278
v 6.237473 0.225528 -40.384796
v 6.236725 0.312059 -40.376278
v 6.234572 0.397768 -40.350552
v 6.231269 0.476557 -40.308174
v 6.227438 0.543726 -40.253078
v 6.223500 0.598859 -40.185940
v 6.219877 0.641260 -40.107182
v 6.217196 0.667006 -40.021492
v 4.380279 -0.224472 -39.950928
v 4.379177 -0.206244 -39.824154
v 4.378163 -0.153036 -39.707649
v 4.377322 -0.069159 -39.610851
v 4.376719 0.038591 -39.541611
v 4.376406 0.161486 -39.505524
v 4.376406 0.289570 -39.505524
v 4.376719 0.412465 -39.541611
v 4.377322 0.520215 -39.610851
v 4.378163 0.604092 -39.707649
v 4.379177 0.657300 -39.824154
v 4.380279 0.675528 -39.950928
v 4.381381 0.657300 -40.077702
v 4.382394 0.604092 -40.194206
v 4.383236 0.520215 -40.291004
v 4.383838 0.412465 -40.360245
v 4.384151 0.289569 -40.396332
v 4.384151 0.161486 -40.396332
v 4.383838 0.038591 -40.360245
v 4.383236 -0.069159 -40.291004
v 4.382394 -0.153036 -40.194206
v 4.381381 -0.206244 -40.077702
v 6.233159 0.675528 -41.934891
v 6.233082 0.667006 -41.848358
v 6.234272 0.641260 -41.762634
v 6.236525 0.598859 -41.683826
v 6.239294 0.543726 -41.616627
v 6.242166 0.476556 -41.561470
v 6.244731 0.397768 -41.519047
v 6.246438 0.312059 -41.493282
v 6.247036 0.225528 -41.484756
v 6.246438 0.138997 -41.493282
v 6.244731 0.053288 -41.519047
v 6.242166 -0.025501 -41.561470
v 6.239294 -0.092670 -41.616627
v 6.236525 -0.147803 -41.683826
v 6.234272 -0.190204 -41.762634
v 6.233082 -0.215950 -41.848358
v 6.233159 -0.224472 -41.934891
v 6.234587 -0.215950 -42.021416
v 6.237267 -0.190204 -42.107101
v 6.240890 -0.147803 -42.185860
v 6.244827 -0.092670 -42.253002
v 6.248658 -0.025501 -42.308102
v 6.251961 0.053288 -42.350475
v 6.254115 0.138997 -42.376205
v 6.254861 0.225528 -42.384720
v 6.254115 0.312059 -42.376205
v 6.251961 0.397768 -42.350475
v 6.248658 0.476556 -42.308102
v 6.244827 0.543726 -42.253002
v 6.240890 0.598859 -42.185860
v 6.237267 0.641260 -42.107101
v 6.234587 0.667006 -42.021416
v 4.397668 -0.224472 -41.950851
v 4.396565 -0.206244 -41.824078
v 4.395553 -0.153036 -41.707577
v 4.394711 -0.069159 -41.610779
v 4.394109 0.038591 -41.541531
v 4.393795 0.161486 -41.505447
v 4.393795 0.289569 -41.505447
v 4.394109 0.412465 -41.541531
v 4.394711 0.520215 -41.610779
v 4.395553 0.604092 -41.707577
v 4.396565 0.657300 -41.824078
v 4.397668 0.675528 -41.950851
v 4.398770 0.657300 -42.077629
v 4.399783 0.604092 -42.194134
v 4.400625 0.520215 -42.290928
v 4.401227 0.412465 -42.360168
v 4.401541 0.289569 -42.396255
v 4.401541 0.161486 -42.396255
v 4.401227 0.038591 -42.360168
v 4.400625 -0.069159 -42.290928
v 4.399783 -0.153036 -42.194134
v 4.398770 -0.206244 -42.077629
v 4.371584 -2.774472 -38.950966
v 5.371546 -2.774472 -38.942272
v 5.593645 -2.381714 -38.940338
v 5.783983 -1.972620 -38.938686
v 5.941368 -1.549751 -38.937317
v 6.064813 -1.115757 -38.936241
v 6.153544 -0.673359 -38.935471
v 6.207007 -0.225328 -38.935005
v 6.224865 0.225528 -38.934849
v 6.207007 0.676384 -38.935005
v 6.153544 1.124415 -38.935471
v 6.064813 1.566813 -38.936241
v 5.941368 2.000807 -38.937317
v 5.783983 2.423676 -38.938686
v 5.593645 2.832771 -38.940338
v 5.371546 3.225528 -38.942272
v 4.371584 3.225528 -38.950966
v 5.406325 3.225528 -42.942120
v 5.432409 3.225528 -45.942005
v 4.432447 3.225528 -45.950699
v 4.432447 -2.774473 -45.950699
v 5.432409 -2.774473 -45.942005
v 5.406325 -2.774472 -42.942120
v 4.435367 3.206664 -46.286583
v 4.438251 3.150311 -46.618237
v 4.441062 3.057178 -46.941502
v 4.443764 2.928434 -47.252304
v 4.446324 2.765700 -47.546738
v 4.448710 2.571022 -47.821098
v 4.450891 2.346848 -48.071941
v 4.452840 2.095997 -48.296108
v 4.454533 1.821624 -48.490776
v 4.455948 1.527179 -48.653503
v 4.457067 1.216365 -48.782242
v 4.457877 0.893090 -48.875374
v 4.458367 0.561421 -48.931728
v 4.458531 0.225527 -48.950588
v 4.458367 -0.110366 -48.931728
v 4.457877 -0.442035 -48.875374
v 4.457067 -0.765310 -48.782242
v 4.455948 -1.076124 -48.653503
v 4.454533 -1.370569 -48.490776
v 4.452840 -1.644942 -48.296108
v 4.450891 -1.895793 -48.071941
v 4.448710 -2.119967 -47.821098
v 4.446324 -2.314645 -47.546738
v 4.443764 -2.477379 -47.252304
v 4.441062 -2.606122 -46.941502
v 4.438251 -2.699256 -46.618237
v 4.435367 -2.755609 -46.286583
v 5.435329 -2.755609 -46.277885
v 5.438212 -2.699256 -46.609543
v 5.441024 -2.606122 -46.932804
v 5.443727 -2.477379 -47.243607
v 5.446286 -2.314645 -47.538040
v 5.448672 -2.119967 -47.812405
v 5.450853 -1.895793 -48.063248
v 5.452802 -1.644942 -48.287411
v 5.454494 -1.370569 -48.482082
v 5.455910 -1.076124 -48.644810
v 5.457029 -0.765310 -48.773544
v 5.457839 -0.442035 -48.866680
v 5.458329 -0.110366 -48.923031
v 5.458494 0.225527 -48.941891
v 5.458329 0.561421 -48.923031
v 5.457839 0.893090 -48.866680
v 5.457029 1.216365 -48.773544
v 5.455910 1.527179 -48.644810
v 5.454494 1.821624 -48.482086
v 5.452802 2.095997 -48.287411
v 5.450853 2.346848 -48.063248
v 5.448672 2.571022 -47.812405
v 5.446286 2.765700 -47.538040
v 5.443727 2.928434 -47.243607
v 5.441024 3.057178 -46.932804
v 5.438212 3.150311 -46.609543
v 5.435329 3.206664 -46.277885
v 5.628424 -2.381715 -42.940189
v 5.818762 -1.972620 -42.938534
v 5.976147 -1.549751 -42.937164
v 6.099592 -1.115757 -42.936092
v 6.188323 -0.673359 -42.935322
v 6.241786 -0.225328 -42.934853
v 6.259644 0.225528 -42.934700
v 6.241786 0.676384 -42.934856
v 6.188323 1.124415 -42.935322
v 6.099592 1.566813 -42.936092
v 5.976147 2.000806 -42.937164
v 5.818762 2.423676 -42.938534
v 5.628424 2.832770 -42.940189
v -3.852842 -1.574472 -41.542576
v -3.853030 -1.458875 -41.520966
v -3.853568 -1.358890 -41.459061
v -3.854384 -1.288020 -41.365219
v -3.855367 -1.255837 -41.252110
v -3.856385 -1.266688 -41.135014
v -3.857301 -1.319106 -41.029747
v -3.857990 -1.406014 -40.950527
v -3.858359 -1.515672 -40.908043
v -3.858359 -1.633272 -40.908043
v -3.857990 -1.742930 -40.950527
v -3.857301 -1.829838 -41.029747
v -3.856385 -1.882256 -41.135014
v -3.855367 -1.893107 -41.252110
v -3.854384 -1.860924 -41.365215
v -3.853568 -1.790055 -41.459061
v -3.853030 -1.690069 -41.520966
v -4.150222 -1.574472 -41.845169
v -4.150422 -1.741746 -41.822178
v -4.151007 -1.896614 -41.754917
v -4.151934 -2.027590 -41.648361
v -4.153133 -2.124961 -41.510422
v -4.154516 -2.181504 -41.351330
v -4.155981 -2.193027 -41.182884
v -4.157418 -2.158674 -41.017574
v -4.158721 -2.080994 -40.867664
v -4.159794 -1.965747 -40.744270
v -4.160557 -1.821481 -40.656544
v -4.160954 -1.658895 -40.610989
v -4.160954 -1.490049 -40.610989
v -4.160557 -1.327463 -40.656544
v -4.159794 -1.183197 -40.744270
v -4.158721 -1.067951 -40.867664
v -4.157418 -0.990270 -41.017574
v -4.155981 -0.955918 -41.182884
v -4.154516 -0.967440 -41.351330
v -4.153133 -1.023983 -41.510422
v -4.151934 -1.121354 -41.648361
v -4.151007 -1.252330 -41.754917
v -4.150422 -1.407198 -41.822178
v -3.852842 2.025528 -41.542576
v -3.853030 2.141125 -41.520966
v -3.853568 2.241110 -41.459061
v -3.854384 2.311980 -41.365219
v -3.855367 2.344163 -41.252110
v -3.856385 2.333313 -41.135014
v -3.857301 2.280894 -41.029747
v -3.857990 2.193986 -40.950527
v -3.858359 2.084328 -40.908043
v -3.858359 1.966728 -40.908043
v -3.857990 1.857070 -40.950527
v -3.857301 1.770162 -41.029747
v -3.856385 1.717744 -41.135014
v -3.855367 1.706893 -41.252110
v -3.854384 1.739076 -41.365219
v -3.853568 1.809946 -41.459061
v -3.853030 1.909931 -41.520966
v -4.150222 2.025528 -41.845169
v -4.150422 1.858254 -41.822178
v -4.151007 1.703386 -41.754917
v -4.151934 1.572410 -41.648361
v -4.153133 1.475039 -41.510422
v -4.154516 1.418496 -41.351330
v -4.155981 1.406973 -41.182884
v -4.157418 1.441326 -41.017574
v -4.158721 1.519006 -40.867664
v -4.159794 1.634253 -40.744270
v -4.160557 1.778519 -40.656544
v -4.160954 1.941104 -40.610989
v -4.160954 2.109951 -40.610989
v -4.160557 2.272537 -40.656544
v -4.159794 2.416802 -40.744270
v -4.158721 2.532050 -40.867664
v -4.157418 2.609730 -41.017574
v -4.155981 2.644083 -41.182884
v -4.154516 2.632560 -41.351330
v -4.153133 2.576017 -41.510422
v -4.151934 2.478646 -41.648361
v -4.151007 2.347670 -41.754917
v -4.150422 2.192802 -41.822178
v -4.148657 -1.574472 -42.025162
v -4.148859 -1.383020 -42.001919
v -4.149454 -1.202694 -41.933529
v -4.150406 -1.043974 -41.823982
v -4.151662 -0.916085 -41.679626
v -4.153146 -0.826459 -41.508869
v -4.154774 -0.780305 -41.321617
v -4.156451 -0.780305 -41.128769
v -4.158080 -0.826459 -40.941521
v -4.159564 -0.916085 -40.770760
v -4.160820 -1.043974 -40.626408
v -4.161772 -1.202694 -40.516853
v -4.162366 -1.383019 -40.448471
v -4.162569 -1.574472 -40.425224
v -4.162366 -1.765925 -40.448471
v -4.161772 -1.946251 -40.516853
v -4.160820 -2.104970 -40.626408
v -4.159564 -2.232859 -40.770760
v -4.158080 -2.322485 -40.941521
v -4.156451 -2.368639 -41.128769
v -4.154774 -2.368639 -41.321617
v -4.153146 -2.322485 -41.508869
v -4.151662 -2.232859 -41.679626
v -4.150406 -2.104970 -41.823982
v -4.149454 -1.946251 -41.933529
v -4.148859 -1.765925 -42.001919
v -4.856957 -1.574472 -42.031322
v -4.804917 -1.724061 -42.016552
v -4.749165 -1.872006 -41.972984
v -4.693455 -2.009045 -41.901348
v -4.641975 -2.128047 -41.806953
v -4.597071 -2.226745 -41.691902
v -4.560033 -2.305453 -41.553749
v -4.536232 -2.355606 -41.400223
v -4.528019 -2.374343 -41.242386
v -4.536077 -2.361297 -41.085133
v -4.559845 -2.316743 -40.930309
v -4.597327 -2.242608 -40.789398
v -4.643223 -2.147000 -40.670650
v -4.695189 -2.031921 -40.573788
v -4.751768 -1.897644 -40.498535
v -4.808643 -1.751019 -40.450768
v -4.861954 -1.601012 -40.431767
v -4.910326 -1.450809 -40.441544
v -4.954575 -1.298536 -40.481236
v -4.991764 -1.155036 -40.551453
v -5.020771 -1.029571 -40.647007
v -5.042065 -0.926234 -40.764416
v -5.057038 -0.844790 -40.905094
v -5.065267 -0.793522 -41.060532
v -5.067273 -0.774601 -41.219154
v -5.063560 -0.787754 -41.377060
v -5.053776 -0.833193 -41.533852
v -5.037500 -0.909748 -41.677616
v -5.015226 -1.009601 -41.799183
v -4.986013 -1.130945 -41.897957
v -4.948956 -1.271826 -41.972660
v -4.905005 -1.423322 -42.017109
v -4.148657 2.025528 -42.025162
v -4.148859 2.216980 -42.001919
v -4.149454 2.397307 -41.933529
v -4.150406 2.556026 -41.823982
v -4.151662 2.683915 -41.679626
v -4.153146 2.773541 -41.508869
v -4.154774 2.819695 -41.321617
v -4.156451 2.819695 -41.128769
v -4.158080 2.773541 -40.941521
v -4.159564 2.683915 -40.770760
v -4.160820 2.556026 -40.626408
v -4.161772 2.397307 -40.516853
v -4.162366 2.216980 -40.448471
v -4.162569 2.025528 -40.425224
v -4.162366 1.834075 -40.448471
v -4.161772 1.653749 -40.516853
v -4.160820 1.495030 -40.626408
v -4.159564 1.367141 -40.770760
v -4.158080 1.277515 -40.941521
v -4.156451 1.231361 -41.128769
v -4.154774 1.231361 -41.321617
v -4.153146 1.277515 -41.508869
v -4.151662 1.367141 -41.679626
v -4.150406 1.495029 -41.823982
v -4.149454 1.653749 -41.933529
v -4.148859 1.834075 -42.001919
v -4.856957 2.025528 -42.031322
v -4.905005 1.874377 -42.017113
v -4.948956 1.722881 -41.972660
v -4.986013 1.582001 -41.897961
v -5.015226 1.460656 -41.799187
v -5.037500 1.360804 -41.677616
v -5.053776 1.284249 -41.533855
v -5.063560 1.238810 -41.377060
v -5.067273 1.225657 -41.219154
v -5.065267 1.244578 -41.060532
v -5.057038 1.295846 -40.905094
v -5.042065 1.377290 -40.764416
v -5.020771 1.480627 -40.647007
v -4.991764 1.606092 -40.551453
v -4.954575 1.749592 -40.481236
v -4.910326 1.901865 -40.441544
v -4.861954 2.052067 -40.431767
v -4.808643 2.202075 -40.450768
v -4.751768 2.348700 -40.498535
v -4.695189 2.482977 -40.573788
v -4.643223 2.598056 -40.670650
v -4.597327 2.693663 -40.789398
v -4.559845 2.767799 -40.930313
v -4.536077 2.812353 -41.085133
v -4.528019 2.825399 -41.242386
v -4.536232 2.806662 -41.400223
v -4.560033 2.756509 -41.553749
v -4.597071 2.677800 -41.691902
v -4.641975 2.579103 -41.806953
v -4.693455 2.460101 -41.901348
v -4.749165 2.323062 -41.972984
v -4.804917 2.175117 -42.016552
v -2.496948 4.366991 -43.455376
v -2.493237 4.567746 -43.882130
v -2.489370 4.724660 -44.326874
v -2.485385 4.836147 -44.785114
v -2.481324 4.901082 -45.252235
v -2.477226 4.918810 -45.723518
v -2.473133 4.889151 -46.194195
v -2.469088 4.812405 -46.659519
v -2.465129 4.689346 -47.114796
v -2.461298 4.521218 -47.555424
v -2.457632 4.309717 -47.976955
v -2.454170 4.056980 -48.375130
v -2.450946 3.765558 -48.745941
v -2.447992 3.438393 -49.085629
v -2.445339 3.078789 -49.390770
v -2.443013 2.690377 -49.658287
v -2.441038 2.277078 -49.885475
v -2.439433 1.843064 -50.070034
v -2.438215 1.392720 -50.210117
v -2.437396 0.930590 -50.304295
v -2.436985 0.461342 -50.351624
v -2.436985 -0.010287 -50.351624
v -2.437396 -0.479536 -50.304295
v -2.438215 -0.941665 -50.210117
v -2.439433 -1.392010 -50.070034
v -2.441038 -1.826023 -49.885471
v -2.443013 -2.239323 -49.658287
v -2.445339 -2.627735 -49.390770
v -2.447992 -2.987339 -49.085629
v -2.450946 -3.314503 -48.745941
v -2.454170 -3.605925 -48.375126
v -2.457632 -3.858663 -47.976952
v -2.461298 -4.070163 -47.555420
v -2.465129 -4.238291 -47.114796
v -2.469088 -4.361349 -46.659519
v -2.473133 -4.438095 -46.194195
v -2.477226 -4.467754 -45.723515
v -2.481324 -4.450027 -45.252235
v -2.485385 -4.385091 -44.785114
v -2.489370 -4.273604 -44.326874
v -2.493237 -4.116691 -43.882130
v -2.496948 -3.915936 -43.455376
v -2.697375 -4.009767 -43.407070
v -2.693580 -4.215070 -43.843494
v -2.689626 -4.375539 -44.298313
v -2.685551 -4.489552 -44.766941
v -2.681397 -4.555958 -45.244644
v -2.677207 -4.574088 -45.726601
v -2.673021 -4.543756 -46.207947
v -2.668884 -4.465272 -46.683811
v -2.664835 -4.339425 -47.149399
v -2.660917 -4.167488 -47.600010
v -2.657169 -3.951196 -48.031094
v -2.653628 -3.692732 -48.438297
v -2.650331 -3.394708 -48.817501
v -2.647311 -3.060131 -49.164883
v -2.644597 -2.692380 -49.476940
v -2.642219 -2.295167 -49.750515
v -2.640198 -1.872504 -49.982853
v -2.638557 -1.428658 -50.171597
v -2.637311 -0.968110 -50.314850
v -2.636474 -0.495510 -50.411171
v -2.636053 -0.015630 -50.459568
v -2.636053 0.466685 -50.459568
v -2.636474 0.946564 -50.411171
v -2.637311 1.419164 -50.314850
v -2.638557 1.879713 -50.171597
v -2.640198 2.323559 -49.982853
v -2.642219 2.746222 -49.750515
v -2.644597 3.143435 -49.476940
v -2.647311 3.511186 -49.164883
v -2.650331 3.845762 -48.817505
v -2.653628 4.143787 -48.438297
v -2.657169 4.402250 -48.031094
v -2.660917 4.618543 -47.600014
v -2.664835 4.790480 -47.149403
v -2.668884 4.916327 -46.683811
v -2.673021 4.994812 -46.207947
v -2.677207 5.025143 -45.726604
v -2.681397 5.007014 -45.244644
v -2.685551 4.940608 -44.766945
v -2.689626 4.826595 -44.298317
v -2.693580 4.666126 -43.843494
v -2.697375 4.460823 -43.407070
v -3.415435 0.225528 -46.718964
v -3.415642 0.406701 -46.695114
v -3.416250 0.575527 -46.625187
v -3.417218 0.720502 -46.513947
v -3.418478 0.831745 -46.368977
v -3.419946 0.901676 -46.200161
v -3.421521 0.925528 -46.018993
v -3.423097 0.901676 -45.837826
v -3.424565 0.831745 -45.669006
v -3.425825 0.720502 -45.524033
v -3.426792 0.575528 -45.412796
v -3.427401 0.406701 -45.342869
v -3.427608 0.225528 -45.319016
v -3.427401 0.044354 -45.342869
v -3.426792 -0.124472 -45.412796
v -3.425825 -0.269447 -45.524033
v -3.424565 -0.380690 -45.669006
v -3.423097 -0.450620 -45.837826
v -3.421521 -0.474472 -46.018993
v -3.419946 -0.450620 -46.200161
v -3.418478 -0.380690 -46.368977
v -3.417218 -0.269447 -46.513947
v -3.416250 -0.124472 -46.625187
v -3.415642 0.044354 -46.695114
v -3.467734 0.225528 -46.819424
v -3.467937 0.034075 -46.796177
v -3.468532 -0.146251 -46.727791
v -3.469484 -0.304971 -46.618240
v -3.470739 -0.432859 -46.473888
v -3.472224 -0.522485 -46.303127
v -3.473852 -0.568639 -46.115879
v -3.475529 -0.568639 -45.923031
v -3.477157 -0.522485 -45.735779
v -3.478642 -0.432859 -45.565022
v -3.479897 -0.304971 -45.420666
v -3.480849 -0.146251 -45.311111
v -3.481444 0.034075 -45.242729
v -3.481646 0.225528 -45.219486
v -3.481444 0.416980 -45.242729
v -3.480849 0.597306 -45.311111
v -3.479897 0.756026 -45.420666
v -3.478642 0.883915 -45.565022
v -3.477157 0.973541 -45.735779
v -3.475529 1.019694 -45.923031
v -3.473852 1.019694 -46.115879
v -3.472224 0.973541 -46.303127
v -3.470739 0.883914 -46.473888
v -3.469484 0.756026 -46.618240
v -3.468532 0.597306 -46.727791
v -3.467937 0.416980 -46.796177
v -5.162096 0.225528 -40.483917
v -5.161497 0.138997 -40.475388
v -5.159791 0.053288 -40.449627
v -5.157227 -0.025501 -40.407200
v -5.154354 -0.092670 -40.352043
v -5.151584 -0.147803 -40.284847
v -5.149330 -0.190204 -40.206032
v -5.148141 -0.215950 -40.120316
v -5.148219 -0.224472 -40.033779
v -5.149646 -0.215950 -39.947254
v -5.152326 -0.190204 -39.861565
v -5.155950 -0.147803 -39.782806
v -5.159887 -0.092670 -39.715672
v -5.163718 -0.025501 -39.660572
v -5.167021 0.053288 -39.618195
v -5.169174 0.138997 -39.592464
v -5.169922 0.225528 -39.583950
v -5.169174 0.312059 -39.592464
v -5.167021 0.397768 -39.618195
v -5.163718 0.476557 -39.660572
v -5.159887 0.543726 -39.715672
v -5.155950 0.598859 -39.782806
v -5.152326 0.641260 -39.861565
v -5.149646 0.667006 -39.947254
v -5.148219 0.675528 -40.033779
v -5.148141 0.667006 -40.120316
v -5.149330 0.641260 -40.206032
v -5.151584 0.598859 -40.284847
v -5.154354 0.543726 -40.352043
v -5.157227 0.476557 -40.407200
v -5.159791 0.397768 -40.449627
v -5.161497 0.312059 -40.475388
v -2.530809 0.225528 -39.561005
v -2.530618 0.086470 -39.583027
v -2.530062 -0.038975 -39.646938
v -2.529196 -0.138529 -39.746490
v -2.528105 -0.202447 -39.871933
v -2.526897 -0.224472 -40.010986
v -2.525687 -0.202447 -40.150036
v -2.524597 -0.138530 -40.275478
v -2.523731 -0.038975 -40.375031
v -2.523175 0.086470 -40.438946
v -2.522984 0.225528 -40.460972
v -2.523175 0.364585 -40.438946
v -2.523731 0.490031 -40.375031
v -2.524597 0.589585 -40.275478
v -2.525687 0.653503 -40.150036
v -2.526897 0.675528 -40.010986
v -2.528105 0.653503 -39.871933
v -2.529196 0.589586 -39.746490
v -2.530062 0.490031 -39.646938
v -2.530618 0.364586 -39.583027
v -5.144707 0.225528 -42.483841
v -5.144108 0.138997 -42.475315
v -5.142402 0.053288 -42.449551
v -5.139837 -0.025501 -42.407127
v -5.136965 -0.092670 -42.351963
v -5.134194 -0.147803 -42.284771
v -5.131941 -0.190205 -42.205959
v -5.130752 -0.215950 -42.120235
v -5.130829 -0.224472 -42.033703
v -5.132257 -0.215950 -41.947182
v -5.134936 -0.190204 -41.861492
v -5.138560 -0.147803 -41.782730
v -5.142498 -0.092670 -41.715595
v -5.146329 -0.025501 -41.660492
v -5.149631 0.053288 -41.618114
v -5.151785 0.138997 -41.592388
v -5.152532 0.225528 -41.583874
v -5.151785 0.312059 -41.592388
v -5.149631 0.397768 -41.618114
v -5.146329 0.476556 -41.660492
v -5.142498 0.543726 -41.715595
v -5.138560 0.598859 -41.782730
v -5.134936 0.641260 -41.861492
v -5.132257 0.667006 -41.947182
v -5.130829 0.675528 -42.033703
v -5.130752 0.667006 -42.120235
v -5.131941 0.641260 -42.205959
v -5.134194 0.598859 -42.284771
v -5.136965 0.543726 -42.351963
v -5.139837 0.476556 -42.407127
v -5.142402 0.397768 -42.449551
v -5.144108 0.312059 -42.475315
v -2.513420 0.225528 -41.560925
v -2.513228 0.086470 -41.582951
v -2.512673 -0.038975 -41.646866
v -2.511807 -0.138530 -41.746418
v -2.510716 -0.202448 -41.871861
v -2.509507 -0.224472 -42.010910
v -2.508298 -0.202448 -42.149963
v -2.507207 -0.138530 -42.275402
v -2.506342 -0.038976 -42.374950
v -2.505786 0.086470 -42.438866
v -2.505595 0.225528 -42.460892
v -2.505786 0.364585 -42.438866
v -2.506342 0.490031 -42.374950
v -2.507207 0.589585 -42.275402
v -2.508298 0.653503 -42.149963
v -2.509507 0.675528 -42.010910
v -2.510716 0.653503 -41.871861
v -2.511807 0.589585 -41.746418
v -2.512673 0.490031 -41.646866
v -2.513228 0.364585 -41.582951
v -3.156269 2.025528 -48.136761
v -3.156457 2.141125 -48.115158
v -3.156995 2.241110 -48.053249
v -3.157811 2.311980 -47.959408
v -3.158794 2.344162 -47.846302
v -3.159813 2.333312 -47.729210
v -3.160728 2.280893 -47.623943
v -3.161417 2.193985 -47.544716
v -3.161786 2.084328 -47.502239
v -3.161786 1.966728 -47.502239
v -3.161417 1.857069 -47.544716
v -3.160728 1.770162 -47.623943
v -3.159813 1.717743 -47.729210
v -3.158794 1.706892 -47.846302
v -3.157811 1.739075 -47.959408
v -3.156995 1.809945 -48.053249
v -3.156457 1.909930 -48.115158
v -3.453649 2.025528 -48.439362
v -3.453849 1.858253 -48.416374
v -3.454434 1.703385 -48.349106
v -3.455360 1.572409 -48.242550
v -3.456560 1.475038 -48.104614
v -3.457943 1.418495 -47.945522
v -3.459408 1.406973 -47.777081
v -3.460845 1.441326 -47.611767
v -3.462148 1.519006 -47.461857
v -3.463222 1.634253 -47.338463
v -3.463984 1.778519 -47.250740
v -3.464381 1.941104 -47.205185
v -3.464381 2.109951 -47.205185
v -3.463984 2.272536 -47.250740
v -3.463222 2.416802 -47.338463
v -3.462148 2.532049 -47.461857
v -3.460845 2.609730 -47.611767
v -3.459408 2.644083 -47.777081
v -3.457943 2.632560 -47.945522
v -3.456560 2.576016 -48.104614
v -3.455360 2.478646 -48.242550
v -3.454434 2.347670 -48.349106
v -3.453849 2.192801 -48.416374
v -3.156269 -1.574473 -48.136761
v -3.156457 -1.458875 -48.115158
v -3.156995 -1.358890 -48.053249
v -3.157811 -1.288020 -47.959408
v -3.158794 -1.255838 -47.846302
v -3.159813 -1.266688 -47.729210
v -3.160728 -1.319107 -47.623943
v -3.161417 -1.406014 -47.544716
v -3.161786 -1.515673 -47.502239
v -3.161786 -1.633272 -47.502239
v -3.161417 -1.742931 -47.544716
v -3.160728 -1.829838 -47.623943
v -3.159813 -1.882257 -47.729210
v -3.158794 -1.893108 -47.846302
v -3.157811 -1.860925 -47.959408
v -3.156995 -1.790055 -48.053249
v -3.156457 -1.690070 -48.115158
v -3.453649 -1.574473 -48.439362
v -3.453849 -1.741747 -48.416374
v -3.454434 -1.896615 -48.349106
v -3.455360 -2.027591 -48.242550
v -3.456560 -2.124961 -48.104614
v -3.457943 -2.181505 -47.945522
v -3.459408 -2.193027 -47.777081
v -3.460845 -2.158674 -47.611767
v -3.462148 -2.080994 -47.461857
v -3.463222 -1.965747 -47.338463
v -3.463984 -1.821481 -47.250740
v -3.464381 -1.658896 -47.205185
v -3.464381 -1.490049 -47.205185
v -3.463984 -1.327464 -47.250740
v -3.463222 -1.183198 -47.338463
v -3.462148 -1.067951 -47.461857
v -3.460845 -0.990271 -47.611767
v -3.459408 -0.955918 -47.777081
v -3.457943 -0.967440 -47.945522
v -3.456560 -1.023984 -48.104614
v -3.455360 -1.121354 -48.242550
v -3.454434 -1.252331 -48.349106
v -3.453849 -1.407199 -48.416374
v -2.961841 -1.574473 -47.495049
v -2.961653 -1.690070 -47.516659
v -2.961115 -1.790055 -47.578568
v -2.960299 -1.860925 -47.672409
v -2.959315 -1.893108 -47.785511
v -2.958298 -1.882257 -47.902607
v -2.957382 -1.829838 -48.007874
v -2.956693 -1.742931 -48.087097
v -2.956324 -1.633272 -48.129578
v -2.956324 -1.515673 -48.129578
v -2.956693 -1.406014 -48.087097
v -2.957382 -1.319107 -48.007874
v -2.958298 -1.266688 -47.902607
v -2.959315 -1.255838 -47.785511
v -2.960299 -1.288020 -47.672409
v -2.961115 -1.358890 -47.578568
v -2.961653 -1.458875 -47.516659
v -2.961841 2.025528 -47.495049
v -2.961653 1.909930 -47.516659
v -2.961115 1.809945 -47.578568
v -2.960299 1.739075 -47.672409
v -2.959315 1.706892 -47.785511
v -2.958298 1.717743 -47.902607
v -2.957382 1.770162 -48.007874
v -2.956693 1.857069 -48.087097
v -2.956324 1.966728 -48.129578
v -2.956324 2.084328 -48.129578
v -2.956693 2.193985 -48.087097
v -2.957382 2.280893 -48.007874
v -2.958298 2.333312 -47.902607
v -2.959315 2.344162 -47.785511
v -2.960299 2.311980 -47.672409
v -2.961115 2.241110 -47.578568
v -2.961653 2.141125 -47.516659
v -2.980796 0.225528 -45.315136
v -2.980588 0.044354 -45.338985
v -2.979980 -0.124472 -45.408913
v -2.979013 -0.269447 -45.520153
v -2.977753 -0.380690 -45.665119
v -2.976285 -0.450620 -45.833942
v -2.974709 -0.474472 -46.015106
v -2.973134 -0.450620 -46.196270
v -2.971666 -0.380690 -46.365089
v -2.970406 -0.269447 -46.510063
v -2.969439 -0.124472 -46.621300
v -2.968831 0.044354 -46.691231
v -2.968623 0.225528 -46.715080
v -2.968831 0.406701 -46.691231
v -2.969439 0.575527 -46.621300
v -2.970406 0.720502 -46.510063
v -2.971666 0.831745 -46.365089
v -2.973134 0.901676 -46.196270
v -2.974709 0.925528 -46.015106
v -2.976285 0.901676 -45.833942
v -2.977753 0.831745 -45.665119
v -2.979013 0.720502 -45.520153
v -2.979980 0.575528 -45.408913
v -2.980588 0.406701 -45.338985
v -2.965580 -1.574473 -47.065067
v -2.965375 -1.387955 -47.088631
v -2.964773 -1.213157 -47.157833
v -2.963812 -1.061062 -47.268337
v -2.962553 -0.941226 -47.413181
v -2.961074 -0.861180 -47.583282
v -2.959468 -0.825953 -47.767948
v -2.957837 -0.837757 -47.955570
v -2.956282 -0.895852 -48.134357
v -2.954902 -0.996588 -48.293087
v -2.953783 -1.133634 -48.421780
v -2.952996 -1.298379 -48.512344
v -2.952590 -1.480473 -48.559097
v -2.952590 -1.668473 -48.559097
v -2.952996 -1.850566 -48.512344
v -2.953783 -2.015312 -48.421780
v -2.954902 -2.152358 -48.293087
v -2.956282 -2.253093 -48.134357
v -2.957837 -2.311188 -47.955570
v -2.959468 -2.322993 -47.767948
v -2.961074 -2.287765 -47.583282
v -2.962553 -2.207718 -47.413181
v -2.963812 -2.087883 -47.268337
v -2.964773 -1.935788 -47.157833
v -2.965375 -1.760990 -47.088631
v -2.465599 -1.574473 -47.060719
v -2.465394 -1.760990 -47.084282
v -2.464792 -1.935788 -47.153488
v -2.463831 -2.087883 -47.263985
v -2.462572 -2.207718 -47.408836
v -2.461093 -2.287765 -47.578934
v -2.459487 -2.322993 -47.763599
v -2.457856 -2.311188 -47.951221
v -2.456301 -2.253093 -48.130016
v -2.454921 -2.152358 -48.288742
v -2.453802 -2.015312 -48.417435
v -2.453015 -1.850566 -48.507996
v -2.452608 -1.668473 -48.554752
v -2.452608 -1.480473 -48.554752
v -2.453015 -1.298379 -48.507996
v -2.453802 -1.133634 -48.417435
v -2.454921 -0.996588 -48.288742
v -2.456301 -0.895852 -48.130016
v -2.457856 -0.837757 -47.951221
v -2.459487 -0.825953 -47.763599
v -2.461093 -0.861180 -47.578934
v -2.462572 -0.941226 -47.408836
v -2.463831 -1.061062 -47.263985
v -2.464792 -1.213157 -47.153488
v -2.465394 -1.387955 -47.084282
v -2.986013 0.225528 -44.715157
v -2.985808 0.471554 -44.738644
v -2.985203 0.708689 -44.808273
v -2.984218 0.928361 -44.921520
v -2.982890 1.122630 -45.074291
v -2.981266 1.284476 -45.261063
v -2.979405 1.408049 -45.475086
v -2.977374 1.488883 -45.708630
v -2.975247 1.524055 -45.953255
v -2.973101 1.512295 -46.200108
v -2.971012 1.454028 -46.440281
v -2.969058 1.351360 -46.665081
v -2.967308 1.208002 -46.866394
v -2.965825 1.029134 -47.036938
v -2.964663 0.821222 -47.170547
v -2.963864 0.591780 -47.262402
v -2.963458 0.349100 -47.309174
v -2.963458 0.101955 -47.309174
v -2.963864 -0.140725 -47.262402
v -2.964663 -0.370167 -47.170547
v -2.965825 -0.578079 -47.036938
v -2.967308 -0.756947 -46.866394
v -2.969058 -0.900306 -46.665077
v -2.971012 -1.002974 -46.440281
v -2.973101 -1.061240 -46.200108
v -2.975247 -1.073000 -45.953255
v -2.977374 -1.037827 -45.708630
v -2.979405 -0.956994 -45.475086
v -2.981266 -0.833421 -45.261063
v -2.982890 -0.671575 -45.074291
v -2.984218 -0.477305 -44.921520
v -2.985203 -0.257633 -44.808273
v -2.985808 -0.020499 -44.738644
v -2.486032 0.225528 -44.710812
v -2.485827 -0.020499 -44.734303
v -2.485222 -0.257633 -44.803925
v -2.484237 -0.477305 -44.917171
v -2.482909 -0.671575 -45.069942
v -2.481285 -0.833421 -45.256714
v -2.479424 -0.956994 -45.470737
v -2.477393 -1.037827 -45.704285
v -2.475266 -1.073000 -45.948902
v -2.473120 -1.061240 -46.195759
v -2.471031 -1.002974 -46.435928
v -2.469077 -0.900306 -46.660736
v -2.467326 -0.756947 -46.862045
v -2.465844 -0.578079 -47.032589
v -2.464682 -0.370167 -47.166203
v -2.463883 -0.140725 -47.258053
v -2.463476 0.101955 -47.304825
v -2.463476 0.349100 -47.304825
v -2.463883 0.591780 -47.258053
v -2.464682 0.821222 -47.166203
v -2.465844 1.029134 -47.032589
v -2.467326 1.208002 -46.862045
v -2.469077 1.351360 -46.660736
v -2.471031 1.454028 -46.435928
v -2.473120 1.512295 -46.195759
v -2.475266 1.524055 -45.948902
v -2.477393 1.488883 -45.704285
v -2.479424 1.408049 -45.470737
v -2.481285 1.284476 -45.256714
v -2.482909 1.122630 -45.069942
v -2.484237 0.928361 -44.917171
v -2.485222 0.708689 -44.803925
v -2.485827 0.471554 -44.734303
v -2.965580 2.025528 -47.065067
v -2.965375 2.212045 -47.088631
v -2.964773 2.386843 -47.157833
v -2.963812 2.538938 -47.268337
v -2.962553 2.658773 -47.413181
v -2.961074 2.738820 -47.583282
v -2.959468 2.774048 -47.767948
v -2.957837 2.762243 -47.955570
v -2.956282 2.704148 -48.134361
v -2.954902 2.603413 -48.293087
v -2.953783 2.466366 -48.421780
v -2.952996 2.301621 -48.512344
v -2.952590 2.119528 -48.559097
v -2.952590 1.931527 -48.559097
v -2.952996 1.749434 -48.512344
v -2.953783 1.584688 -48.421780
v -2.954902 1.447642 -48.293087
v -2.956282 1.346907 -48.134361
v -2.957837 1.288812 -47.955570
v -2.959468 1.277007 -47.767948
v -2.961074 1.312235 -47.583282
v -2.962553 1.392281 -47.413181
v -2.963812 1.512117 -47.268337
v -2.964773 1.664212 -47.157833
v -2.965375 1.839010 -47.088631
v -2.465599 2.025528 -47.060719
v -2.465394 1.839010 -47.084282
v -2.464792 1.664212 -47.153488
v -2.463831 1.512117 -47.263985
v -2.462572 1.392281 -47.408836
v -2.461093 1.312235 -47.578934
v -2.459487 1.277007 -47.763599
v -2.457856 1.288812 -47.951221
v -2.456301 1.346907 -48.130016
v -2.454921 1.447642 -48.288742
v -2.453802 1.584688 -48.417435
v -2.453015 1.749434 -48.507996
v -2.452608 1.931527 -48.554752
v -2.452608 2.119528 -48.554752
v -2.453015 2.301621 -48.507996
v -2.453802 2.466366 -48.417435
v -2.454921 2.603413 -48.288742
v -2.456301 2.704148 -48.130016
v -2.457856 2.762243 -47.951221
v -2.459487 2.774048 -47.763599
v -2.461093 2.738820 -47.578938
v -2.462572 2.658773 -47.408836
v -2.463831 2.538938 -47.263985
v -2.464792 2.386843 -47.153488
v -2.465394 2.212045 -47.084282
v -3.022965 -1.574472 -40.465313
v -3.022760 -1.387955 -40.488876
v -3.022158 -1.213157 -40.558079
v -3.021198 -1.061062 -40.668583
v -3.019938 -0.941226 -40.813435
v -3.018459 -0.861180 -40.983536
v -3.016854 -0.825952 -41.168198
v -3.015222 -0.837757 -41.355820
v -3.013668 -0.895852 -41.534611
v -3.012288 -0.996587 -41.693336
v -3.011168 -1.133633 -41.822025
v -3.010381 -1.298379 -41.912594
v -3.009974 -1.480472 -41.959347
v -3.009974 -1.668472 -41.959347
v -3.010381 -1.850566 -41.912594
v -3.011168 -2.015311 -41.822025
v -3.012288 -2.152357 -41.693336
v -3.013668 -2.253092 -41.534611
v -3.015222 -2.311187 -41.355816
v -3.016854 -2.322992 -41.168198
v -3.018459 -2.287765 -40.983536
v -3.019938 -2.207718 -40.813435
v -3.021198 -2.087883 -40.668583
v -3.022158 -1.935787 -40.558079
v -3.022760 -1.760989 -40.488876
v -2.522984 -1.574472 -40.460968
v -2.522779 -1.760989 -40.484531
v -2.522177 -1.935787 -40.553734
v -2.521217 -2.087883 -40.664234
v -2.519957 -2.207718 -40.809086
v -2.518478 -2.287765 -40.979187
v -2.516872 -2.322992 -41.163849
v -2.515241 -2.311187 -41.351471
v -2.513686 -2.253092 -41.530262
v -2.512306 -2.152357 -41.688988
v -2.511187 -2.015311 -41.817680
v -2.510400 -1.850566 -41.908249
v -2.509994 -1.668472 -41.954998
v -2.509994 -1.480472 -41.954998
v -2.510400 -1.298379 -41.908249
v -2.511187 -1.133633 -41.817680
v -2.512306 -0.996587 -41.688988
v -2.513686 -0.895852 -41.530262
v -2.515241 -0.837757 -41.351471
v -2.516872 -0.825952 -41.163849
v -2.518478 -0.861180 -40.979187
v -2.519957 -0.941226 -40.809086
v -2.521217 -1.061062 -40.664234
v -2.522177 -1.213157 -40.553734
v -2.522779 -1.387955 -40.484531
v -3.022965 2.025528 -40.465313
v -3.022760 2.212046 -40.488876
v -3.022158 2.386843 -40.558079
v -3.021198 2.538939 -40.668583
v -3.019938 2.658774 -40.813435
v -3.018459 2.738820 -40.983536
v -3.016854 2.774048 -41.168201
v -3.015222 2.762243 -41.355820
v -3.013668 2.704148 -41.534611
v -3.012288 2.603413 -41.693336
v -3.011168 2.466367 -41.822025
v -3.010381 2.301621 -41.912594
v -3.009974 2.119528 -41.959347
v -3.009974 1.931528 -41.959347
v -3.010381 1.749434 -41.912594
v -3.011168 1.584689 -41.822025
v -3.012288 1.447643 -41.693336
v -3.013668 1.346908 -41.534611
v -3.015222 1.288812 -41.355820
v -3.016854 1.277008 -41.168201
v -3.018459 1.312235 -40.983536
v -3.019938 1.392282 -40.813435
v -3.021198 1.512118 -40.668583
v -3.022158 1.664213 -40.558079
v -3.022760 1.839010 -40.488876
v -2.522984 2.025528 -40.460972
v -2.522779 1.839010 -40.484531
v -2.522177 1.664213 -40.553734
v -2.521217 1.512118 -40.664234
v -2.519957 1.392282 -40.809086
v -2.518478 1.312235 -40.979187
v -2.516872 1.277008 -41.163849
v -2.515241 1.288812 -41.351471
v -2.513686 1.346908 -41.530262
v -2.512306 1.447643 -41.688988
v -2.511187 1.584689 -41.817680
v -2.510400 1.749434 -41.908249
v -2.509994 1.931528 -41.954998
v -2.509994 2.119528 -41.954998
v -2.510400 2.301621 -41.908249
v -2.511187 2.466367 -41.817680
v -2.512306 2.603413 -41.688988
v -2.513686 2.704148 -41.530262
v -2.515241 2.762243 -41.351471
v -2.516872 2.774048 -41.163849
v -2.518478 2.738820 -40.979187
v -2.519957 2.658774 -40.809086
v -2.521217 2.538939 -40.664234
v -2.522177 2.386843 -40.553734
v -2.522779 2.212046 -40.484531
v -3.391007 -4.009767 -43.413105
v -3.387212 -4.215070 -43.849525
v -3.383257 -4.375539 -44.304348
v -3.379183 -4.489552 -44.772972
v -3.375029 -4.555958 -45.250679
v -3.370838 -4.574088 -45.732632
v -3.366653 -4.543756 -46.213974
v -3.362516 -4.465272 -46.689838
v -3.358467 -4.339425 -47.155434
v -3.354549 -4.167488 -47.606045
v -3.350801 -3.951196 -48.037125
v -3.347260 -3.692732 -48.444321
v -3.343963 -3.394708 -48.823536
v -3.340942 -3.060131 -49.170914
v -3.338229 -2.692380 -49.482975
v -3.335850 -2.295167 -49.756546
v -3.333830 -1.872504 -49.988884
v -3.332189 -1.428658 -50.177628
v -3.330943 -0.968110 -50.320885
v -3.330106 -0.495510 -50.417194
v -3.329685 -0.015630 -50.465595
v -3.329685 0.466685 -50.465595
v -3.330106 0.946564 -50.417194
v -3.330943 1.419164 -50.320885
v -3.332189 1.879713 -50.177628
v -3.333830 2.323559 -49.988884
v -3.335850 2.746222 -49.756546
v -3.338229 3.143435 -49.482975
v -3.340942 3.511186 -49.170914
v -3.343963 3.845762 -48.823536
v -3.347260 4.143787 -48.444321
v -3.350801 4.402250 -48.037125
v -3.354549 4.618543 -47.606045
v -3.358467 4.790480 -47.155434
v -3.362516 4.916327 -46.689842
v -3.366653 4.994812 -46.213974
v -3.370838 5.025143 -45.732632
v -3.375029 5.007014 -45.250679
v -3.379183 4.940608 -44.772972
v -3.383257 4.826595 -44.304348
v -3.387212 4.666126 -43.849525
v -3.391007 4.460823 -43.413105
v -3.019226 2.025528 -40.895298
v -3.019038 1.909931 -40.916908
v -3.018500 1.809946 -40.978813
v -3.017684 1.739076 -41.072655
v -3.016701 1.706893 -41.185764
v -3.015682 1.717744 -41.302860
v -3.014767 1.770162 -41.408127
v -3.014079 1.857070 -41.487347
v -3.013709 1.966728 -41.529827
v -3.013709 2.084328 -41.529827
v -3.014079 2.193986 -41.487347
v -3.014767 2.280894 -41.408127
v -3.015682 2.333313 -41.302860
v -3.016701 2.344163 -41.185764
v -3.017684 2.311980 -41.072655
v -3.018500 2.241110 -40.978813
v -3.019038 2.141125 -40.916908
v -3.019226 -1.574472 -40.895298
v -3.019038 -1.690069 -40.916908
v -3.018500 -1.790055 -40.978813
v -3.017684 -1.860924 -41.072655
v -3.016701 -1.893107 -41.185760
v -3.015682 -1.882256 -41.302856
v -3.014767 -1.829838 -41.408123
v -3.014079 -1.742930 -41.487347
v -3.013709 -1.633272 -41.529827
v -3.013709 -1.515672 -41.529827
v -3.014079 -1.406014 -41.487347
v -3.014767 -1.319106 -41.408123
v -3.015682 -1.266688 -41.302856
v -3.016701 -1.255837 -41.185760
v -3.017684 -1.288020 -41.072655
v -3.018500 -1.358890 -40.978813
v -3.019038 -1.458875 -40.916908
v -3.535553 4.225529 -39.019718
v -2.735584 4.225529 -39.012764
v -2.705558 4.225528 -42.465935
v -3.505528 4.225528 -42.472889
v -3.535553 -3.774472 -39.019718
v -2.735584 -3.774472 -39.012764
v -2.535591 -3.668130 -39.011024
v -2.535591 4.119186 -39.011024
v -3.884088 3.837696 -39.022751
v -4.195724 3.419635 -39.025459
v -4.467853 2.974843 -39.027828
v -4.698197 2.507042 -39.029831
v -4.884829 2.020149 -39.031452
v -5.026187 1.518236 -39.032681
v -5.121088 1.005506 -39.033504
v -5.168738 0.486248 -39.033916
v -5.168738 -0.035192 -39.033916
v -5.121088 -0.554450 -39.033504
v -5.026187 -1.067180 -39.032681
v -4.884829 -1.569092 -39.031452
v -4.698197 -2.055986 -39.029831
v -4.467853 -2.523786 -39.027824
v -4.195724 -2.968578 -39.025459
v -3.884088 -3.386640 -39.022751
v -3.505528 -3.774472 -42.472885
v -2.705558 -3.774472 -42.465931
v -2.505566 -3.668130 -42.464195
v -2.503328 -3.683912 -42.721542
v -2.501124 -3.731021 -42.975037
v -2.498987 -3.808750 -43.220875
v -2.498987 4.259806 -43.220875
v -2.501124 4.182076 -42.975037
v -2.503328 4.134968 -42.721542
v -2.505566 4.119186 -42.464195
v -2.502552 1.025528 -42.810883
v -2.502344 1.206701 -42.834732
v -2.501736 1.375528 -42.904659
v -2.500769 1.520502 -43.015900
v -2.499508 1.631746 -43.160866
v -2.498040 1.701676 -43.329689
v -2.496465 1.725528 -43.510857
v -2.494890 1.701676 -43.692020
v -2.493422 1.631746 -43.860840
v -2.492161 1.520502 -44.005810
v -2.491194 1.375528 -44.117046
v -2.490586 1.206701 -44.186977
v -2.490379 1.025528 -44.210827
v -2.490379 -0.574472 -44.210827
v -2.490586 -0.755646 -44.186977
v -2.491194 -0.924472 -44.117046
v -2.492161 -1.069447 -44.005810
v -2.493422 -1.180690 -43.860840
v -2.494890 -1.250620 -43.692020
v -2.496465 -1.274472 -43.510853
v -2.498040 -1.250620 -43.329689
v -2.499508 -1.180690 -43.160866
v -2.500769 -1.069447 -43.015900
v -2.501736 -0.924472 -42.904659
v -2.502344 -0.755646 -42.834732
v -2.502552 -0.574472 -42.810883
v -3.496526 4.284351 -43.508141
v -3.492890 4.481101 -43.926380
v -3.489100 4.634883 -44.362247
v -3.485195 4.744145 -44.811352
v -3.481215 4.807785 -45.269150
v -3.477198 4.825159 -45.731022
v -3.473187 4.796092 -46.192310
v -3.469222 4.720877 -46.648354
v -3.465343 4.600274 -47.094540
v -3.461588 4.435501 -47.526375
v -3.457995 4.228221 -47.939495
v -3.454602 3.980526 -48.329727
v -3.451443 3.694920 -48.693134
v -3.448548 3.374283 -49.026047
v -3.445948 3.021855 -49.325104
v -3.443668 2.641193 -49.587280
v -3.441732 2.236141 -49.809933
v -3.440159 1.810788 -49.990814
v -3.438966 1.369429 -50.128101
v -3.438163 0.916521 -50.220402
v -3.437760 0.456636 -50.266781
v -3.437760 -0.005582 -50.266781
v -3.438163 -0.465467 -50.220402
v -3.438966 -0.918375 -50.128101
v -3.440159 -1.359734 -49.990814
v -3.441732 -1.785086 -49.809933
v -3.443668 -2.190138 -49.587280
v -3.445948 -2.570800 -49.325104
v -3.448548 -2.923229 -49.026047
v -3.451443 -3.243865 -48.693134
v -3.454602 -3.529472 -48.329727
v -3.457995 -3.777166 -47.939495
v -3.461588 -3.984446 -47.526375
v -3.465343 -4.149219 -47.094540
v -3.469222 -4.269822 -46.648354
v -3.473187 -4.345037 -46.192310
v -3.477198 -4.374104 -45.731022
v -3.481215 -4.356730 -45.269150
v -3.485195 -4.293090 -44.811352
v -3.489100 -4.183828 -44.362247
v -3.492890 -4.030046 -43.926380
v -3.496526 -3.833296 -43.508141
v -3.497897 -3.757113 -43.350498
v -3.499316 -3.693707 -43.187294
v -3.500774 -3.643482 -43.019569
v -3.500774 4.094538 -43.019569
v -3.499316 4.144763 -43.187298
v -3.497897 4.208168 -43.350502
v -3.499550 4.230389 -42.611645
v -3.484021 4.244850 -42.749748
v -3.458929 4.268723 -42.885918
v -3.424313 4.301699 -43.018902
v -3.769098 3.933453 -43.021900
v -4.079974 3.536164 -43.024605
v -4.354508 3.112943 -43.026989
v -4.590548 2.667105 -43.029045
v -4.786245 2.202142 -43.030746
v -4.940067 1.721697 -43.032082
v -5.050808 1.229533 -43.033047
v -5.117602 0.729504 -43.033627
v -5.139925 0.225528 -43.033821
v -5.117602 -0.278448 -43.033627
v -5.050808 -0.778477 -43.033047
v -4.940067 -1.270642 -43.032082
v -4.786245 -1.751087 -43.030746
v -4.590548 -2.216049 -43.029045
v -4.354508 -2.661887 -43.026989
v -4.079974 -3.085109 -43.024601
v -3.769098 -3.482398 -43.021900
v -3.424313 -3.850643 -43.018902
v -3.458929 -3.817668 -42.885918
v -3.484021 -3.793794 -42.749748
v -3.499550 -3.779334 -42.611645
v -3.394437 4.301699 -43.018642
v -3.394437 -3.850643 -43.018642
v -3.002532 1.025528 -42.815228
v -3.002325 1.206701 -42.839077
v -3.001717 1.375528 -42.909008
v -3.000750 1.520502 -43.020245
v -2.999489 1.631746 -43.165215
v -2.998021 1.701676 -43.334038
v -2.996446 1.725528 -43.515198
v -2.994871 1.701676 -43.696365
v -2.993403 1.631746 -43.865189
v -2.992142 1.520502 -44.010159
v -2.991175 1.375528 -44.121395
v -2.990567 1.206701 -44.191322
v -2.990360 1.025528 -44.215172
v -2.990360 -0.574472 -44.215172
v -2.990567 -0.755646 -44.191322
v -2.991175 -0.924472 -44.121395
v -2.992142 -1.069447 -44.010159
v -2.993403 -1.180690 -43.865189
v -2.994871 -1.250620 -43.696365
v -2.996446 -1.274472 -43.515198
v -2.998021 -1.250620 -43.334034
v -2.999489 -1.180690 -43.165215
v -3.000750 -1.069447 -43.020245
v -3.001717 -0.924472 -42.909008
v -3.002325 -0.755646 -42.839077
v -3.002532 -0.574472 -42.815228
v -2.703434 4.240513 -42.710289
v -2.701341 4.285243 -42.950981
v -2.699311 4.359048 -43.184414
v -3.392117 4.398478 -43.285500
v -3.393262 4.345348 -43.153790
v -2.699311 -3.907993 -43.184414
v -2.701341 -3.834188 -42.950981
v -2.703434 -3.789457 -42.710289
v -3.393262 -3.894292 -43.153786
v -3.392117 -3.947423 -43.285500
v 1.990956 -5.096969 0.225267
v 2.067929 -5.096969 0.211369
v 2.136839 -5.096969 0.174366
v 2.190943 -5.096969 0.117879
v 2.224943 -5.096969 0.047438
v 2.235511 -5.096969 -0.030062
v 2.221613 -5.096969 -0.107035
v 2.184610 -5.096969 -0.175945
v 2.128123 -5.096969 -0.230048
v 2.057682 -5.096969 -0.264049
v 1.980182 -5.096969 -0.274617
v 1.903209 -5.096969 -0.260719
v 1.834298 -5.096969 -0.223716
v 1.780195 -5.096969 -0.167229
v 1.746195 -5.096969 -0.096788
v 1.735627 -5.096969 -0.019288
v 1.749525 -5.096969 0.057685
v 1.786528 -5.096969 0.126596
v 1.843015 -5.096969 0.180699
v 1.913456 -5.096969 0.214699
v 1.995266 -5.296968 0.425221
v 1.891251 -5.296968 0.415330
v 1.792321 -5.296968 0.381718
v 1.703810 -5.296968 0.326198
v 1.630488 -5.296968 0.251762
v 1.576308 -5.296968 0.162423
v 1.544192 -5.296968 0.062998
v 1.535871 -5.296968 -0.041154
v 1.551793 -5.296968 -0.144417
v 1.591100 -5.296968 -0.241225
v 1.651672 -5.296968 -0.326359
v 1.730246 -5.296968 -0.395229
v 1.822584 -5.296968 -0.444122
v 1.923708 -5.296968 -0.470402
v 2.028167 -5.296968 -0.472654
v 2.130330 -5.296968 -0.450755
v 2.224689 -5.296968 -0.405886
v 2.306157 -5.296968 -0.340465
v 2.370341 -5.296968 -0.258020
v 2.413783 -5.296968 -0.162996
v 2.434139 -5.296968 -0.060514
v 2.430314 -5.296968 0.043899
v 2.402511 -5.296968 0.144616
v 2.352231 -5.296968 0.236206
v 2.282184 -5.296968 0.313732
v 2.196147 -5.296968 0.373014
v 2.098758 -5.296968 0.410857
v 0.152587 -5.096969 -1.535528
v 0.229559 -5.096969 -1.549425
v 0.298470 -5.096969 -1.586429
v 0.352573 -5.096969 -1.642916
v 0.386573 -5.096969 -1.713357
v 0.397142 -5.096969 -1.790857
v 0.383244 -5.096969 -1.867829
v 0.346240 -5.096969 -1.936740
v 0.289754 -5.096969 -1.990843
v 0.219312 -5.096969 -2.024843
v 0.141813 -5.096969 -2.035412
v 0.064840 -5.096969 -2.021514
v -0.004071 -5.096969 -1.984510
v -0.058174 -5.096969 -1.928024
v -0.092174 -5.096969 -1.857582
v -0.102742 -5.096969 -1.780083
v -0.088845 -5.096969 -1.703110
v -0.051841 -5.096969 -1.634199
v 0.004646 -5.096969 -1.580096
v 0.075087 -5.096969 -1.546096
v 0.156896 -5.296968 -1.335574
v 0.052882 -5.296968 -1.345465
v -0.046048 -5.296968 -1.379077
v -0.134559 -5.296968 -1.434597
v -0.207881 -5.296968 -1.509033
v -0.262061 -5.296968 -1.598372
v -0.294177 -5.296968 -1.697797
v -0.302498 -5.296968 -1.801949
v -0.286576 -5.296968 -1.905212
v -0.247270 -5.296968 -2.002020
v -0.186697 -5.296968 -2.087154
v -0.108123 -5.296968 -2.156024
v -0.015786 -5.296968 -2.204916
v 0.085339 -5.296968 -2.231197
v 0.189798 -5.296968 -2.233449
v 0.291961 -5.296968 -2.211550
v 0.386320 -5.296968 -2.166681
v 0.467788 -5.296968 -2.101260
v 0.531972 -5.296968 -2.018815
v 0.575414 -5.296968 -1.923791
v 0.595770 -5.296968 -1.821309
v 0.591944 -5.296968 -1.716896
v 0.564142 -5.296968 -1.616179
v 0.513862 -5.296968 -1.524589
v 0.443815 -5.296968 -1.447063
v 0.357778 -5.296968 -1.387780
v 0.260388 -5.296968 -1.349938
v -1.608208 -5.096969 0.302841
v -1.531235 -5.096969 0.288944
v -1.462325 -5.096969 0.251940
v -1.408222 -5.096969 0.195453
v -1.374222 -5.096969 0.125012
v -1.363653 -5.096969 0.047512
v -1.377551 -5.096969 -0.029460
v -1.414554 -5.096969 -0.098371
v -1.471041 -5.096969 -0.152474
v -1.541482 -5.096969 -0.186474
v -1.618982 -5.096969 -0.197043
v -1.695955 -5.096969 -0.183145
v -1.764866 -5.096969 -0.146141
v -1.818969 -5.096969 -0.089655
v -1.852969 -5.096969 -0.019213
v -1.863537 -5.096969 0.058287
v -1.849639 -5.096969 0.135259
v -1.812636 -5.096969 0.204170
v -1.756149 -5.096969 0.258273
v -1.685708 -5.096969 0.292273
v -1.603898 -5.296968 0.502795
v -1.707913 -5.296968 0.492904
v -1.806843 -5.296968 0.459293
v -1.895354 -5.296968 0.403772
v -1.968676 -5.296968 0.329336
v -2.022856 -5.296968 0.239998
v -2.054972 -5.296968 0.140572
v -2.063293 -5.296968 0.036421
v -2.047371 -5.296968 -0.066842
v -2.008064 -5.296968 -0.163651
v -1.947492 -5.296968 -0.248785
v -1.868918 -5.296968 -0.317654
v -1.776580 -5.296968 -0.366547
v -1.675456 -5.296968 -0.392828
v -1.570997 -5.296968 -0.395079
v -1.468834 -5.296968 -0.373180
v -1.374475 -5.296968 -0.328311
v -1.293007 -5.296968 -0.262891
v -1.228823 -5.296968 -0.180446
v -1.185381 -5.296968 -0.085421
v -1.165025 -5.296968 0.017060
v -1.168851 -5.296968 0.121473
v -1.196653 -5.296968 0.222190
v -1.246933 -5.296968 0.313780
v -1.316980 -5.296968 0.391306
v -1.403017 -5.296968 0.450589
v -1.500407 -5.296968 0.488432
v 0.230161 -5.096969 2.063636
v 0.307134 -5.096969 2.049739
v 0.376045 -5.096969 2.012735
v 0.430148 -5.096969 1.956248
v 0.464148 -5.096969 1.885807
v 0.474716 -5.096969 1.808307
v 0.460818 -5.096969 1.731334
v 0.423815 -5.096969 1.662424
v 0.367328 -5.096969 1.608321
v 0.296887 -5.096969 1.574321
v 0.219387 -5.096969 1.563752
v 0.142414 -5.096969 1.577650
v 0.073503 -5.096969 1.614653
v 0.019400 -5.096969 1.671140
v -0.014600 -5.096969 1.741581
v -0.025168 -5.096969 1.819081
v -0.011270 -5.096969 1.896054
v 0.025733 -5.096969 1.964965
v 0.082220 -5.096969 2.019068
v 0.152661 -5.096969 2.053068
v 0.234471 -5.296968 2.263590
v 0.130456 -5.296968 2.253699
v 0.031527 -5.296968 2.220088
v -0.056985 -5.296968 2.164567
v -0.130307 -5.296968 2.090131
v -0.184487 -5.296968 2.000793
v -0.216603 -5.296968 1.901367
v -0.224924 -5.296968 1.797216
v -0.209002 -5.296968 1.693952
v -0.169695 -5.296968 1.597144
v -0.109122 -5.296968 1.512010
v -0.030549 -5.296968 1.443140
v 0.061789 -5.296968 1.394247
v 0.162913 -5.296968 1.367967
v 0.267372 -5.296968 1.365715
v 0.369535 -5.296968 1.387614
v 0.463894 -5.296968 1.432483
v 0.545362 -5.296968 1.497904
v 0.609547 -5.296968 1.580349
v 0.652988 -5.296968 1.675374
v 0.673344 -5.296968 1.777855
v 0.669518 -5.296968 1.882268
v 0.641716 -5.296968 1.982985
v 0.591436 -5.296968 2.074575
v 0.521389 -5.296968 2.152101
v 0.435352 -5.296968 2.211384
v 0.337962 -5.296968 2.249227
v 1.990956 -4.896968 0.225267
v 2.067929 -4.896968 0.211369
v 2.136839 -4.896968 0.174366
v 2.190943 -4.896968 0.117879
v 2.224943 -4.896968 0.047438
v 2.235511 -4.896968 -0.030062
v 2.221613 -4.896968 -0.107035
v 2.184610 -4.896968 -0.175945
v 2.128123 -4.896968 -0.230049
v 2.057682 -4.896968 -0.264049
v 1.980182 -4.896968 -0.274617
v 1.903209 -4.896968 -0.260719
v 1.834298 -4.896968 -0.223716
v 1.780195 -4.896968 -0.167229
v 1.746195 -4.896968 -0.096788
v 1.735627 -4.896968 -0.019288
v 1.749525 -4.896968 0.057685
v 1.786528 -4.896968 0.126596
v 1.843015 -4.896968 0.180699
v 1.913456 -4.896968 0.214699
v 0.230161 -4.896968 2.063636
v 0.307134 -4.896968 2.049739
v 0.376045 -4.896968 2.012735
v 0.430148 -4.896968 1.956248
v 0.464148 -4.896968 1.885807
v 0.474716 -4.896968 1.808307
v 0.460818 -4.896968 1.731334
v 0.423815 -4.896968 1.662424
v 0.367328 -4.896968 1.608320
v 0.296887 -4.896968 1.574321
v 0.219387 -4.896968 1.563752
v 0.142414 -4.896968 1.577650
v 0.073503 -4.896968 1.614653
v 0.019400 -4.896968 1.671140
v -0.014600 -4.896968 1.741581
v -0.025168 -4.896968 1.819081
v -0.011270 -4.896968 1.896054
v 0.025733 -4.896968 1.964965
v 0.082220 -4.896968 2.019068
v 0.152661 -4.896968 2.053068
v -1.608208 -4.896968 0.302841
v -1.531235 -4.896968 0.288944
v -1.462325 -4.896968 0.251940
v -1.408222 -4.896968 0.195453
v -1.374222 -4.896968 0.125012
v -1.363653 -4.896968 0.047512
v -1.377551 -4.896968 -0.029460
v -1.414554 -4.896968 -0.098371
v -1.471041 -4.896968 -0.152474
v -1.541482 -4.896968 -0.186474
v -1.618982 -4.896968 -0.197043
v -1.695955 -4.896968 -0.183145
v -1.764866 -4.896968 -0.146141
v -1.818969 -4.896968 -0.089655
v -1.852969 -4.896968 -0.019213
v -1.863537 -4.896968 0.058287
v -1.849639 -4.896968 0.135259
v -1.812636 -4.896968 0.204170
v -1.756149 -4.896968 0.258273
v -1.685708 -4.896968 0.292273
v 0.152587 -4.896968 -1.535528
v 0.229559 -4.896968 -1.549425
v 0.298470 -4.896968 -1.586429
v 0.352573 -4.896968 -1.642916
v 0.386573 -4.896968 -1.713357
v 0.397142 -4.896968 -1.790857
v 0.383244 -4.896968 -1.867829
v 0.346240 -4.896968 -1.936740
v 0.289754 -4.896968 -1.990843
v 0.219312 -4.896968 -2.024843
v 0.141813 -4.896968 -2.035412
v 0.064840 -4.896968 -2.021514
v -0.004071 -4.896968 -1.984510
v -0.058174 -4.896968 -1.928024
v -0.092174 -4.896968 -1.857582
v -0.102742 -4.896968 -1.780083
v -0.088845 -4.896968 -1.703110
v -0.051841 -4.896968 -1.634199
v 0.004646 -4.896968 -1.580096
v 0.075087 -4.896968 -1.546096
v 0.127806 -5.296968 -2.685261
v -0.128522 -5.296968 -2.667507
v -0.382002 -5.296968 -2.625468
v -0.630339 -5.296968 -2.559526
v -0.871282 -5.296968 -2.470275
v -1.102651 -5.296968 -2.358526
v -1.322349 -5.296968 -2.225290
v -1.528388 -5.296968 -2.071773
v -1.718901 -5.296968 -1.899367
v -1.892163 -5.296968 -1.709631
v -2.046606 -5.296968 -1.504285
v -2.180829 -5.296968 -1.285188
v -2.293618 -5.296968 -1.054325
v -2.383952 -5.296968 -0.813786
v -2.451011 -5.296968 -0.565749
v -2.494190 -5.296968 -0.312460
v -2.513097 -5.296968 -0.056214
v -2.507560 -5.296968 0.200668
v -2.477630 -5.296968 0.455862
v -2.423578 -5.296968 0.707054
v -2.345894 -5.296968 0.951972
v -2.245280 -5.296968 1.188395
v -2.122648 -5.296968 1.414185
v -1.979109 -5.296968 1.627295
v -1.815963 -5.296968 1.825796
v -1.634686 -5.296968 2.007890
v -1.436922 -5.296968 2.171928
v -1.224460 -5.296968 2.316424
v -0.999224 -5.296968 2.440071
v -0.763256 -5.296968 2.541747
v -0.518691 -5.296968 2.620533
v -0.267744 -5.296968 2.675715
v -0.012688 -5.296968 2.706793
v 0.244168 -5.296968 2.713485
v 0.500496 -5.296968 2.695732
v 0.753976 -5.296968 2.653693
v 1.002312 -5.296968 2.587750
v 1.243255 -5.296968 2.498500
v 1.474624 -5.296968 2.386751
v 1.694323 -5.296968 2.253515
v 1.900362 -5.296968 2.099998
v 2.090875 -5.296968 1.927591
v 2.264137 -5.296968 1.737856
v 2.418579 -5.296968 1.532510
v 2.552803 -5.296968 1.313413
v 2.665592 -5.296968 1.082549
v 2.755926 -5.296968 0.842010
v 2.822985 -5.296968 0.593973
v 2.866164 -5.296968 0.340685
v 2.885071 -5.296968 0.084439
v 2.879534 -5.296968 -0.172444
v 2.849604 -5.296968 -0.427637
v 2.795552 -5.296968 -0.678830
v 2.717868 -5.296968 -0.923747
v 2.617254 -5.296968 -1.160171
v 2.494622 -5.296968 -1.385960
v 2.351083 -5.296968 -1.599070
v 2.187937 -5.296968 -1.797571
v 2.006660 -5.296968 -1.979665
v 1.808895 -5.296968 -2.143703
v 1.596433 -5.296968 -2.288200
v 1.371198 -5.296968 -2.411846
v 1.135229 -5.296968 -2.513523
v 0.890664 -5.296968 -2.592309
v 0.639717 -5.296968 -2.647490
v 0.384661 -5.296968 -2.678568
v 0.127806 -4.896968 -2.685261
v 0.384661 -4.896968 -2.678568
v 0.639717 -4.896968 -2.647490
v 0.890664 -4.896968 -2.592309
v 1.135229 -4.896968 -2.513523
v 1.371198 -4.896968 -2.411846
v 1.596433 -4.896968 -2.288200
v 1.808895 -4.896968 -2.143703
v 2.006660 -4.896968 -1.979665
v 2.187937 -4.896968 -1.797571
v 2.351083 -4.896968 -1.599071
v 2.494622 -4.896968 -1.385960
v 2.617254 -4.896968 -1.160171
v 2.717868 -4.896968 -0.923747
v 2.795552 -4.896968 -0.678830
v 2.849604 -4.896968 -0.427637
v 2.879534 -4.896968 -0.172444
v 2.885071 -4.896968 0.084439
v 2.866164 -4.896968 0.340685
v 2.822985 -4.896968 0.593973
v 2.755926 -4.896968 0.842010
v 2.665592 -4.896968 1.082549
v 2.552803 -4.896968 1.313413
v 2.418579 -4.896968 1.532509
v 2.264137 -4.896968 1.737856
v 2.090875 -4.896968 1.927591
v 1.900362 -4.896968 2.099998
v 1.694323 -4.896968 2.253515
v 1.474624 -4.896968 2.386751
v 1.243255 -4.896968 2.498500
v 1.002312 -4.896968 2.587750
v 0.753976 -4.896968 2.653693
v 0.500496 -4.896968 2.695732
v 0.244168 -4.896968 2.713485
v -0.012688 -4.896968 2.706793
v -0.267744 -4.896968 2.675715
v -0.518691 -4.896968 2.620533
v -0.763256 -4.896968 2.541747
v -0.999224 -4.896968 2.440071
v -1.224460 -4.896968 2.316424
v -1.436922 -4.896968 2.171928
v -1.634686 -4.896968 2.007890
v -1.815963 -4.896968 1.825796
v -1.979109 -4.896968 1.627295
v -2.122648 -4.896968 1.414185
v -2.245280 -4.896968 1.188395
v -2.345894 -4.896968 0.951972
v -2.423578 -4.896968 0.707054
v -2.477630 -4.896968 0.455862
v -2.507560 -4.896968 0.200668
v -2.513097 -4.896968 -0.056214
v -2.494190 -4.896968 -0.312460
v -2.451011 -4.896968 -0.565749
v -2.383952 -4.896968 -0.813786
v -2.293618 -4.896968 -1.054325
v -2.180829 -4.896968 -1.285188
v -2.046606 -4.896968 -1.504285
v -1.892163 -4.896968 -1.709631
v -1.718901 -4.896968 -1.899367
v -1.528388 -4.896968 -2.071773
v -1.322349 -4.896968 -2.225290
v -1.102651 -4.896968 -2.358526
v -0.871282 -4.896968 -2.470275
v -0.630339 -4.896968 -2.559526
v -0.382002 -4.896968 -2.625468
v -0.128522 -4.896968 -2.667507
v 0.164438 -4.896968 -0.985656
v 0.008306 -4.896968 -0.969976
v -0.143452 -4.896968 -0.930065
v -0.287098 -4.896968 -0.866905
v -0.419095 -4.896968 -0.782051
v -0.536193 -4.896968 -0.677593
v -0.635508 -4.896968 -0.556104
v -0.714596 -4.896968 -0.420573
v -0.771508 -4.896968 -0.274339
v -0.804843 -4.896968 -0.121003
v -0.813781 -4.896968 0.035661
v -0.798101 -4.896968 0.191794
v -0.758190 -4.896968 0.343551
v -0.695030 -4.896968 0.487197
v -0.610176 -4.896968 0.619194
v -0.505719 -4.896968 0.736292
v -0.384229 -4.896968 0.835607
v -0.248698 -4.896968 0.914695
v -0.102465 -4.896968 0.971607
v 0.050872 -4.896968 1.004942
v 0.207535 -4.896968 1.013880
v 0.363668 -4.896968 0.998200
v 0.515426 -4.896968 0.958289
v 0.659072 -4.896968 0.895129
v 0.791069 -4.896968 0.810275
v 0.908166 -4.896968 0.705818
v 1.007482 -4.896968 0.584328
v 1.086569 -4.896968 0.448797
v 1.143481 -4.896968 0.302564
v 1.176817 -4.896968 0.149227
v 1.185755 -4.896968 -0.007436
v 1.170075 -4.896968 -0.163569
v 1.130164 -4.896968 -0.315327
v 1.067004 -4.896968 -0.458973
v 0.982150 -4.896968 -0.590970
v 0.877692 -4.896968 -0.708067
v 0.756202 -4.896968 -0.807383
v 0.620672 -4.896968 -0.886470
v 0.474438 -4.896968 -0.943382
v 0.321102 -4.896968 -0.976718
v 0.164438 -3.896969 -0.985656
v 0.321102 -3.896969 -0.976718
v 0.474438 -3.896969 -0.943383
v 0.620672 -3.896969 -0.886470
v 0.756202 -3.896969 -0.807383
v 0.877692 -3.896969 -0.708067
v 0.982150 -3.896969 -0.590970
v 1.067004 -3.896969 -0.458973
v 1.130164 -3.896969 -0.315327
v 1.170075 -3.896969 -0.163569
v 1.185755 -3.896969 -0.007436
v 1.176817 -3.896969 0.149227
v 1.143481 -3.896969 0.302564
v 1.086569 -3.896969 0.448797
v 1.007482 -3.896969 0.584328
v 0.908166 -3.896969 0.705818
v 0.791069 -3.896969 0.810275
v 0.659072 -3.896969 0.895129
v 0.515426 -3.896969 0.958289
v 0.363668 -3.896969 0.998200
v 0.207535 -3.896969 1.013880
v 0.050872 -3.896969 1.004942
v -0.102465 -3.896969 0.971607
v -0.248698 -3.896969 0.914695
v -0.384229 -3.896969 0.835607
v -0.505719 -3.896969 0.736292
v -0.610176 -3.896969 0.619194
v -0.695030 -3.896969 0.487197
v -0.758190 -3.896969 0.343551
v -0.798101 -3.896969 0.191793
v -0.813781 -3.896969 0.035661
v -0.804843 -3.896969 -0.121003
v -0.771508 -3.896969 -0.274339
v -0.714596 -3.896969 -0.420573
v -0.635508 -3.896969 -0.556104
v -0.536193 -3.896969 -0.677593
v -0.419095 -3.896969 -0.782051
v -0.287098 -3.896969 -0.866905
v -0.143452 -3.896969 -0.930065
v 0.008306 -3.896969 -0.969976
v -0.207686 -3.896969 -0.277472
v 0.566731 -3.896969 -0.294164
v 0.631667 -3.896969 -0.284800
v 0.690079 -3.896969 -0.254927
v 0.735682 -3.896969 -0.207759
v 0.763567 -3.896969 -0.148371
v 0.784449 -3.896969 -0.028824
v 0.780847 -3.896969 0.092480
v 0.752910 -3.896969 0.210578
v 0.701779 -3.896969 0.320638
v 0.629548 -3.896969 0.418158
v 0.539171 -3.896969 0.499149
v 0.434345 -3.896969 0.560298
v 0.319358 -3.896969 0.599101
v 0.198916 -3.896969 0.613973
v 0.077944 -3.896969 0.604304
v -0.038607 -3.896969 0.570491
v -0.145970 -3.896969 0.513916
v -0.239753 -3.896969 0.436895
v -0.316119 -3.896969 0.342577
v -0.371944 -3.896969 0.234822
v -0.404944 -3.896969 0.118038
v -0.413769 -3.896969 -0.002998
v -0.398058 -3.896969 -0.123334
v -0.372757 -3.896969 -0.183868
v -0.329230 -3.896969 -0.232957
v -0.272159 -3.896969 -0.265320
v 0.763567 -5.296968 -0.148371
v 0.784449 -5.296968 -0.028824
v 0.780847 -5.296968 0.092480
v 0.752910 -5.296968 0.210578
v 0.701779 -5.296968 0.320638
v 0.629548 -5.296968 0.418158
v 0.539171 -5.296968 0.499149
v 0.434345 -5.296968 0.560298
v 0.319358 -5.296968 0.599101
v 0.198916 -5.296968 0.613973
v 0.077944 -5.296968 0.604304
v -0.038607 -5.296968 0.570491
v -0.145970 -5.296968 0.513917
v -0.239753 -5.296968 0.436895
v -0.316119 -5.296968 0.342577
v -0.371944 -5.296968 0.234822
v -0.404944 -5.296968 0.118038
v -0.413769 -5.296968 -0.002998
v -0.398058 -5.296968 -0.123334
v -0.207686 -5.296968 -0.277472
v 0.566731 -5.296968 -0.294164
v -0.272159 -5.296968 -0.265319
v -0.329230 -5.296968 -0.232957
v -0.372757 -5.296968 -0.183868
v 0.735682 -5.296968 -0.207759
v 0.690079 -5.296968 -0.254926
v 0.631667 -5.296968 -0.284800
vn -0.0099 -0.0016 1.0000
vn -0.0098 -0.0015 1.0000
vn -0.1308 -0.1630 0.9779
vn -0.2336 -0.3070 0.9226
vn -0.2401 -0.3159 0.9179
vn -0.4158 -0.5782 0.7020
vn -0.4226 -0.5879 0.6898
vn -0.5284 -0.7595 0.3794
vn -0.5310 -0.7631 0.3684
vn -0.5438 -0.7854 0.2956
vn -0.5320 -0.7650 0.3628
vn -0.5653 -0.8249 -0.0054
vn -0.5255 -0.7648 -0.3726
vn -0.5242 -0.7630 -0.3782
vn -0.4758 -0.6878 -0.5482
vn -0.5215 -0.7593 -0.3892
vn -0.4708 -0.6808 -0.5612
vn -0.4101 -0.5873 -0.6977
vn -0.3171 -0.4501 -0.8348
vn -0.3435 -0.4880 -0.8024
vn -0.3248 -0.4606 -0.8260
vn -0.4136 -0.5923 -0.6915
vn -0.2272 -0.3200 -0.9198
vn -0.2237 -0.3154 -0.9222
vn 0.0087 -0.0000 -1.0000
vn -0.2171 -0.3064 -0.9268
vn -0.4260 -0.5928 0.6835
vn -0.2436 -0.3206 0.9154
vn -0.0099 0.0016 0.9999
vn -0.0098 0.0015 1.0000
vn -0.1342 0.1604 0.9779
vn -0.2459 0.2975 0.9225
vn -0.2529 0.3062 0.9178
vn -0.4582 0.5457 0.7016
vn -0.4657 0.5549 0.6894
vn -0.6005 0.7042 0.3788
vn -0.6032 0.7077 0.3678
vn -0.6206 0.7265 0.2950
vn -0.6048 0.7093 0.3622
vn -0.6499 0.7600 -0.0061
vn -0.5982 0.7091 -0.3733
vn -0.5967 0.7074 -0.3788
vn -0.5348 0.6426 -0.5487
vn -0.5937 0.7040 -0.3898
vn -0.5291 0.6360 -0.5617
vn -0.4532 0.5543 -0.6981
vn -0.3432 0.4301 -0.8350
vn -0.3733 0.4651 -0.8027
vn -0.3515 0.4402 -0.8262
vn -0.4571 0.5590 -0.6919
vn -0.2400 0.3102 -0.9199
vn -0.2364 0.3057 -0.9223
vn -0.2294 0.2970 -0.9269
vn -0.4694 0.5595 0.6831
vn -0.2565 0.3107 0.9152
vn 0.0087 -0.0001 -1.0000
vn 0.0671 -0.1934 -0.9788
vn 0.0651 -0.1867 -0.9803
vn 0.1081 -0.3694 -0.9230
vn 0.1109 -0.3801 -0.9183
vn 0.1377 -0.5401 -0.8303
vn 0.1408 -0.5534 -0.8209
vn 0.1556 -0.6911 -0.7058
vn 0.1579 -0.7027 -0.6938
vn 0.1646 -0.8160 -0.5541
vn 0.1662 -0.8246 -0.5408
vn 0.1676 -0.9092 -0.3813
vn 0.1683 -0.9135 -0.3703
vn 0.1681 -0.9396 -0.2980
vn 0.1686 -0.9157 -0.3647
vn 0.1659 -0.9861 0.0014
vn 0.1642 -0.9679 0.1902
vn 0.1640 -0.9667 0.1965
vn 0.1674 -0.9667 -0.1936
vn 0.1617 -0.9136 0.3731
vn 0.1609 -0.9091 0.3842
vn 0.1566 -0.8246 0.5437
vn 0.1549 -0.8160 0.5569
vn 0.1460 -0.7027 0.6964
vn 0.1434 -0.6911 0.7084
vn 0.1311 -0.5846 0.8006
vn 0.1232 -0.5400 0.8326
vn 0.0949 -0.3801 0.9200
vn 0.0920 -0.3693 0.9247
vn 0.0499 -0.1929 0.9799
vn 0.0480 -0.1866 0.9813
vn -0.0087 -0.0000 1.0000
vn 0.0509 -0.1963 0.9792
vn 0.0964 -0.3857 0.9176
vn 0.1281 -0.5601 0.8185
vn 0.1473 -0.7085 0.6901
vn 0.1576 -0.8289 0.5368
vn 0.1622 -0.9157 0.3677
vn 0.1669 -0.8289 -0.5340
vn 0.1593 -0.7086 -0.6874
vn 0.1424 -0.5603 -0.8160
vn 0.1124 -0.3857 -0.9157
vn 0.0681 -0.1969 -0.9780
vn 0.0086 -0.0001 -1.0000
vn -0.0619 -0.1894 -0.9800
vn -0.0595 -0.1828 -0.9813
vn -0.1359 -0.3545 -0.9251
vn -0.1402 -0.3649 -0.9205
vn -0.2157 -0.5089 -0.8333
vn -0.2214 -0.5214 -0.8241
vn -0.2930 -0.6407 -0.7097
vn -0.2982 -0.6514 -0.6977
vn -0.3618 -0.7463 -0.5587
vn -0.3658 -0.7540 -0.5455
vn -0.4161 -0.8232 -0.3863
vn -0.4182 -0.8271 -0.3754
vn -0.4342 -0.8482 -0.3032
vn -0.4193 -0.8291 -0.3698
vn -0.4647 -0.8854 -0.0041
vn -0.4553 -0.8709 0.1849
vn -0.4646 -0.8855 -0.0042
vn -0.4548 -0.8698 0.1911
vn -0.4514 -0.8698 -0.1990
vn -0.4248 -0.8271 0.3680
vn -0.4228 -0.8231 0.3791
vn -0.3752 -0.7542 0.5389
vn -0.3714 -0.7463 0.5524
vn -0.3103 -0.6514 0.6924
vn -0.3053 -0.6406 0.7045
vn -0.2508 -0.5490 0.7973
vn -0.2301 -0.5088 0.8295
vn -0.1561 -0.3649 0.9179
vn -0.1519 -0.3546 0.9226
vn -0.0787 -0.1890 0.9788
vn -0.0764 -0.1828 0.9802
vn -0.0087 0.0001 1.0000
vn -0.0800 -0.1922 0.9781
vn -0.1582 -0.3702 0.9154
vn -0.2384 -0.5277 0.8153
vn -0.3128 -0.6568 0.6861
vn -0.3771 -0.7580 0.5321
vn -0.4256 -0.8291 0.3626
vn -0.3678 -0.7580 -0.5386
vn -0.3008 -0.6569 -0.6914
vn -0.2243 -0.5279 -0.8191
vn -0.1423 -0.3703 -0.9179
vn -0.0632 -0.1928 -0.9792
vn -1.0000 -0.0000 -0.0087
vn -0.9825 -0.0000 0.1863
vn -0.9824 -0.0000 0.1866
vn -0.9261 -0.0000 0.3773
vn -0.9260 -0.0000 0.3775
vn -0.8339 -0.0000 0.5519
vn -0.7141 -0.0000 0.7000
vn -0.7139 -0.0000 0.7002
vn -0.5682 -0.0000 0.8229
vn -0.5678 -0.0000 0.8232
vn -0.3949 -0.0000 0.9187
vn -0.3944 -0.0000 0.9190
vn -0.2040 -0.0000 0.9790
vn -0.2037 -0.0000 0.9790
vn 0.1866 -0.0000 0.9824
vn 0.1870 -0.0000 0.9824
vn 0.3783 -0.0000 0.9257
vn 0.3788 -0.0000 0.9255
vn 0.5533 -0.0000 0.8330
vn 0.5538 -0.0000 0.8327
vn 0.7016 -0.0000 0.7125
vn 0.7018 -0.0000 0.7123
vn 0.8242 -0.0000 0.5663
vn 0.9193 -0.0000 0.3936
vn 0.9194 -0.0000 0.3934
vn 0.9791 -0.0000 0.2034
vn 0.9790 -0.0000 0.2036
vn 1.0000 -0.0000 0.0087
vn 0.0080 0.3827 -0.9238
vn 0.0080 -0.3827 -0.9238
vn 0.0061 -0.7071 -0.7071
vn 0.0033 -0.9239 -0.3827
vn 0.0033 -0.9238 -0.3827
vn -0.0000 -1.0000 -0.0000
vn -0.0033 -0.9239 0.3827
vn -0.0061 -0.7071 0.7071
vn -0.0080 -0.3827 0.9238
vn -0.0081 -0.3827 0.9238
vn -0.0080 0.3827 0.9238
vn -0.0061 0.7071 0.7071
vn -0.0033 0.9238 0.3827
vn -0.0033 0.9239 0.3827
vn -0.0000 1.0000 -0.0000
vn 0.0034 0.9239 -0.3827
vn 0.0033 0.9239 -0.3827
vn 0.0061 0.7071 -0.7071
vn 0.0080 0.3828 -0.9238
vn -0.0061 0.7072 0.7070
vn -0.0034 0.9239 0.3827
vn 0.0081 -0.3827 -0.9238
vn -0.0033 -0.9239 0.3826
vn -0.0033 -0.9238 0.3827
vn -0.0080 -0.3828 0.9238
vn -0.0080 0.3827 0.9239
vn -0.0061 0.7071 0.7070
vn 0.0080 -0.3828 -0.9238
vn 0.0080 -0.3827 -0.9239
vn 0.0061 -0.7072 -0.7070
vn -0.0061 -0.7071 0.7070
vn 0.3747 -0.0000 0.9272
vn -0.3907 -0.0000 0.9205
vn -0.3908 -0.0000 0.9205
vn -0.7132 -0.0000 0.7010
vn -0.7133 -0.0000 0.7009
vn -0.9272 -0.0000 0.3747
vn -0.9272 -0.0000 0.3746
vn -0.9205 -0.0000 -0.3907
vn -0.7009 -0.0000 -0.7132
vn -0.7009 -0.0000 -0.7133
vn -0.3747 -0.0000 -0.9271
vn 0.3907 -0.0000 -0.9205
vn 0.3908 -0.0000 -0.9205
vn 0.7132 -0.0000 -0.7009
vn 0.7133 -0.0000 -0.7009
vn 0.9272 -0.0000 -0.3746
vn 0.9205 -0.0000 0.3907
vn 0.7009 -0.0000 0.7132
vn 0.7009 -0.0000 0.7133
vn 0.3747 -0.0000 0.9271
vn 0.7132 -0.0000 -0.7010
vn 0.9272 -0.0000 -0.3747
vn 0.9205 -0.0000 0.3908
vn 0.7010 -0.0000 0.7132
vn -0.9205 -0.0000 -0.3908
vn -0.7010 -0.0000 -0.7132
vn -0.7132 -0.0000 0.7009
vn -0.3747 -0.0000 -0.9272
vn 0.6677 -0.7444 0.0058
vn 0.6934 -0.7205 0.0060
vn 0.7071 -0.7071 0.0061
vn 0.6961 -0.7179 0.0060
vn 0.7218 -0.6921 0.0063
vn 0.7512 -0.6600 0.0065
vn 0.8090 -0.5878 0.0071
vn 0.7444 -0.6677 0.0065
vn 0.7744 -0.6326 0.0067
vn 0.8089 -0.5879 0.0070
vn 0.8455 -0.5340 0.0074
vn 0.8910 -0.4540 0.0078
vn 0.8816 -0.4719 0.0077
vn 0.8854 -0.4647 0.0077
vn 0.8909 -0.4540 0.0077
vn 0.7837 -0.6211 0.0068
vn 0.8180 -0.5752 0.0071
vn 0.8525 -0.5227 0.0074
vn 0.8863 -0.4631 0.0077
vn 0.9176 -0.3975 0.0080
vn 0.9510 -0.3090 0.0083
vn 0.9455 -0.3256 0.0082
vn 0.9685 -0.2490 0.0084
vn 0.9877 -0.1564 0.0087
vn 0.9857 -0.1683 0.0086
vn 0.9964 -0.0848 0.0087
vn 0.9992 -0.0397 0.0087
vn 0.9986 -0.0519 0.0087
vn 0.9984 -0.0562 0.0087
vn 0.9964 0.0849 0.0087
vn 0.9992 0.0397 0.0087
vn 0.9997 0.0215 0.0087
vn 0.9857 0.1683 0.0086
vn 0.9877 0.1564 0.0086
vn 0.9984 0.0561 0.0087
vn 0.9986 0.0518 0.0087
vn 0.9685 0.2490 0.0084
vn 0.9510 0.3090 0.0083
vn 0.9720 0.2347 0.0085
vn 0.9652 0.2613 0.0084
vn 0.9571 0.2897 0.0083
vn 0.9476 0.3193 0.0082
vn 0.9373 0.3484 0.0082
vn 0.9265 0.3761 0.0080
vn 0.8910 0.4540 0.0078
vn 0.9158 0.4015 0.0080
vn 0.9060 0.4232 0.0079
vn 0.8975 0.4410 0.0078
vn 0.8910 0.4540 0.0077
vn 0.8854 0.4647 0.0077
vn 0.8455 0.5340 0.0074
vn 0.8816 0.4719 0.0077
vn 0.9455 0.3256 0.0082
vn 0.9176 0.3975 0.0080
vn 0.8863 0.4631 0.0077
vn 0.8525 0.5226 0.0074
vn 0.8180 0.5752 0.0071
vn 0.8248 0.5653 0.0072
vn 0.8090 0.5877 0.0073
vn 0.7837 0.6211 0.0068
vn 0.8059 0.5921 0.0070
vn 0.8160 0.5780 0.0071
vn 0.8226 0.5685 0.0071
vn 0.7512 0.6600 0.0065
vn 0.7700 0.6380 0.0067
vn 0.7810 0.6245 0.0068
vn 0.7935 0.6085 0.0070
vn 0.7218 0.6921 0.0063
vn 0.7600 0.6499 0.0066
vn 0.7626 0.6468 0.0066
vn 0.7070 0.7072 0.0063
vn 0.6961 0.7179 0.0060
vn 0.6934 0.7205 0.0060
vn 0.6677 0.7444 0.0058
vn 0.5878 0.8090 0.0050
vn 0.6600 0.7512 0.0057
vn 0.6212 0.7836 0.0054
vn 0.5752 0.8180 0.0050
vn 0.5227 0.8525 0.0045
vn 0.4540 0.8910 0.0038
vn 0.4631 0.8863 0.0040
vn 0.3975 0.9176 0.0035
vn 0.3090 0.9511 0.0030
vn 0.3256 0.9455 0.0028
vn 0.2490 0.9685 0.0022
vn 0.1565 0.9877 0.0012
vn 0.1683 0.9857 0.0015
vn 0.0848 0.9964 0.0007
vn 0.0001 1.0000 0.0001
vn -0.0723 0.9974 -0.0006
vn -0.0849 0.9964 -0.0007
vn -0.1564 0.9877 -0.0014
vn -0.1683 0.9857 -0.0015
vn -0.2490 0.9685 -0.0022
vn -0.3090 0.9511 -0.0028
vn -0.3256 0.9455 -0.0028
vn -0.3975 0.9176 -0.0035
vn -0.4540 0.8910 -0.0041
vn -0.4631 0.8863 -0.0040
vn -0.5226 0.8525 -0.0045
vn -0.5878 0.8090 -0.0052
vn -0.5751 0.8180 -0.0050
vn -0.6211 0.7837 -0.0054
vn -0.6600 0.7512 -0.0057
vn -0.7070 0.7072 -0.0060
vn -0.6921 0.7218 -0.0060
vn -0.7178 0.6962 -0.0062
vn -0.7205 0.6934 -0.0063
vn -0.7444 0.6677 -0.0065
vn -0.8090 0.5878 -0.0070
vn -0.7744 0.6326 -0.0067
vn -0.8089 0.5879 -0.0070
vn -0.8322 0.5544 -0.0072
vn -0.8454 0.5340 -0.0074
vn -0.8910 0.4540 -0.0077
vn -0.8816 0.4719 -0.0077
vn -0.9153 0.4027 -0.0080
vn -0.9510 0.3090 -0.0081
vn -0.9448 0.3276 -0.0082
vn -0.9685 0.2489 -0.0084
vn -0.9876 0.1565 -0.0085
vn -0.9921 0.1254 -0.0086
vn -0.9984 0.0562 -0.0087
vn -0.9984 0.0561 -0.0087
vn -0.9986 0.0521 -0.0087
vn -0.9992 0.0398 -0.0087
vn -0.9997 0.0214 -0.0087
vn -0.9997 -0.0214 -0.0087
vn -0.9992 -0.0398 -0.0087
vn -0.9986 -0.0520 -0.0087
vn -0.9986 -0.0521 -0.0087
vn -0.9984 -0.0561 -0.0087
vn -0.9984 -0.0562 -0.0087
vn -0.9921 -0.1255 -0.0086
vn -0.9877 -0.1564 -0.0086
vn -0.9964 -0.0849 -0.0087
vn -0.9986 -0.0519 -0.0087
vn -0.9992 -0.0397 -0.0087
vn 0.6326 0.7745 0.0055
vn 0.5879 0.8089 0.0051
vn 0.5340 0.8455 0.0046
vn 0.4718 0.8817 0.0041
vn 0.4027 0.9153 0.0035
vn 0.3276 0.9448 0.0029
vn 0.2489 0.9685 0.0022
vn 0.1255 0.9921 0.0011
vn 0.0562 0.9984 0.0005
vn 0.0561 0.9984 0.0005
vn 0.0520 0.9986 0.0005
vn 0.0521 0.9986 0.0005
vn 0.0397 0.9992 0.0003
vn 0.0216 0.9998 0.0002
vn 0.0215 0.9998 0.0002
vn -0.0215 0.9998 -0.0002
vn -0.0216 0.9998 -0.0002
vn -0.0397 0.9992 -0.0003
vn -0.0521 0.9986 -0.0005
vn -0.0561 0.9984 -0.0005
vn -0.1254 0.9921 -0.0011
vn -0.2489 0.9685 -0.0022
vn -0.3276 0.9448 -0.0029
vn -0.4027 0.9153 -0.0035
vn 0.0519 0.9987 0.0004
vn -0.0397 0.9992 -0.0004
vn -0.0519 0.9987 -0.0005
vn -0.4718 0.8817 -0.0041
vn -0.5340 0.8455 -0.0046
vn -0.5879 0.8089 -0.0051
vn -0.6326 0.7745 -0.0055
vn -0.6677 0.7444 -0.0058
vn -0.6934 0.7205 -0.0060
vn -0.6962 0.7178 -0.0060
vn -0.7218 0.6921 -0.0063
vn -0.7600 0.6499 -0.0066
vn -0.7512 0.6600 -0.0065
vn -0.7606 0.6491 -0.0066
vn -0.7626 0.6468 -0.0066
vn -0.7700 0.6380 -0.0067
vn -0.7837 0.6211 -0.0068
vn -0.7810 0.6246 -0.0068
vn -0.7936 0.6084 -0.0070
vn -0.8058 0.5922 -0.0070
vn -0.8180 0.5752 -0.0071
vn -0.8159 0.5781 -0.0071
vn -0.8225 0.5687 -0.0071
vn -0.8249 0.5653 -0.0072
vn -0.8525 0.5226 -0.0074
vn -0.8863 0.4631 -0.0077
vn -0.9176 0.3975 -0.0080
vn -0.9455 0.3256 -0.0082
vn -0.9685 0.2490 -0.0084
vn -0.9857 0.1683 -0.0086
vn -0.9964 0.0848 -0.0087
vn -0.9992 0.0397 -0.0087
vn -0.9986 0.0519 -0.0087
vn -0.9997 -0.0215 -0.0087
vn -0.9857 -0.1683 -0.0086
vn -0.9685 -0.2490 -0.0084
vn -0.9510 -0.3090 -0.0081
vn -0.9455 -0.3256 -0.0082
vn -0.9176 -0.3975 -0.0080
vn -0.8910 -0.4540 -0.0076
vn -0.8863 -0.4631 -0.0077
vn -0.8525 -0.5227 -0.0074
vn -0.8090 -0.5878 -0.0069
vn -0.8180 -0.5752 -0.0071
vn -0.7837 -0.6211 -0.0068
vn -0.7512 -0.6600 -0.0065
vn -0.7071 -0.7071 -0.0061
vn -0.7745 -0.6326 -0.0067
vn -0.7444 -0.6677 -0.0065
vn -0.7205 -0.6934 -0.0063
vn -0.7175 -0.6965 -0.0063
vn -0.6921 -0.7217 -0.0060
vn -0.6600 -0.7512 -0.0057
vn -0.5878 -0.8090 -0.0051
vn -0.6212 -0.7836 -0.0054
vn -0.5752 -0.8180 -0.0050
vn -0.5263 -0.8503 -0.0046
vn -0.5227 -0.8525 -0.0045
vn -0.5162 -0.8565 -0.0045
vn -0.4856 -0.8742 -0.0042
vn -0.7218 -0.6921 -0.0063
vn -0.6962 -0.7178 -0.0061
vn -0.6934 -0.7205 -0.0060
vn -0.6677 -0.7444 -0.0058
vn -0.6326 -0.7745 -0.0055
vn -0.5879 -0.8089 -0.0051
vn -0.5340 -0.8455 -0.0046
vn -0.4719 -0.8817 -0.0041
vn -0.4027 -0.9153 -0.0035
vn -0.4363 -0.8998 -0.0038
vn -0.3726 -0.9280 -0.0032
vn -0.3276 -0.9448 -0.0029
vn -0.2952 -0.9554 -0.0026
vn -0.2489 -0.9685 -0.0022
vn -0.2036 -0.9790 -0.0018
vn -0.1254 -0.9921 -0.0011
vn -0.1029 -0.9947 -0.0009
vn -0.0562 -0.9984 -0.0005
vn -0.0520 -0.9986 -0.0005
vn -0.0521 -0.9986 -0.0005
vn -0.0397 -0.9992 -0.0003
vn -0.0216 -0.9998 -0.0002
vn -0.0215 -0.9998 -0.0002
vn 0.0215 -0.9998 0.0002
vn 0.0216 -0.9998 0.0002
vn 0.0397 -0.9992 0.0003
vn 0.0521 -0.9986 0.0005
vn 0.0520 -0.9986 0.0005
vn 0.0562 -0.9984 0.0005
vn 0.0561 -0.9984 0.0005
vn 0.1029 -0.9947 0.0009
vn 0.1255 -0.9921 0.0010
vn 0.2036 -0.9790 0.0018
vn 0.2489 -0.9685 0.0022
vn 0.2952 -0.9554 0.0026
vn 0.3276 -0.9448 0.0029
vn 0.3726 -0.9280 0.0032
vn 0.4027 -0.9153 0.0035
vn 0.4363 -0.8998 0.0038
vn 0.4718 -0.8817 0.0041
vn 0.4856 -0.8742 0.0042
vn 0.5340 -0.8455 0.0046
vn 0.5162 -0.8565 0.0045
vn 0.5263 -0.8503 0.0046
vn 0.5878 -0.8090 0.0051
vn 0.5752 -0.8180 0.0050
vn 0.6211 -0.7837 0.0054
vn 0.6600 -0.7512 0.0057
vn 0.6921 -0.7218 0.0060
vn 0.7180 -0.6961 0.0063
vn 0.7205 -0.6934 0.0063
vn -0.0519 -0.9987 -0.0005
vn -0.0397 -0.9992 -0.0004
vn 0.0519 -0.9987 0.0004
vn 0.5879 -0.8089 0.0051
vn 0.6326 -0.7745 0.0055
vn 0.9997 -0.0215 0.0087
vn 0.9984 0.0562 0.0087
vn 0.9992 0.0398 0.0087
vn 0.9921 0.1254 0.0087
vn 0.9861 0.1659 0.0086
vn 0.9840 0.1778 0.0086
vn 0.9992 -0.0398 0.0087
vn 0.9997 0.0214 0.0087
vn 0.9997 -0.0214 0.0087
vn 0.9986 -0.0520 0.0087
vn 0.9986 -0.0521 0.0087
vn 0.9984 -0.0561 0.0087
vn 0.9921 -0.1254 0.0086
vn 0.9986 0.0521 0.0087
vn 0.9986 0.0519 0.0087
vn 0.9813 0.1921 0.0085
vn 0.9685 0.2489 0.0084
vn 0.9774 0.2115 0.0085
vn 0.9685 -0.2489 0.0084
vn 0.9813 -0.1921 0.0085
vn 0.9840 -0.1778 0.0086
vn 0.9861 -0.1659 0.0086
vn 0.9448 -0.3276 0.0082
vn 0.9571 -0.2898 0.0083
vn 0.9652 -0.2613 0.0084
vn 0.9720 -0.2346 0.0085
vn 0.9153 -0.4027 0.0080
vn 0.9265 -0.3761 0.0081
vn 0.9373 -0.3485 0.0082
vn 0.9476 -0.3194 0.0082
vn 0.8975 -0.4410 0.0078
vn 0.9060 -0.4232 0.0079
vn 0.9159 -0.4014 0.0080
vn 0.5226 -0.8525 0.0046
vn 0.4631 -0.8863 0.0040
vn 0.3975 -0.9176 0.0035
vn 0.3256 -0.9455 0.0028
vn 0.2491 -0.9685 0.0022
vn 0.1683 -0.9857 0.0015
vn 0.1030 -0.9947 0.0009
vn 0.0848 -0.9964 0.0007
vn -0.0848 -0.9964 -0.0007
vn -0.1683 -0.9857 -0.0015
vn -0.2490 -0.9685 -0.0022
vn -0.3256 -0.9455 -0.0028
vn -0.3975 -0.9176 -0.0035
vn -0.4631 -0.8863 -0.0040
vn -0.8089 -0.5879 -0.0070
vn -0.8455 -0.5340 -0.0074
vn -0.8816 -0.4719 -0.0077
vn -0.9153 -0.4027 -0.0080
vn -0.9448 -0.3276 -0.0082
vn -0.9685 -0.2489 -0.0084
vn -0.9997 0.0215 -0.0087
vn 0.6921 0.7217 0.0060
vn 0.7178 0.6962 0.0062
vn 0.7205 0.6934 0.0063
vn 0.7444 0.6677 0.0065
vn 0.7745 0.6326 0.0067
vn 0.8089 0.5879 0.0070
vn 0.9153 0.4027 0.0080
vn 0.8909 0.4540 0.0077
vn 0.9448 0.3276 0.0082
vn 0.9265 0.3761 0.0081
vn 0.9570 0.2899 0.0083
vn 0.9476 0.3193 0.0083
vn 0.9373 0.3485 0.0082
vn 0.0519 -0.9987 0.0005
vn -0.0519 -0.9987 -0.0004
vn 0.9774 -0.2114 0.0085
vn 0.9720 -0.2347 0.0085
vn 0.9570 -0.2899 0.0083
vn 0.9373 -0.3485 0.0081
vn 0.9158 -0.4015 0.0080
vn 0.8909 -0.4541 0.0077
vn 0.0519 0.9987 0.0005
vn 0.0398 0.9992 0.0004
vn -0.0520 0.9986 -0.0004
vn 0.9774 0.2114 0.0085
vn 0.9652 0.2614 0.0084
vn 0.8243 0.5661 0.0072
vn 0.8225 0.5686 0.0072
vn 0.8159 0.5782 0.0071
vn 0.8058 0.5922 0.0070
vn 0.7935 0.6086 0.0071
vn 0.7809 0.6246 0.0068
vn -0.7701 0.6379 -0.0067
vn -0.7810 0.6245 -0.0068
vn -0.7935 0.6086 -0.0067
vn -0.8058 0.5921 -0.0070
vn -0.8226 0.5686 -0.0072
vn -0.9979 0.0648 -0.0087
vn -0.9993 0.0377 -0.0087
vn -0.9998 0.0204 -0.0087
vn -0.9916 0.1288 -0.0086
vn -0.9985 0.0533 -0.0087
vn -0.9987 0.0493 -0.0087
vn -0.9888 0.1491 -0.0087
vn -0.9814 0.1917 -0.0085
vn -0.9675 0.2527 -0.0084
vn -0.9555 0.2948 -0.0083
vn -0.9503 0.3114 -0.0083
vn -0.9009 0.4339 -0.0078
vn -0.9076 0.4198 -0.0079
vn -0.8831 0.4691 -0.0077
vn -0.8262 0.5633 -0.0072
vn -0.8313 0.5557 -0.0072
vn -0.7793 0.6267 -0.0068
vn -0.7330 0.6802 -0.0064
vn -0.7314 0.6819 -0.0064
vn -0.6919 0.7219 -0.0060
vn -0.6235 0.7818 -0.0054
vn -0.6673 0.7448 -0.0058
vn -0.6340 0.7733 -0.0055
vn -0.5919 0.8060 -0.0051
vn -0.5415 0.8407 -0.0047
vn -0.5000 0.8660 -0.0043
vn -0.4836 0.8753 -0.0042
vn -0.4904 0.8715 -0.0043
vn -0.4614 0.8872 -0.0040
vn -0.4193 0.9079 -0.0036
vn -0.4144 0.9101 -0.0036
vn -0.3494 0.9370 -0.0030
vn -0.3539 0.9353 -0.0031
vn -0.2803 0.9599 -0.0024
vn -0.2762 0.9611 -0.0024
vn -0.1932 0.9812 -0.0017
vn -0.1395 0.9902 -0.0012
vn -0.0976 0.9952 -0.0009
vn -0.0533 0.9986 -0.0005
vn -0.0492 0.9988 -0.0004
vn -0.0377 0.9993 -0.0003
vn -0.0378 0.9993 -0.0003
vn -0.0205 0.9998 -0.0002
vn 0.0205 0.9998 0.0002
vn 0.0377 0.9993 0.0003
vn 0.0492 0.9988 0.0004
vn 0.0533 0.9986 0.0005
vn 0.0534 0.9986 0.0005
vn 0.1395 0.9902 0.0012
vn 0.0493 0.9988 0.0004
vn 0.0204 0.9998 0.0002
vn -0.0493 0.9988 -0.0004
vn -0.0204 0.9998 -0.0002
vn 0.2762 0.9611 0.0024
vn 0.1932 0.9812 0.0017
vn 0.0975 0.9952 0.0008
vn 0.2802 0.9599 0.0024
vn 0.3494 0.9370 0.0030
vn 0.3539 0.9353 0.0031
vn 0.4193 0.9079 0.0036
vn 0.4145 0.9101 0.0036
vn 0.4614 0.8872 0.0040
vn 0.4836 0.8753 0.0042
vn 0.4904 0.8715 0.0043
vn 0.5000 0.8660 0.0043
vn 0.5415 0.8407 0.0047
vn 0.5920 0.8060 0.0051
vn 0.6235 0.7818 0.0054
vn 0.6340 0.7733 0.0055
vn 0.6673 0.7448 0.0058
vn 0.6919 0.7219 0.0060
vn 0.7330 0.6802 0.0064
vn 0.6821 0.7312 0.0059
vn 0.7219 0.6920 0.0063
vn 0.7448 0.6673 0.0065
vn 0.7733 0.6340 0.0067
vn 0.8262 0.5633 0.0071
vn 0.8059 0.5920 0.0070
vn 0.8406 0.5415 0.0073
vn 0.8753 0.4836 0.0076
vn 0.9009 0.4339 0.0078
vn 0.9078 0.4193 0.0079
vn 0.9369 0.3494 0.0081
vn 0.9556 0.2947 0.0081
vn 0.9611 0.2762 0.0084
vn 0.9888 0.1491 0.0086
vn 0.9902 0.1395 0.0086
vn 0.9974 0.0711 0.0087
vn 0.9985 0.0533 0.0087
vn 0.9987 0.0495 0.0087
vn 0.9987 0.0494 0.0087
vn 0.9993 0.0377 0.0087
vn 0.9998 0.0204 0.0087
vn 0.9998 0.0205 0.0087
vn 0.9998 -0.0204 0.0087
vn 0.9993 -0.0377 0.0087
vn 0.9987 -0.0494 0.0087
vn 0.9985 -0.0533 0.0087
vn 0.9902 -0.1395 0.0086
vn 0.9888 -0.1491 0.0084
vn 0.9611 -0.2762 0.0084
vn 0.9556 -0.2947 0.0081
vn 0.9369 -0.3494 0.0081
vn 0.9009 -0.4339 0.0078
vn 0.9078 -0.4193 0.0079
vn 0.8753 -0.4836 0.0076
vn 0.8263 -0.5632 0.0070
vn 0.8406 -0.5415 0.0073
vn 0.8059 -0.5920 0.0070
vn 0.7733 -0.6340 0.0067
vn 0.7329 -0.6803 0.0062
vn 0.7448 -0.6673 0.0065
vn 0.7219 -0.6920 0.0063
vn 0.7179 -0.6961 0.0063
vn 0.6920 -0.7219 0.0060
vn 0.6598 -0.7514 0.0057
vn 0.6235 -0.7818 0.0055
vn 0.6209 -0.7838 0.0054
vn 0.5000 -0.8660 0.0044
vn 0.5225 -0.8526 0.0045
vn 0.3653 -0.9309 0.0032
vn 0.3973 -0.9177 0.0034
vn 0.2225 -0.9749 0.0020
vn 0.0748 -0.9972 0.0007
vn -0.0000 -1.0000 -0.0001
vn -0.0748 -0.9972 -0.0006
vn -0.2225 -0.9749 -0.0018
vn -0.3653 -0.9309 -0.0031
vn -0.3973 -0.9177 -0.0034
vn -0.5000 -0.8660 -0.0043
vn -0.5225 -0.8526 -0.0045
vn -0.6235 -0.7818 -0.0054
vn -0.6209 -0.7838 -0.0054
vn -0.6598 -0.7514 -0.0057
vn -0.6920 -0.7219 -0.0060
vn -0.7330 -0.6802 -0.0064
vn -0.7177 -0.6963 -0.0063
vn -0.7219 -0.6920 -0.0063
vn -0.7448 -0.6673 -0.0065
vn -0.7545 -0.6562 -0.0066
vn -0.7733 -0.6340 -0.0067
vn -0.8059 -0.5920 -0.0070
vn -0.8261 -0.5635 -0.0072
vn -0.8407 -0.5415 -0.0073
vn -0.8841 -0.4672 -0.0077
vn -0.8753 -0.4836 -0.0076
vn -0.8854 -0.4648 -0.0077
vn -0.8868 -0.4620 -0.0077
vn 0.6962 0.7179 0.0060
vn 0.7514 0.6598 0.0065
vn 0.7838 0.6210 0.0068
vn 0.8526 0.5225 0.0074
vn 0.9177 0.3973 0.0080
vn 0.9987 0.0493 0.0087
vn 0.9964 -0.0849 0.0087
vn 0.9992 -0.0377 0.0087
vn 0.9985 -0.0534 0.0087
vn 0.9987 -0.0493 0.0087
vn 0.9177 -0.3973 0.0080
vn 0.8526 -0.5225 0.0074
vn 0.8248 -0.5653 0.0072
vn 0.7838 -0.6210 0.0068
vn 0.8057 -0.5922 0.0070
vn 0.8112 -0.5847 0.0071
vn 0.8198 -0.5725 0.0071
vn 0.7514 -0.6598 0.0065
vn 0.7700 -0.6380 0.0067
vn 0.7810 -0.6245 0.0068
vn 0.7936 -0.6084 0.0070
vn 0.7600 -0.6499 0.0066
vn 0.7606 -0.6491 0.0066
vn 0.6962 -0.7178 0.0061
vn 0.6919 -0.7219 0.0060
vn 0.6673 -0.7448 0.0058
vn 0.6340 -0.7733 0.0055
vn 0.5920 -0.8059 0.0051
vn 0.5415 -0.8407 0.0047
vn 0.4836 -0.8753 0.0042
vn 0.4193 -0.9079 0.0036
vn 0.3494 -0.9370 0.0030
vn 0.2762 -0.9611 0.0024
vn 0.1395 -0.9902 0.0012
vn 0.0533 -0.9986 0.0005
vn 0.0493 -0.9988 0.0004
vn 0.0377 -0.9993 0.0003
vn 0.0205 -0.9998 0.0002
vn -0.0205 -0.9998 -0.0002
vn -0.0378 -0.9993 -0.0003
vn -0.0377 -0.9993 -0.0003
vn -0.0493 -0.9988 -0.0004
vn -0.0492 -0.9988 -0.0004
vn -0.0533 -0.9986 -0.0005
vn -0.1395 -0.9902 -0.0012
vn -0.2762 -0.9611 -0.0024
vn -0.3494 -0.9370 -0.0030
vn -0.4193 -0.9079 -0.0036
vn 0.0204 -0.9998 0.0002
vn -0.0204 -0.9998 -0.0002
vn -0.4836 -0.8753 -0.0042
vn -0.5415 -0.8407 -0.0047
vn -0.5919 -0.8060 -0.0051
vn -0.6340 -0.7733 -0.0055
vn -0.6673 -0.7448 -0.0058
vn -0.6919 -0.7219 -0.0060
vn -0.7313 -0.6820 -0.0064
vn -0.7600 -0.6499 -0.0066
vn -0.7792 -0.6268 -0.0068
vn -0.7626 -0.6468 -0.0066
vn -0.7658 -0.6430 -0.0066
vn -0.7752 -0.6317 -0.0067
vn -0.7810 -0.6245 -0.0068
vn -0.7935 -0.6085 -0.0070
vn -0.8058 -0.5921 -0.0070
vn -0.8313 -0.5558 -0.0072
vn -0.8160 -0.5781 -0.0071
vn -0.8227 -0.5684 -0.0070
vn -0.8243 -0.5661 -0.0072
vn -0.8249 -0.5653 -0.0072
vn -0.8226 -0.5686 -0.0071
vn -0.8197 -0.5728 -0.0071
vn -0.8158 -0.5782 -0.0072
vn -0.7935 -0.6085 -0.0076
vn -0.7700 -0.6380 -0.0067
vn -0.7626 -0.6469 -0.0066
vn -0.8830 -0.4694 -0.0077
vn -0.9009 -0.4339 -0.0078
vn -0.9074 -0.4201 -0.0079
vn -0.9555 -0.2948 -0.0083
vn -0.9502 -0.3114 -0.0083
vn -0.9675 -0.2527 -0.0084
vn -0.9814 -0.1916 -0.0085
vn -0.9888 -0.1491 -0.0086
vn -0.9774 -0.2114 -0.0085
vn -0.9813 -0.1921 -0.0085
vn -0.9840 -0.1777 -0.0086
vn -0.9856 -0.1689 -0.0086
vn -0.9861 -0.1659 -0.0086
vn -0.9902 -0.1395 -0.0086
vn -0.9840 -0.1778 -0.0086
vn -0.9611 -0.2762 -0.0084
vn -0.9720 -0.2348 -0.0084
vn -0.9652 -0.2613 -0.0084
vn -0.9570 -0.2900 -0.0083
vn -0.9476 -0.3193 -0.0083
vn -0.9369 -0.3494 -0.0082
vn -0.9373 -0.3484 -0.0082
vn -0.9265 -0.3761 -0.0081
vn -0.9078 -0.4193 -0.0079
vn -0.9159 -0.4014 -0.0080
vn -0.9060 -0.4232 -0.0079
vn -0.8975 -0.4410 -0.0078
vn -0.8909 -0.4540 -0.0077
vn -0.9916 -0.1287 -0.0086
vn -0.9982 -0.0597 -0.0087
vn -0.9985 -0.0533 -0.0087
vn -0.9987 -0.0493 -0.0087
vn -0.9979 -0.0647 -0.0087
vn -0.9988 -0.0492 -0.0087
vn -0.9993 -0.0377 -0.0087
vn -0.9998 -0.0204 -0.0087
vn -1.0000 -0.0000 -0.0089
vn -0.9902 0.1395 -0.0086
vn -0.9861 0.1659 -0.0086
vn -0.9856 0.1689 -0.0086
vn -0.9987 -0.0492 -0.0087
vn -0.9985 -0.0534 -0.0087
vn -0.9987 -0.0494 -0.0087
vn -0.9998 0.0205 -0.0087
vn -0.9987 0.0494 -0.0087
vn -0.9774 0.2114 -0.0085
vn -0.9611 0.2762 -0.0083
vn -0.9720 0.2348 -0.0084
vn -0.9652 0.2613 -0.0084
vn 0.6270 0.7790 0.0054
vn 0.5562 0.8310 0.0048
vn 0.4701 0.8826 0.0041
vn 0.4211 0.9070 0.0036
vn 0.3126 0.9499 0.0027
vn 0.2803 0.9599 0.0024
vn 0.2541 0.9672 0.0022
vn 0.1305 0.9915 0.0011
vn 0.0976 0.9952 0.0008
vn 0.0667 0.9978 0.0005
vn 0.0020 1.0000 -0.0000
vn -0.0976 0.9952 -0.0008
vn -0.1270 0.9919 -0.0011
vn -0.1901 0.9818 -0.0017
vn -0.2513 0.9679 -0.0022
vn -0.2802 0.9599 -0.0024
vn -0.3101 0.9507 -0.0027
vn -0.4190 0.9080 -0.0037
vn -0.4683 0.8836 -0.0041
vn -0.4613 0.8872 -0.0040
vn -0.4145 0.9101 -0.0036
vn -0.5552 0.8317 -0.0048
vn -0.6264 0.7795 -0.0054
vn -0.6818 0.7315 -0.0059
vn -0.7219 0.6920 -0.0063
vn -0.7448 0.6673 -0.0065
vn -0.7733 0.6340 -0.0067
vn -0.8059 0.5920 -0.0070
vn -0.8406 0.5415 -0.0073
vn -0.8753 0.4836 -0.0076
vn -0.9078 0.4193 -0.0079
vn -0.8909 0.4540 -0.0077
vn -0.8868 0.4620 -0.0077
vn -0.8854 0.4648 -0.0077
vn -0.9369 0.3494 -0.0082
vn -0.9265 0.3761 -0.0081
vn -0.9159 0.4013 -0.0080
vn -0.9060 0.4232 -0.0079
vn -0.9476 0.3193 -0.0082
vn -0.9373 0.3484 -0.0082
vn 0.8225 -0.5687 0.0071
vn 0.8226 -0.5686 0.0072
vn 0.8159 -0.5781 0.0071
vn 0.8058 -0.5921 0.0070
vn 0.7935 -0.6085 0.0068
vn 0.7701 -0.6379 0.0067
vn 0.7658 -0.6430 0.0067
vn 0.7627 -0.6468 0.0066
vn 0.7625 -0.6469 0.0067
vn -0.9570 -0.2898 -0.0083
vn -0.9476 -0.3193 -0.0081
vn -0.9373 -0.3484 -0.0081
vn -0.9159 -0.4013 -0.0080
vn -0.8975 -0.4409 -0.0078
vn -0.8975 0.4409 -0.0078
vn -0.8975 0.4410 -0.0078
vn -0.9476 0.3195 -0.0081
vn -0.9570 0.2899 -0.0083
vn -0.9813 0.1922 -0.0085
vn -0.9840 0.1777 -0.0086
vn -0.9813 0.1921 -0.0085
vn -0.9570 0.2898 -0.0084
vn 0.6703 -0.6481 0.3615
vn 0.6648 -0.6479 0.3720
vn 0.6698 -0.6467 0.3650
vn 0.6598 -0.6432 0.3884
vn 0.6692 -0.6453 0.3684
vn 0.6687 -0.6440 0.3717
vn 0.6131 -0.6435 0.4583
vn 0.6060 -0.6365 0.4772
vn 0.5527 -0.6345 0.5403
vn 0.5437 -0.6248 0.5603
vn 0.4848 -0.6185 0.6184
vn 0.4747 -0.6062 0.6381
vn 0.4110 -0.5930 0.6924
vn 0.4006 -0.5784 0.7106
vn 0.3352 -0.5575 0.7595
vn 0.3248 -0.5409 0.7759
vn 0.2593 -0.5099 0.8202
vn 0.2500 -0.4924 0.8337
vn 0.1874 -0.4502 0.8730
vn 0.1796 -0.4326 0.8835
vn 0.1222 -0.3779 0.9178
vn 0.1166 -0.3618 0.9249
vn 0.0675 -0.2947 0.9532
vn 0.0639 -0.2812 0.9575
vn 0.0260 -0.2020 0.9790
vn 0.0243 -0.1923 0.9810
vn -0.0003 -0.0977 0.9952
vn -0.0000 -0.1027 0.9947
vn -0.0090 -0.0000 1.0000
vn -0.0000 0.1027 0.9947
vn -0.0003 0.0977 0.9952
vn 0.0260 0.2020 0.9790
vn 0.0243 0.1926 0.9810
vn 0.0639 0.2812 0.9575
vn 0.0675 0.2947 0.9532
vn 0.1166 0.3619 0.9249
vn 0.1222 0.3779 0.9178
vn 0.1796 0.4326 0.8835
vn 0.1874 0.4502 0.8730
vn 0.2500 0.4924 0.8337
vn 0.2593 0.5099 0.8202
vn 0.3248 0.5409 0.7759
vn 0.3352 0.5575 0.7595
vn 0.4006 0.5784 0.7106
vn 0.4110 0.5931 0.6923
vn 0.4747 0.6062 0.6381
vn 0.4848 0.6185 0.6184
vn 0.5437 0.6248 0.5603
vn 0.5527 0.6345 0.5403
vn 0.6060 0.6365 0.4772
vn 0.6131 0.6435 0.4583
vn 0.6599 0.6432 0.3884
vn 0.6648 0.6478 0.3720
vn 0.6687 0.6440 0.3717
vn 0.6692 0.6453 0.3684
vn 0.6697 0.6467 0.3650
vn 0.6703 0.6481 0.3615
vn -0.0135 -0.0745 0.9971
vn -0.0135 0.0745 0.9971
vn -0.0174 0.1027 0.9946
vn -0.0278 0.1478 0.9886
vn -0.0430 0.2020 0.9784
vn -0.0511 0.2182 0.9746
vn -0.0841 0.2947 0.9519
vn -0.0828 0.2852 0.9549
vn -0.1219 0.3473 0.9298
vn -0.1381 0.3779 0.9155
vn -0.1323 0.3620 0.9227
vn -0.2026 0.4502 0.8696
vn -0.2177 0.4541 0.8640
vn -0.2735 0.5099 0.8156
vn -0.2717 0.4977 0.8237
vn -0.3483 0.5575 0.7536
vn -0.3843 0.5654 0.7298
vn -0.4230 0.5931 0.6851
vn -0.4955 0.6093 0.6191
vn -0.4955 0.6185 0.6099
vn -0.5621 0.6345 0.5306
vn -0.5949 0.6333 0.4951
vn -0.6209 0.6435 0.4476
vn -0.6750 0.6440 0.3601
vn -0.6712 0.6479 0.3603
vn -0.6755 0.6453 0.3567
vn -0.6760 0.6467 0.3533
vn -0.6765 0.6481 0.3498
vn -0.0174 -0.1027 0.9946
vn -0.0278 -0.1479 0.9886
vn -0.0430 -0.2020 0.9784
vn -0.0511 -0.2183 0.9745
vn -0.0841 -0.2947 0.9519
vn -0.0828 -0.2852 0.9549
vn -0.1219 -0.3473 0.9298
vn -0.1381 -0.3779 0.9155
vn -0.1326 -0.3618 0.9228
vn -0.2026 -0.4502 0.8697
vn -0.2175 -0.4539 0.8641
vn -0.2735 -0.5099 0.8156
vn -0.2714 -0.4975 0.8239
vn -0.3483 -0.5575 0.7536
vn -0.3842 -0.5653 0.7299
vn -0.4230 -0.5931 0.6851
vn -0.4953 -0.6092 0.6193
vn -0.4955 -0.6185 0.6099
vn -0.5620 -0.6345 0.5306
vn -0.5947 -0.6332 0.4954
vn -0.6210 -0.6435 0.4476
vn -0.6803 -0.6399 0.3575
vn -0.6760 -0.6467 0.3533
vn -0.6711 -0.6479 0.3604
vn -0.6765 -0.6481 0.3498
vn -0.6750 -0.6440 0.3601
vn 0.6512 -0.6734 -0.3500
vn 0.6510 -0.6680 -0.3606
vn 0.6498 -0.6729 -0.3535
vn 0.6465 -0.6632 -0.3771
vn 0.6485 -0.6724 -0.3569
vn 0.6471 -0.6719 -0.3603
vn 0.6474 -0.6171 -0.4472
vn 0.6405 -0.6101 -0.4664
vn 0.6391 -0.5576 -0.5298
vn 0.6296 -0.5486 -0.5501
vn 0.6238 -0.4903 -0.6086
vn 0.6117 -0.4802 -0.6287
vn 0.5990 -0.4170 -0.6836
vn 0.5846 -0.4067 -0.7020
vn 0.5641 -0.3418 -0.7517
vn 0.5476 -0.3315 -0.7683
vn 0.5170 -0.2664 -0.8135
vn 0.4996 -0.2573 -0.8271
vn 0.4578 -0.1950 -0.8674
vn 0.4403 -0.1873 -0.8781
vn 0.3858 -0.1302 -0.9133
vn 0.3698 -0.1246 -0.9207
vn 0.3030 -0.0758 -0.9500
vn 0.2895 -0.0723 -0.9545
vn 0.2105 -0.0345 -0.9770
vn 0.2011 -0.0328 -0.9790
vn 0.1063 -0.0083 -0.9943
vn 0.1113 -0.0087 -0.9937
vn 0.0088 -0.0000 -1.0000
vn -0.0890 -0.0083 -0.9960
vn -0.0941 -0.0087 -0.9955
vn -0.1935 -0.0345 -0.9805
vn -0.2865 -0.0758 -0.9551
vn -0.2729 -0.0722 -0.9593
vn -0.1840 -0.0328 -0.9824
vn -0.3538 -0.1246 -0.9270
vn -0.3699 -0.1302 -0.9199
vn -0.4249 -0.1873 -0.8856
vn -0.4426 -0.1950 -0.8753
vn -0.4852 -0.2573 -0.8357
vn -0.5027 -0.2664 -0.8224
vn -0.5342 -0.3315 -0.7777
vn -0.5508 -0.3418 -0.7614
vn -0.5723 -0.4067 -0.7121
vn -0.5871 -0.4170 -0.6939
vn -0.6007 -0.4802 -0.6392
vn -0.6131 -0.4902 -0.6196
vn -0.6199 -0.5486 -0.5610
vn -0.6298 -0.5574 -0.5409
vn -0.6323 -0.6101 -0.4774
vn -0.6395 -0.6170 -0.4586
vn -0.6399 -0.6632 -0.3882
vn -0.6446 -0.6680 -0.3718
vn -0.6408 -0.6719 -0.3715
vn -0.6421 -0.6724 -0.3682
vn -0.6436 -0.6729 -0.3648
vn -0.6450 -0.6734 -0.3613
vn 0.6471 0.6719 -0.3603
vn 0.6375 0.5902 -0.4952
vn 0.6484 0.6724 -0.3570
vn 0.6474 0.6170 -0.4474
vn 0.6499 0.6729 -0.3535
vn 0.6510 0.6680 -0.3605
vn 0.6512 0.6734 -0.3500
vn 0.6391 0.5574 -0.5299
vn 0.6145 0.4895 -0.6187
vn 0.6238 0.4901 -0.6088
vn 0.5991 0.4170 -0.6836
vn 0.5713 0.3772 -0.7289
vn 0.5640 0.3418 -0.7517
vn 0.5040 0.2634 -0.8226
vn 0.5170 0.2664 -0.8135
vn 0.4606 0.2091 -0.8626
vn 0.4577 0.1950 -0.8674
vn 0.3699 0.1246 -0.9207
vn 0.3859 0.1301 -0.9133
vn 0.3541 0.1129 -0.9284
vn 0.3030 0.0758 -0.9500
vn 0.2920 0.0737 -0.9536
vn 0.2250 0.0419 -0.9735
vn 0.2105 0.0345 -0.9770
vn 0.1545 0.0187 -0.9878
vn 0.1114 0.0087 -0.9937
vn 0.0064 -0.0000 -1.0000
vn -0.0679 0.0051 -0.9977
vn -0.0941 0.0088 -0.9955
vn -0.1412 0.0197 -0.9898
vn -0.1935 0.0345 -0.9805
vn -0.2115 0.0433 -0.9764
vn -0.2864 0.0758 -0.9551
vn -0.2784 0.0753 -0.9575
vn -0.3405 0.1147 -0.9332
vn -0.3699 0.1302 -0.9199
vn -0.3538 0.1246 -0.9270
vn -0.4426 0.1950 -0.8752
vn -0.4474 0.2111 -0.8691
vn -0.5028 0.2664 -0.8223
vn -0.4912 0.2654 -0.8296
vn -0.5509 0.3418 -0.7614
vn -0.5593 0.3787 -0.7374
vn -0.5871 0.4170 -0.6939
vn -0.6040 0.4905 -0.6282
vn -0.6132 0.4903 -0.6194
vn -0.6298 0.5575 -0.5408
vn -0.6289 0.5907 -0.5055
vn -0.6396 0.6171 -0.4584
vn -0.6408 0.6719 -0.3715
vn -0.6446 0.6680 -0.3718
vn -0.6421 0.6724 -0.3682
vn -0.6436 0.6729 -0.3647
vn -0.6450 0.6734 -0.3613
vn -0.6276 0.5974 0.4991
vn -0.6296 0.6018 0.4913
vn -0.5655 0.5369 0.6260
vn -0.5676 0.5411 0.6206
vn -0.4900 0.4638 0.7381
vn -0.4916 0.4673 0.7348
vn -0.4034 0.3802 0.8323
vn -0.4044 0.3829 0.8305
vn -0.3090 0.2894 0.9060
vn -0.3094 0.2911 0.9053
vn -0.2099 0.1941 0.9583
vn -0.2188 0.2033 0.9544
vn -0.1132 0.1010 0.9884
vn -0.2097 0.1948 0.9582
vn -0.1081 0.0965 0.9894
vn -0.1085 0.0964 0.9894
vn 0.6209 0.6019 0.5022
vn 0.6189 0.5974 0.5100
vn 0.5566 0.5411 0.6304
vn 0.5546 0.5369 0.6357
vn 0.4788 0.4673 0.7432
vn 0.4771 0.4638 0.7465
vn 0.3900 0.3829 0.8374
vn 0.3889 0.3802 0.8392
vn 0.2936 0.2911 0.9105
vn 0.2932 0.2894 0.9112
vn 0.2022 0.2033 0.9580
vn 0.1932 0.1941 0.9618
vn 0.0960 0.1010 0.9902
vn 0.0913 0.0964 0.9912
vn 0.0909 0.0965 0.9912
vn 0.1930 0.1948 0.9617
vn 0.0909 -0.0965 0.9912
vn 0.0960 -0.1010 0.9902
vn 0.0913 -0.0964 0.9911
vn 0.1932 -0.1941 0.9618
vn 0.2022 -0.2033 0.9580
vn 0.2936 -0.2911 0.9105
vn 0.1930 -0.1948 0.9617
vn 0.2932 -0.2894 0.9112
vn 0.3899 -0.3829 0.8374
vn 0.3889 -0.3803 0.8392
vn 0.4788 -0.4673 0.7432
vn 0.4771 -0.4638 0.7465
vn 0.5567 -0.5411 0.6303
vn 0.5545 -0.5370 0.6357
vn 0.6210 -0.6018 0.5022
vn 0.6189 -0.5974 0.5100
vn -0.1081 -0.0965 0.9894
vn -0.1085 -0.0964 0.9894
vn -0.1132 -0.1010 0.9884
vn -0.2099 -0.1941 0.9583
vn -0.2188 -0.2033 0.9544
vn -0.3090 -0.2894 0.9060
vn -0.3094 -0.2911 0.9053
vn -0.4034 -0.3802 0.8323
vn -0.4045 -0.3829 0.8305
vn -0.4900 -0.4638 0.7381
vn -0.4916 -0.4673 0.7348
vn -0.5655 -0.5369 0.6260
vn -0.5675 -0.5411 0.6206
vn -0.6277 -0.5974 0.4991
vn -0.6295 -0.6019 0.4913
vn -0.2097 -0.1948 0.9582
vn -0.5976 -0.6253 -0.5020
vn -0.5930 -0.6233 -0.5097
vn -0.5357 -0.5621 -0.6302
vn -0.5314 -0.5601 -0.6355
vn -0.4609 -0.4852 -0.7431
vn -0.4573 -0.4836 -0.7463
vn -0.3757 -0.3972 -0.8373
vn -0.3730 -0.3961 -0.8390
vn -0.2832 -0.3015 -0.9105
vn -0.2815 -0.3011 -0.9111
vn -0.1950 -0.2105 -0.9580
vn -0.1857 -0.2015 -0.9617
vn -0.0924 -0.1046 -0.9902
vn -0.0878 -0.0998 -0.9911
vn -0.0879 -0.0995 -0.9911
vn -0.1864 -0.2014 -0.9616
vn -0.5930 0.6233 -0.5097
vn -0.5975 0.6253 -0.5020
vn -0.5314 0.5601 -0.6356
vn -0.5356 0.5621 -0.6302
vn -0.4573 0.4835 -0.7464
vn -0.4609 0.4852 -0.7431
vn -0.3730 0.3961 -0.8390
vn -0.3757 0.3972 -0.8373
vn -0.2815 0.3011 -0.9111
vn -0.2831 0.3015 -0.9105
vn -0.1857 0.2016 -0.9617
vn -0.1950 0.2105 -0.9580
vn -0.0924 0.1046 -0.9902
vn -0.1865 0.2014 -0.9616
vn -0.0879 0.0995 -0.9911
vn -0.0878 0.0999 -0.9911
vn 0.1051 0.0995 -0.9895
vn 0.1050 0.0999 -0.9894
vn 0.1096 0.1046 -0.9885
vn 0.2024 0.2016 -0.9583
vn 0.2116 0.2105 -0.9544
vn 0.2973 0.3011 -0.9061
vn 0.2989 0.3015 -0.9054
vn 0.3875 0.3961 -0.8324
vn 0.3902 0.3972 -0.8306
vn 0.4702 0.4836 -0.7383
vn 0.4738 0.4852 -0.7349
vn 0.5424 0.5601 -0.6262
vn 0.5465 0.5621 -0.6207
vn 0.6018 0.6233 -0.4994
vn 0.6061 0.6253 -0.4915
vn 0.2032 0.2014 -0.9582
vn 0.1051 -0.0995 -0.9895
vn 0.1096 -0.1046 -0.9885
vn 0.1050 -0.0999 -0.9894
vn 0.2024 -0.2016 -0.9583
vn 0.2116 -0.2105 -0.9544
vn 0.2989 -0.3015 -0.9054
vn 0.2031 -0.2014 -0.9582
vn 0.2973 -0.3011 -0.9061
vn 0.3902 -0.3972 -0.8307
vn 0.3875 -0.3961 -0.8324
vn 0.4737 -0.4852 -0.7349
vn 0.4702 -0.4835 -0.7383
vn 0.5465 -0.5621 -0.6208
vn 0.5424 -0.5601 -0.6262
vn 0.6062 -0.6253 -0.4915
vn 0.6018 -0.6233 -0.4993
vn 0.0510 0.1967 0.9791
vn 0.0500 0.1934 0.9799
vn 0.0480 0.1868 0.9812
vn 0.0920 0.3694 0.9247
vn 0.0949 0.3802 0.9200
vn 0.0965 0.3859 0.9175
vn 0.1282 0.5603 0.8183
vn 0.1311 0.5847 0.8006
vn 0.1473 0.7086 0.6900
vn 0.1460 0.7028 0.6963
vn 0.1567 0.8246 0.5436
vn 0.1549 0.8160 0.5569
vn 0.1609 0.9092 0.3840
vn 0.1233 0.5401 0.8325
vn 0.1434 0.6912 0.7083
vn 0.1640 0.9667 0.1964
vn 0.1642 0.9679 0.1902
vn 0.1618 0.9136 0.3731
vn 0.1576 0.8289 0.5368
vn 0.1659 0.9861 0.0014
vn 0.1673 0.9667 -0.1937
vn 0.1681 0.9396 -0.2982
vn 0.1676 0.9091 -0.3814
vn 0.1683 0.9135 -0.3704
vn 0.1660 0.8245 -0.5410
vn 0.1669 0.8288 -0.5340
vn 0.1593 0.7085 -0.6875
vn 0.1580 0.7026 -0.6938
vn 0.1423 0.5602 -0.8161
vn 0.1407 0.5533 -0.8210
vn 0.1124 0.3857 -0.9157
vn 0.1110 0.3801 -0.9183
vn 0.0679 0.1962 -0.9782
vn 0.0669 0.1929 -0.9789
vn 0.0651 0.1867 -0.9803
vn 0.1646 0.8159 -0.5542
vn 0.1556 0.6910 -0.7059
vn 0.1377 0.5399 -0.8304
vn 0.1081 0.3693 -0.9230
vn 0.1686 0.9157 -0.3649
vn 0.1622 0.9158 0.3675
vn -0.0802 0.1926 0.9780
vn -0.0789 0.1893 0.9788
vn -0.0766 0.1829 0.9801
vn -0.1520 0.3546 0.9226
vn -0.1561 0.3649 0.9179
vn -0.1584 0.3704 0.9153
vn -0.2385 0.5279 0.8151
vn -0.2509 0.5491 0.7973
vn -0.3128 0.6569 0.6860
vn -0.3103 0.6514 0.6923
vn -0.3753 0.7540 0.5390
vn -0.3715 0.7463 0.5523
vn -0.4228 0.8232 0.3789
vn -0.2302 0.5089 0.8294
vn -0.3054 0.6407 0.7044
vn -0.4549 0.8698 0.1910
vn -0.4554 0.8709 0.1848
vn -0.4247 0.8272 0.3680
vn -0.3771 0.7581 0.5321
vn -0.4647 0.8855 -0.0041
vn -0.4515 0.8698 -0.1991
vn -0.4342 0.8482 -0.3034
vn -0.4161 0.8231 -0.3865
vn -0.4182 0.8271 -0.3755
vn -0.3658 0.7541 -0.5455
vn -0.3678 0.7580 -0.5387
vn -0.3008 0.6568 -0.6915
vn -0.2982 0.6513 -0.6978
vn -0.2242 0.5277 -0.8193
vn -0.2213 0.5213 -0.8242
vn -0.1423 0.3702 -0.9180
vn -0.1401 0.3648 -0.9205
vn -0.0629 0.1921 -0.9794
vn -0.0617 0.1890 -0.9800
vn -0.0595 0.1829 -0.9813
vn -0.3618 0.7462 -0.5588
vn -0.2930 0.6406 -0.7098
vn -0.2157 0.5088 -0.8335
vn -0.1358 0.3545 -0.9251
vn -0.4193 0.8291 -0.3700
vn -0.4647 0.8854 -0.0041
vn -0.4257 0.8291 0.3624
vn 0.2449 -0.3224 -0.9144
vn 0.2414 -0.3177 -0.9169
vn 0.2349 -0.3087 -0.9217
vn 0.3580 -0.4890 -0.7954
vn 0.4163 -0.5790 -0.7011
vn 0.4230 -0.5886 -0.6889
vn 0.5285 -0.7597 -0.3789
vn 0.5306 -0.7637 -0.3679
vn 0.5572 -0.8088 -0.1883
vn 0.5579 -0.8096 -0.1823
vn 0.5653 -0.8249 0.0069
vn 0.5653 -0.8249 0.0068
vn 0.5386 -0.7854 0.3051
vn 0.5253 -0.7645 0.3736
vn 0.5240 -0.7627 0.3791
vn 0.4751 -0.6867 0.5502
vn 0.5213 -0.7590 0.3901
vn 0.4701 -0.6797 0.5631
vn 0.4096 -0.5866 0.6986
vn 0.4026 -0.5769 0.7107
vn 0.2243 -0.3161 0.9218
vn 0.2176 -0.3071 0.9265
vn 0.2277 -0.3207 0.9194
vn 0.4132 -0.5915 0.6924
vn 0.5581 -0.8102 -0.1789
vn 0.5321 -0.7652 -0.3623
vn 0.4264 -0.5935 -0.6826
vn 0.2578 0.3124 -0.9143
vn 0.2542 0.3079 -0.9168
vn 0.2473 0.2992 -0.9216
vn 0.3881 0.4660 -0.7952
vn 0.4588 0.5464 -0.7007
vn 0.4663 0.5555 -0.6885
vn 0.6007 0.7043 -0.3783
vn 0.6038 0.7075 -0.3672
vn 0.6385 0.7464 -0.1876
vn 0.6391 0.7474 -0.1816
vn 0.6498 0.7600 0.0076
vn 0.6499 0.7600 0.0076
vn 0.6153 0.7265 0.3058
vn 0.6499 0.7600 0.0075
vn 0.5979 0.7088 0.3742
vn 0.5964 0.7071 0.3798
vn 0.5339 0.6416 0.5507
vn 0.5934 0.7037 0.3907
vn 0.5283 0.6350 0.5636
vn 0.4525 0.5537 0.6990
vn 0.4449 0.5445 0.7110
vn 0.2370 0.3064 0.9220
vn 0.2299 0.2977 0.9266
vn 0.2406 0.3109 0.9195
vn 0.4564 0.5583 0.6928
vn 0.6397 0.7476 -0.1785
vn 0.6049 0.7094 -0.3617
vn 0.4700 0.5601 -0.6822
vn 0.9825 -0.0000 -0.1863
vn 0.9824 -0.0000 -0.1866
vn 0.9261 -0.0000 -0.3773
vn 0.9260 -0.0000 -0.3776
vn 0.8339 -0.0000 -0.5519
vn 0.7141 -0.0000 -0.7000
vn 0.7139 -0.0000 -0.7002
vn 0.5682 -0.0000 -0.8229
vn 0.5678 -0.0000 -0.8232
vn 0.3949 -0.0000 -0.9187
vn 0.3944 -0.0000 -0.9190
vn 0.2041 -0.0000 -0.9790
vn 0.2037 -0.0000 -0.9790
vn 0.0087 0.0001 -1.0000
vn -0.1866 -0.0000 -0.9824
vn -0.1870 -0.0000 -0.9824
vn -0.3783 -0.0000 -0.9257
vn -0.3788 -0.0000 -0.9255
vn -0.5534 -0.0000 -0.8329
vn -0.5538 -0.0000 -0.8327
vn -0.7016 -0.0000 -0.7125
vn -0.7018 -0.0000 -0.7123
vn -0.8242 -0.0000 -0.5663
vn -0.9194 -0.0000 -0.3934
vn -0.9193 -0.0000 -0.3936
vn -0.9791 -0.0000 -0.2034
vn -0.9790 -0.0000 -0.2036
vn -0.2230 -0.0000 -0.9748
vn -0.2172 0.0516 -0.9748
vn -0.2083 0.0500 -0.9768
vn -0.4149 0.0975 -0.9046
vn -0.4511 -0.0000 -0.8925
vn -0.4398 -0.1014 -0.8923
vn -0.6364 -0.1456 -0.7575
vn -0.5876 -0.2857 -0.7570
vn -0.7349 -0.3555 -0.5775
vn -0.6374 -0.5111 -0.5767
vn -0.7279 -0.5817 -0.3630
vn -0.5798 -0.7300 -0.3617
vn -0.6184 -0.7756 -0.1267
vn -0.4301 -0.8941 -0.1250
vn -0.4344 -0.9007 -0.0038
vn -0.2228 -0.9749 -0.0019
vn -0.2201 -0.9677 -0.1232
vn 0.0019 -0.9749 -0.2225
vn -0.2050 -0.9108 -0.3585
vn 0.0037 -0.9010 -0.4339
vn -0.1778 -0.8003 -0.5726
vn 0.0054 -0.7818 -0.6235
vn -0.1403 -0.6427 -0.7532
vn 0.0068 -0.6235 -0.7818
vn -0.0944 -0.4474 -0.8894
vn 0.0078 -0.4339 -0.9009
vn -0.0430 -0.2257 -0.9733
vn 0.0085 -0.2225 -0.9749
vn -0.0920 -0.2085 -0.9737
vn -0.1359 -0.1810 -0.9741
vn -0.1916 -0.4133 -0.8902
vn -0.2785 -0.3587 -0.8910
vn -0.2798 -0.5938 -0.7544
vn -0.4047 -0.5153 -0.7554
vn -0.3516 -0.7394 -0.5741
vn -0.5072 -0.6415 -0.5755
vn -0.4027 -0.8415 -0.3601
vn -0.2001 -0.1004 -0.9746
vn -0.2173 -0.0511 -0.9748
vn -0.1726 -0.1442 -0.9744
vn -0.3513 -0.2857 -0.8916
vn -0.4058 -0.1989 -0.8921
vn -0.5094 -0.4105 -0.7563
vn -0.6241 -0.7813 -0.0054
vn -0.7757 -0.6180 -0.1280
vn -0.8390 -0.4044 -0.3639
vn -0.7956 -0.1813 -0.5780
vn -0.6527 -0.0000 -0.7576
vn -0.6007 0.1401 -0.7871
vn -0.4432 0.1025 -0.8906
vn -0.7825 -0.6226 -0.0068
vn -0.8938 -0.4295 -0.1290
vn -0.9080 -0.2063 -0.3646
vn -0.8159 -0.0000 -0.5782
vn -0.7564 0.1757 -0.6301
vn -0.6332 0.1464 -0.7600
vn -0.9015 -0.4326 -0.0079
vn -0.9670 -0.2193 -0.1297
vn -0.9311 -0.0000 -0.3648
vn -0.7953 0.1827 -0.5780
vn -0.8741 0.2024 -0.4415
vn -0.9077 0.2079 -0.3646
vn -0.9480 0.2191 -0.2308
vn -0.9666 0.2209 -0.1297
vn -0.9744 0.2247 -0.0085
vn -1.0000 0.0020 -0.0087
vn -0.9915 -0.0000 -0.1299
vn -0.9753 -0.2209 -0.0085
vn 0.0600 -0.2257 -0.9724
vn 0.1090 -0.2085 -0.9719
vn 0.1528 -0.1810 -0.9715
vn 0.2069 -0.4133 -0.8867
vn 0.2939 -0.3587 -0.8860
vn 0.2929 -0.5938 -0.7494
vn 0.4178 -0.5153 -0.7483
vn 0.3615 -0.7394 -0.5680
vn 0.5171 -0.6415 -0.5666
vn 0.4089 -0.8415 -0.3531
vn 0.5860 -0.7300 -0.3515
vn 0.4322 -0.8941 -0.1175
vn 0.6205 -0.7756 -0.1159
vn 0.4344 -0.9007 0.0038
vn 0.6241 -0.7813 0.0054
vn 0.7778 -0.6180 -0.1145
vn 0.7825 -0.6226 0.0068
vn 0.8959 -0.4295 -0.1135
vn 0.9015 -0.4326 0.0078
vn 0.9691 -0.2193 -0.1128
vn 0.9753 -0.2209 0.0084
vn 0.9936 0.0018 -0.1126
vn 1.0000 0.0020 0.0087
vn 0.9688 0.2209 -0.1128
vn 0.9744 0.2247 0.0085
vn 0.9519 0.2191 -0.2143
vn 0.9139 0.2079 -0.3487
vn 0.8817 0.2025 -0.4262
vn 0.8053 0.1827 -0.5641
vn 0.7672 0.1757 -0.6168
vn 0.8258 0.0010 -0.5639
vn 0.6658 0.0006 -0.7462
vn 0.8055 -0.1813 -0.5641
vn 0.6495 -0.1456 -0.7463
vn 0.7448 -0.3555 -0.5646
vn 0.6007 -0.2857 -0.7467
vn 0.6473 -0.5111 -0.5654
vn 0.5224 -0.4105 -0.7474
vn 0.1896 -0.1441 -0.9712
vn 0.3668 -0.2857 -0.8853
vn 0.2170 -0.1004 -0.9710
vn 0.2342 -0.0511 -0.9708
vn 0.2253 0.0500 -0.9730
vn 0.2399 0.0001 -0.9708
vn 0.2341 0.0515 -0.9708
vn 0.4306 0.0975 -0.8973
vn 0.6143 0.1401 -0.7765
vn 0.4551 0.1021 -0.8846
vn 0.4666 0.0003 -0.8845
vn 0.4552 -0.1013 -0.8846
vn 0.4212 -0.1989 -0.8849
vn 0.6492 0.1467 -0.7463
vn 0.2228 -0.9749 0.0019
vn 0.2222 -0.9677 -0.1193
vn 0.2112 -0.9108 -0.3548
vn 0.1878 -0.8003 -0.5695
vn 0.1533 -0.6427 -0.7506
vn 0.1099 -0.4474 -0.8876
vn 0.0020 -0.9749 -0.2225
vn 0.0038 -0.9010 -0.4339
vn 0.0079 -0.4339 -0.9009
vn 0.7341 -0.5817 -0.3503
vn 0.8452 -0.4044 -0.3493
vn 0.9142 -0.2064 -0.3487
vn 0.9373 0.0014 -0.3485
vn -0.9015 -0.4326 -0.0078
vn 0.9753 -0.2209 0.0085
vn 0.9743 0.2249 0.0085
vn 0.3546 0.9350 0.0031
vn 0.3091 0.9510 0.0027
vn 0.2679 0.9634 0.0023
vn 0.2225 0.9749 0.0019
vn 0.2010 0.9796 0.0018
vn 0.1343 0.9909 0.0012
vn 0.1333 0.9911 0.0013
vn 0.0654 0.9979 0.0006
vn 0.0449 0.9990 0.0004
vn -0.0449 0.9990 -0.0004
vn -0.0654 0.9979 -0.0006
vn -0.1343 0.9909 -0.0012
vn -0.1330 0.9911 -0.0011
vn -0.2010 0.9796 -0.0017
vn -0.2225 0.9749 -0.0020
vn -0.2679 0.9635 -0.0023
vn -0.3091 0.9510 -0.0027
vn -0.3546 0.9350 -0.0030
vn -0.3931 0.9195 -0.0034
vn -0.4384 0.8988 -0.0038
vn -0.4739 0.8805 -0.0041
vn -0.5186 0.8550 -0.0044
vn -0.5510 0.8345 -0.0048
vn -0.5944 0.8041 -0.0051
vn -0.6236 0.7817 -0.0055
vn -0.6653 0.7466 -0.0058
vn -0.6911 0.7227 -0.0061
vn -0.7306 0.6828 -0.0063
vn -0.7532 0.6578 -0.0066
vn -0.7899 0.6133 -0.0069
vn -0.8091 0.5876 -0.0071
vn -0.8425 0.5386 -0.0072
vn -0.8585 0.5127 -0.0075
vn -0.8881 0.4595 -0.0076
vn -0.9010 0.4337 -0.0079
vn -0.9263 0.3766 -0.0080
vn -0.9363 0.3511 -0.0082
vn -0.9568 0.2905 -0.0083
vn -0.9640 0.2658 -0.0084
vn 0.3931 0.9195 0.0034
vn 0.4384 0.8988 0.0038
vn 0.4739 0.8805 0.0041
vn 0.5186 0.8550 0.0046
vn 0.5510 0.8345 0.0048
vn 0.5944 0.8041 0.0052
vn 0.6236 0.7817 0.0054
vn 0.6653 0.7466 0.0058
vn 0.6911 0.7227 0.0060
vn 0.7306 0.6828 0.0064
vn 0.7532 0.6578 0.0065
vn 0.7899 0.6133 0.0069
vn 0.8091 0.5876 0.0070
vn 0.8425 0.5386 0.0074
vn 0.8585 0.5127 0.0074
vn 0.8881 0.4595 0.0078
vn 0.9010 0.4337 0.0078
vn 0.9263 0.3766 0.0081
vn 0.9363 0.3511 0.0080
vn 0.9568 0.2905 0.0083
vn 0.9640 0.2658 0.0084
vn 0.3337 0.0751 -0.9397
vn 0.1007 0.0212 -0.9947
vn 0.5466 0.1244 -0.8281
vn 0.7266 0.1662 -0.6666
vn 0.8629 0.1980 -0.4650
vn 0.9472 0.2179 -0.2353
vn 0.0086 -0.1253 -0.9921
vn 0.0086 -0.1213 -0.9926
vn 0.0079 -0.3682 -0.9297
vn 0.0070 -0.5878 -0.8090
vn 0.0054 -0.7705 -0.6374
vn 0.0036 -0.9048 -0.4258
vn 0.0016 -0.9823 -0.1874
vn 0.0040 -0.9048 -0.4258
vn 0.0059 -0.7706 -0.6373
vn 0.0081 -0.3683 -0.9297
vn 0.0085 -0.2077 -0.9781
vn 0.0084 -0.2584 -0.9660
vn 0.0084 -0.2750 -0.9614
vn 0.0081 -0.3681 -0.9297
vn 0.0085 -0.2078 -0.9781
vn 0.0055 -0.7705 -0.6374
vn 0.0037 -0.9048 -0.4258
vn -0.0525 0.0141 -0.9985
vn -0.0834 0.0212 -0.9963
vn -0.2928 0.0695 -0.9536
vn -0.3173 0.0751 -0.9453
vn -0.5148 0.1204 -0.8488
vn -0.5321 0.1244 -0.8375
vn -0.7043 0.1639 -0.6907
vn -0.7149 0.1662 -0.6792
vn -0.8497 0.1969 -0.4892
vn -0.8547 0.1981 -0.4799
vn -0.9416 0.2177 -0.2569
vn -0.9429 0.2179 -0.2518
vn 0.9796 -0.0000 0.2009
vn 0.9830 -0.0000 -0.1838
vn 0.9681 -0.0000 -0.2504
vn 0.9271 -0.0000 -0.3747
vn 0.8703 0.0001 -0.4925
vn 0.8347 -0.0000 -0.5507
vn 0.5652 -0.0000 -0.8250
vn 0.5075 -0.0000 -0.8616
vn 0.2672 -0.0000 -0.9636
vn 0.2009 -0.0002 -0.9796
vn -0.1838 -0.0001 -0.9830
vn -0.2504 -0.0000 -0.9681
vn -0.4924 -0.0000 -0.8703
vn -0.5508 -0.0000 -0.8347
vn -0.8250 -0.0000 -0.5652
vn -0.8616 -0.0000 -0.5075
vn -0.9636 0.0001 -0.2672
vn -0.9796 -0.0000 -0.2009
vn -0.9830 -0.0000 0.1838
vn -0.9681 0.0001 0.2504
vn -0.9271 -0.0000 0.3747
vn -0.8703 -0.0000 0.4924
vn -0.8347 -0.0000 0.5507
vn -0.5652 -0.0000 0.8250
vn -0.5075 -0.0000 0.8616
vn -0.2672 -0.0000 0.9636
vn -0.2009 -0.0001 0.9796
vn 0.1838 -0.0000 0.9830
vn 0.2504 -0.0000 0.9681
vn 0.4925 -0.0000 0.8703
vn 0.5507 -0.0000 0.8347
vn 0.8250 -0.0000 0.5652
vn 0.8616 -0.0000 0.5075
vn 0.9636 -0.0000 0.2672
vn 0.2009 -0.0001 -0.9796
vn -0.1838 -0.0000 -0.9830
vn -0.4925 -0.0000 -0.8703
vn -0.8249 -0.0000 -0.5652
vn -0.9681 -0.0000 0.2504
vn -0.9271 -0.0001 0.3748
vn -0.8347 -0.0000 0.5508
vn 0.3746 -0.0001 0.9272
vn 0.4924 -0.0000 0.8703
vn 0.5508 -0.0000 0.8347
vn 0.8249 -0.0000 0.5652
vn 0.9636 0.0001 0.2672
vn 0.9785 -0.0000 -0.2065
vn 0.9747 -0.0000 0.2235
vn 0.9039 -0.0000 0.4278
vn 0.7908 -0.0000 0.6121
vn 0.6407 -0.0000 0.7678
vn 0.4607 -0.0000 0.8876
vn 0.2591 -0.0000 0.9658
vn 0.0455 -0.0000 0.9990
vn -0.1704 -0.0000 0.9854
vn -0.3782 -0.0000 0.9257
vn -0.5684 -0.0000 0.8228
vn -0.7319 -0.0000 0.6814
vn -0.8613 -0.0000 0.5081
vn -0.9504 -0.0000 0.3110
vn -0.9504 -0.0000 0.3111
vn -0.9950 -0.0000 0.0995
vn -0.9932 -0.0000 -0.1168
vn -0.9448 -0.0000 -0.3275
vn -0.8523 -0.0000 -0.5230
vn -0.7200 -0.0000 -0.6940
vn -0.5540 -0.0000 -0.8325
vn -0.3620 -0.0000 -0.9322
vn -0.1532 -0.0000 -0.9882
vn 0.0628 -0.0000 -0.9980
vn 0.2759 -0.0000 -0.9612
vn 0.4761 -0.0000 -0.8794
vn 0.6540 -0.0000 -0.7565
vn 0.8013 -0.0000 -0.5982
vn 0.9112 -0.0000 -0.4120
vn 0.9916 -0.0000 0.1292
vn 0.9688 -0.0000 0.2477
vn 0.9319 -0.0000 0.3627
vn 0.8814 -0.0000 0.4724
vn 0.8180 -0.0000 0.5752
vn 0.7427 -0.0000 0.6696
vn 0.6566 -0.0000 0.7542
vn 0.5609 -0.0000 0.8279
vn 0.4570 -0.0000 0.8895
vn 0.3465 -0.0000 0.9381
vn 0.2309 -0.0000 0.9730
vn 0.1119 -0.0000 0.9937
vn -0.1292 -0.0000 0.9916
vn -0.2478 -0.0000 0.9688
vn -0.2477 -0.0000 0.9688
vn -0.3627 -0.0000 0.9319
vn -0.4724 -0.0000 0.8814
vn -0.5752 -0.0000 0.8180
vn -0.6696 -0.0000 0.7427
vn -0.7542 -0.0000 0.6566
vn -0.8279 -0.0000 0.5609
vn -0.8895 -0.0000 0.4570
vn -0.9381 -0.0000 0.3465
vn -0.9730 -0.0000 0.2309
vn -0.9937 -0.0000 0.1119
vn 0.3859 0.9225 0.0034
vn 0.3859 0.9225 0.0033
vn 0.3185 0.9479 0.0028
vn 0.2495 0.9684 0.0022
vn 0.1791 0.9838 0.0016
vn 0.1079 0.9942 0.0009
vn 0.1079 0.9942 0.0010
vn 0.0789 0.9969 0.0007
vn 0.0774 0.9970 0.0007
vn 0.0775 0.9970 0.0007
vn 0.0730 0.9973 0.0006
vn 0.0655 0.9979 0.0006
vn 0.0559 0.9984 0.0005
vn 0.0441 0.9990 0.0004
vn 0.0302 0.9995 0.0003
vn 0.0303 0.9995 0.0003
vn 0.0152 0.9999 0.0001
vn 0.0360 0.9994 0.0003
vn 0.0729 0.9973 0.0006
vn -0.0360 0.9994 -0.0003
vn -0.1079 0.9942 -0.0009
vn -0.0655 0.9979 -0.0006
vn -0.0558 0.9984 -0.0005
vn -0.0441 0.9990 -0.0004
vn -0.1791 0.9838 -0.0016
vn -0.0789 0.9969 -0.0007
vn -0.0774 0.9970 -0.0007
vn -0.2495 0.9684 -0.0022
vn -0.3185 0.9479 -0.0028
vn -0.3859 0.9225 -0.0034
vn -0.0730 0.9973 -0.0006
vn -0.0775 0.9970 -0.0007
vn -0.0152 0.9999 -0.0001
vn -0.0303 0.9995 -0.0003
vn 0.0558 0.9984 0.0005
vn 0.0151 0.9999 0.0001
vn -0.0151 0.9999 -0.0001
vn -0.0302 0.9995 -0.0003
vn -0.0559 0.9984 -0.0005
vn -0.0656 0.9978 -0.0006
vn 0.0304 0.9995 0.0003
vn 0.4695 0.8829 0.0041
vn 0.4658 0.8828 0.0604
vn 0.4616 0.8829 0.0855
vn 0.4552 0.8827 0.1165
vn 0.4397 0.8830 0.1644
vn 0.4374 0.8830 0.1705
vn 0.4138 0.8829 0.2218
vn 0.4045 0.8829 0.2383
vn 0.3840 0.8829 0.2700
vn 0.3570 0.8830 0.3049
vn 0.3486 0.8830 0.3144
vn 0.2986 0.8830 0.3622
vn 0.3082 0.8829 0.3541
vn 0.2634 0.8829 0.3888
vn 0.2312 0.8830 0.4086
vn 0.2146 0.8830 0.4176
vn 0.1567 0.8830 0.4425
vn 0.1624 0.8829 0.4405
vn 0.1084 0.8830 0.4568
vn 0.0775 0.8830 0.4630
vn 0.0523 0.8828 0.4668
vn -0.0041 0.8829 0.4695
vn -0.0604 0.8828 0.4658
vn -0.0855 0.8830 0.4616
vn -0.1165 0.8827 0.4552
vn -0.1644 0.8830 0.4397
vn -0.1705 0.8830 0.4374
vn -0.2219 0.8830 0.4137
vn -0.2382 0.8830 0.4045
vn -0.2701 0.8829 0.3841
vn -0.3049 0.8830 0.3570
vn -0.3144 0.8830 0.3486
vn -0.3623 0.8829 0.2986
vn -0.3540 0.8830 0.3083
vn -0.3888 0.8829 0.2634
vn -0.4086 0.8829 0.2312
vn -0.4176 0.8830 0.2146
vn -0.4425 0.8830 0.1567
vn -0.4405 0.8829 0.1624
vn -0.4568 0.8830 0.1084
vn -0.4630 0.8830 0.0775
vn -0.4668 0.8828 0.0523
vn -0.4695 0.8829 -0.0041
vn 0.3007 -0.0000 0.9537
vn -0.3173 -0.0000 0.9483
vn -0.5948 -0.0000 0.8039
vn -0.8141 -0.0000 0.5807
vn -0.9537 -0.0000 0.3007
vn -0.9483 -0.0000 -0.3173
vn -0.8039 -0.0000 -0.5948
vn -0.5807 -0.0000 -0.8141
vn -0.3007 -0.0000 -0.9537
vn 0.3173 -0.0000 -0.9483
vn 0.5948 -0.0000 -0.8039
vn 0.8141 -0.0000 -0.5807
vn 0.9537 -0.0000 -0.3007
vn 0.9483 -0.0000 0.3173
vn 0.8039 -0.0000 0.5948
vn 0.5807 -0.0000 0.8141
vn -0.8078 -0.4695 -0.3565
vn -0.8428 -0.4695 -0.2631
vn -0.8078 -0.4695 -0.3564
vn -0.8671 -0.4695 -0.1664
vn -0.8804 -0.4695 -0.0675
vn -0.8824 -0.4695 0.0322
vn -0.8731 -0.4695 0.1315
vn -0.8527 -0.4695 0.2291
vn -0.8214 -0.4695 0.3238
vn -0.7797 -0.4695 0.4144
vn -0.7280 -0.4695 0.4997
vn -0.6670 -0.4695 0.5786
vn -0.5975 -0.4695 0.6501
vn -0.5204 -0.4695 0.7133
vn -0.4366 -0.4695 0.7674
vn -0.3473 -0.4695 0.8118
vn -0.2535 -0.4695 0.8458
vn -0.1565 -0.4695 0.8690
vn -0.0575 -0.4695 0.8811
vn 0.0422 -0.4695 0.8819
vn 0.1414 -0.4695 0.8716
vn 0.2388 -0.4695 0.8501
vn 0.3331 -0.4695 0.8177
vn 0.4232 -0.4695 0.7749
vn 0.5079 -0.4695 0.7223
vn 0.5861 -0.4695 0.6604
vn 0.6568 -0.4695 0.5901
vn 0.7192 -0.4695 0.5122
vn 0.7723 -0.4695 0.4279
vn 0.8157 -0.4695 0.3381
vn 0.8486 -0.4695 0.2439
vn 0.8707 -0.4695 0.1467
vn 0.8817 -0.4695 0.0475
vn 0.8814 -0.4695 -0.0522
vn 0.8699 -0.4695 -0.1512
vn 0.8473 -0.4695 -0.2484
vn 0.8139 -0.4695 -0.3423
vn -0.2009 0.0001 0.9796
vn -0.2901 -0.0000 0.9570
vn -0.5479 -0.0000 0.8365
vn -0.7614 -0.0000 0.6483
vn -0.9132 -0.0000 0.4075
vn -0.9910 -0.0000 0.1337
vn -1.0000 0.0001 -0.0087
vn -0.9885 -0.0000 -0.1509
vn -0.9796 -0.0000 -0.2008
vn -0.9060 -0.0001 -0.4233
vn -0.7500 -0.0000 -0.6614
vn -0.5333 -0.0000 -0.8459
vn -0.3746 0.0001 -0.9272
vn -0.2734 -0.0000 -0.9619
vn 0.2009 0.0001 -0.9796
vn 0.2901 -0.0000 -0.9570
vn 0.5479 -0.0000 -0.8365
vn 0.7614 -0.0001 -0.6483
vn 0.8347 -0.0000 -0.5508
vn 0.9132 -0.0001 -0.4075
vn 0.9910 -0.0000 -0.1337
vn 1.0000 0.0002 0.0087
vn 0.9885 -0.0000 0.1509
vn 0.9060 -0.0000 0.4233
vn 0.8250 -0.0001 0.5652
vn 0.7500 -0.0000 0.6614
vn 0.5333 -0.0000 0.8459
vn 0.3746 0.0001 0.9272
vn 0.2734 -0.0000 0.9619
vn -0.2009 -0.0000 0.9796
vn -0.9132 -0.0001 0.4075
vn -0.9060 -0.0000 -0.4233
vn -0.3746 -0.0000 -0.9272
vn -0.2734 -0.0001 -0.9619
vn 0.2009 0.0003 -0.9796
vn 0.7614 -0.0000 -0.6483
vn 0.9132 -0.0000 -0.4075
vn 1.0000 0.0001 0.0087
vn 0.9796 -0.0000 0.2008
vn 0.9060 -0.0001 0.4233
vn 0.2734 -0.0001 0.9619
vn 0.1923 -0.0000 -0.9813
vn -0.1752 -0.0000 -0.9845
vn -0.3531 -0.0000 -0.9356
vn -0.5190 -0.0000 -0.8548
vn -0.6672 -0.0000 -0.7448
vn -0.7927 -0.0000 -0.6095
vn -0.7927 -0.0000 -0.6096
vn -0.8913 -0.0000 -0.4535
vn -0.9594 -0.0000 -0.2820
vn -0.9949 -0.0000 -0.1009
vn -0.9965 -0.0000 0.0836
vn -0.9642 -0.0000 0.2653
vn -0.8990 -0.0000 0.4379
vn -0.8032 -0.0000 0.5957
vn -0.6801 -0.0000 0.7331
vn -0.5338 -0.0000 0.8456
vn -0.3693 -0.0000 0.9293
vn -0.1923 -0.0000 0.9813
vn 0.1752 -0.0000 0.9845
vn 0.3531 -0.0000 0.9356
vn 0.5190 -0.0000 0.8548
vn 0.6672 -0.0000 0.7448
vn 0.7927 -0.0000 0.6096
vn 0.8913 -0.0000 0.4535
vn 0.9594 -0.0000 0.2820
vn 0.9949 -0.0000 0.1009
vn 0.9965 -0.0000 -0.0836
vn 0.9642 -0.0000 -0.2653
vn 0.8990 -0.0000 -0.4379
vn 0.8032 -0.0000 -0.5957
vn 0.6801 -0.0000 -0.7331
vn 0.5338 -0.0000 -0.8456
vn 0.3693 -0.0000 -0.9293
vn -0.9149 -0.0000 -0.4037
vn -0.9546 -0.0000 -0.2980
vn -0.9821 -0.0000 -0.1884
vn -0.9971 -0.0000 -0.0765
vn -0.9993 -0.0000 0.0365
vn -0.9888 -0.0000 0.1489
vn -0.9657 -0.0000 0.2595
vn -0.9303 -0.0000 0.3667
vn -0.8830 -0.0000 0.4693
vn -0.8245 -0.0000 0.5659
vn -0.7554 -0.0000 0.6553
vn -0.6767 -0.0000 0.7363
vn -0.5893 -0.0000 0.8079
vn -0.4945 -0.0000 0.8692
vn -0.3933 -0.0000 0.9194
vn -0.2871 -0.0000 0.9579
vn -0.1773 -0.0000 0.9842
vn -0.0652 -0.0000 0.9979
vn 0.0478 -0.0000 0.9989
vn 0.1601 -0.0000 0.9871
vn 0.2704 -0.0000 0.9627
vn 0.3773 -0.0000 0.9261
vn 0.4793 -0.0000 0.8777
vn 0.5752 -0.0000 0.8180
vn 0.6638 -0.0000 0.7479
vn 0.7439 -0.0000 0.6683
vn 0.8145 -0.0000 0.5802
vn 0.8747 -0.0000 0.4846
vn 0.9238 -0.0000 0.3829
vn 0.9611 -0.0000 0.2762
vn 0.9861 -0.0000 0.1661
vn 0.9985 -0.0000 0.0538
vn 0.9983 -0.0000 -0.0591
vn 0.9852 -0.0000 -0.1713
vn 0.9596 -0.0000 -0.2813
vn 0.9218 -0.0000 -0.3877
vn -0.4386 -0.8987 -0.0038
vn -0.3694 -0.9293 -0.0032
vn -0.2981 -0.9545 -0.0026
vn -0.2251 -0.9743 -0.0020
vn -0.1508 -0.9886 -0.0013
vn -0.0790 -0.9969 -0.0007
vn -0.0775 -0.9970 -0.0007
vn -0.0774 -0.9970 -0.0007
vn -0.0729 -0.9973 -0.0006
vn -0.0730 -0.9973 -0.0006
vn -0.0655 -0.9979 -0.0006
vn -0.0559 -0.9984 -0.0005
vn -0.0441 -0.9990 -0.0004
vn -0.0303 -0.9995 -0.0003
vn -0.0756 -0.9971 -0.0007
vn -0.0440 -0.9990 -0.0004
vn -0.0302 -0.9995 -0.0003
vn -0.0152 -0.9999 -0.0001
vn 0.0152 -0.9999 0.0001
vn 0.0302 -0.9995 0.0003
vn 0.0756 -0.9971 0.0007
vn 0.0440 -0.9990 0.0004
vn 0.0559 -0.9984 0.0005
vn 0.0655 -0.9979 0.0006
vn 0.0729 -0.9973 0.0006
vn 0.0774 -0.9970 0.0007
vn 0.0790 -0.9969 0.0007
vn 0.1507 -0.9886 0.0014
vn 0.1508 -0.9886 0.0013
vn 0.2251 -0.9743 0.0020
vn 0.2981 -0.9545 0.0026
vn 0.3694 -0.9293 0.0032
vn 0.4386 -0.8987 0.0038
vn 0.0441 -0.9990 0.0004
vn 0.0558 -0.9984 0.0005
vn 0.0303 -0.9995 0.0003
vn 0.0730 -0.9973 0.0006
vn -0.0558 -0.9984 -0.0005
vn -0.9896 -0.0000 -0.1438
vn -0.9611 -0.0000 -0.2763
vn 0.9657 -0.0000 -0.2595
vn 0.9920 -0.0000 -0.1266
vn -0.8829 -0.4695 -0.0077
vn -0.8776 -0.4695 -0.0973
vn -0.8738 -0.4695 -0.1270
vn -0.8630 -0.4697 -0.1859
vn -0.8486 -0.4695 -0.2440
vn -0.8398 -0.4695 -0.2726
vn 0.8444 -0.4695 -0.2579
vn 0.8527 -0.4695 -0.2292
vn 0.8661 -0.4697 -0.1708
vn 0.8758 -0.4695 -0.1118
vn 0.8791 -0.4695 -0.0820
vn 0.8829 -0.4695 0.0077
vn 0.4674 0.8830 -0.0436
vn 0.4657 0.8830 -0.0594
vn 0.4605 0.8830 -0.0908
vn 0.4534 0.8830 -0.1218
vn 0.4490 0.8829 -0.1371
vn 0.4328 0.8829 -0.1820
vn 0.4505 0.8829 -0.1322
vn 0.4507 0.8831 -0.1305
vn 0.4626 0.8829 -0.0805
vn 0.4630 0.8830 -0.0773
vn 0.4687 0.8829 -0.0278
vn 0.4689 0.8830 -0.0231
vn 0.4688 0.8829 0.0252
vn 0.4684 0.8830 0.0315
vn 0.4629 0.8830 0.0780
vn 0.4616 0.8829 0.0857
vn 0.4513 0.8829 0.1297
vn 0.4485 0.8830 0.1387
vn 0.4337 0.8829 0.1797
vn 0.4294 0.8830 0.1898
vn 0.4107 0.8829 0.2275
vn 0.4044 0.8830 0.2383
vn 0.3824 0.8829 0.2724
vn 0.3741 0.8829 0.2837
vn 0.3493 0.8829 0.3138
vn 0.3386 0.8829 0.3252
vn 0.3117 0.8829 0.3511
vn 0.2985 0.8830 0.3623
vn 0.2701 0.8829 0.3840
vn 0.2545 0.8830 0.3944
vn 0.2250 0.8829 0.4120
vn 0.2070 0.8830 0.4214
vn 0.1771 0.8829 0.4348
vn 0.1269 0.8829 0.4520
vn 0.1043 0.8829 0.4578
vn 0.0752 0.8829 0.4635
vn 0.0504 0.8830 0.4667
vn 0.0224 0.8829 0.4690
vn -0.0041 0.8830 0.4694
vn -0.0306 0.8829 0.4685
vn -0.0585 0.8830 0.4658
vn -0.0832 0.8829 0.4621
vn -0.1122 0.8829 0.4559
vn -0.1348 0.8829 0.4497
vn -0.1644 0.8829 0.4398
vn -0.1847 0.8829 0.4317
vn -0.2143 0.8830 0.4177
vn -0.2321 0.8829 0.4081
vn -0.2613 0.8830 0.3900
vn -0.2767 0.8829 0.3793
vn -0.3048 0.8830 0.3570
vn -0.3177 0.8830 0.3456
vn -0.3442 0.8830 0.3192
vn -0.3547 0.8829 0.3076
vn -0.3789 0.8830 0.2771
vn -0.3871 0.8829 0.2657
vn -0.4086 0.8829 0.2313
vn -0.4146 0.8829 0.2203
vn -0.4326 0.8829 0.1823
vn -0.4368 0.8829 0.1722
vn -0.4508 0.8830 0.1309
vn -0.4534 0.8830 0.1218
vn -0.4629 0.8830 0.0776
vn -0.4642 0.8829 0.0699
vn -0.4689 0.8830 0.0234
vn -0.4692 0.8829 0.0171
vn -0.4684 0.8830 -0.0312
vn -0.4681 0.8829 -0.0359
vn -0.4616 0.8830 -0.0854
vn -0.4611 0.8829 -0.0885
vn -0.4487 0.8829 -0.1384
vn -0.4482 0.8829 -0.1403
vn -0.4295 0.8829 -0.1895
vn -0.4465 0.8830 -0.1451
vn -0.4512 0.8830 -0.1297
vn -0.4588 0.8830 -0.0988
vn -0.4646 0.8830 -0.0675
vn -0.4666 0.8830 -0.0517
vn -0.8835 0.4649 0.0577
vn -0.8835 0.4651 0.0561
vn -0.8829 0.4695 -0.0077
vn -0.8824 0.4651 -0.0716
vn -0.8840 0.4521 0.1189
vn -0.8841 0.4512 0.1218
vn -0.8845 0.4306 0.1793
vn -0.8846 0.4288 0.1833
vn -0.8850 0.4011 0.2363
vn -0.8851 0.3981 0.2411
vn -0.8855 0.3642 0.2886
vn -0.8855 0.3596 0.2941
vn -0.8859 0.3205 0.3354
vn -0.8859 0.3141 0.3412
vn -0.8862 0.2708 0.3758
vn -0.8863 0.2625 0.3815
vn -0.8865 0.2160 0.4091
vn -0.8866 0.2058 0.4143
vn -0.8868 0.1573 0.4347
vn -0.8868 0.1450 0.4388
vn -0.8869 0.0956 0.4520
vn -0.8869 0.0815 0.4547
vn -0.8870 0.0321 0.4607
vn -0.8870 0.0164 0.4615
vn -0.8870 -0.0320 0.4607
vn -0.8870 -0.0491 0.4592
vn -0.8869 -0.0955 0.4520
vn -0.8869 -0.1136 0.4478
vn -0.8868 -0.1572 0.4347
vn -0.8867 -0.1759 0.4276
vn -0.8865 -0.2160 0.4091
vn -0.8864 -0.2347 0.3989
vn -0.8863 -0.2707 0.3759
vn -0.8861 -0.2890 0.3623
vn -0.8859 -0.3204 0.3354
vn -0.8857 -0.3377 0.3184
vn -0.8855 -0.3641 0.2886
vn -0.8853 -0.3798 0.2683
vn -0.8850 -0.4011 0.2363
vn -0.8848 -0.4146 0.2127
vn -0.8846 -0.4306 0.1794
vn -0.8843 -0.4412 0.1529
vn -0.8840 -0.4520 0.1190
vn -0.8837 -0.4593 0.0899
vn -0.8835 -0.4650 0.0563
vn -0.8832 -0.4684 0.0251
vn -0.8826 -0.4684 -0.0404
vn -0.8824 -0.4651 -0.0716
vn -0.8821 -0.4592 -0.1053
vn -0.8818 -0.4520 -0.1343
vn -0.8815 -0.4412 -0.1682
vn -0.8813 -0.4306 -0.1947
vn -0.8810 -0.4145 -0.2281
vn -0.8808 -0.4011 -0.2516
vn -0.8805 -0.3798 -0.2836
vn -0.8803 -0.3642 -0.3039
vn -0.8801 -0.3378 -0.3338
vn -0.8799 -0.3204 -0.3508
vn -0.8797 -0.2890 -0.3776
vn -0.8796 -0.2707 -0.3912
vn -0.8794 -0.2348 -0.4142
vn -0.8793 -0.2160 -0.4245
vn -0.8791 -0.1759 -0.4429
vn -0.8791 -0.1572 -0.4500
vn -0.8789 -0.1136 -0.4632
vn -0.8789 -0.0955 -0.4673
vn -0.8789 -0.0491 -0.4746
vn -0.8788 -0.0320 -0.4760
vn -0.8788 0.0164 -0.4768
vn -0.8788 0.0321 -0.4760
vn -0.8789 0.0815 -0.4700
vn -0.8789 0.0956 -0.4673
vn -0.8790 0.1451 -0.4542
vn -0.8791 0.1572 -0.4500
vn -0.8792 0.2058 -0.4296
vn -0.8793 0.2160 -0.4245
vn -0.8795 0.2625 -0.3969
vn -0.8796 0.2708 -0.3912
vn -0.8799 0.3141 -0.3566
vn -0.8799 0.3204 -0.3508
vn -0.8803 0.3597 -0.3094
vn -0.8803 0.3642 -0.3039
vn -0.8808 0.3981 -0.2565
vn -0.8808 0.4011 -0.2516
vn -0.8813 0.4288 -0.1986
vn -0.8813 0.4306 -0.1947
vn -0.8818 0.4512 -0.1371
vn -0.8818 0.4521 -0.1343
vn -0.8824 0.4649 -0.0730
vn 0.8824 -0.4647 0.0731
vn 0.8824 -0.4651 0.0716
vn 0.8830 -0.4694 0.0077
vn 0.8835 -0.4651 -0.0563
vn 0.8818 -0.4521 0.1343
vn 0.8818 -0.4512 0.1371
vn 0.8813 -0.4307 0.1946
vn 0.8813 -0.4288 0.1987
vn 0.8808 -0.4011 0.2516
vn 0.8808 -0.3981 0.2565
vn 0.8803 -0.3642 0.3039
vn 0.8803 -0.3597 0.3094
vn 0.8799 -0.3205 0.3507
vn 0.8799 -0.3141 0.3566
vn 0.8796 -0.2707 0.3912
vn 0.8795 -0.2625 0.3969
vn 0.8793 -0.2160 0.4245
vn 0.8792 -0.2058 0.4296
vn 0.8791 -0.1573 0.4500
vn 0.8790 -0.1451 0.4542
vn 0.8789 -0.0956 0.4673
vn 0.8789 -0.0815 0.4700
vn 0.8788 -0.0321 0.4760
vn 0.8788 -0.0164 0.4768
vn 0.8788 0.0321 0.4760
vn 0.8789 0.0491 0.4746
vn 0.8789 0.0955 0.4673
vn 0.8790 0.1136 0.4632
vn 0.8791 0.1572 0.4500
vn 0.8791 0.1759 0.4429
vn 0.8793 0.2160 0.4245
vn 0.8794 0.2347 0.4142
vn 0.8796 0.2708 0.3912
vn 0.8797 0.2890 0.3776
vn 0.8799 0.3205 0.3508
vn 0.8801 0.3378 0.3338
vn 0.8803 0.3642 0.3039
vn 0.8805 0.3798 0.2836
vn 0.8808 0.4011 0.2516
vn 0.8810 0.4145 0.2281
vn 0.8813 0.4306 0.1947
vn 0.8815 0.4412 0.1682
vn 0.8818 0.4520 0.1343
vn 0.8821 0.4592 0.1053
vn 0.8824 0.4651 0.0716
vn 0.8826 0.4683 0.0404
vn 0.8829 0.4694 0.0077
vn 0.8832 0.4683 -0.0251
vn 0.8835 0.4651 -0.0562
vn 0.8838 0.4592 -0.0899
vn 0.8840 0.4520 -0.1190
vn 0.8843 0.4412 -0.1529
vn 0.8845 0.4306 -0.1794
vn 0.8848 0.4146 -0.2127
vn 0.8850 0.4011 -0.2362
vn 0.8853 0.3798 -0.2683
vn 0.8855 0.3642 -0.2886
vn 0.8857 0.3377 -0.3184
vn 0.8859 0.3204 -0.3354
vn 0.8861 0.2890 -0.3623
vn 0.8863 0.2707 -0.3759
vn 0.8864 0.2347 -0.3989
vn 0.8865 0.2160 -0.4091
vn 0.8867 0.1759 -0.4276
vn 0.8868 0.1572 -0.4347
vn 0.8869 0.1136 -0.4478
vn 0.8869 0.0955 -0.4520
vn 0.8870 0.0491 -0.4592
vn 0.8870 0.0321 -0.4607
vn 0.8870 -0.0164 -0.4615
vn 0.8870 -0.0321 -0.4607
vn 0.8869 -0.0816 -0.4546
vn 0.8869 -0.0955 -0.4520
vn 0.8868 -0.1450 -0.4388
vn 0.8868 -0.1572 -0.4347
vn 0.8866 -0.2058 -0.4143
vn 0.8865 -0.2160 -0.4091
vn 0.8863 -0.2625 -0.3815
vn 0.8862 -0.2708 -0.3758
vn 0.8859 -0.3142 -0.3412
vn 0.8859 -0.3204 -0.3354
vn 0.8855 -0.3596 -0.2941
vn 0.8855 -0.3642 -0.2886
vn 0.8851 -0.3981 -0.2411
vn 0.8850 -0.4011 -0.2362
vn 0.8846 -0.4288 -0.1833
vn 0.8846 -0.4306 -0.1794
vn 0.8841 -0.4512 -0.1218
vn 0.8840 -0.4521 -0.1189
vn 0.8836 -0.4647 -0.0577
vn -0.0017 -0.9813 0.1924
vn 0.0017 -0.9813 -0.1924
vn 0.0025 -0.9595 -0.2817
vn 0.0047 -0.8413 -0.5406
vn 0.0048 -0.8298 -0.5581
vn 0.0066 -0.6549 -0.7557
vn 0.0072 -0.5580 -0.8298
vn 0.0079 -0.4154 -0.9096
vn 0.0085 -0.1924 -0.9813
vn 0.0086 -0.1423 -0.9898
vn 0.0086 0.1423 -0.9898
vn 0.0085 0.1924 -0.9813
vn 0.0079 0.4154 -0.9096
vn 0.0072 0.5580 -0.8298
vn 0.0066 0.6549 -0.7557
vn 0.0047 0.8413 -0.5406
vn 0.0048 0.8298 -0.5581
vn 0.0025 0.9595 -0.2817
vn 0.0017 0.9813 -0.1924
vn -0.0017 0.9813 0.1924
vn -0.0024 0.9595 0.2817
vn -0.0047 0.8413 0.5406
vn -0.0048 0.8298 0.5580
vn -0.0065 0.6549 0.7557
vn -0.0072 0.5580 0.8298
vn -0.0079 0.4154 0.9096
vn -0.0080 0.3828 0.9238
vn -0.0085 0.1923 0.9813
vn -0.0086 0.1423 0.9898
vn -0.0089 -0.0000 1.0000
vn -0.0086 -0.1423 0.9898
vn -0.0085 -0.1923 0.9813
vn -0.0079 -0.4154 0.9096
vn -0.0072 -0.5580 0.8298
vn -0.0065 -0.6549 0.7557
vn -0.0047 -0.8413 0.5406
vn -0.0048 -0.8298 0.5580
vn -0.0024 -0.9595 0.2817
vn 0.0033 -0.9238 -0.3828
vn 0.0048 -0.8298 -0.5580
vn 0.0085 -0.1923 -0.9813
vn 0.0085 0.1923 -0.9813
vn 0.0080 0.4154 -0.9096
vn 0.0048 0.8298 -0.5580
vn 0.0033 0.9238 -0.3828
vn -0.0025 0.9595 0.2817
vn -0.0033 0.9238 0.3828
vn -0.0085 0.1924 0.9813
vn -0.0088 -0.0000 1.0000
vn -0.0085 -0.1924 0.9813
vn -0.0033 -0.9238 0.3828
vn -0.0025 -0.9595 0.2817
vn 0.0012 -0.9903 -0.1392
vn 0.0006 -0.9976 -0.0697
vn -0.0006 -0.9976 0.0697
vn -0.0012 -0.9903 0.1392
vn -0.0018 -0.9781 0.2079
vn -0.0024 -0.9613 0.2756
vn -0.0030 -0.9397 0.3420
vn -0.0035 -0.9135 0.4067
vn -0.0041 -0.8829 0.4695
vn -0.0046 -0.8480 0.5299
vn -0.0051 -0.8090 0.5878
vn -0.0056 -0.7660 0.6428
vn -0.0060 -0.7193 0.6946
vn -0.0065 -0.6691 0.7431
vn -0.0068 -0.6157 0.7880
vn -0.0072 -0.5592 0.8290
vn -0.0075 -0.5000 0.8660
vn -0.0078 -0.4384 0.8988
vn -0.0080 -0.3746 0.9271
vn -0.0083 -0.3090 0.9510
vn -0.0084 -0.2419 0.9703
vn -0.0086 -0.1736 0.9848
vn -0.0086 -0.1045 0.9945
vn -0.0087 -0.0349 0.9994
vn -0.0087 0.0349 0.9994
vn -0.0086 0.1045 0.9945
vn -0.0086 0.1736 0.9848
vn -0.0084 0.2419 0.9703
vn -0.0083 0.3090 0.9510
vn -0.0081 0.3746 0.9271
vn -0.0078 0.4384 0.8988
vn -0.0075 0.5000 0.8660
vn -0.0072 0.5592 0.8290
vn -0.0069 0.6157 0.7880
vn -0.0064 0.6691 0.7431
vn -0.0061 0.7193 0.6946
vn -0.0056 0.7660 0.6428
vn -0.0051 0.8090 0.5878
vn -0.0046 0.8480 0.5299
vn -0.0035 0.9135 0.4067
vn -0.0030 0.9397 0.3420
vn -0.0024 0.9613 0.2756
vn -0.0018 0.9781 0.2079
vn -0.0012 0.9903 0.1392
vn -0.0006 0.9976 0.0697
vn 0.0006 0.9976 -0.0697
vn 0.0013 0.9903 -0.1392
vn 0.0018 0.9781 -0.2079
vn 0.0024 0.9613 -0.2756
vn 0.0030 0.9397 -0.3420
vn 0.0035 0.9135 -0.4067
vn 0.0041 0.8829 -0.4695
vn 0.0046 0.8480 -0.5299
vn 0.0051 0.8090 -0.5878
vn 0.0056 0.7660 -0.6428
vn 0.0060 0.7193 -0.6946
vn 0.0065 0.6691 -0.7431
vn 0.0068 0.6157 -0.7880
vn 0.0072 0.5592 -0.8290
vn 0.0075 0.5000 -0.8660
vn 0.0078 0.4384 -0.8988
vn 0.0080 0.3746 -0.9271
vn 0.0083 0.3090 -0.9510
vn 0.0084 0.2419 -0.9703
vn 0.0086 0.1736 -0.9848
vn 0.0086 0.1045 -0.9945
vn 0.0087 0.0349 -0.9994
vn 0.0086 -0.0349 -0.9994
vn 0.0087 -0.1045 -0.9945
vn 0.0086 -0.1736 -0.9848
vn 0.0084 -0.2419 -0.9703
vn 0.0083 -0.3090 -0.9510
vn 0.0081 -0.3746 -0.9271
vn 0.0078 -0.4384 -0.8988
vn 0.0076 -0.5000 -0.8660
vn 0.0072 -0.5592 -0.8290
vn 0.0069 -0.6157 -0.7880
vn 0.0065 -0.6691 -0.7431
vn 0.0061 -0.7193 -0.6946
vn 0.0056 -0.7660 -0.6428
vn 0.0051 -0.8090 -0.5878
vn 0.0046 -0.8480 -0.5299
vn 0.0041 -0.8829 -0.4695
vn 0.0035 -0.9135 -0.4067
vn 0.0030 -0.9397 -0.3420
vn 0.0024 -0.9613 -0.2756
vn 0.0018 -0.9781 -0.2079
vn -0.0086 -0.0000 1.0000
vn -0.0085 -0.0000 1.0000
vn 0.0010 -0.9937 -0.1120
vn 0.0029 -0.9439 -0.3303
vn 0.0046 -0.8467 -0.5320
vn 0.0074 -0.5320 -0.8467
vn 0.0082 -0.3303 -0.9438
vn 0.0086 -0.1120 -0.9937
vn 0.0087 0.1120 -0.9937
vn 0.0086 0.1120 -0.9937
vn 0.0085 0.2225 -0.9749
vn 0.0082 0.3303 -0.9438
vn 0.0078 0.4339 -0.9009
vn 0.0074 0.5320 -0.8467
vn 0.0068 0.6235 -0.7818
vn 0.0054 0.7818 -0.6235
vn 0.0046 0.8467 -0.5320
vn 0.0038 0.9010 -0.4339
vn 0.0029 0.9439 -0.3303
vn 0.0019 0.9749 -0.2225
vn 0.0010 0.9937 -0.1120
vn 0.8503 0.5263 0.0074
vn 0.8892 0.4574 0.0077
vn 0.9226 0.3856 0.0080
vn 0.9502 0.3114 0.0083
vn 0.9502 0.3115 0.0083
vn 0.9719 0.2353 0.0085
vn 0.9874 0.1577 0.0086
vn 0.9968 0.0791 0.0086
vn 0.9968 0.0791 0.0087
vn 0.9968 0.0789 0.0087
vn 0.9970 0.0774 0.0087
vn 0.9990 0.0441 0.0087
vn 0.9984 0.0558 0.0087
vn 0.9978 0.0655 0.0087
vn 0.9968 -0.0791 0.0087
vn 0.9995 -0.0302 0.0087
vn 0.9998 -0.0152 0.0087
vn 0.9874 -0.1577 0.0086
vn 0.9968 -0.0789 0.0087
vn 0.9970 -0.0774 0.0087
vn 0.9719 -0.2353 0.0085
vn 0.9502 -0.3115 0.0083
vn 0.9226 -0.3856 0.0080
vn 0.8892 -0.4574 0.0077
vn 0.8503 -0.5263 0.0074
vn 0.9990 -0.0441 0.0087
vn 0.9984 -0.0558 0.0087
vn 0.9978 -0.0655 0.0087
vn 0.9995 0.0302 0.0087
vn 0.9998 0.0152 0.0087
vn 0.9968 0.0790 0.0087
vn 0.9973 0.0730 0.0087
vn 0.9978 0.0656 0.0087
vn 0.9984 0.0559 0.0087
vn 0.9990 0.0440 0.0087
vn 0.9998 0.0153 0.0087
vn 0.9990 -0.0440 0.0087
vn 0.9984 -0.0559 0.0087
vn 0.9973 -0.0730 0.0087
vn 0.9970 -0.0775 0.0087
vn 0.9968 -0.0790 0.0087
vn 0.9973 -0.0729 0.0087
vn 0.0086 -0.0000 -1.0000
vn -0.7128 -0.2554 0.6532
vn -0.7130 -0.1908 0.6747
vn -0.7130 0.1908 0.6747
vn -0.7123 -0.3674 0.5980
vn -0.7116 -0.4764 0.5164
vn -0.7113 -0.5168 0.4765
vn -0.7098 -0.6330 0.3090
vn -0.7099 -0.6278 0.3191
vn -0.7083 -0.6924 0.1378
vn -0.7076 -0.7041 0.0591
vn -0.7066 -0.7055 -0.0544
vn -0.7054 -0.6801 -0.1996
vn -0.7050 -0.6663 -0.2430
vn -0.7034 -0.5643 -0.4323
vn -0.7035 -0.5777 -0.4139
vn -0.7023 -0.4463 -0.5546
vn -0.7018 -0.3722 -0.6073
vn -0.7014 -0.2817 -0.6547
vn -0.7011 -0.1299 -0.7012
vn -0.7010 -0.0963 -0.7066
vn -0.7010 0.1299 -0.7012
vn -0.7010 0.0963 -0.7066
vn -0.7014 0.2817 -0.6547
vn -0.7019 0.3722 -0.6073
vn -0.7023 0.4463 -0.5546
vn -0.7034 0.5643 -0.4323
vn -0.7035 0.5777 -0.4139
vn -0.7050 0.6663 -0.2429
vn -0.7054 0.6801 -0.1996
vn -0.7066 0.7055 -0.0544
vn -0.7077 0.7041 0.0591
vn -0.7083 0.6924 0.1378
vn -0.7098 0.6330 0.3090
vn -0.7099 0.6278 0.3192
vn -0.7113 0.5168 0.4765
vn -0.7116 0.4764 0.5164
vn -0.7123 0.3674 0.5980
vn -0.7128 0.2554 0.6532
vn -0.7099 -0.6277 0.3193
vn -0.7077 -0.7041 0.0591
vn -0.7050 -0.6663 -0.2429
vn -0.7019 -0.3722 -0.6073
vn -0.7010 -0.1299 -0.7012
vn -0.7018 0.3722 -0.6073
vn -0.7050 0.6663 -0.2430
vn -0.7076 0.7041 0.0591
vn -0.0085 -0.2393 0.9709
vn -0.0085 -0.1890 0.9819
vn -0.0085 0.1870 0.9823
vn -0.0080 -0.3783 0.9256
vn -0.0077 -0.4647 0.8854
vn -0.0072 -0.5546 0.8321
vn -0.0065 -0.6631 0.7485
vn -0.0062 -0.7061 0.7081
vn -0.0049 -0.8230 0.5680
vn -0.0048 -0.8311 0.5560
vn -0.0033 -0.9266 0.3760
vn -0.0031 -0.9350 0.3546
vn -0.0016 -0.9837 0.1800
vn -0.0010 -0.9927 0.1205
vn 0.0001 -0.9998 -0.0175
vn 0.0011 -0.9927 -0.1205
vn 0.0019 -0.9764 -0.2157
vn 0.0031 -0.9350 -0.3546
vn 0.0036 -0.9121 -0.4099
vn 0.0049 -0.8230 -0.5680
vn 0.0051 -0.8105 -0.5857
vn 0.0064 -0.6812 -0.7321
vn 0.0065 -0.6631 -0.7485
vn 0.0075 -0.5244 -0.8514
vn 0.0077 -0.4647 -0.8854
vn 0.0082 -0.3449 -0.9386
vn 0.0084 -0.2393 -0.9709
vn 0.0086 -0.1546 -0.9879
vn 0.0087 0.0332 -0.9994
vn 0.0085 0.2393 -0.9709
vn 0.0085 0.2207 -0.9753
vn 0.0079 0.4040 -0.9147
vn 0.0077 0.4647 -0.8854
vn 0.0071 0.5720 -0.8203
vn 0.0065 0.6631 -0.7485
vn 0.0061 0.7157 -0.6984
vn 0.0049 0.8230 -0.5680
vn 0.0048 0.8354 -0.5497
vn 0.0031 0.9350 -0.3546
vn 0.0032 0.9278 -0.3730
vn 0.0016 0.9838 -0.1793
vn 0.0011 0.9927 -0.1205
vn -0.0001 0.9998 0.0174
vn -0.0010 0.9927 0.1205
vn -0.0019 0.9767 0.2147
vn -0.0031 0.9350 0.3546
vn -0.0035 0.9137 0.4063
vn -0.0049 0.8230 0.5680
vn -0.0050 0.8155 0.5787
vn -0.0065 0.6631 0.7485
vn -0.0063 0.6920 0.7219
vn -0.0073 0.5433 0.8395
vn -0.0077 0.4647 0.8854
vn -0.0081 0.3719 0.9282
vn -0.0085 0.2393 0.9709
vn -0.0085 -0.1870 0.9823
vn -0.0085 0.1890 0.9819
vn -0.0081 -0.3719 0.9282
vn -0.0073 -0.5433 0.8395
vn -0.0063 -0.6920 0.7219
vn -0.0050 -0.8230 0.5680
vn -0.0050 -0.8155 0.5787
vn -0.0034 -0.9137 0.4063
vn -0.0019 -0.9767 0.2147
vn -0.0001 -0.9998 0.0174
vn 0.0016 -0.9838 -0.1793
vn 0.0030 -0.9350 -0.3546
vn 0.0032 -0.9278 -0.3730
vn 0.0048 -0.8354 -0.5497
vn 0.0061 -0.7157 -0.6984
vn 0.0071 -0.5720 -0.8203
vn 0.0079 -0.4040 -0.9147
vn 0.0085 -0.2207 -0.9753
vn 0.0087 -0.0332 -0.9994
vn 0.0086 0.1546 -0.9879
vn 0.0084 0.2393 -0.9709
vn 0.0082 0.3450 -0.9386
vn 0.0074 0.5244 -0.8514
vn 0.0064 0.6812 -0.7321
vn 0.0051 0.8105 -0.5857
vn 0.0036 0.9121 -0.4099
vn 0.0019 0.9764 -0.2157
vn 0.0001 0.9998 -0.0175
vn -0.0016 0.9837 0.1800
vn -0.0033 0.9266 0.3760
vn -0.0048 0.8311 0.5560
vn -0.0062 0.7061 0.7081
vn -0.0072 0.5546 0.8321
vn -0.0080 0.3783 0.9256
vn 0.4658 0.7791 0.4195
vn 0.4665 0.8168 0.3393
vn 0.4658 0.7791 0.4196
vn 0.4673 0.8464 0.2556
vn 0.4680 0.8673 0.1694
vn 0.4688 0.8795 0.0816
vn 0.4696 0.8829 -0.0071
vn 0.4703 0.8773 -0.0956
vn 0.4711 0.8629 -0.1832
vn 0.4718 0.8397 -0.2688
vn 0.4725 0.8081 -0.3517
vn 0.4732 0.7683 -0.4310
vn 0.4739 0.7208 -0.5059
vn 0.4745 0.6659 -0.5757
vn 0.4751 0.6044 -0.6396
vn 0.4755 0.5367 -0.6970
vn 0.4760 0.4637 -0.7473
vn 0.4763 0.3859 -0.7900
vn 0.4766 0.3043 -0.8248
vn 0.4767 0.3043 -0.8248
vn 0.4769 0.2196 -0.8511
vn 0.4771 0.1326 -0.8688
vn 0.4770 0.1326 -0.8688
vn 0.4771 0.0444 -0.8777
vn 0.4771 -0.0444 -0.8777
vn 0.4772 -0.0444 -0.8777
vn 0.4770 -0.1326 -0.8688
vn 0.4769 -0.2196 -0.8511
vn 0.4767 -0.3043 -0.8247
vn 0.4767 -0.3043 -0.8248
vn 0.4763 -0.3859 -0.7900
vn 0.4760 -0.4637 -0.7473
vn 0.4755 -0.5367 -0.6970
vn 0.4750 -0.6044 -0.6396
vn 0.4745 -0.6659 -0.5757
vn 0.4739 -0.7208 -0.5059
vn 0.4732 -0.7683 -0.4310
vn 0.4725 -0.8081 -0.3517
vn 0.4718 -0.8397 -0.2688
vn 0.4711 -0.8629 -0.1832
vn 0.4703 -0.8773 -0.0956
vn 0.4695 -0.8829 -0.0071
vn 0.4696 -0.8829 -0.0071
vn 0.4688 -0.8795 0.0816
vn 0.4680 -0.8673 0.1694
vn 0.4673 -0.8464 0.2556
vn 0.4665 -0.8168 0.3393
vn 0.4658 -0.7791 0.4195
vn 0.4658 -0.7791 0.4196
vn -0.8869 -0.1215 0.4458
vn -0.8869 -0.1123 0.4482
vn -0.8870 -0.0000 0.4617
vn -0.8870 -0.0000 0.4618
vn -0.8869 0.1123 0.4482
vn -0.8865 -0.2182 0.4080
vn -0.8860 -0.3113 0.3437
vn -0.8858 -0.3320 0.3243
vn -0.8852 -0.3864 0.2590
vn -0.8850 -0.4066 0.2270
vn -0.8844 -0.4390 0.1588
vn -0.8840 -0.4535 0.1138
vn -0.8834 -0.4661 0.0489
vn -0.8824 -0.4661 -0.0643
vn -0.8819 -0.4535 -0.1292
vn -0.8815 -0.4390 -0.1742
vn -0.8809 -0.4065 -0.2424
vn -0.8806 -0.3864 -0.2744
vn -0.8800 -0.3320 -0.3396
vn -0.8799 -0.3113 -0.3591
vn -0.8794 -0.2347 -0.4142
vn -0.8793 -0.2182 -0.4233
vn -0.8790 -0.1215 -0.4611
vn -0.8789 -0.1123 -0.4635
vn -0.8788 -0.0000 -0.4771
vn -0.8789 0.1123 -0.4635
vn -0.8790 0.1215 -0.4611
vn -0.8793 0.2182 -0.4234
vn -0.8794 0.2347 -0.4142
vn -0.8799 0.3113 -0.3591
vn -0.8800 0.3320 -0.3396
vn -0.8806 0.3864 -0.2744
vn -0.8809 0.4065 -0.2424
vn -0.8815 0.4390 -0.1742
vn -0.8819 0.4535 -0.1292
vn -0.8824 0.4661 -0.0643
vn -0.8834 0.4661 0.0489
vn -0.8840 0.4535 0.1138
vn -0.8844 0.4390 0.1588
vn -0.8850 0.4065 0.2270
vn -0.8852 0.3864 0.2590
vn -0.8858 0.3320 0.3243
vn -0.8860 0.3113 0.3437
vn -0.8864 0.2347 0.3989
vn -0.8865 0.2182 0.4080
vn -0.8869 0.1215 0.4458
vn -0.0086 -0.1923 0.9813
vn -0.0086 0.1923 0.9813
vn -0.0070 0.5878 0.8090
vn -0.0027 0.9511 0.3090
vn 0.0027 0.9511 -0.3090
vn 0.0048 0.8296 -0.5583
vn 0.0071 0.5878 -0.8090
vn 0.0082 0.3090 -0.9510
vn 0.0089 0.1926 -0.9812
vn 0.0089 -0.1926 -0.9812
vn 0.0082 -0.3090 -0.9510
vn 0.0071 -0.5878 -0.8090
vn 0.0048 -0.8296 -0.5583
vn 0.0026 -0.9511 -0.3090
vn -0.0027 -0.9511 0.3090
vn -0.0070 -0.5878 0.8090
vn -0.0082 -0.1926 0.9812
vn -0.0082 0.1926 0.9812
vn -0.0049 0.8296 0.5583
vn 0.0070 0.5878 -0.8090
vn 0.0086 0.1924 -0.9813
vn 0.0086 -0.1924 -0.9813
vn 0.0027 -0.9511 -0.3090
vn -0.0049 -0.8296 0.5583
vn -0.7130 -0.1907 0.6748
vn -0.7130 0.1907 0.6748
vn -0.7113 -0.5168 0.4764
vn -0.7099 -0.6278 0.3192
vn -0.7083 -0.6923 0.1377
vn -0.7010 0.0962 -0.7066
vn -0.7036 0.5777 -0.4138
vn -0.7099 0.6277 0.3193
vn -0.7036 -0.5777 -0.4138
vn -0.7083 0.6923 0.1377
vn -0.0081 0.3612 0.9324
vn -0.0085 0.1838 0.9829
vn -0.0085 -0.1838 0.9829
vn -0.0081 -0.3612 0.9324
vn -0.0074 -0.5264 0.8502
vn -0.0064 -0.6737 0.7390
vn -0.0052 -0.7980 0.6026
vn -0.0039 -0.8952 0.4457
vn -0.0024 -0.9618 0.2737
vn -0.0008 -0.9957 0.0923
vn 0.0008 -0.9957 -0.0923
vn 0.0024 -0.9618 -0.2737
vn 0.0039 -0.8952 -0.4457
vn 0.0052 -0.7980 -0.6026
vn 0.0064 -0.6737 -0.7390
vn 0.0074 -0.5264 -0.8502
vn 0.0081 -0.3612 -0.9324
vn 0.0086 -0.1838 -0.9829
vn 0.0086 0.1838 -0.9829
vn 0.0081 0.3612 -0.9324
vn 0.0074 0.5264 -0.8502
vn 0.0064 0.6737 -0.7390
vn 0.0052 0.7980 -0.6026
vn 0.0039 0.8952 -0.4457
vn 0.0024 0.9618 -0.2737
vn 0.0008 0.9957 -0.0923
vn -0.0008 0.9957 0.0923
vn -0.0024 0.9618 0.2737
vn -0.0039 0.8952 0.4457
vn -0.0052 0.7980 0.6026
vn -0.0064 0.6737 0.7390
vn -0.0074 0.5264 0.8502
vn -0.0084 0.2588 0.9659
vn -0.0084 -0.2588 0.9659
vn -0.0044 -0.8660 0.5000
vn -0.0043 -0.8660 0.5000
vn -0.0023 -0.9659 0.2588
vn -0.0022 -0.9659 0.2588
vn 0.0023 -0.9659 -0.2588
vn 0.0043 -0.8660 -0.5000
vn 0.0075 -0.5000 -0.8660
vn 0.0084 -0.2588 -0.9659
vn 0.0084 0.2588 -0.9659
vn 0.0043 0.8660 -0.5000
vn 0.0023 0.9659 -0.2588
vn 0.0022 0.9659 -0.2588
vn -0.0023 0.9659 0.2588
vn -0.0044 0.8660 0.5000
vn -0.0043 0.8660 0.5000
vn 0.0084 -0.2487 -0.9685
vn 0.0084 0.2487 -0.9685
vn 0.0076 0.4818 -0.8763
vn 0.0076 0.4817 -0.8763
vn 0.0063 0.6846 -0.7289
vn 0.0063 0.6845 -0.7289
vn 0.0047 0.8443 -0.5358
vn 0.0005 0.9980 -0.0628
vn -0.0016 0.9823 0.1874
vn -0.0037 0.9048 0.4258
vn -0.0055 0.7705 0.6374
vn -0.0056 0.7705 0.6374
vn -0.0081 0.3681 0.9297
vn -0.0086 0.1253 0.9921
vn -0.0086 -0.1253 0.9921
vn -0.0081 -0.3681 0.9297
vn -0.0055 -0.7705 0.6374
vn -0.0056 -0.7705 0.6374
vn -0.0037 -0.9048 0.4258
vn -0.0016 -0.9823 0.1874
vn 0.0005 -0.9980 -0.0628
vn 0.0047 -0.8443 -0.5358
vn 0.0063 -0.6845 -0.7289
vn 0.0076 -0.4818 -0.8763
vn 0.0085 -0.1893 -0.9819
vn 0.0085 0.1893 -0.9819
vn 0.0085 0.1892 -0.9819
vn 0.0081 0.3717 -0.9283
vn 0.0073 0.5406 -0.8412
vn 0.0063 0.6901 -0.7237
vn 0.0050 0.8146 -0.5800
vn 0.0036 0.9096 -0.4154
vn 0.0020 0.9718 -0.2357
vn 0.0020 0.9718 -0.2358
vn 0.0004 0.9989 -0.0476
vn -0.0012 0.9898 0.1423
vn -0.0028 0.9450 0.3271
vn -0.0057 0.7557 0.6548
vn -0.0057 0.7558 0.6548
vn -0.0068 0.6182 0.7860
vn -0.0077 0.4582 0.8888
vn -0.0083 0.2817 0.9595
vn -0.0084 0.2817 0.9595
vn -0.0086 0.0951 0.9954
vn -0.0087 0.0951 0.9954
vn -0.0087 -0.0951 0.9954
vn -0.0083 -0.2817 0.9595
vn -0.0077 -0.4582 0.8888
vn -0.0068 -0.6182 0.7860
vn -0.0057 -0.7558 0.6548
vn -0.0028 -0.9450 0.3271
vn -0.0012 -0.9898 0.1423
vn 0.0004 -0.9989 -0.0476
vn 0.0020 -0.9718 -0.2358
vn 0.0020 -0.9718 -0.2357
vn 0.0036 -0.9096 -0.4154
vn 0.0050 -0.8146 -0.5800
vn 0.0063 -0.6901 -0.7237
vn 0.0073 -0.5406 -0.8412
vn 0.0081 -0.3717 -0.9283
vn 0.0063 -0.6846 -0.7289
vn -0.0041 0.8824 0.4705
vn -0.0033 0.9251 0.3796
vn -0.0041 0.8824 0.4706
vn -0.0025 0.9586 0.2849
vn -0.0016 0.9823 0.1873
vn -0.0008 0.9961 0.0877
vn 0.0001 0.9999 -0.0127
vn 0.0010 0.9936 -0.1129
vn 0.0018 0.9772 -0.2121
vn 0.0027 0.9510 -0.3091
vn 0.0035 0.9152 -0.4030
vn 0.0043 0.8702 -0.4928
vn 0.0050 0.8163 -0.5776
vn 0.0057 0.7542 -0.6566
vn 0.0063 0.6845 -0.7290
vn 0.0069 0.6079 -0.7940
vn 0.0074 0.5251 -0.8510
vn 0.0078 0.4371 -0.8994
vn 0.0082 0.3446 -0.9387
vn 0.0084 0.2487 -0.9686
vn 0.0086 0.1502 -0.9886
vn 0.0087 0.0502 -0.9987
vn 0.0087 -0.0502 -0.9987
vn 0.0086 -0.1502 -0.9886
vn 0.0084 -0.2487 -0.9686
vn 0.0082 -0.3446 -0.9387
vn 0.0078 -0.4371 -0.8994
vn 0.0074 -0.5251 -0.8510
vn 0.0069 -0.6079 -0.7940
vn 0.0063 -0.6845 -0.7290
vn 0.0057 -0.7542 -0.6566
vn 0.0050 -0.8163 -0.5776
vn 0.0043 -0.8702 -0.4928
vn 0.0035 -0.9152 -0.4030
vn 0.0027 -0.9510 -0.3091
vn 0.0018 -0.9772 -0.2121
vn 0.0018 -0.9773 -0.2121
vn 0.0010 -0.9936 -0.1129
vn 0.0001 -0.9999 -0.0127
vn -0.0008 -0.9961 0.0877
vn -0.0016 -0.9823 0.1873
vn -0.0025 -0.9586 0.2849
vn -0.0033 -0.9251 0.3796
vn -0.0033 -0.9251 0.3797
vn -0.0041 -0.8824 0.4705
vn -0.0041 -0.8823 0.4706
vn 0.0085 -0.1838 -0.9829
vn 0.0085 0.1838 -0.9829
vn 0.0053 0.7980 -0.6026
vn -0.7124 -0.7017 -0.0062
vn -0.7124 -0.7018 -0.0062
vn -0.7595 -0.6505 -0.0066
vn -0.7735 -0.6337 -0.0066
vn -0.8140 -0.5808 -0.0070
vn -0.8282 -0.5604 -0.0072
vn -0.8622 -0.5066 -0.0075
vn -0.8760 -0.4823 -0.0076
vn -0.8899 -0.4561 -0.0077
vn -0.8911 -0.4538 -0.0078
vn -0.8950 -0.4460 -0.0078
vn -0.9164 -0.4003 -0.0079
vn -0.9014 -0.4330 -0.0078
vn -0.9092 -0.4163 -0.0079
vn -0.9182 -0.3960 -0.0080
vn -0.9280 -0.3725 -0.0081
vn -0.9379 -0.3468 -0.0081
vn -0.9491 -0.3148 -0.0082
vn -0.9472 -0.3205 -0.0082
vn -0.9557 -0.2941 -0.0083
vn -0.9636 -0.2674 -0.0084
vn -0.9739 -0.2268 -0.0085
vn -0.9702 -0.2422 -0.0084
vn -0.9754 -0.2202 -0.0085
vn -0.9793 -0.2020 -0.0085
vn -0.9822 -0.1878 -0.0085
vn -0.9906 -0.1368 -0.0086
vn -0.9839 -0.1788 -0.0086
vn -0.9844 -0.1755 -0.0086
vn -0.9843 -0.1761 -0.0086
vn -0.9826 -0.1857 -0.0085
vn -0.9799 -0.1991 -0.0085
vn -0.9762 -0.2167 -0.0085
vn -0.9649 -0.2625 -0.0084
vn -0.9712 -0.2380 -0.0084
vn -0.9648 -0.2627 -0.0084
vn -0.9572 -0.2893 -0.0084
vn -0.9488 -0.3158 -0.0082
vn -0.9379 -0.3468 -0.0082
vn -0.9397 -0.3420 -0.0082
vn -0.9298 -0.3680 -0.0081
vn -0.9199 -0.3921 -0.0080
vn -0.9036 -0.4284 -0.0079
vn -0.9108 -0.4129 -0.0079
vn -0.9027 -0.4302 -0.0078
vn -0.8960 -0.4440 -0.0078
vn -0.8916 -0.4528 -0.0077
vn -0.9989 -0.0457 -0.0087
vn -0.9970 -0.0775 -0.0087
vn -0.9968 -0.0790 -0.0087
vn -0.9960 -0.0884 -0.0087
vn -0.9989 0.0457 -0.0087
vn -0.9998 -0.0152 -0.0087
vn -0.9995 -0.0302 -0.0087
vn -0.9906 0.1368 -0.0086
vn -0.9973 0.0729 -0.0087
vn -0.9978 0.0655 -0.0087
vn -0.9984 0.0558 -0.0087
vn -0.9739 0.2268 -0.0085
vn -0.9839 0.1788 -0.0086
vn -0.9844 0.1755 -0.0086
vn -0.9843 0.1761 -0.0086
vn -0.9840 0.1778 -0.0086
vn -0.9826 0.1857 -0.0085
vn -0.9491 0.3148 -0.0082
vn -0.9636 0.2674 -0.0084
vn -0.9702 0.2422 -0.0084
vn -0.9754 0.2202 -0.0085
vn -0.9164 0.4003 -0.0080
vn -0.9379 0.3468 -0.0081
vn -0.9472 0.3205 -0.0082
vn -0.9557 0.2941 -0.0083
vn -0.8760 0.4823 -0.0076
vn -0.9014 0.4330 -0.0078
vn -0.9092 0.4163 -0.0079
vn -0.9182 0.3960 -0.0080
vn -0.8282 0.5604 -0.0071
vn -0.8622 0.5066 -0.0075
vn -0.8899 0.4561 -0.0077
vn -0.8911 0.4538 -0.0078
vn -0.8140 0.5808 -0.0070
vn -0.7735 0.6337 -0.0066
vn -0.7595 0.6505 -0.0066
vn -0.7124 0.7018 -0.0062
vn -0.7124 0.7017 -0.0062
vn -0.7116 0.7026 -0.0062
vn -0.7091 0.7051 -0.0062
vn -0.7049 0.7093 -0.0061
vn -0.6990 0.7151 -0.0061
vn -0.8916 0.4528 -0.0077
vn -0.9036 0.4284 -0.0079
vn -0.8960 0.4440 -0.0078
vn -0.9027 0.4302 -0.0079
vn -0.9107 0.4129 -0.0079
vn -0.9199 0.3921 -0.0080
vn -0.9379 0.3468 -0.0082
vn -0.9298 0.3680 -0.0081
vn -0.9397 0.3420 -0.0082
vn -0.9488 0.3158 -0.0082
vn -0.9649 0.2625 -0.0084
vn -0.9572 0.2893 -0.0084
vn -0.9648 0.2627 -0.0084
vn -0.9712 0.2380 -0.0084
vn -0.9762 0.2167 -0.0085
vn -0.9799 0.1992 -0.0085
vn -0.9960 0.0884 -0.0087
vn -0.9968 0.0790 -0.0087
vn -0.9970 0.0775 -0.0087
vn -0.9990 0.0441 -0.0087
vn -0.9990 -0.0441 -0.0087
vn -0.6990 -0.7151 -0.0061
vn -0.7049 -0.7093 -0.0061
vn -0.7091 -0.7051 -0.0062
vn -0.7116 -0.7026 -0.0062
vn -0.8950 0.4460 -0.0078
vn -0.9280 0.3725 -0.0080
vn -0.9793 0.2020 -0.0085
vn -0.9822 0.1878 -0.0085
vn -0.9998 0.0153 -0.0087
vn -0.9998 0.0152 -0.0087
vn -0.9998 -0.0151 -0.0087
vn -0.9995 -0.0303 -0.0087
vn -0.9990 -0.0440 -0.0087
vn -0.9984 -0.0558 -0.0087
vn -0.9978 -0.0655 -0.0087
vn -0.9973 -0.0730 -0.0087
vn -0.9970 -0.0774 -0.0087
vn -0.9995 0.0302 -0.0087
vn -0.9990 0.0440 -0.0087
vn -0.9984 0.0559 -0.0087
vn -0.9978 0.0656 -0.0087
vn -0.9973 0.0730 -0.0087
vn -0.9970 0.0774 -0.0087
vn -0.9968 0.0789 -0.0087
vn -0.9984 -0.0559 -0.0087
vn -0.0062 -0.7071 0.7071
vn 0.0044 0.8660 -0.5000
vn -0.0022 0.9659 0.2588
vn -0.0006 0.9976 0.0694
vn -0.0011 0.9925 0.1222
vn -0.0012 0.9904 0.1385
vn -0.0018 0.9784 0.2067
vn -0.0021 0.9701 0.2425
vn -0.0024 0.9619 0.2734
vn -0.0031 0.9332 0.3592
vn -0.0030 0.9401 0.3409
vn -0.0035 0.9135 0.4068
vn -0.0024 0.9619 0.2733
vn -0.0036 -0.9136 0.4066
vn -0.0031 -0.9332 0.3592
vn -0.0030 -0.9401 0.3409
vn -0.0024 -0.9619 0.2734
vn -0.0021 -0.9701 0.2425
vn -0.0024 -0.9619 0.2733
vn -0.0018 -0.9784 0.2067
vn -0.0011 -0.9925 0.1222
vn -0.0012 -0.9904 0.1385
vn -0.0006 -0.9976 0.0694
vn 0.4685 0.8763 0.1120
vn 0.4676 0.8566 0.2182
vn 0.4667 0.8240 0.3213
vn 0.4667 -0.8240 0.3213
vn 0.4676 -0.8566 0.2182
vn 0.4685 -0.8763 0.1120
vn 0.4695 -0.8829 0.0041
vn -0.8839 0.4547 0.1090
vn -0.8840 0.4516 0.1207
vn -0.8842 0.4440 0.1448
vn -0.8843 0.4413 0.1524
vn -0.8845 0.4305 0.1796
vn -0.8848 0.4142 0.2132
vn -0.8848 0.4142 0.2133
vn -0.8845 0.4343 0.1706
vn -0.8841 0.4500 0.1261
vn -0.8837 0.4612 0.0802
vn -0.8833 0.4677 0.0335
vn -0.8829 0.4694 -0.0136
vn -0.8825 0.4665 -0.0607
vn -0.8820 0.4588 -0.1072
vn -0.8817 0.4465 -0.1528
vn -0.8813 0.4297 -0.1969
vn -0.8809 0.4085 -0.2390
vn -0.8806 0.3832 -0.2788
vn -0.8802 0.3541 -0.3159
vn -0.8799 0.3214 -0.3499
vn -0.8797 0.2854 -0.3804
vn -0.8794 0.2465 -0.4072
vn -0.8792 0.2052 -0.4299
vn -0.8791 0.1618 -0.4484
vn -0.8790 0.1167 -0.4624
vn -0.8789 0.0705 -0.4718
vn -0.8788 0.0236 -0.4765
vn -0.8788 -0.0236 -0.4765
vn -0.8789 -0.0705 -0.4718
vn -0.8790 -0.1167 -0.4624
vn -0.8791 -0.1618 -0.4484
vn -0.8792 -0.2052 -0.4299
vn -0.8794 -0.2465 -0.4072
vn -0.8797 -0.2854 -0.3804
vn -0.8799 -0.3214 -0.3499
vn -0.8802 -0.3541 -0.3159
vn -0.8806 -0.3832 -0.2788
vn -0.8809 -0.4085 -0.2390
vn -0.8813 -0.4297 -0.1969
vn -0.8817 -0.4465 -0.1528
vn -0.8820 -0.4588 -0.1072
vn -0.8825 -0.4665 -0.0607
vn -0.8829 -0.4694 -0.0136
vn -0.8833 -0.4677 0.0335
vn -0.8837 -0.4612 0.0802
vn -0.8841 -0.4500 0.1261
vn -0.8845 -0.4343 0.1706
vn -0.8848 -0.4142 0.2133
vn -0.8848 -0.4142 0.2132
vn -0.8846 -0.4287 0.1834
vn -0.8845 -0.4306 0.1796
vn -0.8843 -0.4414 0.1524
vn -0.8842 -0.4440 0.1448
vn -0.8840 -0.4516 0.1207
vn -0.8839 -0.4547 0.1090
vn -0.2329 -0.7071 -0.6676
vn -0.1779 -0.7071 -0.6844
vn -0.0152 -0.7071 -0.7069
vn 0.1482 -0.7071 -0.6914
vn -0.3309 -0.7071 -0.6249
vn -0.4279 -0.7071 -0.5630
vn -0.4661 -0.7071 -0.5317
vn -0.5809 -0.7071 -0.4032
vn -0.5760 -0.7071 -0.4101
vn -0.6552 -0.7071 -0.2660
vn -0.6770 -0.7071 -0.2040
vn -0.6989 -0.7071 -0.1078
vn -0.7069 -0.7071 0.0152
vn -0.7049 -0.7071 0.0563
vn -0.6676 -0.7071 0.2329
vn -0.6729 -0.7071 0.2173
vn -0.6046 -0.7071 0.3667
vn -0.5630 -0.7071 0.4279
vn -0.5038 -0.7071 0.4963
vn -0.4032 -0.7071 0.5809
vn -0.3757 -0.7071 0.5990
vn -0.2040 -0.7071 0.6770
vn -0.2275 -0.7071 0.6695
vn -0.0670 -0.7071 0.7040
vn 0.0152 -0.7071 0.7070
vn 0.0972 -0.7071 0.7004
vn 0.2329 -0.7071 0.6676
vn 0.2561 -0.7071 0.6591
vn 0.4012 -0.7071 0.5823
vn 0.4278 -0.7071 0.5630
vn 0.5247 -0.7071 0.4740
vn 0.5809 -0.7071 0.4032
vn 0.6198 -0.7071 0.3403
vn 0.6770 -0.7071 0.2040
vn 0.6816 -0.7071 0.1881
vn 0.7066 -0.7071 0.0258
vn 0.7069 -0.7071 -0.0152
vn 0.6935 -0.7071 -0.1378
vn 0.6676 -0.7071 -0.2329
vn 0.6431 -0.7071 -0.2940
vn 0.5630 -0.7071 -0.4279
vn 0.5580 -0.7071 -0.4344
vn 0.4428 -0.7071 -0.5513
vn 0.4032 -0.7071 -0.5809
vn 0.3037 -0.7071 -0.6386
vn 0.2040 -0.7071 -0.6770
vn -0.1778 -0.7071 -0.6844
vn 0.1482 -0.7071 -0.6915
vn -0.5762 -0.7071 -0.4099
vn -0.6988 -0.7071 -0.1078
vn -0.6729 -0.7071 0.2171
vn 0.2560 -0.7071 0.6591
vn 0.4279 -0.7071 0.5630
vn 0.5247 -0.7071 0.4741
vn 0.7066 -0.7071 0.0259
vn 0.6936 -0.7071 -0.1378
vn 0.5578 -0.7071 -0.4345
vn -0.4660 -0.7071 -0.5318
vn -0.6729 -0.7071 0.2174
vn -0.5037 -0.7071 0.4962
vn -0.5758 -0.7071 -0.4103
vn -0.2040 -0.7071 0.6771
vn -0.0669 -0.7071 0.7039
vn 0.6199 -0.7071 0.3403
vn 0.5576 -0.7071 -0.4348
vn -0.3294 -0.0000 -0.9442
vn -0.0215 -0.0000 -0.9998
vn -0.0216 -0.0000 -0.9998
vn 0.2885 -0.0000 -0.9575
vn 0.2884 -0.0000 -0.9575
vn 0.5702 -0.0000 -0.8215
vn 0.7962 -0.0000 -0.6051
vn 0.9442 -0.0000 -0.3294
vn 0.9998 -0.0000 -0.0215
vn 0.9998 -0.0000 -0.0216
vn 0.9575 -0.0000 0.2885
vn 0.9575 -0.0000 0.2884
vn 0.8215 -0.0000 0.5702
vn 0.6051 -0.0000 0.7962
vn 0.3294 -0.0000 0.9442
vn 0.0215 -0.0000 0.9998
vn 0.0216 -0.0000 0.9998
vn -0.2885 -0.0000 0.9575
vn -0.2884 -0.0000 0.9575
vn -0.5702 -0.0000 0.8215
vn -0.7962 -0.0000 0.6051
vn -0.9442 -0.0000 0.3294
vn -0.9998 -0.0000 0.0215
vn -0.9998 -0.0000 0.0216
vn -0.9575 -0.0000 -0.2885
vn -0.9575 -0.0000 -0.2884
vn -0.8215 -0.0000 -0.5702
vn -0.6051 -0.0000 -0.7962
vn -0.1165 -0.0000 -0.9932
vn 0.0736 -0.0000 -0.9973
vn 0.1680 -0.0000 -0.9858
vn 0.2610 -0.0000 -0.9653
vn 0.3516 -0.0000 -0.9362
vn 0.4390 -0.0000 -0.8985
vn 0.5224 -0.0000 -0.8527
vn 0.6011 -0.0000 -0.7992
vn 0.6743 -0.0000 -0.7384
vn 0.7415 -0.0000 -0.6710
vn 0.8019 -0.0000 -0.5975
vn 0.8551 -0.0000 -0.5185
vn 0.8550 -0.0000 -0.5185
vn 0.9005 -0.0000 -0.4349
vn 0.9377 -0.0000 -0.3474
vn 0.9665 -0.0000 -0.2566
vn 0.9865 -0.0000 -0.1636
vn 0.9976 -0.0000 -0.0691
vn 0.9997 -0.0000 0.0260
vn 0.9927 -0.0000 0.1210
vn 0.9767 -0.0000 0.2148
vn 0.9518 -0.0000 0.3066
vn 0.9184 -0.0000 0.3957
vn 0.8766 -0.0000 0.4812
vn 0.8269 -0.0000 0.5624
vn 0.7697 -0.0000 0.6384
vn 0.7055 -0.0000 0.7087
vn 0.6350 -0.0000 0.7726
vn 0.5586 -0.0000 0.8294
vn 0.4773 -0.0000 0.8788
vn 0.3916 -0.0000 0.9201
vn 0.3023 -0.0000 0.9532
vn 0.2104 -0.0000 0.9776
vn 0.1165 -0.0000 0.9932
vn -0.0736 -0.0000 0.9973
vn -0.1680 -0.0000 0.9858
vn -0.2610 -0.0000 0.9653
vn -0.3516 -0.0000 0.9362
vn -0.4390 -0.0000 0.8985
vn -0.5224 -0.0000 0.8527
vn -0.6011 -0.0000 0.7992
vn -0.6743 -0.0000 0.7384
vn -0.7415 -0.0000 0.6710
vn -0.8019 -0.0000 0.5975
vn -0.8550 -0.0000 0.5185
vn -0.8551 -0.0000 0.5185
vn -0.9005 -0.0000 0.4349
vn -0.9377 -0.0000 0.3474
vn -0.9665 -0.0000 0.2566
vn -0.9865 -0.0000 0.1636
vn -0.9976 -0.0000 0.0691
vn -0.9997 -0.0000 -0.0260
vn -0.9927 -0.0000 -0.1210
vn -0.9767 -0.0000 -0.2148
vn -0.9518 -0.0000 -0.3066
vn -0.9184 -0.0000 -0.3957
vn -0.8766 -0.0000 -0.4812
vn -0.8269 -0.0000 -0.5624
vn -0.7697 -0.0000 -0.6384
vn -0.7055 -0.0000 -0.7087
vn -0.6350 -0.0000 -0.7726
vn -0.5586 -0.0000 -0.8294
vn -0.4773 -0.0000 -0.8788
vn -0.3916 -0.0000 -0.9201
vn -0.3023 -0.0000 -0.9532
vn -0.2104 -0.0000 -0.9776
vn -0.1777 -0.0000 -0.9841
vn 0.1351 -0.0000 -0.9908
vn 0.4347 -0.0000 -0.9006
vn 0.6917 -0.0000 -0.7222
vn 0.8810 -0.0000 -0.4731
vn 0.9841 -0.0000 -0.1777
vn 0.9908 -0.0000 0.1351
vn 0.9006 -0.0000 0.4347
vn 0.7222 -0.0000 0.6917
vn 0.4731 -0.0000 0.8810
vn 0.1777 -0.0000 0.9841
vn -0.1351 -0.0000 0.9908
vn -0.4347 -0.0000 0.9006
vn -0.6917 -0.0000 0.7222
vn -0.8810 -0.0000 0.4731
vn -0.9841 -0.0000 0.1777
vn -0.9908 -0.0000 -0.1351
vn -0.9006 -0.0000 -0.4347
vn -0.7222 -0.0000 -0.6917
vn -0.4731 -0.0000 -0.8810
vn -0.9626 -0.0000 0.2708
vn -0.9974 -0.0000 0.0716
vn -0.9914 -0.0000 -0.1306
vn -0.9449 -0.0000 -0.3274
vn -0.8597 -0.0000 -0.5109
vn -0.7393 -0.0000 -0.6734
vn -0.5886 -0.0000 -0.8084
vn -0.4139 -0.0000 -0.9103
vn -0.2223 -0.0000 -0.9750
vn 0.1801 -0.0000 -0.9837
vn 0.3743 -0.0000 -0.9273
vn 0.5533 -0.0000 -0.8330
vn 0.7096 -0.0000 -0.7046
vn 0.8368 -0.0000 -0.5474
vn 0.9299 -0.0000 -0.3679
vn 0.9299 -0.0000 -0.3678
vn 0.9849 -0.0000 -0.1732
vn 0.9996 -0.0000 0.0285
vn 0.9734 -0.0000 0.2291
vn 0.8469 -0.0000 0.5317
vn 0.6293 -0.0000 0.7772
vn 0.3439 -0.0000 0.9390
vn -0.3031 -0.0000 0.9529
vn -0.5952 -0.0000 0.8036
vn -0.8232 -0.0000 0.5677
vt -0.150000 0.000000
vt -0.000000 0.000000
vt -0.099999 0.032119
vt -0.000002 0.064238
vt -0.099999 0.064238
vt 0.000002 0.128476
vt -0.099999 0.128476
vt -0.000001 0.192715
vt -0.099999 0.192715
vt -0.099999 0.205562
vt -0.150000 0.192715
vt -0.150000 0.256953
vt -0.099999 0.256953
vt -0.149999 0.321191
vt -0.099999 0.321191
vt -0.099999 0.353310
vt 0.000001 0.321191
vt -0.000000 0.353310
vt 0.000000 0.256953
vt -0.099999 0.385429
vt -0.000000 0.417548
vt -0.099999 0.411125
vt -0.099999 0.417548
vt -0.150002 0.385429
vt -0.150000 0.449668
vt -0.099999 0.449668
vt -0.150000 0.513906
vt -0.000003 0.449668
vt -0.000000 0.513906
vt -0.150000 0.128476
vt -0.150000 0.064238
vt -0.100000 0.093767
vt -0.000000 0.093534
vt -0.000000 0.187069
vt -0.100000 0.187069
vt -0.000000 0.280603
vt -0.100000 0.281010
vt -0.000000 0.374137
vt -0.100000 0.374137
vt -0.000000 0.467672
vt -0.100000 0.467856
vt -0.000000 0.561206
vt -0.100000 0.561206
vt -0.100000 0.598620
vt -0.150000 0.561206
vt -0.150000 0.748275
vt -0.100000 0.748275
vt -0.100000 0.841809
vt -0.000000 0.748275
vt -0.000000 0.841809
vt -0.000000 0.654740
vt -0.100000 0.935344
vt -0.000000 0.935344
vt -0.100000 1.028662
vt -0.000000 1.028878
vt -0.100000 1.122412
vt -0.000000 1.122412
vt -0.100000 1.197240
vt -0.000000 1.215947
vt -0.100000 1.309481
vt -0.000000 1.309481
vt -0.100000 1.402943
vt -0.000000 1.403015
vt -0.150000 1.496550
vt -0.000000 1.496550
vt -0.149990 1.402907
vt -0.150002 1.309481
vt -0.149995 1.215416
vt -0.149999 1.122412
vt -0.150005 1.028555
vt -0.150000 0.935344
vt -0.150005 0.467948
vt -0.149998 0.374137
vt -0.149994 0.281213
vt -0.150000 0.187069
vt -0.149987 0.093883
vt 0.404424 2.356194
vt 0.388037 2.062055
vt 0.579176 2.356194
vt 0.561564 2.061613
vt 0.340898 1.762800
vt 0.511105 1.762407
vt 0.272425 1.466234
vt 0.438166 1.466194
vt 0.357767 1.180021
vt 0.196663 1.179618
vt 0.279674 0.893397
vt 0.122856 0.892641
vt 0.212201 0.595830
vt 0.059006 0.595001
vt 0.167633 0.295205
vt 0.016817 0.294628
vt 0.152500 -0.000000
vt 0.002500 0.000000
vt 0.016817 -0.294628
vt 0.167633 -0.295205
vt 0.059006 -0.595001
vt 0.212201 -0.595830
vt 0.122856 -0.892641
vt 0.279674 -0.893397
vt 0.196663 -1.179618
vt 0.357767 -1.180021
vt 0.272425 -1.466234
vt 0.438166 -1.466194
vt 0.511105 -1.762407
vt 0.340898 -1.762800
vt 0.388037 -2.062055
vt 0.561564 -2.061613
vt 0.404424 -2.356194
vt 0.579176 -2.356194
vt 0.003125 -0.439817
vt 0.002500 -0.502655
vt 0.152500 -0.502655
vt 0.152500 0.502655
vt 0.002500 0.502655
vt 0.003125 0.439817
vt 0.153158 0.439817
vt 0.004634 0.376991
vt 0.154747 0.376991
vt 0.006144 0.314165
vt 0.156336 0.314166
vt 0.006770 0.251327
vt 0.156995 0.251327
vt 0.156336 0.188489
vt 0.006144 0.188490
vt 0.154747 0.125664
vt 0.004634 0.125664
vt 0.153158 0.062838
vt 0.003125 0.062838
vt 0.003125 -0.062838
vt 0.153158 -0.062838
vt 0.004634 -0.125664
vt 0.154747 -0.125664
vt 0.006144 -0.188490
vt 0.156336 -0.188489
vt 0.006770 -0.251327
vt 0.156995 -0.251327
vt 0.156336 -0.314166
vt 0.006144 -0.314165
vt 0.154747 -0.376991
vt 0.004634 -0.376991
vt 0.153158 -0.439817
vt 5.851842 -0.062838
vt 6.001875 -0.062838
vt 5.852500 -0.000000
vt 6.002500 -0.000000
vt 6.001875 0.062838
vt 6.000366 -0.125664
vt 5.850254 -0.125664
vt 5.998856 -0.188490
vt 5.848664 -0.188489
vt 5.998230 -0.251327
vt 5.848005 -0.251327
vt 5.848664 -0.314166
vt 5.998856 -0.314165
vt 5.850254 -0.376991
vt 6.000366 -0.376991
vt 5.851842 -0.439817
vt 6.001875 -0.439817
vt 5.852500 -0.502655
vt 6.002500 -0.502655
vt 6.002500 0.502655
vt 5.852500 0.502655
vt 6.001875 0.439817
vt 5.851842 0.439817
vt 6.000366 0.376991
vt 5.850254 0.376991
vt 5.998856 0.314165
vt 5.848664 0.314166
vt 5.998230 0.251327
vt 5.848005 0.251327
vt 5.848664 0.188489
vt 5.998856 0.188490
vt 5.850254 0.125664
vt 6.000366 0.125664
vt 5.851842 0.062838
vt 0.000625 -0.439817
vt 0.000000 -0.502655
vt 0.150000 -0.502655
vt 0.150000 0.502655
vt 0.000000 0.502655
vt 0.000625 0.439817
vt 0.150658 0.439817
vt 0.002134 0.376991
vt 0.152247 0.376991
vt 0.003644 0.314165
vt 0.153836 0.314166
vt 0.004270 0.251327
vt 0.154495 0.251327
vt 0.153836 0.188489
vt 0.003644 0.188490
vt 0.152247 0.125664
vt 0.002134 0.125664
vt 0.150658 0.062838
vt 0.000625 0.062838
vt 0.150000 0.000000
vt 0.000625 -0.062838
vt 0.150658 -0.062838
vt 0.002134 -0.125664
vt 0.152247 -0.125664
vt 0.003644 -0.188490
vt 0.153836 -0.188489
vt 0.004270 -0.251327
vt 0.154495 -0.251327
vt 0.153836 -0.314166
vt 0.003644 -0.314165
vt 0.152247 -0.376991
vt 0.002134 -0.376991
vt 0.150658 -0.439817
vt 5.849342 -0.062838
vt 5.999375 -0.062838
vt 5.850000 -0.000000
vt 6.000000 0.000000
vt 5.999375 0.062838
vt 5.997866 -0.125664
vt 5.847754 -0.125664
vt 5.996356 -0.188490
vt 5.846164 -0.188489
vt 5.995730 -0.251327
vt 5.845505 -0.251327
vt 5.846164 -0.314166
vt 5.996356 -0.314165
vt 5.847754 -0.376991
vt 5.997866 -0.376991
vt 5.849342 -0.439817
vt 5.999375 -0.439817
vt 5.850000 -0.502655
vt 6.000000 -0.502655
vt 6.000000 0.502655
vt 5.850000 0.502655
vt 5.999375 0.439817
vt 5.849342 0.439817
vt 5.997866 0.376991
vt 5.847754 0.376991
vt 5.996356 0.314165
vt 5.846164 0.314166
vt 5.995730 0.251327
vt 5.845505 0.251327
vt 5.846164 0.188489
vt 5.996356 0.188490
vt 5.847754 0.125664
vt 5.997866 0.125664
vt 5.849342 0.062838
vt 0.754838 2.393126
vt 0.966549 2.292983
vt 10.000000 2.238385
vt 0.994959 2.281989
vt 1.225096 2.178572
vt 1.443203 2.054371
vt 10.000000 1.790911
vt 19.245161 2.083643
vt 19.438206 1.951963
vt 19.608509 1.791149
vt 19.751019 1.605482
vt 10.000000 1.343088
vt 19.861977 1.400514
vt 19.100014 1.377498
vt 19.281788 1.343144
vt 1.648492 1.909946
vt 1.838448 1.746567
vt 2.009475 1.567386
vt 2.161803 1.372284
vt 2.292657 1.164993
vt 10.000000 0.895354
vt 2.402080 0.945253
vt 2.487967 0.717334
vt 10.000000 0.447677
vt 2.550051 0.481890
vt 2.587515 0.242063
vt 2.600000 0.000001
vt 4.636863 0.113167
vt 4.688765 0.147885
vt 4.750000 0.160084
vt 2.587513 -0.242076
vt 4.636863 -0.113167
vt 4.602182 -0.061240
vt 4.590000 -0.000000
vt 2.550051 -0.481888
vt 10.000000 -0.447677
vt 4.750000 -0.160084
vt 4.688765 -0.147885
vt 2.487973 -0.717316
vt 10.000000 -0.895354
vt 18.705402 -0.675068
vt 18.661161 -0.753556
vt 18.634209 -0.837873
vt 18.625000 -0.926250
vt 18.634117 -1.014230
vt 18.661139 -1.098894
vt 10.000000 -1.343079
vt 18.705362 -1.177382
vt 18.764093 -1.245303
vt 18.836321 -1.301589
vt 18.918186 -1.343134
vt 19.099958 -1.377498
vt 19.751028 -1.605467
vt 19.861973 -1.400521
vt 2.402081 -0.945251
vt 2.292649 -1.165006
vt 2.161804 -1.372282
vt 2.009473 -1.567388
vt 1.838450 -1.746566
vt 4.750244 -1.712327
vt 10.000000 -1.790859
vt 1.648475 -1.909959
vt 4.602320 -1.805958
vt 4.637020 -1.756676
vt 4.689007 -1.723781
vt 1.443189 -2.054380
vt 4.636792 -1.971636
vt 4.602182 -1.922300
vt 4.590003 -1.864106
vt 1.225104 -2.178570
vt 4.749917 -2.016197
vt 4.688687 -2.004658
vt 10.000000 -2.238385
vt 0.994961 -2.281988
vt 0.966543 -2.292986
vt 0.754833 -2.393129
vt 10.000000 -2.685862
vt 18.557217 -2.422138
vt 18.351879 -2.566523
vt 18.161545 -2.730194
vt 17.990641 -2.909250
vt 10.000000 -3.133739
vt 17.838198 -3.104486
vt 17.707371 -3.311732
vt 10.000000 -3.581416
vt 17.597919 -3.531516
vt 17.512012 -3.759497
vt 10.000000 -4.029093
vt 17.449949 -3.994880
vt 17.412489 -4.234675
vt 10.000000 -4.476769
vt 17.400000 -4.476768
vt 10.000000 -4.682865
vt 17.412477 -4.718766
vt 10.000000 -4.924446
vt 17.449947 -4.958658
vt 17.512047 -5.194147
vt 10.000000 -5.372123
vt 17.597919 -5.422020
vt 17.707321 -5.641727
vt 10.000000 -5.819800
vt 17.838196 -5.849051
vt 17.990501 -6.044129
vt 10.000000 -6.267679
vt 18.161551 -6.223335
vt 18.351469 -6.386685
vt 18.556757 -6.531116
vt 10.000000 -6.715154
vt 18.774860 -6.655322
vt 19.005039 -6.758758
vt 19.033457 -6.769755
vt 19.245167 -6.869898
vt 10.000000 -7.162679
vt 19.438210 -7.001579
vt 19.608513 -7.162393
vt 10.000000 -7.278597
vt 19.751020 -7.348060
vt 10.000000 -7.610508
vt 19.861977 -7.553028
vt 19.939920 -7.772158
vt 10.000000 -8.058185
vt 19.985521 -8.002311
vt 20.000000 -8.236634
vt 10.000000 -8.505862
vt 20.000000 -8.595087
vt 18.500000 -8.793455
vt 19.500000 -8.793455
vt 19.438765 -8.805654
vt 18.561235 -8.805654
vt 19.386864 -8.840372
vt 18.613136 -8.840372
vt 19.352182 -8.892299
vt 18.647818 -8.892299
vt 19.340000 -8.953539
vt 18.660000 -8.953539
vt 19.340000 8.953539
vt 18.660000 8.953539
vt 19.352182 8.892299
vt 18.647818 8.892299
vt 19.386864 8.840372
vt 18.613136 8.840372
vt 19.438765 8.805654
vt 18.561235 8.805654
vt 19.500000 8.793455
vt 18.500000 8.793455
vt 20.000000 8.595087
vt 10.000000 8.793455
vt 10.000000 8.505862
vt 4.750000 8.793455
vt 2.587515 8.711476
vt 4.688765 8.805654
vt 4.636863 8.840372
vt 0.561785 -2.524814
vt 0.391482 -2.685629
vt 0.248970 -2.871305
vt 0.138026 -3.076251
vt 0.060077 -3.295399
vt 0.014476 -3.525553
vt -0.000000 -3.759865
vt 0.000000 -4.118317
vt 1.500000 -4.316685
vt 0.500000 -4.316685
vt 1.438765 -4.328885
vt 0.561235 -4.328885
vt 1.386863 -4.363603
vt 0.613137 -4.363603
vt 1.352182 -4.415530
vt 0.647818 -4.415530
vt 1.340000 -4.476770
vt 0.660000 -4.476770
vt 1.352182 -4.538009
vt 0.647818 -4.538009
vt 1.386863 -4.589936
vt 0.613137 -4.589936
vt 1.438765 -4.624654
vt 0.561235 -4.624654
vt 1.500000 -4.636854
vt 0.500000 -4.636854
vt 0.000000 -4.835222
vt -0.000000 -5.193674
vt 0.014478 -5.427997
vt 0.060080 -5.658151
vt 0.438765 -4.328885
vt 0.000000 -4.476770
vt 0.386863 -4.363603
vt 0.352182 -4.415530
vt 0.340000 -4.476770
vt 0.352182 -4.538009
vt 0.386863 -4.589936
vt 0.438765 -4.624654
vt 0.138023 -5.877281
vt 0.248980 -6.082249
vt 0.391487 -6.267915
vt 0.561790 -6.428729
vt 0.754833 -6.560410
vt 0.966543 -6.660553
vt 0.994961 -6.671551
vt 1.225104 -6.774969
vt 4.750244 -6.937327
vt 1.443189 -6.899159
vt 4.718912 -6.940165
vt 4.689007 -6.948781
vt 4.637020 -6.981676
vt 1.648475 -7.043580
vt 4.602320 -7.030958
vt 4.590003 -7.089106
vt 4.602182 -7.147300
vt 1.838450 -7.206973
vt 4.636792 -7.196636
vt 4.688687 -7.229658
vt 4.749917 -7.241197
vt 2.009473 -7.386151
vt 2.161804 -7.581257
vt 2.292649 -7.788534
vt 2.402081 -8.008288
vt 2.487973 -8.236223
vt 2.550051 -8.471651
vt 2.587513 -8.711463
vt 2.600000 -8.953539
vt 4.636863 -8.840372
vt 4.688765 -8.805654
vt 4.750000 -8.793455
vt 2.600000 8.953539
vt 4.602182 8.892299
vt 4.590000 8.953539
vt 2.550051 8.471649
vt 2.487967 8.236205
vt 10.000000 8.058185
vt 2.402080 8.008286
vt 2.292657 7.788546
vt 10.000000 7.610508
vt 2.161803 7.581255
vt 2.009475 7.386153
vt 10.000000 7.162632
vt 1.838448 7.206972
vt 1.648492 7.043593
vt 1.443203 6.899168
vt 10.000000 6.715154
vt 19.438215 7.001583
vt 19.245167 6.869899
vt 19.033457 6.769755
vt 19.005039 6.758758
vt 18.775276 6.655517
vt 18.557213 6.531399
vt 10.000000 6.267678
vt 18.351877 6.387014
vt 18.161543 6.223344
vt 14.000000 6.056416
vt 17.990641 6.044288
vt 14.292691 6.022629
vt 14.578401 5.921905
vt 1.225095 6.774967
vt 0.994959 6.671550
vt 0.966549 6.660556
vt 0.754838 6.560413
vt 0.561789 6.428729
vt 0.391485 6.267913
vt 0.248972 6.082237
vt 0.138027 5.877290
vt 7.707309 6.022629
vt 8.000000 6.056416
vt 0.060077 5.658142
vt 7.161503 5.763428
vt 7.421599 5.921905
vt 6.940701 5.565044
vt 0.014476 5.427987
vt 6.758586 5.330842
vt -0.000000 5.193674
vt 6.616790 5.061141
vt -0.000000 4.835222
vt 6.528955 4.770593
vt 0.500000 4.636854
vt 1.500000 4.636854
vt 1.438765 4.624654
vt 0.561235 4.624654
vt 1.386863 4.589936
vt 0.613137 4.589936
vt 1.352182 4.538009
vt 0.647818 4.538009
vt 1.340000 4.476770
vt 0.660000 4.476770
vt 1.352182 4.415530
vt 0.647818 4.415530
vt 1.386863 4.363603
vt 0.613137 4.363603
vt 1.438765 4.328885
vt 0.561235 4.328885
vt 1.500000 4.316685
vt 0.500000 4.316685
vt 6.528955 4.182946
vt 0.000000 4.118317
vt 6.616790 3.892399
vt -0.000000 3.759865
vt 6.758586 3.622697
vt 0.014478 3.525541
vt 6.940701 3.388495
vt 0.060080 3.295387
vt 7.161503 3.190111
vt 0.138024 3.076256
vt 7.421599 3.031634
vt 0.248981 2.871287
vt 7.707309 2.930910
vt 8.000000 2.897123
vt 10.000000 2.685858
vt 18.161552 2.730202
vt 18.351471 2.566852
vt 18.556763 2.422421
vt 18.774881 2.298209
vt 19.005041 2.194780
vt 19.033451 2.183786
vt 0.438765 4.624654
vt -0.000000 4.476770
vt 0.386863 4.589936
vt 0.352182 4.538009
vt 0.340000 4.476770
vt 0.352182 4.415530
vt 0.386863 4.363603
vt 0.438765 4.328885
vt 0.391490 2.685621
vt 0.561794 2.524807
vt 4.897818 0.061240
vt 4.910000 0.000000
vt 10.000000 -0.000000
vt 4.897818 -0.061240
vt 10.000000 -0.160084
vt 4.863137 -0.113167
vt 4.811235 -0.147885
vt 20.000000 -0.358452
vt 19.100014 -0.475002
vt 19.281788 -0.509356
vt 4.602182 0.061240
vt 4.811235 0.147885
vt 4.863137 0.113167
vt 18.647818 -0.061240
vt 19.352182 -0.061240
vt 18.660000 0.000000
vt 19.340000 -0.000000
vt 18.647818 0.061240
vt 19.352182 0.061240
vt 18.613136 0.113167
vt 19.386864 0.113167
vt 18.561235 0.147885
vt 19.438765 0.147885
vt 18.500000 0.160084
vt 19.500000 0.160084
vt 20.000000 0.358452
vt 19.561235 0.147885
vt 20.000000 0.000000
vt 19.613136 0.113167
vt 19.647818 0.061240
vt 19.386864 -0.113167
vt 18.613136 -0.113167
vt 19.438765 -0.147885
vt 18.561235 -0.147885
vt 19.500000 -0.160084
vt 18.500000 -0.160084
vt 18.438765 -0.147885
vt 18.386864 -0.113167
vt 18.352182 -0.061240
vt 18.340000 -0.000000
vt 18.352182 0.061240
vt 18.386864 0.113167
vt 18.438765 0.147885
vt 19.660000 0.000000
vt 19.647818 -0.061240
vt 19.613136 -0.113167
vt 19.561235 -0.147885
vt 19.363644 -0.550885
vt 20.000000 -0.716905
vt 19.435888 -0.607177
vt 19.494675 -0.675161
vt 20.000000 0.716905
vt 19.363623 0.550880
vt 19.281734 0.509336
vt 19.099958 0.475002
vt 19.985521 0.951228
vt 19.565811 0.837966
vt 19.538828 0.753532
vt 19.494587 0.675051
vt 19.939920 1.181383
vt 19.538851 1.098918
vt 19.565853 1.014346
vt 19.575001 0.926223
vt 19.363644 1.301615
vt 19.435888 1.245323
vt 19.494675 1.177339
vt 14.000000 2.897123
vt 17.990509 2.909402
vt 14.292691 2.930910
vt 14.578401 3.031634
vt 17.838198 3.104486
vt 14.838497 3.190111
vt 17.707323 3.311810
vt 15.059299 3.388495
vt 17.597921 3.531517
vt 15.241414 3.622697
vt 17.512047 3.759395
vt 15.383210 3.892399
vt 17.449949 3.994879
vt 15.471045 4.182946
vt 17.412479 4.234763
vt 15.500000 4.476770
vt 17.400000 4.476768
vt 17.412489 4.718861
vt 15.471045 4.770593
vt 17.449949 4.958657
vt 15.383210 5.061141
vt 17.512014 5.194045
vt 15.241414 5.330842
vt 17.597918 5.422021
vt 15.059299 5.565044
vt 17.707369 5.641803
vt 14.838497 5.763428
vt 17.838196 5.849051
vt 19.608519 7.162398
vt 19.751030 7.348075
vt 19.861975 7.553021
vt 19.939922 7.772169
vt 19.985523 8.002322
vt 20.000000 8.236634
vt 20.000000 8.953539
vt 19.613136 8.840372
vt 19.561235 8.805654
vt 19.561235 -8.805654
vt 20.000000 -8.953539
vt 19.613136 -8.840372
vt 19.647818 -8.892299
vt 18.775291 -2.298015
vt 19.005041 -2.194780
vt 19.033451 -2.183786
vt 19.245161 -2.083643
vt 19.438211 -1.951959
vt 19.608515 -1.791144
vt 19.939922 -1.181372
vt 19.363623 -1.301620
vt 19.281734 -1.343164
vt 19.985523 -0.951218
vt 19.538828 -1.098968
vt 19.494587 -1.177449
vt 19.435844 -1.245358
vt 19.565853 -0.838154
vt 19.575001 -0.926277
vt 19.565811 -1.014534
vt 19.660000 -8.953539
vt 19.660000 8.953539
vt 19.647818 8.892299
vt 18.438765 8.805654
vt 18.386864 8.840372
vt 18.352182 8.892299
vt 10.000000 8.953539
vt 18.340000 8.953539
vt 10.000000 -8.953539
vt 18.340000 -8.953539
vt 18.352182 -8.892299
vt 18.386864 -8.840372
vt 18.438765 -8.805654
vt 1.561235 4.328885
vt 6.500000 4.476770
vt 1.613137 4.363603
vt 1.647818 4.415530
vt 1.660000 4.476770
vt 1.647818 4.538009
vt 1.613137 4.589936
vt 1.561235 4.624654
vt 19.435844 0.607142
vt 18.918186 0.509366
vt 18.836321 0.550911
vt 18.764093 0.607197
vt 18.705362 0.675118
vt 18.661139 0.753606
vt 18.634117 0.838270
vt 18.625000 0.926250
vt 18.634209 1.014627
vt 18.661161 1.098944
vt 18.705402 1.177432
vt 18.764135 1.245339
vt 18.836338 1.301591
vt 18.918240 1.343154
vt 4.897818 -8.892299
vt 4.910000 -8.953539
vt 4.910000 8.953539
vt 4.897818 8.892299
vt 4.863137 8.840372
vt 4.811235 8.805654
vt 4.590000 -8.953539
vt 4.602182 -8.892299
vt 4.811235 -8.805654
vt 4.863137 -8.840372
vt 1.561235 -4.328885
vt 1.613137 -4.363603
vt 1.647818 -4.415530
vt 1.660000 -4.476770
vt 1.647818 -4.538009
vt 1.613137 -4.589936
vt 1.561235 -4.624654
vt 18.764135 -0.607161
vt 18.836338 -0.550909
vt 18.918240 -0.509346
vt 19.538851 -0.753582
vt 4.718912 -1.715165
vt 4.811476 -1.723934
vt 4.863313 -1.757059
vt 4.897917 -1.806282
vt 4.910000 -1.864270
vt 4.897722 -1.922416
vt 4.863097 -1.971751
vt 4.811155 -2.004712
vt 4.811476 -6.948934
vt 4.863313 -6.982059
vt 4.897917 -7.031282
vt 4.910000 -7.089270
vt 4.897722 -7.147416
vt 4.863097 -7.196751
vt 4.811155 -7.229712
vt -2.592754 0.194330
vt -4.636863 0.113164
vt -2.600000 -0.000000
vt -4.602181 0.061239
vt -4.590000 0.000000
vt -2.571017 0.387236
vt -4.750000 0.160076
vt -4.688765 0.147878
vt -10.000000 0.448799
vt -2.534811 0.578591
vt -2.484512 0.766380
vt -10.000000 0.897598
vt -2.420255 0.949938
vt -2.402077 0.995001
vt -10.000000 1.346397
vt -2.251668 1.300032
vt -2.148146 1.464743
vt -10.000000 1.795196
vt -1.906633 1.767707
vt -1.622216 2.031726
vt -10.000000 2.243995
vt -1.300509 2.251227
vt -0.951129 2.419787
vt -10.000000 2.692794
vt -0.743180 2.520706
vt -0.553654 2.652194
vt -0.386450 2.811889
vt -0.246370 2.995652
vt -14.000000 3.141593
vt -8.000000 3.141593
vt -0.137030 3.198115
vt -7.707742 3.174682
vt -7.421962 3.273727
vt -0.059900 3.414375
vt -7.161540 3.430316
vt -0.014514 3.641460
vt -6.940416 3.627138
vt -6.758165 3.860263
vt 0.000000 3.872739
vt -6.616470 4.129203
vt -0.000000 4.292564
vt -6.528842 4.419185
vt -0.500000 4.552313
vt -1.500000 4.552313
vt -1.438765 4.564511
vt -0.561235 4.564511
vt -1.386863 4.599225
vt -0.613137 4.599225
vt -1.352181 4.651150
vt -0.647819 4.651150
vt -1.340000 4.712389
vt -0.660000 4.712389
vt -1.352181 4.773628
vt -0.647819 4.773628
vt -1.386863 4.825553
vt -0.613137 4.825553
vt -1.438765 4.860267
vt -0.561235 4.860267
vt -1.500000 4.872465
vt -0.500000 4.872465
vt 0.000000 5.132214
vt -0.438765 4.860267
vt 0.000000 4.712389
vt -0.386863 4.825553
vt -0.352181 4.773628
vt -0.438765 4.564511
vt -0.386863 4.599225
vt -0.352181 4.651150
vt -0.340000 4.712389
vt 0.000000 5.552039
vt -6.616470 5.295575
vt -6.528842 5.005593
vt -1.561235 4.860267
vt -6.500000 4.712389
vt -1.613137 4.825553
vt -1.647819 4.773628
vt -1.660000 4.712389
vt -1.647819 4.651150
vt -1.613137 4.599225
vt -1.561235 4.564511
vt -6.758165 5.564515
vt -0.014516 5.783330
vt -6.940416 5.797639
vt -0.059902 6.010411
vt -7.161540 5.994462
vt -7.421962 6.151051
vt -0.137026 6.226654
vt -7.707742 6.250096
vt -8.000000 6.283185
vt -0.246380 6.429141
vt -0.386455 6.612895
vt -10.000000 6.731984
vt -0.553659 6.772588
vt -0.743180 6.904072
vt -0.951129 7.004991
vt -10.000000 7.180783
vt -18.700882 6.964421
vt -19.048882 7.132180
vt -19.256828 7.233100
vt -19.446346 7.364584
vt -10.000000 7.629582
vt -19.613550 7.524277
vt -19.753622 7.708030
vt -19.862974 7.910516
vt -10.000000 8.078381
vt -19.940098 8.126759
vt -19.985483 8.353838
vt -10.000000 8.527180
vt -20.000000 8.585128
vt -10.000000 8.975979
vt -20.000000 9.004953
vt -10.000000 9.211465
vt -19.500000 9.264702
vt -18.500000 9.264702
vt -19.438765 9.276900
vt -18.561235 9.276900
vt -19.386864 9.311614
vt -18.613136 9.311614
vt -19.352180 9.363539
vt -18.647820 9.363539
vt -19.340000 9.424778
vt -18.660000 9.424778
vt -19.340000 -9.424778
vt -18.660000 -9.424778
vt -19.352180 -9.363539
vt -18.647820 -9.363539
vt -19.386864 -9.311614
vt -18.613136 -9.311614
vt -19.438765 -9.276900
vt -18.561235 -9.276900
vt -19.500000 -9.264702
vt -18.500000 -9.264702
vt -20.000000 -9.004953
vt -10.000000 -8.975979
vt -20.000000 -8.585128
vt -10.000000 -8.527180
vt -19.985485 -8.353850
vt -10.000000 -8.078381
vt -19.940100 -8.126767
vt -19.862970 -7.910508
vt -10.000000 -7.629582
vt -19.753633 -7.708046
vt -19.613554 -7.524283
vt -19.446352 -7.364588
vt -10.000000 -7.180783
vt -19.256828 -7.233100
vt -19.048882 -7.132180
vt -19.005039 -7.114482
vt -18.774118 -7.005149
vt -18.555538 -6.874039
vt -10.000000 -6.731984
vt -18.350836 -6.722322
vt -18.161543 -6.550887
vt -10.000000 -6.283185
vt -17.990170 -6.361837
vt -17.838196 -6.156896
vt -10.000000 -5.834386
vt -17.706991 -5.938042
vt -17.597921 -5.707388
vt -10.000000 -5.385587
vt -17.511932 -5.467144
vt -17.449961 -5.219637
vt -10.000000 -4.936788
vt -17.412491 -4.967238
vt -17.400000 -4.712388
vt -10.000000 -4.487990
vt -17.412491 -4.457537
vt -17.449961 -4.205139
vt -10.000000 -4.039191
vt -17.511932 -3.957632
vt -17.597923 -3.717388
vt -10.000000 -3.590392
vt -17.706991 -3.486734
vt -17.838198 -3.267880
vt -10.000000 -3.141593
vt -17.990170 -3.062939
vt -18.161545 -2.873889
vt -10.000000 -2.692794
vt -18.350838 -2.702455
vt -18.555542 -2.550737
vt -18.774122 -2.419627
vt -10.000000 -2.243995
vt -19.005041 -2.310295
vt -19.048870 -2.292602
vt -19.256821 -2.191683
vt -10.000000 -2.147418
vt -19.446341 -2.060199
vt -19.613544 -1.900506
vt -10.000000 -1.795196
vt -19.753620 -1.716752
vt -10.000000 -1.458426
vt -19.862974 -1.514265
vt -19.099958 -1.449998
vt -19.192625 -1.440878
vt -0.994959 7.022684
vt -1.225877 7.132016
vt -1.444458 7.263126
vt -1.649163 7.414844
vt -1.838455 7.586278
vt -2.009830 7.775328
vt -2.161803 7.980269
vt -2.293008 8.199123
vt -2.402077 8.429777
vt -2.488067 8.670021
vt -2.550039 8.917528
vt -2.587509 9.169925
vt -2.600000 9.424768
vt -4.636863 9.311614
vt -4.688765 9.276900
vt -4.750000 9.264702
vt -2.600000 9.424778
vt -4.590000 9.424778
vt -4.602181 9.363539
vt -2.587509 -9.169928
vt -4.636863 -9.311614
vt -2.600000 -9.424778
vt -4.602181 -9.363539
vt -4.590000 -9.424778
vt -2.550039 -8.917530
vt -10.000000 -9.424778
vt -4.750000 -9.264702
vt -4.811235 -9.276900
vt -4.863137 -9.311614
vt -4.897819 -9.363539
vt -4.910000 -9.424778
vt -4.910000 9.424778
vt -10.000000 9.424778
vt -4.897819 9.363539
vt -10.000000 9.264702
vt -4.863137 9.311614
vt -4.811235 9.276900
vt -2.488068 -8.670023
vt -2.402078 -8.429779
vt -2.293009 -8.199125
vt -2.161804 -7.980271
vt -2.009831 -7.775330
vt -1.838457 -7.586279
vt -4.749917 -7.622312
vt -1.649165 -7.414845
vt -4.602172 -7.523478
vt -4.616896 -7.551189
vt -4.661061 -7.595309
vt -1.444462 -7.263128
vt -4.637020 -7.349132
vt -4.602321 -7.401009
vt -4.590003 -7.462217
vt -1.225882 -7.132018
vt -4.750244 -7.302450
vt -4.718911 -7.305427
vt -0.994961 -7.022685
vt -0.951119 -7.004987
vt -0.743172 -6.904067
vt -0.553648 -6.772579
vt -0.386446 -6.612884
vt -0.246367 -6.429121
vt -0.137029 -6.226659
vt -0.059900 -6.010400
vt -0.014514 -5.783317
vt -0.000000 -5.552039
vt -0.000000 -5.132214
vt -0.500000 -4.872465
vt -1.500000 -4.872465
vt -1.438765 -4.860267
vt -0.561235 -4.860267
vt -1.386863 -4.825553
vt -0.613137 -4.825553
vt -1.352181 -4.773628
vt -0.647819 -4.773628
vt -1.340000 -4.712389
vt -0.660000 -4.712389
vt -1.352181 -4.651150
vt -0.647819 -4.651150
vt -1.386863 -4.599225
vt -0.613137 -4.599225
vt -1.438765 -4.564511
vt -0.561235 -4.564511
vt -1.500000 -4.552313
vt -0.500000 -4.552313
vt -0.000000 -4.292564
vt 0.000000 -3.872739
vt -0.014516 -3.641449
vt -0.059902 -3.414370
vt -0.438765 -4.860267
vt -0.000000 -4.712389
vt -0.386863 -4.825553
vt -0.352181 -4.773628
vt -0.340000 -4.712389
vt -0.352181 -4.651150
vt -0.386863 -4.599225
vt -0.438765 -4.564511
vt -0.137025 -3.198127
vt -0.246377 -2.995642
vt -0.386450 -2.811888
vt -0.553653 -2.652195
vt -0.743172 -2.520711
vt -0.951119 -2.419791
vt -1.299774 -2.251653
vt -4.749917 -2.122312
vt -1.621542 -2.032264
vt -4.688687 -2.110166
vt -4.661061 -2.095309
vt -4.616896 -2.051189
vt -4.602172 -2.023478
vt -4.590003 -1.962217
vt -4.602321 -1.901009
vt -1.906380 -1.767980
vt -4.637020 -1.849132
vt -4.689007 -1.814507
vt -4.718911 -1.805427
vt -4.750244 -1.802450
vt -4.811476 -1.814668
vt -4.839073 -1.829585
vt -4.863301 -1.849548
vt -4.897919 -1.901349
vt -4.910000 -1.962389
vt -4.897731 -2.023600
vt -4.863101 -2.075531
vt -4.811158 -2.110231
vt -2.147494 -1.465698
vt -10.000000 -1.346397
vt -2.251269 -1.300721
vt -2.402078 -0.994999
vt -10.000000 -0.897598
vt -2.420247 -0.949957
vt -2.484525 -0.766337
vt -2.534838 -0.578470
vt -10.000000 -0.448799
vt -18.764133 -0.639116
vt -18.836109 -0.580057
vt -18.918240 -0.536154
vt -19.007345 -0.509131
vt -19.100014 -0.500002
vt -20.000000 -0.419825
vt -19.192659 -0.509123
vt -19.281788 -0.536164
vt -19.363913 -0.580058
vt -19.435886 -0.639136
vt -20.000000 -0.839650
vt -19.494968 -0.711135
vt -19.538851 -0.793244
vt -19.565874 -0.882374
vt -19.575001 -0.975028
vt -19.985483 -1.070941
vt -19.565859 -1.067698
vt -19.538828 -1.156808
vt -19.940098 -1.298022
vt -19.494926 -1.238914
vt -19.435844 -1.310903
vt -19.363871 -1.369961
vt -19.281734 -1.413857
vt -2.571033 -0.387134
vt -10.000000 -0.179312
vt -19.500000 -0.160076
vt -19.561235 -0.147878
vt -2.592757 -0.194310
vt -4.750000 -0.160076
vt -10.000000 -0.160076
vt -4.811235 -0.147878
vt -4.863137 -0.113164
vt -4.636863 -0.113164
vt -4.688765 -0.147878
vt -4.602181 -0.061239
vt -4.897819 -0.061239
vt -10.000000 -0.000000
vt -18.352180 -0.061239
vt -18.340000 -0.000000
vt -18.352180 0.061239
vt -18.386864 0.113164
vt -18.438765 0.147878
vt -18.500000 0.160076
vt -20.000000 0.419825
vt -19.099958 0.500002
vt -19.192625 0.509122
vt -4.910000 0.000000
vt -4.897819 0.061239
vt -4.863137 0.113164
vt -4.811235 0.147878
vt -18.386864 -0.113164
vt -18.438765 -0.147878
vt -18.500000 -0.160076
vt -18.561235 -0.147878
vt -19.438765 -0.147878
vt -19.386864 -0.113164
vt -18.613136 -0.113164
vt -19.352180 -0.061239
vt -18.647820 -0.061239
vt -19.340000 -0.000000
vt -18.660000 -0.000000
vt -19.352180 0.061239
vt -18.647820 0.061239
vt -19.386864 0.113164
vt -18.613136 0.113164
vt -19.438765 0.147878
vt -18.561235 0.147878
vt -19.500000 0.160076
vt -20.000000 -0.000000
vt -19.613136 -0.113164
vt -19.647820 -0.061239
vt -19.660000 -0.000000
vt -19.647820 0.061239
vt -19.613136 0.113164
vt -19.561235 0.147878
vt -19.435844 0.639097
vt -20.000000 0.839650
vt -19.494926 0.711086
vt -19.538828 0.793192
vt -19.561235 -9.276900
vt -20.000000 -9.424778
vt -19.613136 -9.311614
vt -19.647820 -9.363539
vt -19.660000 -9.424778
vt -19.660000 9.424778
vt -20.000000 9.424778
vt -19.647820 9.363539
vt -19.613136 9.311614
vt -19.561235 9.276900
vt -18.379648 6.745601
vt -18.095163 6.482031
vt -14.000000 6.283185
vt -17.854216 6.180591
vt -14.292258 6.250096
vt -14.578038 6.151051
vt -17.750444 6.016071
vt -14.838460 5.994462
vt -15.059584 5.797639
vt -17.597921 5.707388
vt -17.581285 5.666243
vt -15.241835 5.564515
vt -17.516821 5.483077
vt -15.383530 5.295575
vt -17.466267 5.295680
vt -17.429766 5.104775
vt -15.471158 5.005593
vt -17.407673 4.912345
vt -15.500000 4.712389
vt -17.400007 4.718480
vt -15.471158 4.419185
vt -17.428200 4.330382
vt -15.383530 4.129203
vt -17.464104 4.138581
vt -17.514160 3.950329
vt -15.241835 3.860263
vt -17.578230 3.766321
vt -15.059584 3.627138
vt -17.597923 3.717388
vt -17.746626 3.415316
vt -17.850134 3.250172
vt -14.578038 3.273727
vt -14.838460 3.430316
vt -18.091814 2.946358
vt -14.292258 3.174682
vt -18.376608 2.681602
vt -18.698845 2.461536
vt -19.048870 2.292602
vt -19.256821 2.191683
vt -19.446346 2.060195
vt -19.613550 1.900500
vt -19.753630 1.716737
vt -19.862970 1.514274
vt -19.940100 1.298014
vt -19.281788 1.413836
vt -19.192659 1.440877
vt -19.100014 1.449998
vt -19.985485 1.070929
vt -19.538851 1.156756
vt -19.494968 1.238865
vt -19.435886 1.310864
vt -19.575001 0.974972
vt -19.565874 1.067626
vt -18.352180 -9.363539
vt -18.340000 -9.424778
vt -18.340000 9.424778
vt -18.352180 9.363539
vt -18.386864 9.311614
vt -18.438765 9.276900
vt -18.438765 -9.276900
vt -18.386864 -9.311614
vt -4.688687 -7.610166
vt -4.811158 -7.610231
vt -4.863101 -7.575531
vt -4.897731 -7.523600
vt -4.910000 -7.462389
vt -4.897919 -7.401349
vt -4.863301 -7.349548
vt -4.839073 -7.329585
vt -4.811476 -7.314668
vt -4.689007 -7.314507
vt -18.705065 -0.711104
vt -18.661161 -0.793217
vt -18.634140 -0.882312
vt -18.625000 -0.975000
vt -18.634117 -1.067611
vt -18.661139 -1.156731
vt -18.705017 -1.238832
vt -18.764093 -1.310844
vt -18.836056 -1.369917
vt -18.918186 -1.413825
vt -19.007305 -1.440872
vt -1.647819 -4.651150
vt -1.660000 -4.712389
vt -1.647819 -4.773628
vt -1.613137 -4.825553
vt -1.561235 -4.860267
vt -1.613137 -4.599225
vt -1.561235 -4.564511
vt -4.688765 -9.276900
vt -19.363913 1.369942
vt -19.007345 1.440869
vt -18.918240 1.413846
vt -18.836109 1.369943
vt -18.764133 1.310884
vt -18.705065 1.238896
vt -18.661161 1.156783
vt -18.634140 1.067688
vt -18.625000 0.975000
vt -18.634117 0.882389
vt -18.661139 0.793269
vt -18.705017 0.711168
vt -18.764093 0.639156
vt -18.836056 0.580083
vt -18.918186 0.536175
vt -19.007305 0.509128
vt -19.281734 0.536143
vt -19.363871 0.580039
vt -19.565859 0.882302
vt -2.842241 0.788981
vt -2.883263 0.828730
vt -2.827488 0.357508
vt -2.970672 0.418456
vt -2.850000 -0.000000
vt -3.000000 0.000000
vt -2.970672 -0.418456
vt -2.827488 -0.357508
vt -2.883263 -0.828730
vt -2.842241 -0.788981
vt -2.801256 -0.749194
vt -2.760307 -0.709368
vt -2.760307 0.709368
vt -2.801256 0.749194
vt 0.709368 -2.760307
vt 0.357508 -2.827488
vt 0.749194 -2.801256
vt 0.788981 -2.842241
vt 0.828730 -2.883263
vt 0.418456 -2.970672
vt -0.000000 -2.850000
vt -0.000000 -3.000000
vt -0.418456 -2.970672
vt -0.357508 -2.827488
vt -0.828730 -2.883263
vt -0.788981 -2.842241
vt -0.749194 -2.801256
vt -0.709368 -2.760307
vt -0.709368 2.760307
vt -0.357508 2.827488
vt -0.749194 2.801256
vt -0.788981 2.842241
vt -0.828730 2.883263
vt -0.418456 2.970672
vt 0.000000 2.850000
vt 0.000000 3.000000
vt 0.418456 2.970672
vt 0.357508 2.827488
vt 0.828730 2.883263
vt 0.788981 2.842241
vt 0.749194 2.801256
vt 0.709368 2.760307
vt 2.842241 -0.788981
vt 2.883263 -0.828730
vt 2.827488 -0.357508
vt 2.970672 -0.418456
vt 2.850000 0.000000
vt 3.000000 -0.000000
vt 2.970672 0.418456
vt 2.827488 0.357508
vt 2.883263 0.828730
vt 2.842241 0.788981
vt 2.801256 0.749194
vt 2.760307 0.709368
vt 2.760307 -0.709368
vt 2.801256 -0.749194
vt -0.150001 7.020612
vt -0.149999 6.990687
vt -0.100009 7.026091
vt -0.000000 6.990687
vt -0.050009 7.031490
vt -0.000001 7.036809
vt -0.150049 6.741909
vt -0.000000 6.741019
vt -0.150137 6.492833
vt -0.000000 6.491352
vt -0.150061 6.242526
vt -0.000000 6.241684
vt -0.149992 5.992017
vt -0.000000 5.992017
vt -0.150005 5.742896
vt -0.000000 5.742350
vt -0.150000 5.492682
vt -0.000000 5.492682
vt -0.150001 5.243742
vt -0.000000 5.243015
vt -0.150006 4.993348
vt -0.000000 4.993348
vt -0.149997 4.744019
vt -0.000000 4.743680
vt -0.150006 4.494013
vt -0.000000 4.494013
vt 0.000000 4.244347
vt -0.149995 4.244298
vt -0.000000 3.994687
vt -0.150000 3.994678
vt -0.000000 3.994677
vt -0.149995 3.745042
vt -0.000000 3.745010
vt -0.150005 3.495343
vt -0.000000 3.495343
vt -0.000000 3.245676
vt -0.149997 3.245354
vt -0.000000 2.996009
vt -0.150006 2.996009
vt -0.000000 2.746341
vt -0.150001 2.745598
vt -0.000000 2.496674
vt -0.150000 2.496674
vt -0.000000 2.247006
vt -0.150005 2.246455
vt -0.000000 1.997339
vt -0.149992 1.997339
vt -0.000000 1.747672
vt -0.150061 1.746807
vt -0.000000 1.498004
vt -0.150137 1.496502
vt -0.000000 1.248337
vt -0.150049 1.247451
vt -0.000000 0.998670
vt -0.149999 0.998670
vt -0.000001 0.952534
vt -0.050009 0.957854
vt -0.100009 0.963255
vt -0.150001 0.968735
vt 0.000000 4.184837
vt 0.150000 3.994678
vt 0.000000 3.804536
vt 0.149995 3.745042
vt 0.000000 3.614462
vt 0.150005 3.495343
vt 0.000000 3.424248
vt 0.149997 3.245354
vt 0.000000 3.233811
vt 0.000000 3.043401
vt 0.150006 2.996008
vt 0.000001 2.996008
vt 0.150001 2.745598
vt 0.000001 2.662211
vt 0.150000 2.496674
vt 0.000001 2.471731
vt 0.150005 2.246455
vt 0.000003 2.092954
vt 0.149992 1.997339
vt 0.000096 1.712896
vt 0.150061 1.746806
vt 0.150137 1.496502
vt 0.000118 1.331090
vt 0.150049 1.247451
vt 0.000001 0.952533
vt 0.149999 0.998669
vt 0.050009 0.957854
vt 0.100009 0.963255
vt 0.150001 0.968735
vt 0.149995 4.244298
vt 0.000000 4.374993
vt 0.150006 4.494013
vt 0.000000 4.565228
vt 0.149997 4.744019
vt 0.000000 4.755587
vt 0.000000 4.945932
vt 0.150006 4.993347
vt 0.000001 4.993347
vt 0.150001 5.243741
vt 0.000001 5.326363
vt 0.150000 5.492682
vt 0.000001 5.516494
vt 0.150005 5.742896
vt 0.000003 5.896036
vt 0.149992 5.992017
vt 0.000095 6.275612
vt 0.150061 6.242525
vt 0.150137 6.492833
vt 0.000118 6.657429
vt 0.150049 6.741909
vt 0.050009 7.031490
vt 0.100009 7.026091
vt 0.149999 6.990686
vt 0.150001 7.020612
vt 0.000001 7.036809
vt -0.150001 7.020610
vt -0.149999 6.990684
vt -0.100009 7.026089
vt -0.000000 6.990684
vt -0.050009 7.031488
vt -0.000001 7.036807
vt -0.150061 6.742331
vt -0.000000 6.741017
vt -0.150139 6.493323
vt -0.000000 6.491350
vt -0.150068 6.243001
vt -0.000000 6.241682
vt -0.150000 5.992015
vt -0.000000 5.992015
vt -0.150008 5.743073
vt -0.000000 5.742348
vt -0.150000 5.492681
vt -0.000000 5.492681
vt -0.150002 5.243793
vt -0.000000 5.243013
vt -0.150006 4.993346
vt -0.000000 4.993346
vt -0.149997 4.743951
vt -0.000000 4.743679
vt -0.150005 4.494011
vt -0.000000 4.494011
vt -0.000000 4.244344
vt -0.149995 4.244329
vt -0.150000 3.994677
vt -0.000000 3.745009
vt -0.149995 3.745124
vt -0.150006 3.495342
vt -0.149997 3.245287
vt -0.000000 3.245675
vt -0.000000 3.495342
vt -0.000000 2.996008
vt -0.150005 2.996008
vt -0.000000 2.746340
vt -0.150000 2.745654
vt -0.000000 2.496673
vt -0.150000 2.496673
vt -0.150005 2.246492
vt -0.000000 1.997338
vt -0.149991 1.997338
vt -0.000000 1.747671
vt -0.150061 1.746877
vt -0.150137 1.496565
vt -0.000000 1.248336
vt -0.150049 1.247490
vt -0.000000 0.998669
vt -0.149999 0.998669
vt -0.000001 0.952533
vt -0.100009 0.963254
vt 0.000001 7.036807
vt 0.000119 6.656696
vt 0.050009 7.031488
vt 0.150049 6.741881
vt 0.100009 7.026089
vt 0.149999 6.990684
vt 0.150001 7.020610
vt 0.150137 6.492790
vt 0.000095 6.274137
vt 0.150061 6.242477
vt 0.149991 5.992015
vt 0.000003 5.893800
vt 0.150005 5.742870
vt 0.000001 5.513510
vt 0.150000 5.492680
vt 0.000001 5.323018
vt 0.150000 5.243700
vt 0.000001 4.993346
vt 0.150005 4.993346
vt 0.000000 4.941872
vt 0.149997 4.744061
vt 0.000000 4.751158
vt 0.000000 4.560433
vt 0.150006 4.494011
vt 0.000000 4.369818
vt 0.149995 4.244237
vt 0.000000 3.988736
vt 0.150000 3.994677
vt 0.000000 3.798989
vt 0.149995 3.745025
vt 0.000000 3.609264
vt 0.150005 3.495342
vt 0.000000 3.419412
vt 0.149997 3.245397
vt 0.000000 3.229348
vt 0.000000 3.039311
vt 0.150002 2.745563
vt 0.000001 2.658861
vt 0.150000 2.496673
vt 0.000001 2.468771
vt 0.150008 2.246280
vt 0.000003 2.090735
vt 0.150000 1.997338
vt 0.000096 1.711407
vt 0.150068 1.746353
vt 0.150139 1.496031
vt 0.000118 1.330348
vt 0.150061 1.247035
vt 0.100009 0.963254
vt 4.019238 1.882060
vt 4.020882 1.629608
vt 4.069035 1.882058
vt 4.118803 1.882056
vt 4.170235 1.628419
vt 4.168540 1.882054
vt 4.028210 1.385994
vt 4.177924 1.383852
vt 4.044854 1.147323
vt 4.195546 1.144362
vt 4.074525 0.912436
vt 4.227166 0.908831
vt 4.120281 0.681132
vt 4.276105 0.677287
vt 4.184042 0.452775
vt 4.292106 0.470515
vt 4.292106 0.235257
vt 4.344479 0.449176
vt 4.433954 0.222626
vt 4.427268 0.000000
vt 4.485226 0.000000
vt 4.267429 0.225072
vt 4.369311 0.000000
vt 4.543183 0.000000
vt 4.118803 0.000003
vt 4.168540 0.000006
vt 4.019238 0.000000
vt 4.170235 0.253640
vt 4.020882 0.252452
vt 4.177923 0.498201
vt 4.028211 0.496072
vt 4.195545 0.737691
vt 4.044855 0.734744
vt 4.227163 0.973210
vt 4.074528 0.969643
vt 4.276107 1.204781
vt 4.120279 1.200918
vt 4.292106 1.411545
vt 4.184044 1.429293
vt 4.292106 1.646802
vt 4.267434 1.656999
vt 4.433949 1.659424
vt 4.369311 1.882060
vt 4.427268 1.882060
vt 4.485226 1.882060
vt 4.543183 1.882060
vt 4.344476 1.432873
vt 4.069035 0.000001
vt 4.543160 0.000000
vt 4.433930 0.222627
vt 4.485203 0.000000
vt 4.427245 0.000000
vt 4.292591 0.235258
vt 4.267406 0.225073
vt 4.184019 0.452777
vt 4.292591 0.470516
vt 4.276082 0.677289
vt 4.344456 0.449178
vt 4.120258 0.681135
vt 4.227143 0.908834
vt 4.074502 0.912438
vt 4.195523 1.144364
vt 4.044831 1.147325
vt 4.177901 1.383855
vt 4.028188 1.385996
vt 4.170212 1.628422
vt 4.020859 1.629610
vt 4.118780 1.882059
vt 4.069013 1.882061
vt 4.168517 1.882057
vt 4.019215 1.882062
vt 4.369288 0.000000
vt 4.427245 1.882062
vt 4.369288 1.882062
vt 4.433926 1.659425
vt 4.267411 1.657001
vt 4.292591 1.646805
vt 4.184021 1.429293
vt 4.292591 1.411547
vt 4.120256 1.200918
vt 4.276084 1.204781
vt 4.074505 0.969643
vt 4.227140 0.973210
vt 4.044832 0.734745
vt 4.195522 0.737691
vt 4.028188 0.496073
vt 4.177900 0.498202
vt 4.020860 0.252453
vt 4.170212 0.253640
vt 4.019215 0.000000
vt 4.168517 0.000006
vt 4.118780 0.000003
vt 4.069013 0.000001
vt 4.344453 1.432874
vt 4.543160 1.882062
vt 4.485203 1.882062
vt -0.149987 1.590857
vt -0.150000 1.497053
vt -0.100000 1.590778
vt -0.000000 1.497053
vt -0.000000 1.590619
vt -0.000000 1.684185
vt -0.100000 1.684185
vt -0.150000 1.684185
vt -0.149994 1.778362
vt -0.100000 1.796464
vt -0.149998 1.871316
vt -0.100000 1.871316
vt -0.100000 1.965082
vt -0.000000 1.964882
vt -0.000000 2.058448
vt -0.000000 1.777751
vt -0.000000 1.871316
vt -0.000000 2.152014
vt -0.100000 2.152014
vt -0.100000 2.058448
vt -0.150005 1.965181
vt -0.100000 2.245580
vt -0.000000 2.245580
vt -0.000000 2.339145
vt -0.100000 2.395285
vt -0.000000 2.432711
vt -0.100000 2.432711
vt -0.100000 2.526063
vt -0.150005 2.525956
vt -0.149998 2.619843
vt -0.100000 2.619843
vt -0.149994 2.712783
vt -0.100000 2.712992
vt -0.150000 2.806974
vt -0.100000 2.806974
vt -0.150000 2.900540
vt -0.100000 2.900540
vt -0.150000 2.994106
vt -0.000000 2.900540
vt -0.000000 2.994106
vt -0.000000 2.526277
vt -0.000000 2.619843
vt -0.000000 2.713409
vt -0.000000 2.806974
vt -0.150000 2.432711
vt -0.150000 2.245580
vt -0.150000 2.058448
vt -0.150000 0.567596
vt -0.150000 0.504530
vt -0.099999 0.567596
vt 0.000000 0.504530
vt 0.000000 0.567596
vt -0.099999 0.605435
vt 0.000000 0.630662
vt -0.099999 0.630662
vt 0.000000 0.693728
vt -0.099999 0.693728
vt 0.000001 0.725261
vt -0.099999 0.725261
vt -0.000000 0.756794
vt -0.099999 0.756794
vt -0.099999 0.807247
vt -0.150000 0.756794
vt -0.150001 0.819861
vt -0.099999 0.819861
vt -0.099999 0.851394
vt -0.000002 0.819861
vt -0.000000 0.851394
vt -0.099999 0.882927
vt -0.000000 0.882927
vt -0.099999 0.945993
vt -0.000002 0.945993
vt -0.150000 1.009059
vt -0.000000 1.009059
vt -0.150001 0.945993
vt -0.150000 0.882927
vt -0.149997 0.725261
vt -0.150000 0.693728
vt -0.150000 0.630662
vt -0.000000 -0.404424
vt -6.000000 -0.404424
vt -0.000000 -0.579176
vt -6.000000 -0.579176
vt 0.388037 -2.650334
vt 0.561564 -2.650775
vt 0.340898 -2.949589
vt 0.511105 -2.949982
vt 0.272425 -3.246155
vt 0.438166 -3.246195
vt 0.357767 -3.532368
vt 0.196663 -3.532771
vt 0.279674 -3.818992
vt 0.122856 -3.819748
vt 0.212201 -4.116559
vt 0.059006 -4.117388
vt 0.167633 -4.417184
vt 0.016817 -4.417761
vt 0.152500 -4.712389
vt 0.002500 -4.712389
vt 0.152500 4.712389
vt 0.002500 4.712389
vt 0.016817 4.417761
vt 0.167633 4.417184
vt 0.059006 4.117388
vt 0.212201 4.116559
vt 0.122856 3.819748
vt 0.279674 3.818992
vt 0.196663 3.532771
vt 0.357767 3.532368
vt 0.272425 3.246155
vt 0.438166 3.246195
vt 0.340898 2.949589
vt 0.511105 2.949982
vt 0.388037 2.650334
vt 0.561564 2.650775
vt 6.000000 -0.404424
vt 6.000000 -0.579176
vt 0.628319 -0.291888
vt 0.534886 -0.314159
vt 0.628319 -0.336824
vt 0.534886 -0.336599
vt 0.628319 0.291495
vt 0.534886 0.291719
vt 0.538559 0.291495
vt 0.448799 0.291495
vt 0.534886 0.314159
vt 0.437634 0.314159
vt 0.437634 -0.314159
vt 0.437634 -0.291888
vt 0.340382 -0.291888
vt 0.340382 -0.269344
vt 0.243130 -0.269365
vt 0.243130 -0.246952
vt 0.145878 -0.246952
vt 0.145878 -0.224464
vt 0.048626 -0.224477
vt 0.048626 -0.202016
vt -0.000000 -0.202016
vt -0.000000 -0.179548
vt 0.048626 -0.179545
vt -0.000000 -0.157080
vt 0.089760 -0.157080
vt 0.145878 -0.179541
vt 0.179520 -0.157080
vt 0.243130 -0.179537
vt 0.269279 -0.157080
vt 0.340382 -0.179532
vt 0.359039 -0.157080
vt 0.437634 -0.179528
vt 0.448799 -0.157080
vt 0.534886 -0.179524
vt 0.538559 -0.157080
vt 0.628319 -0.157080
vt 0.628319 -0.202016
vt 0.534886 -0.202016
vt 0.534886 -0.224412
vt 0.437634 -0.202016
vt 0.437634 -0.224425
vt 0.340382 -0.202016
vt 0.340382 -0.224438
vt 0.243130 -0.202016
vt 0.243130 -0.224451
vt 0.145878 -0.202016
vt 0.628319 -0.246952
vt 0.534886 -0.269300
vt 0.534886 -0.291888
vt 0.534886 -0.246952
vt 0.437634 -0.246952
vt 0.437634 -0.269322
vt 0.340382 -0.246952
vt -0.000000 -0.224484
vt 0.048626 -0.246952
vt 0.145878 -0.269387
vt 0.243130 -0.291888
vt 0.340382 -0.314159
vt 0.340382 0.314159
vt 0.359039 0.291495
vt 0.437634 0.291719
vt -0.000000 -0.246952
vt 0.048626 -0.269409
vt 0.145878 -0.291888
vt 0.243130 -0.314159
vt 0.243130 0.314159
vt 0.269279 0.291495
vt 0.340382 0.291719
vt -0.000000 -0.269420
vt 0.048626 -0.291888
vt 0.145878 -0.314159
vt 0.145878 0.314159
vt 0.243130 0.291719
vt 0.179520 0.291495
vt 0.145878 0.291719
vt 0.089760 0.291495
vt 0.048626 0.291719
vt -0.000000 0.291495
vt -0.000000 0.313963
vt 0.048626 0.314159
vt 0.000000 0.336431
vt -0.000000 -0.291888
vt 0.048626 -0.314159
vt 0.538559 -0.601368
vt 0.628319 -0.601368
vt 0.534886 -0.515442
vt 0.628319 -0.429334
vt 0.534886 -0.429334
vt 0.534886 -0.343591
vt 0.437634 -0.429334
vt 0.437634 -0.343541
vt 0.340382 -0.429334
vt 0.340382 -0.343491
vt 0.243130 -0.429334
vt 0.243130 -0.343441
vt 0.145878 -0.429334
vt 0.145878 -0.343391
vt 0.048626 -0.429334
vt 0.048626 -0.343341
vt -0.000000 -0.429334
vt -0.000000 -0.343317
vt 0.048626 -0.257299
vt -0.000000 -0.257299
vt 0.048626 -0.171324
vt -0.000000 -0.171282
vt 0.048626 -0.085265
vt -0.000000 -0.085265
vt 0.048626 0.000694
vt -0.000000 0.000752
vt 0.048626 0.085910
vt -0.000000 0.086769
vt 0.089760 0.086769
vt 0.145878 0.085910
vt 0.179520 0.086769
vt 0.243130 0.085910
vt 0.269279 0.086769
vt 0.243130 0.000461
vt 0.340382 0.000345
vt 0.243130 -0.085265
vt 0.340382 -0.085265
vt 0.243130 -0.171490
vt 0.340382 -0.171573
vt 0.243130 -0.257299
vt 0.340382 -0.257299
vt 0.628319 -0.257299
vt 0.534886 -0.257299
vt 0.437634 -0.257299
vt 0.534886 -0.171740
vt 0.628319 -0.085265
vt 0.534886 -0.085265
vt 0.538559 0.086769
vt 0.534886 0.000112
vt 0.534886 0.085910
vt 0.448799 0.086769
vt 0.628319 0.086769
vt 0.359039 0.086769
vt 0.437634 0.085910
vt 0.437634 0.000228
vt 0.437634 -0.085265
vt 0.437634 -0.171656
vt 0.340382 0.085910
vt -0.000000 -0.515351
vt 0.048626 -0.515359
vt 0.145878 -0.515376
vt 0.243130 -0.515392
vt 0.340382 -0.515409
vt 0.437634 -0.515426
vt -0.000000 -0.601368
vt 0.089760 -0.601368
vt 0.179520 -0.601368
vt 0.269279 -0.601368
vt 0.359039 -0.601368
vt 0.448799 -0.601368
vt 0.145878 -0.257299
vt 0.145878 -0.171407
vt 0.145878 -0.085265
vt 0.145878 0.000577
vt -0.600000 -0.785398
vt -0.000000 -0.785398
vt -0.600000 -0.673058
vt -0.000000 -0.673058
vt -0.600000 -0.560718
vt -0.000000 -0.560718
vt -0.600000 -0.448378
vt -0.000000 -0.448378
vt -0.600000 -0.336038
vt -0.000000 -0.336038
vt -0.600000 -0.223698
vt -0.000000 -0.223698
vt -0.600000 -0.111358
vt -0.000000 -0.111358
vt -0.600000 0.000982
vt -0.000000 0.000982
vt -0.000000 0.113322
vt -0.600000 0.113322
vt 2.415286 -0.100000
vt 2.154106 -0.014358
vt -0.000000 -0.100000
vt 1.901826 0.094752
vt 1.660552 0.226421
vt 1.432295 0.379550
vt 1.218958 0.552862
vt -0.097443 0.022471
vt 1.022320 0.744913
vt 0.844022 0.954100
vt 0.685549 1.178681
vt 0.548223 1.416780
vt 0.433190 1.666415
vt 0.341409 1.925501
vt -0.097530 -0.022088
vt -0.078253 -0.062261
vt -0.043439 -0.090073
vt -0.000000 -0.897738
vt -0.600000 -0.897738
vt -0.000000 -1.010078
vt -0.600000 -1.010078
vt -0.000000 -1.122418
vt -0.600000 -1.122418
vt -0.000000 -1.234758
vt -0.600000 -1.234758
vt -0.000000 -1.347098
vt -0.600000 -1.347098
vt -0.000000 -1.459438
vt -0.600000 -1.459438
vt -0.600000 -1.571778
vt 0.000000 -1.571778
vt -0.000000 1.569814
vt -0.600000 1.569814
vt -0.600000 1.457474
vt 0.000000 1.457474
vt -0.000000 -0.600000
vt 1.937187 -0.600000
vt 1.937187 0.000000
vt 1.000000 -3.636882
vt 0.000000 -3.782285
vt 1.000000 -3.911841
vt 0.000000 -4.052517
vt 0.997046 -4.118780
vt 0.000000 -4.322749
vt 0.991445 -4.326659
vt 0.986624 -4.531254
vt 0.000000 -4.592981
vt 0.984578 -4.728097
vt 0.000000 -4.863213
vt 0.986624 -4.924939
vt 0.000000 -5.133445
vt 0.991445 -5.129535
vt 0.997046 -5.337414
vt 0.000000 -5.403677
vt 1.000000 -5.544352
vt 0.000000 -5.673909
vt 1.000000 -5.819311
vt 0.000000 -5.944141
vt 1.000000 -6.094270
vt 0.000000 -6.214374
vt 1.000000 -6.369229
vt 0.000000 -6.484606
vt 1.000000 -6.644188
vt 0.000000 -6.754838
vt 1.000000 -6.919147
vt 0.000000 -7.025070
vt 1.000000 -7.194106
vt 0.000000 -7.295302
vt 1.000000 -7.469065
vt 0.000000 -7.565534
vt 1.000000 -7.744024
vt 0.000000 -7.835766
vt 1.000000 -8.018983
vt 0.000000 -8.105998
vt 1.000000 -8.293942
vt 0.000000 -8.376231
vt 1.000000 -8.568901
vt 0.000000 -8.646463
vt 0.998213 -8.646463
vt 0.000000 -3.512052
vt 1.000000 -3.361924
vt 0.000000 -3.241820
vt 1.000000 -3.086965
vt 0.000000 -2.971588
vt 1.000000 -2.812006
vt 0.000000 -2.701356
vt 1.000000 -2.537047
vt 0.000000 -2.431124
vt 1.000000 -2.262088
vt 0.000000 -2.160892
vt 1.000000 -1.987129
vt 0.000000 -1.890660
vt 1.000000 -1.712170
vt 0.000000 -1.620428
vt 1.000000 -1.437211
vt 0.000000 -1.350195
vt 1.000000 -1.162252
vt 0.000000 -1.079963
vt 1.000000 -0.887293
vt 0.000000 -0.809731
vt 0.998213 -0.809731
vt -1.937187 -0.600000
vt -1.937187 0.000000
vt -0.000000 -6.443148
vt 0.600000 -6.443148
vt 0.600000 0.000000
vt -6.123315 2.000000
vt -6.495058 2.000000
vt -6.039903 1.743059
vt -5.933789 1.494631
vt -6.930361 0.112355
vt -5.805830 1.256718
vt -5.657056 1.031235
vt -5.488664 0.819999
vt -5.302011 0.624711
vt -5.098602 0.446945
vt -4.880073 0.288132
vt -6.943147 0.000982
vt -4.648186 0.149551
vt -6.930799 -0.110440
vt -6.893937 -0.216310
vt -4.404808 0.032319
vt -6.834414 -0.311306
vt -6.443148 -0.500000
vt -6.755222 -0.390653
vt -6.660343 -0.450363
vt -6.554545 -0.487433
vt 0.000000 -0.500000
vt -3.356645 -0.206968
vt -3.625698 -0.182748
vt -3.891497 -0.134502
vt 0.111397 -0.487433
vt 0.217195 -0.450363
vt 0.312074 -0.390653
vt 0.391265 -0.311306
vt -2.038341 0.032319
vt 0.450788 -0.216310
vt -1.794962 0.149551
vt 0.487651 -0.110440
vt 0.499999 0.000982
vt -1.563075 0.288132
vt 0.487213 0.112355
vt -1.344546 0.446945
vt -1.141137 0.624711
vt -0.954484 0.819999
vt -0.786093 1.031235
vt -0.637318 1.256718
vt -0.509359 1.494631
vt 0.051910 2.000000
vt -0.403246 1.743059
vt -0.319833 2.000000
vt -2.291249 -0.062620
vt -2.551652 -0.134502
vt -2.817450 -0.182748
vt -3.086503 -0.206968
vt -4.151899 -0.062620
vt 6.486587 -0.090073
vt 6.521401 -0.062261
vt 6.443148 -0.100000
vt 6.540678 -0.022088
vt 6.540591 0.022471
vt 6.101739 1.925501
vt 6.009958 1.666415
vt 5.894925 1.416780
vt 5.757599 1.178681
vt 5.599126 0.954100
vt 5.420828 0.744913
vt 5.224190 0.552862
vt 5.010853 0.379550
vt 4.782596 0.226421
vt 4.541322 0.094752
vt 4.289042 -0.014358
vt 4.027862 -0.100000
vt 1.000100 6.546967
vt 0.400100 6.546967
vt 1.000100 6.175224
vt 0.130940 6.440128
vt 0.066976 6.363704
vt 0.302674 6.534605
vt 0.211115 6.498262
vt 0.023077 6.273594
vt 0.001887 6.175224
vt 0.001887 0.371743
vt 0.023077 0.273373
vt 1.000100 0.371743
vt 0.066976 0.183263
vt 0.130940 0.106839
vt 0.400100 0.000000
vt 0.211115 0.048705
vt 0.302674 0.012362
vt 1.000100 0.000000
vt -1.998617 -0.764555
vt -0.000000 -0.718078
vt -2.020721 -0.666139
vt 0.000000 -0.628319
vt -1.952976 -0.628319
vt 0.000000 -0.807838
vt -1.978368 -0.862972
vt 0.000000 -0.897598
vt -1.961195 -0.961388
vt -0.000000 -0.987358
vt -1.948132 -1.059804
vt -0.000000 -1.077117
vt -1.939965 -1.158221
vt -0.000000 -1.166877
vt -1.937187 -1.256637
vt -0.000000 -1.256637
vt -0.000000 -0.089760
vt 1.310787 -0.050265
vt 2.616413 -0.048647
vt 2.415286 0.000000
vt 1.310787 -0.150796
vt -0.000000 -0.179520
vt 1.310787 -0.251327
vt -0.000000 -0.269279
vt 1.310787 -0.351858
vt -0.000000 -0.359039
vt 1.310787 -0.452389
vt -0.000000 -0.448799
vt -0.000000 -0.538559
vt 1.310787 -0.552920
vt 3.021574 -0.552920
vt 6.443148 -0.628319
vt 4.732361 -0.552920
vt 6.443148 -0.538559
vt 4.732361 -0.452389
vt 6.443148 -0.448799
vt 6.443148 -0.359039
vt 4.732361 -0.351858
vt 6.443148 -0.269279
vt 4.732361 -0.251327
vt 6.443148 -0.179520
vt 4.732361 -0.150796
vt 6.443148 -0.089760
vt 4.732361 -0.050265
vt 6.443148 0.000000
vt 4.027862 0.000000
vt 3.826735 -0.048647
vt 3.621805 -0.083705
vt 3.418265 -0.104528
vt 3.221574 -0.111436
vt 3.021574 -0.150796
vt 3.024883 -0.104528
vt 2.821343 -0.083705
vt 3.021574 -0.251327
vt 3.021574 -0.351858
vt 3.021574 -0.452389
vt 1.952976 -0.628319
vt 0.810361 -0.653451
vt 2.020721 -0.666139
vt 0.810361 -0.753982
vt 1.998617 -0.764555
vt 0.810361 -0.854513
vt 1.978368 -0.862972
vt 0.810361 -0.955044
vt 1.961195 -0.961388
vt 0.810361 -1.055575
vt 1.948132 -1.059804
vt 0.810361 -1.156106
vt 1.939965 -1.158221
vt 1.937187 -1.256637
vt 0.087821 0.043549
vt 0.088159 0.000000
vt 0.800100 0.000000
vt 0.087821 -0.043549
vt 0.800100 -0.058905
vt 0.086854 -0.088375
vt 0.800100 -0.117810
vt 0.085385 -0.133192
vt 0.800100 -0.176715
vt 0.083708 -0.176714
vt 0.082032 -0.220237
vt 0.800100 -0.235619
vt 0.080565 -0.265054
vt 0.800100 -0.294524
vt 0.079600 -0.309880
vt 0.800100 -0.353429
vt 0.079263 -0.353429
vt 0.079600 -0.396978
vt 0.800100 -0.412334
vt 0.080565 -0.441804
vt 0.800100 -0.471239
vt 0.082032 -0.486621
vt 0.800100 -0.530144
vt 0.083708 -0.530144
vt 0.085385 -0.573667
vt 0.800100 -0.589049
vt 0.086854 -0.618483
vt 0.800100 -0.647953
vt 0.087821 -0.663310
vt 0.800100 -0.706858
vt 0.088159 -0.706858
vt 0.800100 0.706858
vt 0.088159 0.706858
vt 0.087821 0.663310
vt 0.800100 0.647953
vt 0.086854 0.618483
vt 0.800100 0.589049
vt 0.085385 0.573667
vt 0.800100 0.530144
vt 0.083708 0.530144
vt 0.082032 0.486621
vt 0.800100 0.471239
vt 0.080565 0.441804
vt 0.800100 0.412334
vt 0.079600 0.396978
vt 0.800100 0.353429
vt 0.079263 0.353429
vt 0.079600 0.309880
vt 0.800100 0.294524
vt 0.080565 0.265054
vt 0.800100 0.235619
vt 0.082032 0.220237
vt 0.800100 0.176715
vt 0.083708 0.176714
vt 0.085385 0.133192
vt 0.800100 0.117810
vt 0.086854 0.088375
vt 0.800100 0.058905
vt -0.000000 0.075290
vt -0.500000 0.000000
vt -0.500000 -0.075290
vt -0.000000 -0.075290
vt -0.500000 -0.150580
vt -0.000000 -0.150580
vt -0.500000 -0.225870
vt -0.000000 -0.225870
vt -0.500000 -0.301160
vt -0.000000 -0.301160
vt -0.500000 -0.376449
vt -0.000000 -0.376449
vt -0.500000 -0.451739
vt -0.000000 -0.451739
vt -0.500000 -0.527029
vt -0.000000 -0.527029
vt -0.500000 -0.602319
vt -0.000000 -0.602319
vt -0.500000 -0.677609
vt -0.000000 -0.677609
vt -0.500000 -0.752899
vt -0.000000 -0.752899
vt -0.500000 -0.828189
vt -0.000000 -0.828189
vt -0.500000 -0.903479
vt -0.000000 -0.903479
vt -0.500000 -0.978769
vt -0.000000 -0.978769
vt -0.500000 -1.054059
vt -0.000000 -1.054059
vt 0.000000 1.129348
vt -0.500000 1.129348
vt -0.500000 1.054059
vt 0.000000 1.054059
vt -0.500000 0.978769
vt -0.000000 0.978769
vt -0.500000 0.903479
vt 0.000000 0.903479
vt -0.500000 0.828189
vt 0.000000 0.828189
vt -0.500000 0.752899
vt 0.000000 0.752899
vt -0.500000 0.677609
vt -0.000000 0.677609
vt -0.500000 0.602319
vt 0.000000 0.602319
vt -0.500000 0.527029
vt -0.000000 0.527029
vt -0.500000 0.451739
vt -0.000000 0.451739
vt -0.500000 0.376449
vt -0.000000 0.376449
vt -0.500000 0.301160
vt -0.000000 0.301160
vt -0.500000 0.225870
vt -0.000000 0.225870
vt -0.500000 0.150580
vt -0.000000 0.150580
vt -0.500000 0.075290
vt 1.100000 0.450000
vt 0.252283 -1.011024
vt 1.100000 -1.250000
vt 0.297758 -1.070845
vt 0.329309 -1.139043
vt -1.100000 0.450000
vt -0.018813 -0.903010
vt 0.056219 -0.907078
vt 0.128623 -0.927181
vt -1.100000 -1.250000
vt -0.276642 -1.039702
vt -0.224967 -0.985149
vt -0.162772 -0.942980
vt -1.092709 -1.370537
vt -0.347500 -1.250000
vt -0.339376 -1.175298
vt -0.315382 -1.104089
vt -1.070942 -1.489316
vt -0.339376 -1.324702
vt -1.035016 -1.604605
vt -0.985456 -1.714723
vt -0.922984 -1.818065
vt -0.315382 -1.395911
vt -0.848511 -1.913123
vt -0.763123 -1.998511
vt -0.276642 -1.460298
vt -0.668065 -2.072984
vt -0.564723 -2.135456
vt -0.224967 -1.514851
vt -0.454605 -2.185016
vt -0.162772 -1.557020
vt -0.339316 -2.220942
vt -0.220537 -2.242709
vt -0.092966 -1.584834
vt -0.100000 -2.250000
vt -0.018813 -1.596990
vt 0.100000 -2.250000
vt 0.056219 -1.592922
vt 0.220537 -2.242709
vt 0.128623 -1.572819
vt 0.339316 -2.220942
vt 0.195013 -1.537622
vt 0.454605 -2.185016
vt 0.252283 -1.488976
vt 0.564723 -2.135456
vt 0.668065 -2.072984
vt 0.297758 -1.429155
vt 0.763123 -1.998511
vt 0.848511 -1.913123
vt 0.329309 -1.360957
vt 0.922984 -1.818065
vt 0.985456 -1.714723
vt 1.035016 -1.604605
vt 0.345463 -1.287571
vt 1.070942 -1.489316
vt 1.092709 -1.370537
vt 0.345463 -1.212429
vt -0.092966 -0.915166
vt 0.195013 -0.962378
vt -2.200000 -0.200000
vt -2.007889 -0.272362
vt -2.200000 0.300000
vt -1.811068 -0.330707
vt -1.610557 -0.374732
vt -1.407398 -0.404210
vt -1.202643 -0.418988
vt -0.997357 -0.418988
vt -0.000000 0.300000
vt -0.792602 -0.404210
vt -0.589443 -0.374732
vt -0.388932 -0.330707
vt -0.192111 -0.272362
vt -0.000000 -0.200000
vt -2.500000 -0.234145
vt -1.000000 -0.234145
vt -2.500000 -0.200000
vt -1.000000 0.000000
vt -2.700000 0.000000
vt -2.700000 0.300000
vt -4.500000 0.300000
vt -4.500000 -0.200000
vt 1.000000 -0.234145
vt 1.200000 -0.234145
vt 1.000000 0.000000
vt 1.200000 0.000000
vt 2.700000 0.000000
vt 2.500000 -0.200000
vt 2.500000 -0.234145
vt 4.500000 -0.200000
vt 4.500000 0.300000
vt 2.700000 0.300000
vt 0.600000 0.250000
vt -0.600000 0.250000
vt 0.600000 -1.250000
vt 0.100000 -1.750000
vt 0.186824 -1.742404
vt -0.100000 -1.750000
vt -0.600000 -1.250000
vt -0.186824 -1.742404
vt -0.271010 -1.719846
vt -0.350000 -1.683013
vt -0.421394 -1.633022
vt -0.483022 -1.571394
vt -0.533013 -1.500000
vt -0.569846 -1.421010
vt -0.592404 -1.336824
vt 0.271010 -1.719846
vt 0.350000 -1.683013
vt 0.421394 -1.633022
vt 0.483022 -1.571394
vt 0.533013 -1.500000
vt 0.569846 -1.421010
vt 0.592404 -1.336824
vt -0.234145 0.000000
vt 0.000000 -0.120830
vt -0.234145 -0.120830
vt -0.234145 -0.241661
vt 0.000000 -0.241661
vt -0.234145 -0.362491
vt 0.000000 -0.362491
vt -0.234145 -0.483322
vt 0.000000 -0.483322
vt -0.234145 -0.604152
vt 0.000000 -0.604152
vt -0.234145 -0.724983
vt 0.000000 -0.724983
vt -0.234145 -0.845813
vt 0.000000 -0.845813
vt -0.234145 -0.966644
vt 0.000000 -0.966644
vt -0.234145 -1.087474
vt 0.000000 -1.087474
vt -0.234145 -1.208305
vt 0.000000 -1.208305
vt -0.234145 -1.329135
vt 0.000000 -1.329135
vt -0.234145 -1.449966
vt 0.000000 -1.449966
vt -0.234145 -1.570796
vt -0.000000 -1.570796
vt -0.234145 -1.691627
vt -0.000000 -1.691627
vt -0.234145 -1.812457
vt -0.000000 -1.812457
vt -0.234145 -1.933288
vt -0.000000 -1.933288
vt -0.234145 -2.054118
vt -0.000000 -2.054118
vt -0.234145 -2.174949
vt -0.000000 -2.174949
vt -0.234145 -2.295779
vt -0.000000 -2.295779
vt -0.234145 -2.416610
vt -0.000000 -2.416610
vt -0.234145 -2.537440
vt -0.000000 -2.537440
vt -0.234145 -2.658271
vt -0.000000 -2.658271
vt -0.234145 -2.779101
vt -0.000000 -2.779101
vt -0.234145 -2.899932
vt -0.000000 -2.899932
vt -0.234145 -3.020762
vt -0.000000 -3.020762
vt -0.000000 -3.141593
vt -0.234145 -3.141593
vt -0.339376 -0.074702
vt 0.345463 -0.037571
vt -0.347500 0.000000
vt 0.345463 0.037571
vt -0.339376 0.074702
vt 0.329309 0.110957
vt -0.315382 0.145911
vt 0.297758 0.179155
vt -0.276642 0.210298
vt 0.252283 0.238976
vt -0.224967 0.264851
vt 0.195013 0.287622
vt -0.162772 0.307020
vt 0.128623 0.322819
vt -0.092966 0.334834
vt 0.056219 0.342922
vt -0.018813 0.346990
vt 0.329309 -0.110957
vt -0.315382 -0.145911
vt 0.297758 -0.179155
vt -0.276642 -0.210298
vt 0.252283 -0.238976
vt -0.224967 -0.264851
vt 0.195013 -0.287622
vt -0.162772 -0.307020
vt 0.128623 -0.322819
vt -0.092966 -0.334834
vt 0.056219 -0.342922
vt -0.018813 -0.346990
vt -1.100000 -2.629163
vt -1.100000 -2.663309
vt -0.907889 -2.701525
vt -0.600000 -2.929163
vt -0.711068 -2.759870
vt -0.510557 -2.803896
vt -0.307398 -2.833374
vt -0.102643 -2.848151
vt 0.600000 -2.929163
vt 0.102643 -2.848151
vt 0.307398 -2.833374
vt 0.510557 -2.803896
vt 0.711068 -2.759870
vt 0.907889 -2.701525
vt 1.100000 -2.663309
vt 1.100000 -2.629163
vt -0.000000 -3.347447
vt -2.000000 -3.347447
vt -0.000000 -3.552778
vt -2.000000 -3.552778
vt -2.000000 -3.758110
vt -0.000000 -3.758110
vt -2.000000 -3.963441
vt -0.000000 -3.963441
vt -2.000000 -4.168772
vt -0.000000 -4.168772
vt -1.500000 -4.251535
vt -0.500000 -4.251535
vt -0.543266 -4.255809
vt -1.456734 -4.255809
vt -0.586120 -4.268719
vt -1.413880 -4.268719
vt -0.625514 -4.289970
vt -1.374486 -4.289970
vt -0.659099 -4.317588
vt -1.340901 -4.317588
vt -0.686665 -4.351214
vt -1.313335 -4.351214
vt -0.707866 -4.390636
vt -1.292134 -4.390636
vt -1.279261 -4.433502
vt -2.000000 -4.374104
vt -1.586120 -4.268719
vt -1.543266 -4.255809
vt -2.000000 -4.579435
vt -1.725000 -4.476770
vt -1.720739 -4.433502
vt -1.707866 -4.390636
vt -2.000000 -4.784767
vt -1.625514 -4.663569
vt -1.659099 -4.635951
vt -1.686665 -4.602325
vt -2.000000 -4.990098
vt -0.000000 -4.784767
vt -1.500000 -4.702004
vt -1.543266 -4.697730
vt -0.000000 -4.990098
vt -2.000000 -5.195429
vt -0.000000 -5.195429
vt -2.000000 -5.400761
vt -0.000000 -5.400761
vt -2.000000 -5.606092
vt -0.000000 -5.606092
vt -0.000000 -4.579435
vt -0.374486 -4.663569
vt -0.413880 -4.684820
vt -0.456734 -4.697730
vt -0.000000 -4.374104
vt -0.275000 -4.476770
vt -0.279261 -4.520037
vt -0.292134 -4.562903
vt -0.413880 -4.268719
vt -0.374486 -4.289970
vt -0.340901 -4.317588
vt -1.586120 -4.684820
vt -1.707866 -4.562903
vt -1.720739 -4.520037
vt -1.686665 -4.351214
vt -1.659099 -4.317588
vt -1.625514 -4.289970
vt -1.275000 -4.476770
vt -0.725000 -4.476770
vt -0.720739 -4.433502
vt -0.720739 -4.520037
vt -1.279261 -4.520037
vt -0.707866 -4.562903
vt -1.292134 -4.562903
vt -0.686665 -4.602325
vt -1.313335 -4.602325
vt -0.659099 -4.635951
vt -1.340901 -4.635951
vt -1.374486 -4.663569
vt -1.413880 -4.684820
vt -0.586120 -4.684820
vt -0.625514 -4.663569
vt -0.543266 -4.697730
vt -1.456734 -4.697730
vt -0.500000 -4.702004
vt -0.456734 -4.255809
vt -0.313335 -4.351214
vt -0.292134 -4.390636
vt -0.279261 -4.433502
vt -0.313335 -4.602325
vt -0.340901 -4.635951
vt 2.500000 0.566285
vt 1.000000 0.566285
vt 2.500000 0.000000
vt -0.566285 -2.356194
vt 0.000000 -2.356194
vt -0.566285 -2.265572
vt -0.000000 -2.225295
vt -0.566285 -2.174949
vt 0.000000 -2.094395
vt -0.566285 -2.084326
vt -0.566285 -1.993703
vt -0.000000 -1.963495
vt -0.566285 -1.903080
vt 0.000000 -1.832596
vt -0.566285 -1.812457
vt 0.000000 -1.701696
vt -0.566285 -1.721834
vt -0.566285 -1.631212
vt -0.566285 -1.540589
vt -0.000000 -1.439897
vt -0.566285 -1.449966
vt -0.566285 -1.359343
vt -0.000000 -1.308997
vt -0.566285 -1.268720
vt -0.000000 -1.178097
vt -0.566285 -1.178097
vt -1.000000 0.566285
vt -1.200000 0.566285
vt -1.200000 0.000000
vt -0.566285 -1.087474
vt -0.000000 -1.047198
vt -0.566285 -0.996852
vt 0.000000 -0.916298
vt -0.566285 -0.906229
vt -0.566285 -0.815606
vt -0.566285 -0.724983
vt 0.000000 -0.654498
vt -0.566285 -0.634360
vt 0.000000 -0.523599
vt -0.566285 -0.543737
vt -0.566285 -0.453114
vt -0.000000 -0.392699
vt -0.566285 -0.362491
vt -0.000000 -0.261799
vt -0.566285 -0.271869
vt -0.566285 -0.181246
vt -0.000000 -0.130900
vt -0.566285 -0.090623
vt -0.566285 0.000000
vt -2.500000 0.566285
vt -2.500000 0.000000
vt 1.100000 2.250000
vt 0.194856 1.637500
vt 0.194856 0.862500
vt 0.217333 0.808234
vt -1.100000 2.250000
vt -0.000000 1.975000
vt 0.058234 1.967333
vt 0.112500 1.944856
vt -0.194856 1.637500
vt -0.217333 1.691766
vt -0.225000 1.750000
vt 0.000000 0.525000
vt -0.058234 0.532667
vt -0.112500 0.555144
vt 0.217333 1.808234
vt 0.225000 1.750000
vt 0.217333 1.691766
vt 0.159099 0.909099
vt 0.159099 1.590901
vt 0.112500 0.944856
vt 0.112500 1.555144
vt 0.058234 1.532667
vt 0.058234 0.967333
vt 0.000000 1.525000
vt -0.000000 0.975000
vt -0.058234 0.967333
vt -0.058234 1.532667
vt -0.112500 0.944856
vt -0.112500 1.555144
vt -0.159099 1.590901
vt -0.159099 0.909099
vt -0.194856 0.862500
vt -0.217333 0.808234
vt -0.225000 0.750000
vt -0.217333 0.691766
vt -0.194856 0.637500
vt -0.159099 0.590901
vt -0.217333 1.808234
vt -0.194856 1.862500
vt -0.159099 1.909099
vt -0.112500 1.944856
vt -0.058234 1.967333
vt 0.159099 1.909099
vt 0.194856 1.862500
vt 0.225000 0.750000
vt 0.217333 0.691766
vt 0.194856 0.637500
vt 0.159099 0.590901
vt 0.112500 0.555144
vt 0.058234 0.532667
vt -2.200000 -0.300000
vt -0.000000 -0.300000
vt -2.200000 0.000000
vt 0.000100 -0.054978
vt 0.500100 -0.054978
vt 0.000100 0.000000
vt 0.500100 0.000000
vt 0.000100 0.054978
vt 0.500100 0.054978
vt 0.000100 0.109956
vt 0.500100 0.109956
vt 0.000100 0.164934
vt 0.500100 0.164934
vt 0.000100 0.219911
vt 0.500100 0.219911
vt 0.000100 0.274889
vt 0.500100 0.274889
vt 0.000100 0.329867
vt 0.500100 0.329867
vt 0.000100 0.384845
vt 0.500100 0.384845
vt 0.000100 0.439823
vt 0.500100 0.439823
vt 0.000100 0.494801
vt 0.500100 0.494801
vt 0.000100 0.549779
vt 0.500100 0.549779
vt 0.000100 -0.549779
vt 0.500100 -0.549779
vt 0.000100 -0.494801
vt 0.500100 -0.494801
vt 0.000100 -0.439823
vt 0.500100 -0.439823
vt 0.000100 -0.384845
vt 0.500100 -0.384845
vt 0.000100 -0.329867
vt 0.500100 -0.329867
vt 0.000100 -0.274889
vt 0.500100 -0.274889
vt 0.000100 -0.219911
vt 0.500100 -0.219911
vt 0.000100 -0.164934
vt 0.500100 -0.164934
vt 0.000100 -0.109956
vt 0.500100 -0.109956
vt -0.000000 -2.815027
vt -0.000000 -2.654168
vt -0.113257 -2.815027
vt -0.113257 -2.654168
vt -0.000000 -2.493309
vt -0.113257 -2.493309
vt -0.000000 -2.332451
vt -0.113257 -2.332451
vt 0.000000 -2.171592
vt -0.113257 -2.171592
vt 0.000000 -2.010733
vt -0.113257 -2.010733
vt 0.000000 -1.849875
vt -0.113257 -1.849875
vt 0.000000 -1.689016
vt -0.113257 -1.689016
vt 0.000000 -1.528157
vt -0.113257 -1.528157
vt 0.000000 -1.367299
vt -0.113257 -1.367299
vt 0.000000 -1.206440
vt -0.113257 -1.206440
vt 0.000000 -1.045581
vt -0.113257 -1.045581
vt 0.000000 -0.884723
vt -0.113257 -0.884723
vt 0.000000 -0.723864
vt -0.113257 -0.723864
vt 0.000000 -0.563005
vt -0.113257 -0.563005
vt 0.000000 -0.402147
vt -0.113257 -0.402147
vt 0.000000 -0.241288
vt -0.113257 -0.241288
vt 0.000000 -0.080429
vt -0.113257 -0.080429
vt -0.000000 0.080429
vt -0.113257 0.080429
vt -0.000000 0.241288
vt -0.113257 0.241288
vt -0.000000 0.402147
vt -0.113257 0.402147
vt 0.000000 0.563005
vt -0.113257 0.563005
vt -0.000000 0.723864
vt -0.113257 0.723864
vt -0.000000 0.884723
vt -0.113257 0.884723
vt -0.000000 1.045581
vt -0.113257 1.045581
vt -0.000000 1.206440
vt -0.113257 1.206440
vt -0.000000 1.367299
vt -0.113257 1.367299
vt -0.000000 1.528157
vt -0.113257 1.528157
vt -0.000000 1.689016
vt -0.113257 1.689016
vt -0.000000 1.849875
vt -0.113257 1.849875
vt -0.000000 2.010733
vt -0.113257 2.010733
vt -0.000000 2.171592
vt -0.113257 2.171592
vt -0.000000 2.332451
vt -0.113257 2.332451
vt -0.000000 2.493309
vt -0.113257 2.493309
vt -0.000000 2.654168
vt -0.113257 2.654168
vt -0.000000 2.815027
vt -0.113257 2.815027
vt 0.000437 -0.663310
vt 0.000100 -0.706858
vt 0.788850 -0.706858
vt 0.788850 0.706858
vt 0.000100 0.706858
vt 0.000437 0.663310
vt 0.788850 0.642598
vt 0.001401 0.618483
vt 0.788850 0.578339
vt 0.002868 0.573667
vt 0.004544 0.530144
vt 0.788850 0.514079
vt 0.006221 0.486621
vt 0.788850 0.449819
vt 0.007691 0.441804
vt 0.008658 0.396978
vt 0.788850 0.385559
vt 0.008995 0.353429
vt 0.788850 0.321299
vt 0.008658 0.309881
vt 0.788850 0.257039
vt 0.007691 0.265054
vt 0.006221 0.220238
vt 0.788850 0.192780
vt 0.004544 0.176715
vt 0.788850 0.128520
vt 0.002868 0.133192
vt 0.001401 0.088375
vt 0.788850 0.064260
vt 0.000437 0.043549
vt 0.788850 0.000000
vt 0.000437 -0.043549
vt 0.788850 -0.064260
vt 0.001401 -0.088375
vt 0.788850 -0.128520
vt 0.002868 -0.133192
vt 0.004544 -0.176715
vt 0.788850 -0.192780
vt 0.006221 -0.220238
vt 0.788850 -0.257039
vt 0.007691 -0.265054
vt 0.008658 -0.309881
vt 0.788850 -0.321299
vt 0.008995 -0.353429
vt 0.788850 -0.385559
vt 0.008658 -0.396978
vt 0.788850 -0.449819
vt 0.007691 -0.441804
vt 0.006221 -0.486621
vt 0.788850 -0.514079
vt 0.004544 -0.530144
vt 0.788850 -0.578339
vt 0.002868 -0.573667
vt 0.001401 -0.618483
vt 0.788850 -0.642598
vt 0.000000 -0.097020
vt 0.500000 -0.097020
vt 0.500000 0.000000
vt 0.000000 0.097020
vt 0.500000 0.097020
vt 0.000000 0.194040
vt 0.500000 0.194040
vt 0.000000 0.291059
vt 0.500000 0.291059
vt 0.000000 0.388079
vt 0.500000 0.388079
vt 0.000000 0.485099
vt 0.500000 0.485099
vt 0.000000 0.582119
vt 0.500000 0.582119
vt 0.000000 0.679138
vt 0.500000 0.679138
vt 0.000000 0.776158
vt 0.500000 0.776158
vt -0.000000 0.873178
vt 0.500000 0.873178
vt -0.000000 0.970198
vt 0.500000 0.970198
vt -0.000000 1.067218
vt 0.500000 1.067218
vt -0.000000 1.164237
vt 0.500000 1.164237
vt -0.000000 1.261257
vt 0.500000 1.261257
vt -0.000000 1.358277
vt 0.500000 1.358277
vt -0.000000 1.455297
vt 0.500000 1.455297
vt -0.000000 1.552316
vt 0.500000 1.552316
vt -0.000000 1.649336
vt 0.500000 1.649336
vt -0.000000 -1.649336
vt 0.500000 -1.649336
vt 0.000000 -1.552316
vt 0.500000 -1.552316
vt 0.000000 -1.455297
vt 0.500000 -1.455297
vt 0.000000 -1.358277
vt 0.500000 -1.358277
vt 0.000000 -1.261257
vt 0.500000 -1.261257
vt 0.000000 -1.164237
vt 0.500000 -1.164237
vt 0.000000 -1.067218
vt 0.500000 -1.067218
vt 0.000000 -0.970198
vt 0.500000 -0.970198
vt 0.000000 -0.873178
vt 0.500000 -0.873178
vt 0.000000 -0.776158
vt 0.500000 -0.776158
vt 0.000000 -0.679138
vt 0.500000 -0.679138
vt 0.000000 -0.582119
vt 0.500000 -0.582119
vt 0.000000 -0.485099
vt 0.500000 -0.485099
vt 0.000000 -0.388079
vt 0.500000 -0.388079
vt 0.000000 -0.291059
vt 0.500000 -0.291059
vt 0.000000 -0.194040
vt 0.500000 -0.194040
vt -0.100000 -2.867604
vt -0.100000 -2.703741
vt -0.446829 -2.867604
vt -0.446829 -2.703741
vt -0.100000 -2.539878
vt -0.446829 -2.539878
vt -0.100000 -2.376015
vt -0.446829 -2.376015
vt -0.100000 -2.212152
vt -0.446829 -2.212152
vt -0.100000 -2.048288
vt -0.446829 -2.048288
vt -0.100000 -1.884425
vt -0.446829 -1.884425
vt -0.100000 -1.720562
vt -0.446829 -1.720562
vt -0.100000 -1.556699
vt -0.446829 -1.556699
vt -0.100000 -1.392836
vt -0.446829 -1.392836
vt -0.100000 -1.228973
vt -0.446829 -1.228973
vt -0.100000 -1.065110
vt -0.446829 -1.065110
vt -0.100000 -0.901247
vt -0.446829 -0.901247
vt -0.100000 -0.737384
vt -0.446829 -0.737384
vt -0.100000 -0.573521
vt -0.446829 -0.573521
vt -0.100000 -0.409658
vt -0.446829 -0.409658
vt -0.100000 -0.245795
vt -0.446829 -0.245795
vt -0.100000 -0.081932
vt -0.446829 -0.081932
vt -0.100000 0.081932
vt -0.446829 0.081932
vt -0.100000 0.245795
vt -0.446829 0.245795
vt -0.100000 0.409658
vt -0.446829 0.409658
vt -0.100000 0.573521
vt -0.446829 0.573521
vt -0.100000 0.737384
vt -0.446829 0.737384
vt -0.100000 0.901247
vt -0.446829 0.901247
vt -0.100000 1.065110
vt -0.446829 1.065110
vt -0.100000 1.228973
vt -0.446829 1.228973
vt -0.100000 1.392836
vt -0.446829 1.392836
vt -0.100000 1.556699
vt -0.446829 1.556699
vt -0.100000 1.720562
vt -0.446829 1.720562
vt -0.100000 1.884425
vt -0.446829 1.884425
vt -0.100000 2.048288
vt -0.446829 2.048288
vt -0.100000 2.212152
vt -0.446829 2.212152
vt -0.100000 2.376015
vt -0.446829 2.376015
vt -0.100000 2.539878
vt -0.446829 2.539878
vt -0.100000 2.703741
vt -0.446829 2.703741
vt -0.100000 2.867604
vt -0.446829 2.867604
vt 1.500000 1.196829
vt 1.075000 0.000000
vt 1.500000 -1.196829
vt 1.066435 -0.054078
vt 1.041578 -0.102862
vt 0.969536 1.196829
vt 1.002862 0.141578
vt 1.041578 0.102862
vt 1.066435 0.054078
vt 0.862597 1.202272
vt 0.900000 0.175000
vt 0.954078 0.166435
vt 0.756763 1.218546
vt 0.387980 0.353690
vt 0.845922 0.166435
vt 0.653129 1.245482
vt 0.166435 0.845922
vt 0.316383 0.418959
vt 0.175000 0.900000
vt 0.552766 1.282802
vt 0.166435 0.954078
vt 0.404580 1.336954
vt 0.141578 1.002862
vt 0.251233 1.374050
vt 0.102862 1.041578
vt 0.054078 1.066435
vt 0.094680 1.393617
vt -0.000000 1.075000
vt -0.063080 1.395404
vt -0.054078 1.066435
vt -0.220035 1.379390
vt -0.102862 1.041578
vt -0.374183 1.345778
vt -0.141578 1.002862
vt -0.166435 0.954078
vt -0.523558 1.294997
vt -0.666254 1.227696
vt -0.175000 0.900000
vt -0.800449 1.144732
vt -0.166435 0.845922
vt -0.316383 0.418959
vt -0.234013 0.469961
vt -0.924433 1.047165
vt -0.387980 0.353690
vt -1.036624 0.936238
vt -0.845922 0.166435
vt -1.135590 0.813367
vt -0.900000 0.175000
vt -1.220069 0.680120
vt -0.954078 0.166435
vt -1.288983 0.538197
vt -1.002862 0.141578
vt -1.341452 0.389407
vt -1.041578 0.102862
vt -1.376808 0.235649
vt -1.066435 0.054078
vt -1.394600 0.078885
vt -1.075000 -0.000000
vt -1.394600 -0.078885
vt -1.066435 -0.054078
vt -1.376808 -0.235649
vt -1.041578 -0.102862
vt -1.341452 -0.389407
vt -1.002862 -0.141578
vt -1.288983 -0.538197
vt -0.954078 -0.166435
vt -1.220069 -0.680120
vt -0.900000 -0.175000
vt -1.135590 -0.813367
vt -0.845922 -0.166435
vt -1.036624 -0.936238
vt -0.387980 -0.353690
vt -0.924433 -1.047165
vt -0.316383 -0.418959
vt -0.800449 -1.144732
vt -0.166435 -0.845922
vt -0.175000 -0.900000
vt -0.666254 -1.227696
vt -0.166435 -0.954078
vt -0.523558 -1.294997
vt -0.374183 -1.345778
vt -0.220035 -1.379390
vt -0.102862 -1.041578
vt -0.141578 -1.002862
vt -0.054078 -1.066435
vt -0.063080 -1.395404
vt -0.000000 -1.075000
vt 0.094680 -1.393617
vt 0.054078 -1.066435
vt 0.251233 -1.374050
vt 0.102862 -1.041578
vt 0.141578 -1.002862
vt 0.404580 -1.336954
vt 0.166435 -0.954078
vt 0.552766 -1.282802
vt 0.175000 -0.900000
vt 0.653129 -1.245482
vt 0.166435 -0.845922
vt 0.756763 -1.218546
vt 0.316383 -0.418959
vt 0.387980 -0.353690
vt 0.862597 -1.202272
vt 0.845922 -0.166435
vt 0.900000 -0.175000
vt 0.969536 -1.196829
vt 0.954078 -0.166435
vt 1.002862 -0.141578
vt -0.516061 0.096468
vt -0.733565 0.054078
vt -0.525000 0.000000
vt -0.725000 -0.000000
vt -0.733565 -0.054078
vt -0.758422 0.102862
vt -0.489548 0.189652
vt -0.797138 0.141578
vt -0.446364 0.276377
vt -0.141578 0.797138
vt -0.143673 0.504958
vt -0.102862 0.758422
vt -0.054078 0.733565
vt -0.048441 0.522760
vt 0.000000 0.725000
vt 0.048441 0.522760
vt 0.054078 0.733565
vt 0.143673 0.504958
vt 0.102862 0.758422
vt 0.141578 0.797138
vt 0.234013 0.469961
vt 0.446364 0.276377
vt 0.797138 0.141578
vt 0.489548 0.189652
vt 0.758422 0.102862
vt 0.516061 0.096468
vt 0.733565 0.054078
vt 0.525000 0.000000
vt 0.725000 0.000000
vt 0.733565 -0.054078
vt 0.516061 -0.096468
vt 0.758422 -0.102862
vt 0.489548 -0.189652
vt 0.797138 -0.141578
vt 0.446364 -0.276377
vt 0.234013 -0.469961
vt 0.141578 -0.797138
vt 0.143673 -0.504958
vt 0.102862 -0.758422
vt 0.054078 -0.733565
vt 0.048441 -0.522760
vt -0.000000 -0.725000
vt -0.048441 -0.522760
vt -0.054078 -0.733565
vt -0.143673 -0.504958
vt -0.102862 -0.758422
vt -0.141578 -0.797138
vt -0.234013 -0.469961
vt -0.446364 -0.276377
vt -0.797138 -0.141578
vt -0.489548 -0.189652
vt -0.758422 -0.102862
vt -0.516061 -0.096468
vt -3.500000 -1.150000
vt -3.225000 -0.000000
vt -3.500000 1.150000
vt -3.215886 0.063390
vt -3.189282 0.121644
vt -0.969536 -1.150000
vt -2.032021 -0.222710
vt -2.967979 -0.222710
vt -3.032021 -0.222710
vt -0.857842 -1.155685
vt -0.969536 1.150000
vt -0.857842 1.155685
vt -0.747302 -1.172683
vt 1.034277 -0.867624
vt 0.926581 -0.981809
vt 0.806359 -1.082721
vt 0.675236 -1.168998
vt 0.534986 -1.239472
vt 0.387504 -1.293190
vt 0.234784 -1.329427
vt 0.078889 -1.347693
vt -0.078072 -1.347741
vt -0.233977 -1.329569
vt -0.386719 -1.293425
vt -0.534234 -1.239796
vt -0.639060 -1.200817
vt 1.127992 -0.741710
vt 1.206459 -0.605770
vt 1.268616 -0.461642
vt 1.313625 -0.311272
vt 1.340875 -0.156695
vt 1.350000 -0.000000
vt 1.340875 0.156695
vt 1.313625 0.311272
vt 1.268616 0.461642
vt 1.206459 0.605770
vt 1.127992 0.741710
vt 1.034277 0.867624
vt 0.926581 0.981809
vt 0.806359 1.082721
vt 0.675236 1.168998
vt 0.534986 1.239472
vt 0.387504 1.293190
vt 0.234784 1.329427
vt 0.078889 1.347693
vt -0.078072 1.347741
vt -0.233977 1.329569
vt -0.386719 1.293425
vt -0.534234 1.239796
vt -0.639060 1.200817
vt -0.747302 1.172683
vt -2.032021 0.222710
vt -1.967979 0.222710
vt -1.906532 0.204667
vt 0.725000 -0.000000
vt -1.775000 0.000000
vt -1.784114 0.063390
vt -1.810718 0.121644
vt -1.852656 0.170044
vt -1.906532 -0.204667
vt -1.967979 -0.222710
vt -1.852656 -0.170044
vt -1.810718 -0.121644
vt -1.784114 -0.063390
vt -2.784114 -0.063390
vt -2.215886 -0.063390
vt -2.775000 0.000000
vt -2.225000 -0.000000
vt -2.784114 0.063390
vt -2.215886 0.063390
vt -2.810718 0.121644
vt -2.189282 0.121644
vt -2.852656 0.170044
vt -2.147344 0.170044
vt -2.906532 0.204667
vt -2.093468 0.204667
vt -2.967979 0.222710
vt -2.189282 -0.121644
vt -2.810718 -0.121644
vt -2.147344 -0.170044
vt -2.852656 -0.170044
vt -2.093468 -0.204667
vt -2.906532 -0.204667
vt -3.093468 -0.204667
vt -3.147344 -0.170044
vt -3.189282 -0.121644
vt -3.215886 -0.063390
vt -3.147344 0.170044
vt -3.093468 0.204667
vt -3.032021 0.222710
vt 0.765153 0.000000
vt 0.765153 -0.100000
vt 2.765153 0.000000
vt 2.765153 -0.446829
vt 0.234689 -0.446829
vt 0.234689 -0.100000
vt -0.000000 -0.446829
vt 0.197209 0.087171
vt 0.100000 -0.500000
vt 0.400444 0.159183
vt 0.608541 0.215625
vt 0.820310 0.256172
vt 1.034539 0.280594
vt 2.400000 -0.500000
vt 1.250000 0.288750
vt 1.465461 0.280594
vt 1.679690 0.256172
vt 1.891459 0.215625
vt 2.099556 0.159183
vt 2.302791 0.087171
vt 2.500000 -0.446829
vt -0.234689 -0.100000
vt -0.765153 -0.100000
vt -0.234689 -0.446829
vt -2.765153 -0.446829
vt -2.765153 0.000000
vt -0.765153 0.000000
vt -2.000000 5.770773
vt -2.000000 5.555106
vt -0.000000 5.770773
vt -0.000000 5.555106
vt -2.000000 5.339439
vt -0.000000 5.339439
vt -2.000000 5.123771
vt -0.000000 5.123771
vt -2.000000 4.908104
vt -0.000000 4.908104
vt -1.500000 4.702004
vt -0.500000 4.702004
vt -0.543266 4.697730
vt -1.456734 4.697730
vt -0.586120 4.684820
vt -1.413880 4.684820
vt -0.625514 4.663569
vt -1.374486 4.663569
vt -0.659099 4.635951
vt -1.340901 4.635951
vt -0.686665 4.602325
vt -1.313335 4.602325
vt -1.292134 4.562903
vt -2.000000 4.692437
vt -1.543266 4.697730
vt -1.586120 4.684820
vt -1.625514 4.663569
vt -1.659099 4.635951
vt -1.686665 4.602325
vt -2.000000 4.476770
vt -1.707866 4.562903
vt -1.720739 4.520037
vt -1.725000 4.476770
vt -1.720739 4.433502
vt -1.707866 4.390636
vt -2.000000 4.261102
vt -1.686665 4.351214
vt -1.659099 4.317588
vt -1.625514 4.289970
vt -1.586120 4.268719
vt -1.543266 4.255809
vt -1.500000 4.251535
vt -2.000000 4.045435
vt -0.500000 4.251535
vt -0.000000 4.045435
vt -0.000000 4.261102
vt -2.000000 3.829768
vt -0.000000 3.829768
vt -2.000000 3.614100
vt -0.000000 3.614100
vt -2.000000 3.398433
vt -0.000000 3.398433
vt -2.000000 3.182766
vt -0.000000 3.182766
vt -0.313335 4.351214
vt -0.340901 4.317588
vt -0.374486 4.289970
vt -0.000000 4.692437
vt -0.292134 4.562903
vt -0.279261 4.520037
vt -0.275000 4.476770
vt -0.456734 4.697730
vt -0.413880 4.684820
vt -1.279261 4.520037
vt -0.720739 4.520037
vt -0.707866 4.562903
vt -0.725000 4.476770
vt -1.275000 4.476770
vt -0.720739 4.433502
vt -1.279261 4.433502
vt -0.707866 4.390636
vt -1.292134 4.390636
vt -1.313335 4.351214
vt -1.340901 4.317588
vt -0.659099 4.317588
vt -0.686665 4.351214
vt -0.625514 4.289970
vt -1.374486 4.289970
vt -0.586120 4.268719
vt -1.413880 4.268719
vt -0.543266 4.255809
vt -1.456734 4.255809
vt -0.374486 4.663569
vt -0.340901 4.635951
vt -0.313335 4.602325
vt -0.279261 4.433502
vt -0.292134 4.390636
vt -0.413880 4.268719
vt -0.456734 4.255809
vt 1.250000 2.461250
vt 1.250000 2.561250
vt 1.196829 2.561250
vt 1.052791 2.648421
vt -1.052791 2.648421
vt -0.849556 2.720433
vt 0.849556 2.720433
vt -0.641459 2.776874
vt 0.641459 2.776874
vt -0.429690 2.817422
vt 0.429690 2.817422
vt -0.215461 2.841844
vt 0.215461 2.841844
vt -1.196829 2.561250
vt -1.250000 2.561250
vt -1.250000 2.461250
vt 0.100000 1.570796
vt 0.100000 1.435176
vt 0.446829 1.570796
vt 0.446829 1.435176
vt 0.100000 1.299555
vt 0.446829 1.299555
vt 0.100000 1.163935
vt 0.446829 1.163935
vt 0.100000 -1.163935
vt 0.100000 -1.299555
vt 0.446829 -1.163935
vt 0.446829 -1.299555
vt 0.100000 -1.435176
vt 0.446829 -1.435176
vt 0.100000 -1.570796
vt 0.446829 -1.570796
vt -1.500000 -0.000000
vt -0.969536 0.000000
vt -1.500000 0.113257
vt -0.969536 0.113257
vt 0.000000 1.612557
vt 0.000000 1.716976
vt -0.113257 1.612557
vt -0.113257 1.751783
vt 0.000000 1.821396
vt -0.113257 1.891009
vt -0.000000 1.925815
vt -0.113257 2.030235
vt 0.000000 2.030235
vt 0.000000 -2.030235
vt 0.000000 -1.925815
vt -0.113257 -2.030235
vt -0.113257 -1.891009
vt 0.000000 -1.821396
vt -0.113257 -1.751783
vt 0.000000 -1.716976
vt -0.113257 -1.612557
vt 0.000000 -1.612557
vt 1.500000 0.113257
vt 0.969536 0.113257
vt 1.500000 -0.000000
vt 0.969536 0.000000
vt 2.765153 0.113257
vt 0.234689 0.113257
vt 0.234689 -0.000000
vt 0.000000 -1.649336
vt 0.000000 -1.542535
vt -0.113257 -1.649336
vt -0.113257 -1.506935
vt 0.000000 -1.435734
vt -0.113257 -1.364533
vt 0.000000 -1.328933
vt -0.113257 -1.222132
vt 0.000000 -1.222132
vt 0.000000 1.629509
vt 0.113257 1.629509
vt -0.000000 1.787721
vt 0.113257 1.792375
vt -0.000000 1.945934
vt 0.113257 1.955241
vt -0.000000 2.104147
vt 0.113257 2.118107
vt 0.000000 2.262359
vt 0.113257 2.280973
vt -0.000000 2.420572
vt 0.113257 2.443838
vt -0.000000 2.578785
vt 0.113257 2.606704
vt -0.000000 2.736997
vt 0.113257 2.769570
vt -0.000000 2.895210
vt 0.113257 2.932436
vt -0.000000 3.053422
vt 0.113257 3.095302
vt -0.000000 3.211635
vt 0.113257 3.258168
vt -0.000000 3.369848
vt 0.113257 3.421034
vt -0.000000 3.528060
vt 0.113257 3.583900
vt -0.000000 3.686273
vt 0.113257 3.746766
vt -0.000000 3.844486
vt 0.113257 3.909632
vt -0.000000 4.002698
vt 0.113257 4.072498
vt -0.000000 4.160911
vt 0.113257 4.235364
vt -0.000000 4.319123
vt 0.113257 4.398230
vt 0.000000 4.477336
vt 0.000000 -4.319123
vt 0.113257 -4.398230
vt 0.113257 -4.235364
vt -0.000000 -4.160911
vt 0.113257 -4.072498
vt -0.000000 -4.002698
vt 0.113257 -3.909632
vt -0.000000 -3.844486
vt 0.113257 -3.746766
vt 0.000000 -3.686273
vt 0.113257 -3.583900
vt -0.000000 -3.528060
vt 0.113257 -3.421034
vt -0.000000 -3.369848
vt 0.113257 -3.258168
vt -0.000000 -3.211635
vt 0.113257 -3.095302
vt -0.000000 -3.053422
vt 0.113257 -2.932436
vt -0.000000 -2.895210
vt 0.113257 -2.769570
vt -0.000000 -2.736997
vt 0.113257 -2.606704
vt -0.000000 -2.578785
vt 0.113257 -2.443838
vt -0.000000 -2.420572
vt 0.113257 -2.280973
vt -0.000000 -2.262359
vt 0.113257 -2.118107
vt -0.000000 -2.104147
vt 0.113257 -1.955241
vt -0.000000 -1.945934
vt 0.113257 -1.792375
vt -0.000000 -1.787721
vt 0.113257 -1.629509
vt 0.000000 -1.629509
vt 0.000000 1.222132
vt 0.000000 1.328933
vt -0.113257 1.222132
vt -0.113257 1.364533
vt 0.000000 1.435734
vt -0.113257 1.506935
vt 0.000000 1.542535
vt -0.113257 1.649336
vt -0.234689 0.113257
vt -2.765153 0.113257
vt -0.234689 -0.000000
vt 0.000000 -0.136136
vt 0.056629 -0.133176
vt 0.056629 0.000000
vt 0.056629 0.133176
vt 0.056629 -0.266352
vt 0.000000 -0.272271
vt 0.056629 -0.399529
vt 0.000000 -0.408407
vt 0.056629 -0.532705
vt 0.000000 -0.544543
vt 0.056629 -0.665881
vt 0.000000 -0.680678
vt 0.056629 -0.799057
vt 0.000000 -0.816814
vt 0.056629 -0.932233
vt 0.000000 -0.952950
vt 0.056629 -1.065410
vt 0.000000 -1.089085
vt 0.056629 -1.198586
vt 0.000000 -1.225221
vt 0.056629 -1.331762
vt 0.000000 -1.361357
vt 0.056629 -1.464938
vt 0.000000 -1.497492
vt 0.056629 -1.598115
vt 0.000000 -1.633628
vt 0.056629 -1.731291
vt 0.000000 -1.769764
vt 0.056629 -1.864467
vt 0.000000 -1.905900
vt 0.056629 -1.997643
vt 0.000000 -2.042035
vt 0.056629 -2.130819
vt 0.000000 -2.178171
vt 0.056629 -2.263996
vt 0.000000 -2.314307
vt 0.056629 -2.397172
vt 0.000000 -2.450442
vt 0.056629 -2.530348
vt 0.000000 -2.586578
vt 0.056629 -2.663524
vt -0.000000 -2.722714
vt 0.056629 -2.796700
vt 0.000000 -2.858849
vt 0.056629 -2.929877
vt 0.000000 -2.994985
vt 0.056629 -3.063053
vt 0.056629 3.063053
vt 0.000000 3.131121
vt 0.000000 2.994985
vt 0.056629 2.929877
vt 0.000000 2.858849
vt 0.056629 2.796700
vt 0.000000 2.722714
vt 0.056629 2.663524
vt 0.000000 2.586578
vt 0.056629 2.530348
vt 0.000000 2.450442
vt 0.056629 2.397172
vt 0.000000 2.314307
vt 0.056629 2.263996
vt 0.000000 2.178171
vt 0.056629 2.130819
vt -0.000000 2.042035
vt 0.056629 1.997643
vt 0.000000 1.905900
vt 0.056629 1.864467
vt 0.000000 1.769764
vt 0.056629 1.731291
vt 0.000000 1.633628
vt 0.056629 1.598115
vt 0.000000 1.497492
vt 0.056629 1.464938
vt 0.000000 1.361357
vt 0.056629 1.331762
vt 0.000000 1.225221
vt 0.056629 1.198586
vt 0.000000 1.089085
vt 0.056629 1.065410
vt 0.000000 0.952950
vt 0.056629 0.932233
vt 0.000000 0.816814
vt 0.056629 0.799057
vt 0.000000 0.680678
vt 0.056629 0.665881
vt 0.000000 0.544543
vt 0.056629 0.532705
vt 0.000000 0.408407
vt 0.056629 0.399529
vt 0.000000 0.272271
vt 0.056629 0.266352
vt 0.000000 0.136136
vt 0.008658 -0.663310
vt 0.008995 -0.706858
vt 0.926776 -0.706858
vt 0.926776 0.706858
vt 0.008995 0.706858
vt 0.008658 0.663310
vt 0.926776 0.642598
vt 0.007691 0.618483
vt 0.926776 0.578339
vt 0.006221 0.573667
vt 0.926776 0.514079
vt 0.002868 0.486621
vt 0.926776 0.449819
vt 0.001401 0.441804
vt 0.000437 0.396978
vt 0.926776 0.385559
vt 0.000100 0.353429
vt 0.926776 0.321299
vt 0.000437 0.309880
vt 0.926776 0.257039
vt 0.001401 0.265054
vt 0.002868 0.220237
vt 0.926776 0.192780
vt 0.004544 0.176714
vt 0.926776 0.128520
vt 0.006221 0.133192
vt 0.007691 0.088375
vt 0.926776 0.064260
vt 0.008658 0.043549
vt 0.926776 0.000000
vt 0.008995 0.000000
vt 0.008658 -0.043549
vt 0.926776 -0.064260
vt 0.007691 -0.088375
vt 0.926776 -0.128520
vt 0.006221 -0.133192
vt 0.004544 -0.176714
vt 0.926776 -0.192780
vt 0.002868 -0.220237
vt 0.926776 -0.257039
vt 0.001401 -0.265054
vt 0.000437 -0.309880
vt 0.926776 -0.321299
vt 0.000100 -0.353429
vt 0.926776 -0.385559
vt 0.000437 -0.396978
vt 0.926776 -0.449819
vt 0.001401 -0.441804
vt 0.002868 -0.486621
vt 0.926776 -0.514079
vt 0.926776 -0.578339
vt 0.006221 -0.573667
vt 0.007691 -0.618483
vt 0.926776 -0.642598
vt 0.026685 2.851868
vt 0.473515 2.918191
vt 0.026685 2.984513
vt 0.026685 -2.984513
vt 0.473515 -3.050836
vt 0.473515 -2.918191
vt 0.026685 -2.851868
vt 0.473515 -2.785545
vt 0.026685 -2.719223
vt 0.473515 -2.652900
vt 0.026685 -2.586578
vt 0.473515 -2.520255
vt 0.026685 -2.453933
vt 0.473515 -2.387610
vt 0.026685 -2.321288
vt 0.473515 -2.254965
vt 0.026685 -2.188643
vt 0.473515 -2.122320
vt 0.026685 -2.055998
vt 0.473515 -1.989675
vt 0.026685 -1.923353
vt 0.473515 -1.857030
vt 0.026685 -1.790708
vt 0.473515 -1.724385
vt 0.026685 -1.658063
vt 0.473515 -1.591740
vt 0.026685 -1.525418
vt 0.473515 -1.459095
vt 0.026685 -1.392773
vt 0.473515 -1.326450
vt 0.026685 -1.260128
vt 0.473515 -1.193805
vt 0.026685 -1.127483
vt 0.473515 -1.061160
vt 0.026685 -0.994838
vt 0.473515 -0.928515
vt 0.026685 -0.862193
vt 0.473515 -0.795870
vt 0.026685 -0.729548
vt 0.473515 -0.663225
vt 0.026685 -0.596903
vt 0.473515 -0.530580
vt 0.026685 -0.464258
vt 0.473515 -0.397935
vt 0.026685 -0.331613
vt 0.473515 -0.265290
vt 0.026685 -0.198968
vt 0.473515 -0.132645
vt 0.026685 -0.066323
vt 0.473515 0.000000
vt 0.026685 0.066323
vt 0.473515 0.132645
vt 0.026685 0.198968
vt 0.473515 0.265290
vt 0.026685 0.331613
vt 0.473515 0.397935
vt 0.026685 0.464258
vt 0.473515 0.530580
vt 0.026685 0.596903
vt 0.473515 0.663225
vt 0.026685 0.729548
vt 0.473515 0.795870
vt 0.026685 0.862193
vt 0.473515 0.928515
vt 0.026685 0.994838
vt 0.473515 1.061160
vt 0.026685 1.127483
vt 0.473515 1.193805
vt 0.026685 1.260128
vt 0.473515 1.326450
vt 0.026685 1.392773
vt 0.473515 1.459095
vt 0.026685 1.525418
vt 0.473515 1.591740
vt 0.026685 1.658063
vt 0.473515 1.724385
vt 0.026685 1.790708
vt 0.473515 1.857030
vt 0.026685 1.923353
vt 0.473515 1.989675
vt 0.026685 2.055998
vt 0.473515 2.122320
vt 0.026685 2.188643
vt 0.473515 2.254965
vt 0.026685 2.321288
vt 0.473515 2.387610
vt 0.026685 2.453933
vt 0.473515 2.520255
vt 0.026685 2.586578
vt 0.473515 2.652900
vt 0.026685 2.719223
vt 0.473515 2.785545
vt -3.000000 -0.500000
vt -2.803621 -0.611054
vt -2.599074 -0.706227
vt -2.387639 -0.784922
vt -2.170643 -0.846647
vt -0.829357 -0.846647
vt -0.612361 -0.784922
vt -0.400926 -0.706227
vt -0.196379 -0.611054
vt -1.050557 -0.891014
vt -1.949443 -0.891014
vt -1.274572 -0.917746
vt -1.725428 -0.917746
vt -1.500000 -0.926676
vt -5.000000 -0.500000
vt -5.000000 0.000000
vt -1.500000 0.000000
vt -1.500000 -0.500000
vt 5.000000 -0.500000
vt 5.000000 0.000000
vt 3.000000 -0.500000
vt 1.500000 0.000000
vt 1.500000 -0.500000
vt -1.500000 -1.000000
vt -0.854419 -0.480416
vt -1.500000 2.500000
vt -0.775711 -0.368912
vt -0.682553 -0.269164
vt -1.490568 -1.167947
vt -1.000000 -1.000000
vt -0.990686 -0.863833
vt -0.962917 -0.730203
vt -0.990686 -1.136167
vt -1.462392 -1.333781
vt -1.415825 -1.495419
vt -0.962917 -1.269797
vt -1.351453 -1.650826
vt -1.270086 -1.798048
vt -0.917211 -1.398401
vt -1.172747 -1.935235
vt -0.854419 -1.519584
vt -1.060660 -2.060660
vt -0.775711 -1.631088
vt -0.935235 -2.172747
vt -0.682553 -1.730836
vt -0.798048 -2.270086
vt -0.576680 -1.816970
vt -0.650826 -2.351453
vt -0.460065 -1.887885
vt -0.495419 -2.415825
vt -0.334880 -1.942261
vt -0.333781 -2.462392
vt -0.203456 -1.979084
vt -0.167947 -2.490568
vt -0.068242 -1.997669
vt 0.000000 -2.500000
vt 0.068242 -1.997669
vt 0.167947 -2.490568
vt 0.203456 -1.979084
vt 0.333781 -2.462392
vt 0.334880 -1.942261
vt 0.495419 -2.415825
vt 0.460065 -1.887885
vt 0.650826 -2.351453
vt 0.576680 -1.816970
vt 0.798048 -2.270086
vt 0.682553 -1.730836
vt 0.935235 -2.172747
vt 0.775711 -1.631088
vt 1.060660 -2.060660
vt 0.854419 -1.519584
vt 1.172747 -1.935235
vt 0.917211 -1.398401
vt 1.270086 -1.798048
vt 0.962917 -1.269797
vt 1.351453 -1.650826
vt 1.415825 -1.495419
vt 0.990686 -1.136167
vt 1.462392 -1.333781
vt 1.490568 -1.167947
vt 1.000000 -1.000000
vt 1.500000 -1.000000
vt 0.990686 -0.863833
vt 0.962917 -0.730203
vt 0.917211 -0.601599
vt 0.854419 -0.480416
vt 1.500000 2.500000
vt 0.775711 -0.368912
vt 0.682553 -0.269164
vt 0.225000 1.000000
vt 0.576680 -0.183030
vt 0.215886 0.936610
vt 0.460065 -0.112115
vt 0.189282 0.878356
vt 0.334880 -0.057739
vt 0.147344 0.829956
vt 0.203456 -0.020916
vt 0.093468 0.795333
vt 0.068242 -0.002331
vt 0.032021 0.777290
vt -0.032021 0.777290
vt 0.032021 2.222710
vt 0.093468 2.204667
vt 0.147344 2.170044
vt -0.917211 -0.601599
vt -0.225000 1.000000
vt -0.576680 -0.183030
vt -0.215886 0.936610
vt -0.460065 -0.112115
vt -0.189282 0.878356
vt -0.334880 -0.057739
vt -0.147344 0.829956
vt -0.203456 -0.020916
vt -0.093468 0.795333
vt -0.068242 -0.002331
vt 0.215886 2.063390
vt 0.225000 2.000000
vt 0.215886 1.936610
vt 0.215886 1.063390
vt 0.189282 1.121644
vt 0.189282 1.878356
vt 0.147344 1.829956
vt 0.147344 1.170044
vt 0.093468 1.795333
vt 0.093468 1.204667
vt 0.032021 1.777290
vt 0.032021 1.222710
vt -0.032021 1.777290
vt -0.032021 1.222710
vt -0.093468 1.204667
vt -0.093468 1.795333
vt -0.147344 1.170044
vt -0.147344 1.829956
vt -0.189282 1.121644
vt -0.189282 1.878356
vt -0.215886 1.936610
vt -0.225000 2.000000
vt -0.215886 1.063390
vt -0.215886 2.063390
vt -0.189282 2.121644
vt -0.147344 2.170044
vt -0.093468 2.204667
vt -0.032021 2.222710
vt 0.189282 2.121644
vt 1.500000 0.500000
vt -1.500000 0.500000
vt -0.500000 -4.712389
vt -0.500000 -4.544089
vt -0.000000 -4.544089
vt -0.500000 -4.375790
vt -0.000000 -4.375790
vt -0.500000 -4.207490
vt -0.000000 -4.207490
vt -0.500000 -4.039191
vt -0.000000 -4.039191
vt -0.500000 -3.870891
vt -0.000000 -3.870891
vt -0.500000 -3.702591
vt -0.000000 -3.702591
vt -0.500000 -3.534292
vt -0.000000 -3.534292
vt -0.500000 -3.365992
vt -0.000000 -3.365992
vt -0.500000 -3.197693
vt -0.000000 -3.197693
vt -0.500000 -3.029393
vt -0.000000 -3.029393
vt -0.500000 -2.861093
vt -0.000000 -2.861093
vt -0.500000 -2.692794
vt -0.000000 -2.692794
vt -0.500000 -2.524494
vt -0.000000 -2.524494
vt -0.500000 -2.356194
vt -0.500000 -2.187895
vt 0.000000 -2.187895
vt -0.500000 -2.019595
vt 0.000000 -2.019595
vt -0.500000 -1.851296
vt 0.000000 -1.851296
vt -0.500000 -1.682996
vt 0.000000 -1.682996
vt -0.500000 -1.514696
vt 0.000000 -1.514696
vt -0.500000 -1.346397
vt -0.000000 -1.346397
vt -0.500000 -1.178097
vt -0.500000 -1.009798
vt 0.000000 -1.009798
vt -0.500000 -0.841498
vt 0.000000 -0.841498
vt -0.500000 -0.673198
vt 0.000000 -0.673198
vt -0.500000 -0.504899
vt 0.000000 -0.504899
vt -0.500000 -0.336599
vt 0.000000 -0.336599
vt -0.500000 -0.168300
vt 0.000000 -0.168300
vt -2.000000 -2.897123
vt -2.000000 -3.122787
vt -0.000000 -2.897123
vt -0.000000 -3.122787
vt -2.000000 -3.348451
vt -0.000000 -3.348451
vt -2.000000 -3.574115
vt -0.000000 -3.574115
vt -2.000000 -3.799778
vt -0.000000 -3.799778
vt -2.000000 -4.025442
vt -0.000000 -4.025442
vt -2.000000 -4.251106
vt -0.000000 -4.251106
vt -2.000000 -4.476770
vt -2.000000 -4.702433
vt -2.000000 -4.928097
vt -0.000000 -4.702433
vt -0.000000 -4.928097
vt -2.000000 -5.153761
vt -0.000000 -5.153761
vt -2.000000 -5.379425
vt -0.000000 -5.379425
vt -2.000000 -5.605088
vt -0.000000 -5.605088
vt -2.000000 -5.830752
vt -0.000000 -5.830752
vt -2.000000 -6.056416
vt -0.000000 -6.056416
vt 1.500000 -2.423324
vt -1.500000 -2.423324
vt 1.303621 -2.534378
vt -1.303621 -2.534378
vt 1.099074 -2.629551
vt -1.099074 -2.629551
vt 0.887639 -2.708246
vt -0.887639 -2.708246
vt 0.670643 -2.769971
vt -0.670643 -2.769971
vt 0.449443 -2.814338
vt -0.449443 -2.814338
vt 0.225428 -2.841071
vt -0.225428 -2.841071
vt -0.212132 -0.086856
vt 0.000000 -0.064198
vt -0.212132 0.000000
vt -0.000000 0.064198
vt -0.000000 -0.128396
vt -0.212132 -0.173712
vt 0.000000 -0.192593
vt -0.212132 -0.260567
vt -0.000000 -0.256791
vt -0.000000 -0.320989
vt -0.212132 -0.347423
vt -0.000000 -0.385187
vt -0.212132 -0.434279
vt 0.000000 -0.449384
vt -0.212132 -0.521135
vt 0.000000 -0.513582
vt -0.000000 -0.577780
vt -0.212132 -0.607991
vt 0.000000 -0.641978
vt -0.212132 -0.694846
vt -0.000000 -0.706175
vt -0.000000 0.770373
vt -0.212132 0.781702
vt -0.212132 0.694846
vt -0.000000 0.706175
vt -0.000000 0.641978
vt -0.212132 0.607991
vt -0.000000 0.577780
vt -0.212132 0.521135
vt 0.000000 0.513582
vt 0.000000 0.449384
vt -0.212132 0.434279
vt -0.000000 0.385187
vt -0.212132 0.347423
vt 0.000000 0.320989
vt -0.212132 0.260567
vt 0.000000 0.256791
vt 0.000000 0.192593
vt -0.212132 0.173712
vt -0.000000 0.128396
vt -0.212132 0.086856
vt 0.000000 -0.096664
vt 0.378124 -0.076053
vt 0.354163 0.000000
vt 0.328080 0.075257
vt 0.399906 -0.155187
vt 0.000000 -0.193329
vt 0.418109 -0.235137
vt 0.000000 -0.289993
vt 0.432286 -0.313585
vt 0.000000 -0.386658
vt 0.442894 -0.392456
vt 0.450407 -0.474107
vt 0.454617 -0.555920
vt 0.000000 -0.579986
vt 0.455786 -0.635300
vt 0.000000 -0.676651
vt 0.454094 -0.715308
vt 0.000000 -0.773315
vt 0.449304 -0.797263
vt 0.000000 -0.869980
vt 0.441206 -0.878632
vt 0.430049 -0.956902
vt 0.415131 -1.035818
vt 0.000000 -1.063308
vt 0.396232 -1.115771
vt 0.000000 -1.159973
vt 0.373935 -1.194541
vt 0.349708 -1.269910
vt 0.349708 1.243365
vt -0.000000 1.256637
vt -0.000000 1.159973
vt 0.323136 1.167608
vt 0.294907 1.090297
vt -0.000000 1.063308
vt 0.266946 1.013085
vt -0.000000 0.966644
vt 0.241385 0.937609
vt 0.000000 0.869980
vt 0.218954 0.861105
vt -0.000000 0.773315
vt 0.200826 0.781206
vt 0.189616 0.700411
vt 0.000000 0.676651
vt 0.186271 0.621340
vt 0.000000 0.579986
vt 0.191063 0.541764
vt 0.000000 0.483322
vt 0.203631 0.460961
vt 0.000000 0.386658
vt 0.222750 0.381463
vt 0.000000 0.289993
vt 0.245701 0.305695
vt 0.271850 0.229765
vt 0.000000 0.193329
vt 0.300016 0.152431
vt 0.000000 0.096664
vt 0.328080 -0.075257
vt 0.378124 0.076053
vt 0.300016 -0.152431
vt 0.271850 -0.229765
vt 0.245701 -0.305695
vt 0.222750 -0.381463
vt 0.203631 -0.460961
vt 0.191063 -0.541764
vt 0.186271 -0.621340
vt 0.189616 -0.700411
vt 0.200826 -0.781206
vt 0.218954 -0.861105
vt 0.241385 -0.937609
vt 0.266946 -1.013085
vt 0.294907 -1.090297
vt 0.323136 -1.167608
vt 0.349708 -1.243365
vt 0.373935 -1.318733
vt 0.373935 1.194541
vt 0.396232 1.115771
vt 0.415131 1.035818
vt 0.430049 0.956902
vt 0.441206 0.878632
vt 0.449304 0.797263
vt 0.454094 0.715308
vt 0.455786 0.635300
vt 0.454617 0.555920
vt 0.450407 0.474107
vt 0.442894 0.392456
vt 0.432286 0.313585
vt 0.418109 0.235137
vt 0.399906 0.155187
vt -0.000000 -4.891023
vt -0.000000 -4.652436
vt -0.113257 -4.891023
vt -0.113257 -4.652436
vt -0.000000 -4.413850
vt -0.113257 -4.413850
vt -0.000000 -4.175263
vt -0.113257 -4.175263
vt -0.000000 -3.936677
vt -0.113257 -3.936677
vt -0.000000 -3.698090
vt -0.113257 -3.698090
vt 0.000000 -3.459504
vt -0.113257 -3.459504
vt 0.000000 -3.220917
vt -0.113257 -3.220917
vt 0.000000 -2.982331
vt -0.113257 -2.982331
vt 0.000000 -2.743744
vt -0.113257 -2.743744
vt 0.000000 -2.505158
vt -0.113257 -2.505158
vt 0.000000 -2.266571
vt -0.113257 -2.266571
vt 0.000000 -2.027985
vt -0.113257 -2.027985
vt 0.000000 -1.789399
vt -0.113257 -1.789399
vt 0.000000 -1.550812
vt -0.113257 -1.550812
vt 0.000000 -1.312226
vt -0.113257 -1.312226
vt 0.000000 -1.073639
vt -0.113257 -1.073639
vt 0.000000 -0.835053
vt -0.113257 -0.835053
vt -0.000000 -0.596466
vt -0.113257 -0.596466
vt 0.000000 -0.357880
vt -0.113257 -0.357880
vt 0.000000 -0.119293
vt -0.113257 -0.119293
vt -0.113257 0.119293
vt -0.000000 0.119293
vt -0.000000 0.357880
vt -0.113257 0.357880
vt -0.000000 0.596466
vt -0.113257 0.596466
vt -0.000000 0.835053
vt -0.113257 0.835053
vt -0.000000 1.073639
vt -0.113257 1.073639
vt -0.000000 1.312226
vt -0.113257 1.312226
vt -0.000000 1.550812
vt -0.113257 1.550812
vt -0.000000 1.789399
vt -0.113257 1.789399
vt 0.000000 2.027985
vt -0.113257 2.027985
vt -0.000000 2.266571
vt -0.113257 2.266571
vt -0.000000 2.505158
vt -0.113257 2.505158
vt 0.000000 2.743744
vt -0.113257 2.743744
vt -0.000000 2.982331
vt -0.113257 2.982331
vt -0.000000 3.220917
vt -0.113257 3.220917
vt 0.000000 3.459504
vt -0.113257 3.459504
vt -0.000000 3.698090
vt -0.113257 3.698090
vt -0.000000 3.936677
vt -0.113257 3.936677
vt -0.000000 4.175263
vt -0.113257 4.175263
vt -0.000000 4.413850
vt -0.113257 4.413850
vt -0.000000 4.652436
vt -0.113257 4.652436
vt -0.000000 4.891023
vt -0.113257 4.891023
vt -0.000000 -0.098175
vt 0.056629 -0.090623
vt 0.056629 0.090623
vt 0.056629 -0.181246
vt -0.000000 -0.196350
vt 0.056629 -0.271869
vt -0.000000 -0.294524
vt 0.056629 -0.362491
vt 0.056629 -0.453114
vt -0.000000 -0.490874
vt 0.056629 -0.543737
vt 0.000000 -0.589049
vt 0.056629 -0.634360
vt -0.000000 -0.687223
vt 0.056629 -0.724983
vt 0.056629 -0.815606
vt -0.000000 -0.883573
vt 0.056629 -0.906229
vt 0.000000 -0.981748
vt 0.056629 -0.996852
vt 0.000000 -1.079922
vt 0.056629 -1.087474
vt 0.056629 -1.178097
vt 0.056629 1.178097
vt 0.000000 1.178097
vt 0.056629 1.087474
vt 0.000000 1.079922
vt 0.056629 0.996852
vt 0.000000 0.981748
vt 0.056629 0.906229
vt 0.000000 0.883573
vt 0.056629 0.815606
vt 0.000000 0.785398
vt 0.056629 0.724983
vt 0.000000 0.687223
vt 0.056629 0.634360
vt 0.000000 0.589049
vt 0.056629 0.543737
vt 0.000000 0.490874
vt 0.056629 0.453114
vt 0.000000 0.392699
vt 0.056629 0.362491
vt 0.000000 0.294524
vt 0.056629 0.271869
vt 0.000000 0.196350
vt 0.056629 0.181246
vt 0.000000 0.098175
vt 1.319706 -0.706858
vt 1.319706 0.706858
vt 1.319706 0.636173
vt 1.319706 0.565487
vt 1.319706 0.494801
vt 1.319706 0.424115
vt 1.319706 0.353429
vt 1.319706 0.282743
vt 1.319706 0.212058
vt 1.319706 0.141372
vt 1.319706 0.070686
vt 1.319706 0.000000
vt 1.319706 -0.070686
vt 1.319706 -0.141372
vt 1.319706 -0.212058
vt 1.319706 -0.282743
vt 1.319706 -0.353429
vt 1.319706 -0.424115
vt 1.319706 -0.494801
vt 1.319706 -0.565487
vt 1.319706 -0.636173
vt -0.000000 -0.086856
vt 0.212132 -0.064198
vt 0.212132 0.000000
vt 0.212132 0.064198
vt 0.212132 -0.128396
vt 0.000000 -0.173712
vt 0.212132 -0.192593
vt -0.000000 -0.260567
vt 0.212132 -0.256791
vt 0.212132 -0.320989
vt -0.000000 -0.347423
vt 0.212132 -0.385187
vt 0.000000 -0.434279
vt 0.212132 -0.449384
vt 0.000000 -0.521135
vt 0.212132 -0.513582
vt 0.212132 -0.577780
vt 0.000000 -0.607991
vt 0.212132 -0.641978
vt 0.000000 -0.694846
vt 0.212132 -0.706175
vt 0.212132 0.770373
vt 0.000000 0.781702
vt 0.000000 0.694846
vt 0.212132 0.706175
vt 0.212132 0.641978
vt -0.000000 0.607991
vt 0.212132 0.577780
vt 0.000000 0.521135
vt 0.212132 0.513582
vt 0.212132 0.449384
vt -0.000000 0.434279
vt 0.212132 0.385187
vt -0.000000 0.347423
vt 0.212132 0.320989
vt -0.000000 0.260567
vt 0.212132 0.256791
vt 0.212132 0.192593
vt 0.000000 0.173712
vt 0.212132 0.128396
vt -0.000000 0.086856
vt 0.000000 -0.086856
vt -0.000000 0.173712
vt 0.000000 0.086856
vt 0.969706 0.443519
vt 1.069706 0.473087
vt 0.969706 0.502655
vt 0.969706 -0.502655
vt 1.069706 -0.532223
vt 1.069706 -0.473087
vt 0.969706 -0.443519
vt 1.069706 -0.413951
vt 0.969706 -0.384383
vt 1.069706 -0.354815
vt 0.969706 -0.325247
vt 1.069706 -0.295679
vt 0.969706 -0.266111
vt 1.069706 -0.236543
vt 0.969706 -0.206976
vt 1.069706 -0.177408
vt 0.969706 -0.147840
vt 1.069706 -0.118272
vt 0.969706 -0.088704
vt 1.069706 -0.059136
vt 0.969706 -0.029568
vt 1.069706 0.000000
vt 0.969706 0.029568
vt 1.069706 0.059136
vt 0.969706 0.088704
vt 1.069706 0.118272
vt 0.969706 0.147840
vt 1.069706 0.177408
vt 0.969706 0.206976
vt 1.069706 0.236543
vt 0.969706 0.266111
vt 1.069706 0.295679
vt 0.969706 0.325247
vt 1.069706 0.354815
vt 0.969706 0.384383
vt 1.069706 0.413951
vt 0.846291 1.007928
vt 1.069706 1.007928
vt 0.846291 1.099557
vt 1.069706 1.099557
vt 0.846291 -1.099557
vt 1.069706 -1.099557
vt 0.846291 -1.007928
vt 1.069706 -1.007928
vt 0.846291 -0.916298
vt 1.069706 -0.916298
vt 0.846291 -0.824668
vt 1.069706 -0.824668
vt 0.846291 -0.733038
vt 1.069706 -0.733038
vt 0.846291 -0.641408
vt 1.069706 -0.641408
vt 0.846291 -0.549779
vt 1.069706 -0.549779
vt 0.846291 -0.458149
vt 1.069706 -0.458149
vt 0.846291 -0.366519
vt 1.069706 -0.366519
vt 0.846291 -0.274889
vt 1.069706 -0.274889
vt 0.846291 -0.183260
vt 1.069706 -0.183260
vt 0.846291 -0.091630
vt 1.069706 -0.091630
vt 0.846291 0.000000
vt 0.846291 0.091630
vt 1.069706 0.091630
vt 0.846291 0.183260
vt 1.069706 0.183260
vt 0.846291 0.274889
vt 1.069706 0.274889
vt 0.846291 0.366519
vt 1.069706 0.366519
vt 0.846291 0.458149
vt 1.069706 0.458149
vt 0.846291 0.549779
vt 1.069706 0.549779
vt 0.846291 0.641408
vt 1.069706 0.641408
vt 0.846291 0.733038
vt 1.069706 0.733038
vt 0.846291 0.824668
vt 1.069706 0.824668
vt 0.846291 0.916298
vt 1.069706 0.916298
vt 0.000000 -0.094248
vt 0.250000 0.000000
vt 0.250000 0.094248
vt 0.000000 0.094248
vt 0.250000 0.188496
vt 0.000000 0.188496
vt 0.250000 0.282743
vt 0.000000 0.282743
vt 0.250000 0.376991
vt 0.000000 0.376991
vt 0.250000 0.471239
vt 0.000000 0.471239
vt 0.250000 0.565487
vt 0.000000 0.565487
vt 0.250000 0.659734
vt 0.000000 0.659734
vt 0.250000 0.753982
vt 0.000000 0.753982
vt 0.250000 0.848230
vt 0.000000 0.848230
vt 0.250000 0.942478
vt 0.000000 0.942478
vt 0.250000 1.036726
vt 0.000000 1.036726
vt 0.250000 1.130973
vt 0.000000 1.130973
vt 0.250000 -1.225221
vt 0.250000 -1.130973
vt 0.000000 -1.130973
vt 0.250000 -1.036726
vt 0.000000 -1.036726
vt 0.250000 -0.942478
vt 0.000000 -0.942478
vt 0.250000 -0.848230
vt 0.000000 -0.848230
vt 0.250000 -0.753982
vt 0.000000 -0.753982
vt 0.250000 -0.659734
vt 0.000000 -0.659734
vt 0.250000 -0.565487
vt 0.000000 -0.565487
vt 0.250000 -0.471239
vt 0.000000 -0.471239
vt 0.250000 -0.376991
vt 0.000000 -0.376991
vt 0.250000 -0.282743
vt 0.000000 -0.282743
vt 0.250000 -0.188496
vt 0.000000 -0.188496
vt 0.250000 -0.094248
vt 0.000000 -0.123760
vt 0.250000 0.123760
vt 0.000000 0.123760
vt 0.250000 0.247519
vt 0.000000 0.247519
vt 0.250000 0.371279
vt 0.000000 0.371279
vt 0.250000 0.495039
vt 0.000000 0.495039
vt 0.250000 0.618799
vt 0.000000 0.618799
vt 0.250000 0.742558
vt 0.000000 0.742558
vt 0.250000 0.866318
vt 0.000000 0.866318
vt 0.250000 0.990078
vt 0.000000 0.990078
vt 0.250000 1.113837
vt 0.000000 1.113837
vt 0.250000 1.237597
vt 0.000000 1.237597
vt 0.250000 1.361357
vt 0.250000 1.485117
vt 0.000000 1.485117
vt 0.250000 1.608876
vt 0.000000 1.608876
vt 0.250000 1.732636
vt 0.000000 1.732636
vt 0.250000 1.856396
vt 0.000000 1.856396
vt 0.250000 1.980155
vt 0.000000 1.980155
vt 0.000000 -2.103915
vt 0.250000 -2.103915
vt 0.250000 -1.980155
vt 0.000000 -1.980155
vt 0.250000 -1.856396
vt 0.000000 -1.856396
vt 0.250000 -1.732636
vt 0.000000 -1.732636
vt 0.250000 -1.608876
vt 0.000000 -1.608876
vt 0.250000 -1.485117
vt 0.000000 -1.485117
vt 0.250000 -1.361357
vt 0.250000 -1.237597
vt 0.000000 -1.237597
vt 0.250000 -1.113837
vt 0.000000 -1.113837
vt 0.250000 -0.990078
vt 0.000000 -0.990078
vt 0.250000 -0.866318
vt 0.000000 -0.866318
vt 0.250000 -0.742558
vt 0.000000 -0.742558
vt 0.250000 -0.618799
vt 0.000000 -0.618799
vt 0.250000 -0.495039
vt 0.000000 -0.495039
vt 0.250000 -0.371279
vt 0.000000 -0.371279
vt 0.250000 -0.247519
vt 0.000000 -0.247519
vt 0.250000 -0.123760
vt -0.100000 -4.945809
vt -0.100000 -4.704550
vt -0.446829 -4.945809
vt -0.446829 -4.704550
vt -0.100000 -4.463291
vt -0.446829 -4.463291
vt -0.100000 -4.222032
vt -0.446829 -4.222032
vt -0.100000 -3.980773
vt -0.446829 -3.980773
vt -0.100000 -3.739514
vt -0.446829 -3.739514
vt -0.100000 -3.498255
vt -0.446829 -3.498255
vt -0.100000 -3.256996
vt -0.446829 -3.256996
vt -0.100000 -3.015737
vt -0.446829 -3.015737
vt -0.100000 -2.774478
vt -0.446829 -2.774478
vt -0.100000 -2.533219
vt -0.446829 -2.533219
vt -0.100000 -2.291960
vt -0.446829 -2.291960
vt -0.100000 -2.050701
vt -0.446829 -2.050701
vt -0.100000 -1.809442
vt -0.446829 -1.809442
vt -0.100000 -1.568183
vt -0.446829 -1.568183
vt -0.100000 -1.326924
vt -0.446829 -1.326924
vt -0.100000 -1.085665
vt -0.446829 -1.085665
vt -0.100000 -0.844406
vt -0.446829 -0.844406
vt -0.100000 -0.603147
vt -0.446829 -0.603147
vt -0.100000 -0.361888
vt -0.446829 -0.361888
vt -0.100000 -0.120629
vt -0.446829 -0.120629
vt -0.446829 0.120629
vt -0.100000 0.120629
vt -0.100000 0.361888
vt -0.446829 0.361888
vt -0.100000 0.603147
vt -0.446829 0.603147
vt -0.100000 0.844406
vt -0.446829 0.844406
vt -0.100000 1.085665
vt -0.446829 1.085665
vt -0.100000 1.326924
vt -0.446829 1.326924
vt -0.100000 1.568183
vt -0.446829 1.568183
vt -0.100000 1.809442
vt -0.446829 1.809442
vt -0.100000 2.050701
vt -0.446829 2.050701
vt -0.100000 2.291960
vt -0.446829 2.291960
vt -0.100000 2.533219
vt -0.446829 2.533219
vt -0.100000 2.774478
vt -0.446829 2.774478
vt -0.100000 3.015737
vt -0.446829 3.015737
vt -0.100000 3.256996
vt -0.446829 3.256996
vt -0.100000 3.498255
vt -0.446829 3.498255
vt -0.100000 3.739514
vt -0.446829 3.739514
vt -0.100000 3.980773
vt -0.446829 3.980773
vt -0.100000 4.222032
vt -0.446829 4.222032
vt -0.100000 4.463291
vt -0.446829 4.463291
vt -0.100000 4.704550
vt -0.446829 4.704550
vt -0.100000 4.945809
vt -0.446829 4.945809
vt 0.650100 0.443519
vt 0.650100 0.502655
vt 0.650100 -0.502655
vt 0.650100 -0.443519
vt 0.650100 -0.384383
vt 0.650100 -0.325247
vt 0.650100 -0.266111
vt 0.650100 -0.206976
vt 0.650100 -0.147840
vt 0.650100 -0.088704
vt 0.650100 -0.029568
vt 0.650100 0.029568
vt 0.650100 0.088704
vt 0.650100 0.147840
vt 0.650100 0.206976
vt 0.650100 0.266111
vt 0.650100 0.325247
vt 0.650100 0.384383
vt 2.000000 -0.100000
vt 0.273350 -0.100000
vt 2.000000 -0.500000
vt 0.273350 -0.500000
vt 4.000000 -0.500000
vt 4.000000 -0.100000
vt 3.806084 -0.674274
vt 3.946829 0.000000
vt 3.597053 -0.830098
vt 3.374657 -0.966167
vt 3.140757 -1.081344
vt 0.859243 -1.081344
vt 2.897310 -1.174663
vt 1.102690 -1.174663
vt 2.646354 -1.245345
vt 1.353646 -1.245345
vt 2.389989 -1.292797
vt 1.610011 -1.292797
vt 2.130360 -1.316623
vt 1.869640 -1.316623
vt 0.053171 0.000000
vt 0.625343 -0.966167
vt 0.402947 -0.830098
vt 0.193916 -0.674274
vt -0.273350 -0.100000
vt -2.000000 -0.100000
vt -0.273350 -0.500000
vt -2.000000 -0.500000
vt 3.326650 1.946829
vt 3.051650 0.000000
vt 3.326650 -1.946829
vt 3.040638 -0.069529
vt 3.008679 -0.132252
vt 1.600000 1.946829
vt 2.250196 1.274260
vt 2.342531 1.256646
vt 2.427585 1.216623
vt 1.471320 1.954720
vt 1.923269 1.120419
vt 1.987616 1.188942
vt 2.066983 1.239310
vt 1.344569 1.978274
vt 1.167237 0.738074
vt 1.877984 1.038047
vt 1.076650 0.750000
vt 1.221645 2.017139
vt 0.986063 0.738074
vt 1.104390 2.070732
vt 0.891006 2.171109
vt 0.901650 0.703109
vt 0.668625 2.249566
vt 0.096670 0.591261
vt -0.020107 0.631678
vt 0.439494 2.305309
vt 0.205925 2.337777
vt -0.029723 2.346641
vt -0.744735 1.080658
vt -0.142422 0.649264
vt -0.799987 1.156705
vt -0.265071 2.331811
vt -0.497742 2.293438
vt -0.872415 1.216623
vt -0.725389 2.231909
vt -0.945711 2.147845
vt -0.957469 1.256646
vt -1.156484 2.042095
vt -1.049804 1.274260
vt -1.355581 1.915726
vt -1.143618 1.268358
vt -1.540991 1.770015
vt -1.233017 1.239310
vt -1.710842 1.606433
vt -1.312384 1.188942
vt -1.863419 1.426631
vt -1.376731 1.120419
vt -1.422016 1.038047
vt -1.997182 1.232425
vt -1.445393 0.947000
vt -2.110780 1.025775
vt -1.445393 0.853000
vt -2.203066 0.808769
vt -1.422016 0.761953
vt -2.273108 0.583596
vt -1.376731 0.679581
vt -2.320200 0.352532
vt -1.312384 0.611058
vt -2.343865 0.117907
vt -1.233017 0.560690
vt -2.343865 -0.117907
vt -1.233017 -0.560690
vt -1.312384 -0.611058
vt -2.320200 -0.352532
vt -1.376731 -0.679581
vt -2.273108 -0.583596
vt -1.422016 -0.761953
vt -2.203066 -0.808769
vt -1.445393 -0.853000
vt -2.110780 -1.025775
vt -1.445393 -0.947000
vt -1.997182 -1.232425
vt -1.422016 -1.038047
vt -1.863419 -1.426631
vt -1.376731 -1.120419
vt -1.312384 -1.188942
vt -1.710842 -1.606433
vt -1.233017 -1.239310
vt -1.540991 -1.770015
vt -1.143618 -1.268358
vt -1.355581 -1.915726
vt -1.049804 -1.274260
vt -1.156484 -2.042095
vt -0.957469 -1.256646
vt -0.945711 -2.147845
vt -0.872415 -1.216623
vt -0.725389 -2.231909
vt -0.497742 -2.293438
vt -0.799987 -1.156705
vt -0.265071 -2.331811
vt -0.029723 -2.346641
vt -0.744735 -1.080658
vt 0.205925 -2.337777
vt -0.142422 -0.649264
vt -0.020107 -0.631678
vt 0.439494 -2.305309
vt 0.668625 -2.249566
vt 0.891006 -2.171109
vt 0.901650 -0.703109
vt 0.096670 -0.591261
vt 0.986063 -0.738074
vt 1.104390 -2.070732
vt 1.221645 -2.017139
vt 1.076650 -0.750000
vt 1.344569 -1.978274
vt 1.167237 -0.738074
vt 1.471320 -1.954720
vt 1.877984 -1.038047
vt 1.923269 -1.120419
vt 1.600000 -1.946829
vt 1.987616 -1.188942
vt 2.066983 -1.239310
vt 2.156382 -1.268358
vt 2.250196 -1.274260
vt 2.342531 -1.256646
vt 2.427585 -1.216623
vt 2.500013 -1.156705
vt 2.555265 -1.080658
vt 2.589869 -0.993259
vt 2.601650 -0.900000
vt 2.958902 -0.182029
vt 2.589869 -0.806741
vt 2.896179 -0.213988
vt 2.555265 -0.719342
vt 2.826650 -0.225000
vt 2.500013 -0.643295
vt 2.757121 -0.213988
vt 2.427585 -0.583377
vt 2.694398 -0.182029
vt 2.342531 -0.543354
vt 2.644621 -0.132252
vt 2.250196 -0.525740
vt 2.612662 -0.069529
vt 2.040638 -0.069529
vt 2.051650 0.000000
vt 2.601650 -0.000000
vt 2.040638 0.069529
vt 2.612662 0.069529
vt 2.250196 0.525740
vt 2.644621 0.132252
vt 2.342531 0.543354
vt 2.694398 0.182029
vt 2.427585 0.583377
vt 2.757121 0.213988
vt 2.500013 0.643295
vt 2.826650 0.225000
vt 2.555265 0.719342
vt 2.896179 0.213988
vt 2.589869 0.806741
vt 2.958902 0.182029
vt 2.601650 0.900000
vt 2.589869 0.993259
vt 2.555265 1.080658
vt 2.500013 1.156705
vt 3.008679 0.132252
vt 3.040638 0.069529
vt 2.008679 -0.132252
vt 2.156382 -0.531642
vt 1.958902 -0.182029
vt 2.066983 -0.560690
vt 1.896179 -0.213988
vt 1.987616 -0.611058
vt 1.826650 -0.225000
vt 1.923269 -0.679581
vt 1.757121 -0.213988
vt 1.414724 -0.490587
vt 1.426650 -0.400000
vt 1.694398 -0.182029
vt 1.644621 -0.132252
vt 1.612662 -0.069529
vt 1.601650 -0.000000
vt 1.426650 0.400000
vt 1.612662 0.069529
vt 1.644621 0.132252
vt 1.694398 0.182029
vt 1.757121 0.213988
vt 1.414724 0.490587
vt 1.923269 0.679581
vt 1.877984 0.761953
vt 1.826650 0.225000
vt 1.987616 0.611058
vt 1.896179 0.213988
vt 2.066983 0.560690
vt 1.958902 0.182029
vt 2.156382 0.531642
vt 2.008679 0.132252
vt -0.710131 0.806741
vt -0.385944 0.614251
vt -0.698350 0.900000
vt -0.265855 0.643384
vt -0.710131 0.993259
vt -0.498350 0.562917
vt -0.744735 0.719342
vt -0.599010 0.491237
vt -0.799987 0.643295
vt -0.684285 0.401803
vt -0.872415 0.583377
vt -0.957469 0.543354
vt -0.751093 0.297847
vt -1.049804 0.525740
vt -0.797021 0.183126
vt -1.143618 0.531642
vt -0.820407 0.061786
vt -0.820407 -0.061786
vt -1.143618 -0.531642
vt 0.464904 -0.123013
vt 0.726650 -0.400000
vt 0.476650 0.000000
vt 0.726650 0.400000
vt 0.464904 0.123013
vt 0.430089 0.241581
vt 0.373465 0.351417
vt 0.738576 0.490587
vt 0.297077 0.448551
vt 0.773541 0.575000
vt 0.203687 0.529474
vt 0.829163 0.647487
vt 0.430089 -0.241581
vt 0.373465 -0.351417
vt 0.738576 -0.490587
vt 0.297077 -0.448551
vt 0.773541 -0.575000
vt 0.203687 -0.529474
vt 0.829163 -0.647487
vt -0.710131 -0.993259
vt -0.265855 -0.643384
vt -0.698350 -0.900000
vt -0.385944 -0.614251
vt -0.710131 -0.806741
vt -0.498350 -0.562917
vt -0.744735 -0.719342
vt -0.599010 -0.491237
vt -0.799987 -0.643295
vt -0.684285 -0.401803
vt -0.872415 -0.583377
vt -0.957469 -0.543354
vt -0.751093 -0.297847
vt -1.049804 -0.525740
vt -0.797021 -0.183126
vt 1.379759 0.575000
vt 1.854607 0.853000
vt 1.324137 0.647487
vt 1.854607 0.947000
vt 1.251650 0.703109
vt 2.156382 1.268358
vt 1.877984 -0.761953
vt 1.379759 -0.575000
vt 1.854607 -0.853000
vt 1.324137 -0.647487
vt 1.854607 -0.947000
vt 1.251650 -0.703109
vt -0.873227 -2.127787
vt -0.126054 -0.265249
vt -1.082353 -2.029412
vt -0.180832 -0.185889
vt -1.161178 -1.991320
vt -1.242783 -1.959618
vt -0.215027 -0.095726
vt -1.326650 -1.934505
vt -0.226650 0.000000
vt -1.326650 1.934505
vt -0.215027 0.095726
vt -1.242783 1.959618
vt -0.180832 0.185889
vt -1.161178 1.991320
vt -1.082353 2.029412
vt -0.126054 0.265249
vt -0.873227 2.127787
vt -0.655283 2.204678
vt -0.053876 0.329194
vt -0.430724 2.259309
vt 0.031508 0.374006
vt -0.201816 2.291129
vt 0.029130 2.299816
vt 0.125135 0.397084
vt 0.259782 2.285282
vt 0.789015 1.023504
vt 0.487810 2.247675
vt 0.832880 1.095637
vt 0.710914 2.187373
vt 0.894579 1.153261
vt 0.926840 2.104987
vt 0.969537 1.192101
vt 1.133407 2.001347
vt 1.052195 1.209277
vt 1.136421 1.203516
vt -0.655283 -2.204678
vt -0.053876 -0.329194
vt -0.430724 -2.259309
vt 0.031508 -0.374006
vt -0.201816 -2.291129
vt 0.029130 -2.299816
vt 0.125135 -0.397084
vt 0.259782 -2.285282
vt 0.789015 -1.023504
vt 0.487810 -2.247675
vt 0.832880 -1.095637
vt 0.710914 -2.187373
vt 0.894579 -1.153261
vt 0.926840 -2.104987
vt 0.969537 -1.192101
vt 1.133407 -2.001347
vt 1.052195 -1.209277
vt 1.136421 -1.203516
vt 1.328531 -1.877500
vt 1.215970 -1.175244
vt 1.510242 -1.734696
vt 1.284942 -1.126559
vt 1.676703 -1.574378
vt 1.338220 -1.061071
vt 1.826236 -1.398164
vt 1.371854 -0.983637
vt 1.957330 -1.207833
vt 1.383350 -0.900000
vt 2.068661 -1.005307
vt 1.371854 -0.816363
vt 2.159106 -0.792630
vt 1.338220 -0.738929
vt 2.227750 -0.571951
vt 2.273902 -0.345497
vt 2.297095 -0.115555
vt 1.284942 -0.673441
vt 1.284942 0.673441
vt 1.215970 0.624756
vt 2.297095 0.115555
vt 1.338220 0.738929
vt 2.273902 0.345497
vt 2.227750 0.571951
vt 2.159106 0.792630
vt 1.371854 0.816363
vt 2.068661 1.005307
vt 1.383350 0.900000
vt 1.957330 1.207833
vt 1.371854 0.983637
vt 1.826236 1.398164
vt 1.338220 1.061071
vt 1.676703 1.574378
vt 1.284942 1.126559
vt 1.510242 1.734696
vt 1.215970 1.175244
vt 1.328531 1.877500
vt 0.561727 -0.095726
vt 0.969537 -0.607899
vt 0.573350 0.000000
vt 1.052195 -0.590723
vt 1.052195 0.590723
vt 1.136421 -0.596484
vt 1.136421 0.596484
vt 1.215970 -0.624756
vt 0.894579 -0.646739
vt 0.527532 -0.185889
vt 0.832880 -0.704363
vt 0.472754 -0.265249
vt 0.789015 -0.776496
vt 0.400576 -0.329194
vt 0.766237 -0.857788
vt 0.315192 -0.374006
vt 0.766237 -0.942212
vt 0.221565 -0.397084
vt 0.766237 0.942212
vt 0.221565 0.397084
vt 0.315192 0.374006
vt 0.766237 0.857788
vt 0.400576 0.329194
vt 0.789015 0.776496
vt 0.472754 0.265249
vt 0.832880 0.704363
vt 0.527532 0.185889
vt 0.894579 0.646739
vt 0.561727 0.095726
vt 0.969537 0.607899
vt -0.273350 -2.259877
vt -2.000000 -2.259877
vt -0.000000 -2.458229
vt -2.000000 -2.520688
vt -0.000000 -2.710546
vt -2.000000 -2.781499
vt -0.000000 -2.962864
vt -2.000000 -3.042310
vt -0.893022 -3.126930
vt -0.971683 -3.134261
vt -1.049192 -3.159200
vt -2.000000 -3.303120
vt -1.119811 -3.200463
vt -1.179379 -3.253269
vt -1.228036 -3.316232
vt -1.265908 -3.388963
vt -1.290037 -3.467525
vt -2.000000 -3.563931
vt -1.299770 -3.547099
vt -1.295090 -3.626015
vt -1.275439 -3.705352
vt -2.000000 -3.824742
vt -1.240492 -3.779551
vt -1.192844 -3.844034
vt -1.134234 -3.896895
vt -1.063963 -3.938415
vt -2.000000 -4.085553
vt -0.986282 -3.964492
vt -0.906981 -3.974103
vt -0.000000 -3.972134
vt -0.828016 -3.967423
vt -0.749580 -3.944317
vt -0.677631 -3.905309
vt -0.616752 -3.854267
vt -0.000000 -3.719817
vt -0.567240 -3.791959
vt -0.529728 -3.719203
vt -0.507314 -3.640383
vt -0.500000 -3.561097
vt -0.000000 -3.467499
vt -0.507159 -3.481882
vt -0.528697 -3.402762
vt -0.564273 -3.328677
vt -0.000000 -3.215181
vt -0.611244 -3.263682
vt -0.668574 -3.209256
vt -0.737486 -3.165503
vt -0.814143 -3.137454
vt -2.000000 -4.346364
vt -0.000000 -4.224452
vt -2.000000 -4.607175
vt -2.000000 -4.867986
vt -2.000000 -5.128797
vt -0.986282 -4.989047
vt -0.906981 -4.979436
vt -0.000000 -4.981405
vt -0.828016 -4.986116
vt -0.749580 -5.009222
vt -2.000000 -5.389608
vt -1.275439 -5.248187
vt -1.240492 -5.173988
vt -1.192844 -5.109505
vt -2.000000 -5.650419
vt -1.290037 -5.486014
vt -1.299770 -5.406440
vt -1.295090 -5.327524
vt -2.000000 -5.911230
vt -1.119811 -5.753076
vt -1.179379 -5.700270
vt -1.228036 -5.637307
vt -2.000000 -6.172040
vt -0.000000 -5.990675
vt -0.893022 -5.826609
vt -0.971683 -5.819278
vt -0.000000 -6.242993
vt -2.000000 -6.432851
vt -0.000000 -6.495310
vt -2.000000 -6.693662
vt -0.273350 -6.693662
vt -0.203948 -6.697068
vt -0.134831 -6.707246
vt -0.066640 -6.724139
vt -0.000000 -6.747628
vt -0.814143 -5.816085
vt -0.000000 -5.738358
vt -0.737486 -5.788036
vt -0.668574 -5.744283
vt -0.611244 -5.689857
vt -0.564273 -5.624862
vt -0.000000 -5.486040
vt -0.528697 -5.550777
vt -0.507159 -5.471657
vt -0.500000 -5.392442
vt -0.000000 -5.233722
vt -0.507314 -5.313156
vt -0.529728 -5.234336
vt -0.567240 -5.161580
vt -0.616752 -5.099272
vt -0.677631 -5.048230
vt -0.000000 -4.729087
vt -0.000000 -2.205911
vt -0.066640 -2.229400
vt -0.134831 -2.246293
vt -0.203948 -2.256471
vt -1.049192 -5.794339
vt -1.265908 -5.564577
vt -1.134234 -5.056644
vt -1.063963 -5.015124
vt -2.038085 -1.977223
vt -2.038085 -1.992162
vt -1.934505 -2.030394
vt -1.853963 -2.164561
vt 1.853963 -2.164561
vt 1.655318 -2.320005
vt -1.655318 -2.320005
vt 1.443707 -2.457277
vt -1.443707 -2.457277
vt 1.220788 -2.575301
vt -1.220788 -2.575301
vt 0.988307 -2.673153
vt -0.988307 -2.673153
vt 0.748085 -2.750067
vt -0.748085 -2.750067
vt 0.502002 -2.805440
vt -0.502002 -2.805440
vt 0.251988 -2.838838
vt -0.251988 -2.838838
vt 1.934505 -2.030394
vt 2.038085 -1.992162
vt 2.038085 -1.977223
vt 0.363219 -0.093259
vt 0.375000 0.000000
vt 0.160000 0.000000
vt 0.363219 0.093259
vt 0.149196 0.057799
vt 0.328615 0.180658
vt 0.118241 0.107791
vt 0.273363 0.256705
vt 0.200935 0.316623
vt 0.071318 0.143226
vt 0.115881 0.356646
vt 0.014763 0.159317
vt 0.023546 0.374260
vt -0.070268 0.368358
vt -0.043786 0.153892
vt -0.159667 0.339310
vt -0.096422 0.127683
vt -0.239034 0.288942
vt -0.303381 0.220419
vt -0.136035 0.084229
vt -0.348666 0.138047
vt -0.157276 0.029400
vt -0.372043 0.047000
vt -0.372043 -0.047000
vt -0.157276 -0.029400
vt -0.348666 -0.138047
vt -0.136035 -0.084229
vt -0.303381 -0.220419
vt -0.096422 -0.127683
vt -0.239034 -0.288942
vt -0.159667 -0.339310
vt -0.043786 -0.153892
vt -0.070268 -0.368358
vt 0.014763 -0.159317
vt 0.023546 -0.374260
vt 0.115881 -0.356646
vt 0.071318 -0.143226
vt 0.200935 -0.316623
vt 0.118241 -0.107791
vt 0.273363 -0.256705
vt 0.328615 -0.180658
vt 0.149196 -0.057799
vt 0.000000 -1.099557
vt 0.250000 -1.099557
vt 0.000000 -1.007928
vt 0.250000 -1.007928
vt 0.250000 -0.916298
vt 0.000000 -0.824668
vt 0.250000 -0.824668
vt 0.000000 -0.733038
vt 0.250000 -0.733038
vt 0.000000 -0.641408
vt 0.250000 -0.641408
vt 0.000000 -0.549779
vt 0.250000 -0.549779
vt 0.000000 -0.458149
vt 0.250000 -0.458149
vt 0.000000 -0.366519
vt 0.250000 -0.366519
vt 0.000000 -0.274889
vt 0.250000 -0.274889
vt 0.000000 -0.183260
vt 0.250000 -0.183260
vt 0.000000 -0.091630
vt 0.250000 -0.091630
vt 0.800000 0.250000
vt -0.000000 0.250000
vt 0.800000 0.000000
vt 0.000000 0.091630
vt 0.250000 0.091630
vt 0.000000 0.183260
vt 0.250000 0.183260
vt 0.000000 0.274889
vt 0.250000 0.274889
vt 0.000000 0.366519
vt 0.250000 0.366519
vt 0.000000 0.458149
vt 0.250000 0.458149
vt 0.000000 0.549779
vt 0.250000 0.549779
vt 0.000000 0.641408
vt 0.250000 0.641408
vt 0.000000 0.733038
vt 0.250000 0.733038
vt 0.000000 0.824668
vt 0.250000 0.824668
vt 0.000000 0.916298
vt 0.250000 0.916298
vt 0.000000 1.007928
vt 0.250000 1.007928
vt 0.000000 1.099557
vt 0.250000 1.099557
vt -0.800000 0.250000
vt -0.800000 0.000000
vt -0.338074 -0.090587
vt -0.303109 -0.175000
vt -0.350000 0.000000
vt -0.247487 -0.247487
vt -0.175000 -0.303109
vt -0.090587 1.138074
vt -0.090587 -0.338074
vt -0.000000 1.150000
vt 0.000000 -0.350000
vt 0.090587 -0.338074
vt 0.090587 1.138074
vt 0.175000 -0.303109
vt 0.350000 0.000000
vt 0.247487 -0.247487
vt 0.303109 -0.175000
vt 0.338074 -0.090587
vt 0.175000 1.103109
vt 0.350000 0.800000
vt 0.247487 1.047487
vt 0.303109 0.975000
vt 0.338074 0.890587
vt -0.175000 1.103109
vt -0.350000 0.800000
vt -0.247487 1.047487
vt -0.303109 0.975000
vt -0.338074 0.890587
vt 0.638254 -0.123013
vt 0.650000 0.000000
vt 0.638254 0.123013
vt 0.338074 0.090587
vt 0.603439 0.241581
vt 0.303109 0.175000
vt 0.546815 0.351417
vt 0.247487 0.247487
vt 0.470427 0.448551
vt 0.377037 0.529474
vt 0.175000 0.303109
vt 0.270020 0.591261
vt 0.090587 0.338074
vt 0.153243 0.631678
vt 0.030928 0.649264
vt -0.000000 0.350000
vt -0.092505 0.643384
vt -0.090587 0.338074
vt -0.212594 0.614251
vt -0.175000 0.303109
vt -0.325000 0.562917
vt -0.425659 0.491237
vt -0.247487 0.247487
vt -0.510935 0.401803
vt -0.303109 0.175000
vt -0.577743 0.297847
vt -0.338074 0.090587
vt -0.623670 0.183126
vt -0.647057 0.061786
vt -0.647057 -0.061786
vt -0.623670 -0.183126
vt -0.577743 -0.297847
vt -0.510935 -0.401803
vt -0.425659 -0.491237
vt -0.325000 -0.562917
vt -0.212594 -0.614251
vt -0.092505 -0.643384
vt 0.030928 -0.649264
vt 0.153243 -0.631678
vt 0.270020 -0.591261
vt 0.377037 -0.529474
vt 0.470427 -0.448551
vt 0.546815 -0.351417
vt 0.603439 -0.241581
vt 0.500000 1.570796
vt 0.497614 1.501337
vt 0.100000 1.448307
vt 0.490450 1.431827
vt 0.478497 1.362585
vt 0.100000 1.325818
vt 0.446829 1.293922
vt 0.100000 1.203328
vt 0.446829 1.222895
vt 0.446829 1.151867
vt 0.100000 1.080839
vt 0.446829 1.080839
vt 0.461768 1.293922
vt 0.446829 -1.080839
vt 0.100000 -1.080839
vt 0.446829 -1.151867
vt 0.100000 -1.203328
vt 0.446829 -1.222895
vt 0.446829 -1.293922
vt 0.100000 -1.325818
vt 0.461768 -1.293922
vt 0.478497 -1.362585
vt 0.100000 -1.448307
vt 0.490450 -1.431827
vt 0.497614 -1.501337
vt 0.500000 -1.570796
vt -3.326650 0.000000
vt -1.600000 0.000000
vt -3.326650 0.113257
vt -1.600000 0.113257
vt 0.000000 1.738302
vt -0.113257 1.738302
vt 0.000000 1.864048
vt -0.113257 1.864048
vt -0.113257 1.989794
vt 0.000000 1.989794
vt -0.000000 2.115540
vt -0.113257 2.115540
vt 0.000000 -2.115540
vt 0.000000 -1.989794
vt -0.113257 -2.115540
vt -0.113257 -1.989794
vt -0.113257 -1.864048
vt 0.000000 -1.864048
vt -0.000000 -1.738302
vt -0.113257 -1.738302
vt 3.326650 0.113257
vt 1.600000 0.113257
vt 3.326650 0.000000
vt 1.600000 0.000000
vt 0.000000 1.385648
vt -0.113257 1.358618
vt -0.000000 1.302059
vt -0.113257 1.284039
vt -0.000000 1.218470
vt -0.113257 1.209460
vt 0.000000 1.134881
vt -0.113257 1.134881
vt -0.000000 -2.539972
vt -0.000000 -2.776204
vt 0.113257 -2.539972
vt 0.113257 -2.776204
vt -0.000000 -3.012437
vt 0.113257 -3.012437
vt -0.000000 -3.248670
vt 0.113257 -3.248670
vt -0.000000 -3.484903
vt 0.113257 -3.484903
vt -0.000000 -3.721135
vt 0.113257 -3.721135
vt -0.000000 -3.957368
vt 0.113257 -3.957368
vt -0.000000 -4.193601
vt 0.113257 -4.193601
vt -0.000000 -4.429834
vt 0.113257 -4.429834
vt -0.000000 -4.666066
vt 0.113257 -4.666066
vt -0.000000 -4.902299
vt 0.113257 -4.902299
vt -0.000000 -5.138532
vt 0.113257 -5.138532
vt -0.000000 -5.374764
vt 0.113257 -5.374764
vt -0.000000 -5.610997
vt 0.113257 -5.610997
vt -0.000000 -5.847230
vt 0.113257 -5.847230
vt -0.000000 -6.083463
vt 0.113257 -6.083463
vt -0.000000 -6.319695
vt 0.113257 -6.319695
vt -0.000000 -6.555928
vt 0.113257 -6.555928
vt -0.000000 -6.792161
vt 0.113257 -6.792161
vt -0.000000 -7.028394
vt 0.113257 -7.028394
vt -0.000000 -7.264626
vt 0.113257 -7.264626
vt 0.000000 -7.500859
vt 0.113257 -7.500859
vt 0.113257 7.264626
vt -0.000000 7.264626
vt -0.000000 7.028394
vt 0.113257 7.028394
vt -0.000000 6.792161
vt 0.113257 6.792161
vt -0.000000 6.555928
vt 0.113257 6.555928
vt -0.000000 6.319695
vt 0.113257 6.319695
vt -0.000000 6.083463
vt 0.113257 6.083463
vt -0.000000 5.847230
vt 0.113257 5.847230
vt -0.000000 5.610997
vt 0.113257 5.610997
vt -0.000000 5.374764
vt 0.113257 5.374764
vt -0.000000 5.138532
vt 0.113257 5.138532
vt -0.000000 4.902299
vt 0.113257 4.902299
vt -0.000000 4.666066
vt 0.113257 4.666066
vt -0.000000 4.429834
vt 0.113257 4.429834
vt -0.000000 4.193601
vt 0.113257 4.193601
vt -0.000000 3.957368
vt 0.113257 3.957368
vt -0.000000 3.721135
vt 0.113257 3.721135
vt -0.000000 3.484903
vt 0.113257 3.484903
vt -0.000000 3.248670
vt 0.113257 3.248670
vt -0.000000 3.012437
vt 0.113257 3.012437
vt -0.000000 2.776204
vt 0.113257 2.776204
vt -0.000000 2.539972
vt 0.113257 2.539972
vt -0.113257 -1.134881
vt -0.113257 -1.209460
vt 0.000000 -1.134881
vt -0.000000 -1.218470
vt -0.113257 -1.284039
vt -0.000000 -1.302059
vt -0.113257 -1.358618
vt 0.000000 -1.385648
vt 0.388377 -0.095726
vt 0.400000 0.000000
vt 0.310000 0.000000
vt 0.388377 0.095726
vt 0.298504 0.083637
vt 0.354182 0.185889
vt 0.264870 0.161071
vt 0.299404 0.265249
vt 0.211591 0.226559
vt 0.227226 0.329194
vt 0.142620 0.275244
vt 0.141842 0.374006
vt 0.063071 0.303516
vt 0.048215 0.397084
vt -0.021155 0.309277
vt -0.048215 0.397084
vt -0.103813 0.292101
vt -0.141842 0.374006
vt -0.178771 0.253261
vt -0.227226 0.329194
vt -0.299404 0.265249
vt -0.240471 0.195637
vt -0.354182 0.185889
vt -0.284336 0.123504
vt -0.388377 0.095726
vt -0.307113 0.042212
vt -0.400000 0.000000
vt -0.307113 -0.042212
vt -0.388377 -0.095726
vt -0.284336 -0.123504
vt -0.354182 -0.185889
vt -0.240471 -0.195637
vt -0.299404 -0.265249
vt -0.178771 -0.253261
vt -0.227226 -0.329194
vt -0.141842 -0.374006
vt -0.103813 -0.292101
vt -0.048215 -0.397084
vt -0.021155 -0.309277
vt 0.048215 -0.397084
vt 0.063071 -0.303516
vt 0.141842 -0.374006
vt 0.142620 -0.275244
vt 0.227226 -0.329194
vt 0.211591 -0.226559
vt 0.299404 -0.265249
vt 0.264870 -0.161071
vt 0.354182 -0.185889
vt 0.298504 -0.083637
vt -0.000000 -0.054978
vt 0.141421 -0.040724
vt 0.141421 0.000000
vt 0.141421 0.040724
vt 0.141421 -0.081449
vt 0.000000 -0.109956
vt 0.141421 -0.122173
vt 0.000000 -0.164934
vt 0.141421 -0.162897
vt 0.141421 -0.203622
vt -0.000000 -0.219911
vt 0.141421 -0.244346
vt 0.141421 -0.285070
vt -0.000000 -0.329867
vt 0.141421 -0.325795
vt 0.141421 -0.366519
vt -0.000000 -0.384845
vt 0.141421 -0.407243
vt 0.000000 -0.439823
vt 0.141421 -0.447968
vt -0.000000 -0.494801
vt 0.141421 -0.488692
vt 0.141421 -0.529417
vt 0.141421 -0.570141
vt 0.141421 0.529417
vt 0.000000 0.494801
vt 0.141421 0.488692
vt 0.141421 0.447968
vt 0.000000 0.439823
vt 0.141421 0.407243
vt 0.000000 0.384845
vt 0.141421 0.366519
vt 0.000000 0.329867
vt 0.141421 0.325795
vt 0.141421 0.285070
vt 0.141421 0.244346
vt 0.000000 0.219911
vt 0.141421 0.203622
vt -0.000000 0.164934
vt 0.141421 0.162897
vt 0.141421 0.122173
vt 0.000000 0.109956
vt 0.141421 0.081449
vt -0.000000 0.054978
vt 0.000000 0.164934
vt -0.000000 0.329867
vt 0.500100 -0.039270
vt 0.600100 -0.039270
vt 0.600100 0.000000
vt 0.500100 0.039270
vt 0.600100 0.039270
vt 0.500100 0.078540
vt 0.600100 0.078540
vt 0.500100 0.117810
vt 0.600100 0.117810
vt 0.500100 0.157080
vt 0.600100 0.157080
vt 0.500100 0.196350
vt 0.600100 0.196350
vt 0.500100 0.235619
vt 0.600100 0.235619
vt 0.600100 0.274889
vt 0.500100 0.314159
vt 0.600100 0.314159
vt 0.500100 0.353429
vt 0.600100 0.353429
vt 0.500100 0.392699
vt 0.600100 0.392699
vt 0.500100 -0.392699
vt 0.600100 -0.392699
vt 0.500100 -0.353429
vt 0.600100 -0.353429
vt 0.500100 -0.314159
vt 0.600100 -0.314159
vt 0.600100 -0.274889
vt 0.500100 -0.235619
vt 0.600100 -0.235619
vt 0.500100 -0.196350
vt 0.600100 -0.196350
vt 0.500100 -0.157080
vt 0.600100 -0.157080
vt 0.500100 -0.117810
vt 0.600100 -0.117810
vt 0.500100 -0.078540
vt 0.600100 -0.078540
vt -0.000000 0.128520
vt -0.200000 0.128520
vt -0.200000 0.000000
vt -0.000000 -0.128520
vt -0.200000 -0.128520
vt -0.000000 -0.257039
vt -0.200000 -0.257039
vt -0.000000 -0.385559
vt -0.200000 -0.385559
vt -0.000000 -0.514079
vt -0.200000 -0.514079
vt -0.000000 -0.642598
vt -0.200000 -0.642598
vt -0.000000 -0.771118
vt -0.200000 -0.771118
vt -0.000000 -0.899638
vt -0.200000 -0.899638
vt -0.000000 -1.028158
vt -0.200000 -1.028158
vt -0.000000 -1.156677
vt -0.200000 -1.156677
vt -0.000000 -1.285197
vt -0.200000 -1.285197
vt -0.000000 -1.413717
vt -0.200000 -1.413717
vt -0.000000 -1.542236
vt -0.200000 -1.542236
vt -0.000000 -1.670756
vt -0.200000 -1.670756
vt -0.000000 -1.799276
vt -0.200000 -1.799276
vt -0.000000 -1.927795
vt -0.200000 -1.927795
vt -0.000000 -2.056315
vt -0.200000 -2.056315
vt -0.000000 -2.184835
vt -0.200000 -2.184835
vt -0.000000 -2.313355
vt -0.200000 -2.313355
vt -0.000000 -2.441874
vt -0.200000 -2.441874
vt -0.000000 -2.570394
vt -0.200000 -2.570394
vt -0.000000 -2.698914
vt -0.200000 -2.698914
vt -0.000000 -2.827433
vt -0.200000 -2.827433
vt -0.000000 -2.955953
vt -0.200000 -2.955953
vt -0.000000 -3.084473
vt -0.200000 -3.084473
vt -0.000000 -3.212992
vt -0.200000 -3.212992
vt -0.000000 -3.341512
vt -0.200000 -3.341512
vt -0.000000 -3.470032
vt -0.200000 -3.470032
vt -0.000000 -3.598552
vt -0.200000 -3.598552
vt -0.000000 -3.727071
vt -0.200000 -3.727071
vt -0.000000 -3.855591
vt -0.200000 -3.855591
vt -0.000000 -3.984111
vt -0.200000 -3.984111
vt -0.000000 -4.112630
vt -0.200000 -4.112630
vt 0.000000 -4.241150
vt -0.200000 -4.241150
vt 0.000000 4.241150
vt -0.200000 4.241150
vt 0.000000 4.112630
vt -0.200000 4.112630
vt 0.000000 3.984111
vt -0.200000 3.984111
vt 0.000000 3.855591
vt -0.200000 3.855591
vt -0.000000 3.727071
vt -0.200000 3.727071
vt 0.000000 3.598552
vt -0.200000 3.598552
vt 0.000000 3.470032
vt -0.200000 3.470032
vt 0.000000 3.341512
vt -0.200000 3.341512
vt 0.000000 3.212992
vt -0.200000 3.212992
vt 0.000000 3.084473
vt -0.200000 3.084473
vt 0.000000 2.955953
vt -0.200000 2.955953
vt 0.000000 2.827433
vt -0.200000 2.827433
vt 0.000000 2.698914
vt -0.200000 2.698914
vt 0.000000 2.570394
vt -0.200000 2.570394
vt 0.000000 2.441874
vt -0.200000 2.441874
vt 0.000000 2.313355
vt -0.200000 2.313355
vt 0.000000 2.184835
vt -0.200000 2.184835
vt -0.000000 2.056315
vt -0.200000 2.056315
vt -0.000000 1.927795
vt -0.200000 1.927795
vt -0.000000 1.799276
vt -0.200000 1.799276
vt -0.000000 1.670756
vt -0.200000 1.670756
vt -0.000000 1.542236
vt -0.200000 1.542236
vt -0.000000 1.413717
vt -0.200000 1.413717
vt -0.000000 1.285197
vt -0.200000 1.285197
vt -0.000000 1.156677
vt -0.200000 1.156677
vt -0.000000 1.028158
vt -0.200000 1.028158
vt -0.000000 0.899638
vt -0.200000 0.899638
vt -0.000000 0.771118
vt -0.200000 0.771118
vt -0.000000 0.642598
vt -0.200000 0.642598
vt -0.000000 0.514079
vt -0.200000 0.514079
vt -0.000000 0.385559
vt -0.200000 0.385559
vt -0.000000 0.257039
vt -0.200000 0.257039
vt -0.000000 0.078540
vt -0.500000 0.078540
vt -0.000000 -0.078540
vt -0.500000 -0.078540
vt -0.500000 -0.157080
vt -0.000000 -0.235619
vt -0.500000 -0.235619
vt -0.000000 -0.314159
vt -0.500000 -0.314159
vt -0.500000 -0.392699
vt -0.500000 -0.471239
vt -0.500000 -0.549779
vt -0.500000 -0.628319
vt -0.000000 -0.706858
vt -0.500000 -0.706858
vt -0.500000 -0.785398
vt -0.000000 -0.863938
vt -0.500000 -0.863938
vt -0.500000 -0.942478
vt -0.000000 -1.021018
vt -0.500000 -1.021018
vt -0.500000 -1.099557
vt -0.500000 -1.256637
vt -0.000000 -1.335177
vt -0.500000 -1.335177
vt -0.500000 -1.413717
vt -0.000000 -1.492257
vt -0.500000 -1.492257
vt -0.500000 -1.570796
vt 0.000000 1.570796
vt -0.500000 1.570796
vt 0.000000 1.492257
vt -0.500000 1.492257
vt -0.500000 1.413717
vt 0.000000 1.335177
vt -0.500000 1.335177
vt -0.500000 1.256637
vt -0.500000 1.178097
vt -0.500000 1.099557
vt 0.000000 1.021018
vt -0.500000 1.021018
vt -0.500000 0.942478
vt 0.000000 0.863938
vt -0.500000 0.863938
vt -0.500000 0.785398
vt -0.000000 0.706858
vt -0.500000 0.706858
vt -0.000000 0.628319
vt -0.500000 0.628319
vt -0.500000 0.549779
vt -0.500000 0.471239
vt -0.000000 0.392699
vt -0.500000 0.392699
vt -0.000000 0.314159
vt -0.500000 0.314159
vt -0.000000 0.235619
vt -0.500000 0.235619
vt -0.000000 0.157080
vt -0.500000 0.157080
vt 0.493844 0.078217
vt 0.150000 0.193649
vt 0.150000 -0.193649
vt 0.493844 -0.078217
vt 0.475528 -0.154508
vt 0.445503 -0.226995
vt 0.404508 -0.293893
vt 0.144619 -0.226009
vt 0.353553 -0.353553
vt 0.293893 -0.404508
vt 0.129057 -0.254886
vt 0.226995 -0.445503
vt 0.104987 -0.277174
vt 0.154508 -0.475528
vt 0.075000 -0.290474
vt 0.078217 -0.493844
vt 0.015015 -0.299624
vt -0.045584 -0.296517
vt -0.078217 -0.493844
vt -0.154508 -0.475528
vt -0.104318 -0.281279
vt -0.226995 -0.445503
vt -0.158785 -0.254534
vt -0.293893 -0.404508
vt -0.206755 -0.217376
vt -0.353553 -0.353553
vt -0.246268 -0.171325
vt -0.404508 -0.293893
vt -0.445503 -0.226995
vt -0.275705 -0.118265
vt -0.475528 -0.154508
vt -0.293864 -0.060368
vt -0.493844 -0.078217
vt -0.300000 0.000000
vt -0.493844 0.078217
vt -0.293864 0.060368
vt -0.475528 0.154508
vt -0.275705 0.118265
vt -0.445503 0.226995
vt -0.246268 0.171325
vt -0.404508 0.293893
vt -0.353553 0.353553
vt -0.206755 0.217376
vt -0.293893 0.404508
vt -0.158785 0.254534
vt -0.226995 0.445503
vt -0.104318 0.281279
vt -0.154508 0.475528
vt -0.045584 0.296517
vt -0.078217 0.493844
vt -0.000000 0.500000
vt 0.015015 0.299624
vt 0.078217 0.493844
vt 0.075000 0.290474
vt 0.154508 0.475528
vt 0.104987 0.277174
vt 0.226995 0.445503
vt 0.129057 0.254886
vt 0.293893 0.404508
vt 0.144619 0.226009
vt 0.353553 0.353553
vt 0.404508 0.293893
vt 0.445503 0.226995
vt 0.475528 0.154508
vt 0.500000 -0.395435
vt -0.200000 -0.395435
vt 0.500000 -0.456217
vt -0.200000 -0.456217
vt 0.500000 -0.517000
vt -0.200000 -0.517000
vt 0.500000 -0.577782
vt -0.200000 -0.577782
vt 0.500000 -0.638565
vt -0.200000 -0.638565
vt 0.500000 -0.699348
vt -0.200000 -0.699348
vt 0.500000 -0.760130
vt -0.200000 -0.760130
vt 0.500000 -0.820913
vt -0.200000 -0.820913
vt 0.500000 -0.881695
vt -0.200000 -0.881695
vt 0.500000 -0.942478
vt -0.200000 -0.942478
vt 0.500000 0.942478
vt -0.200000 0.942478
vt 0.500000 0.881695
vt -0.200000 0.881695
vt 0.500000 0.820913
vt -0.200000 0.820913
vt 0.500000 0.760130
vt -0.200000 0.760130
vt 0.500000 0.699348
vt -0.200000 0.699348
vt 0.500000 0.638565
vt -0.200000 0.638565
vt 0.500000 0.577782
vt -0.200000 0.577782
vt 0.500000 0.517000
vt -0.200000 0.517000
vt 0.500000 0.456217
vt -0.200000 0.456217
vt 0.500000 0.395435
vt -0.200000 0.395435
vt 0.066158 -0.500000
vt 0.453457 -0.500000
vt 0.066158 0.200000
vt 0.453457 0.200000
vt -1.343887 -0.128326
vt -1.123479 -0.026121
vt -1.350000 0.000000
vt -1.123479 0.026121
vt -1.343887 0.128326
vt -1.111431 0.076955
vt -1.087985 0.123640
vt -1.325604 -0.255489
vt -1.087985 -0.123640
vt -1.111431 -0.076955
vt -1.054404 -0.163659
vt -1.295316 -0.380339
vt -1.012500 -0.194856
vt -1.253297 -0.501744
vt -0.964531 -0.215548
vt -1.199928 -0.618606
vt -0.913083 -0.224619
vt -1.135692 -0.729865
vt -0.860929 -0.221582
vt -1.061172 -0.834515
vt -0.810882 -0.206599
vt -0.977041 -0.931607
vt -0.211431 -0.823045
vt -0.884062 -1.020262
vt -0.223479 -0.873879
vt -0.783077 -1.099678
vt -0.675000 -1.169134
vt -0.223479 -0.926121
vt -0.560810 -1.228003
vt -0.211431 -0.976955
vt -0.441542 -1.275751
vt -0.187985 -1.023640
vt -0.318275 -1.311946
vt -0.154404 -1.063659
vt -0.192125 -1.336259
vt -0.112500 -1.094856
vt -0.064531 -1.115548
vt -0.064236 -1.348471
vt -0.013083 -1.124619
vt 0.064236 -1.348471
vt 0.039071 -1.121582
vt 0.089118 -1.106599
vt 0.192125 -1.336259
vt 0.134361 -1.080478
vt 0.318275 -1.311946
vt 0.172360 -1.044627
vt 0.441542 -1.275751
vt 0.201067 -1.000980
vt 0.560810 -1.228003
vt 0.218935 -0.951889
vt 0.675000 -1.169134
vt 0.225000 -0.900000
vt 0.783077 -1.099678
vt 0.218935 -0.848111
vt 0.884062 -1.020262
vt 0.201067 -0.799020
vt 0.977041 -0.931607
vt 0.835469 -0.215548
vt 1.061172 -0.834515
vt 0.886917 -0.224619
vt 1.135692 -0.729865
vt 1.199928 -0.618606
vt 0.939071 -0.221582
vt 1.253297 -0.501744
vt 0.989118 -0.206599
vt 1.295316 -0.380339
vt 1.034361 -0.180478
vt 1.072360 -0.144627
vt 1.325604 -0.255489
vt 1.101067 -0.100980
vt 1.343887 -0.128326
vt 1.118935 -0.051889
vt 1.350000 0.000000
vt 1.125000 0.000000
vt 1.118935 0.051889
vt 1.343887 0.128326
vt 1.101067 0.100980
vt 1.325604 0.255489
vt 1.072360 0.144627
vt 1.295316 0.380339
vt 1.034361 0.180478
vt 0.989118 0.206599
vt 1.253297 0.501744
vt 0.939071 0.221582
vt 1.199928 0.618606
vt 0.886917 0.224619
vt 1.135692 0.729865
vt 1.061172 0.834515
vt 0.835469 0.215548
vt 0.977041 0.931607
vt 0.201067 0.799020
vt 0.884062 1.020262
vt 0.218935 0.848111
vt 0.783077 1.099678
vt 0.225000 0.900000
vt 0.675000 1.169134
vt 0.218935 0.951889
vt 0.560810 1.228003
vt 0.201067 1.000980
vt 0.441542 1.275751
vt 0.172360 1.044627
vt 0.318275 1.311946
vt 0.134361 1.080478
vt 0.192125 1.336259
vt 0.089118 1.106599
vt 0.064236 1.348471
vt 0.039071 1.121582
vt -0.013083 1.124619
vt -0.064236 1.348471
vt -0.064531 1.115548
vt -0.192125 1.336259
vt -0.112500 1.094856
vt -0.154404 1.063659
vt -0.318275 1.311946
vt -0.187985 1.023640
vt -0.441542 1.275751
vt -0.211431 0.976955
vt -0.560810 1.228003
vt -0.223479 0.926121
vt -0.675000 1.169134
vt -0.223479 0.873879
vt -0.783077 1.099678
vt -0.884062 1.020262
vt -0.211431 0.823045
vt -0.977041 0.931607
vt -0.810882 0.206599
vt -1.061172 0.834515
vt -0.860929 0.221582
vt -1.135692 0.729865
vt -0.913083 0.224619
vt -1.199928 0.618606
vt -0.964531 0.215548
vt -1.253297 0.501744
vt -1.012500 0.194856
vt -1.295316 0.380339
vt -1.054404 0.163659
vt -1.325604 0.255489
vt -0.150000 0.193649
vt -0.675000 0.000000
vt -0.150000 -0.193649
vt -0.681065 -0.051889
vt -0.698933 -0.100980
vt -0.144619 0.226009
vt -0.698933 0.100980
vt -0.681065 0.051889
vt -0.727640 0.144627
vt -0.129057 0.254886
vt -0.765639 0.180478
vt -0.154404 0.736341
vt -0.187985 0.776360
vt -0.104987 0.277174
vt -0.112500 0.705144
vt -0.075000 0.290474
vt -0.064531 0.684452
vt -0.015015 0.299624
vt -0.013083 0.675381
vt 0.039071 0.678418
vt 0.045584 0.296517
vt 0.089118 0.693401
vt 0.104318 0.281279
vt 0.134361 0.719522
vt 0.158785 0.254534
vt 0.172360 0.755373
vt 0.206755 0.217376
vt 0.745596 0.163659
vt 0.246268 0.171325
vt 0.712015 0.123640
vt 0.275705 0.118265
vt 0.688569 0.076955
vt 0.293864 0.060368
vt 0.676521 0.026121
vt 0.300000 0.000000
vt 0.676521 -0.026121
vt 0.293864 -0.060368
vt 0.688569 -0.076955
vt 0.275705 -0.118265
vt 0.712015 -0.123640
vt 0.246268 -0.171325
vt 0.745596 -0.163659
vt 0.206755 -0.217376
vt 0.172360 -0.755373
vt 0.158785 -0.254534
vt 0.134361 -0.719522
vt 0.104318 -0.281279
vt 0.089118 -0.693401
vt 0.045584 -0.296517
vt 0.039071 -0.678418
vt -0.015015 -0.299624
vt -0.013083 -0.675381
vt -0.064531 -0.684452
vt -0.075000 -0.290474
vt -0.112500 -0.705144
vt -0.104987 -0.277174
vt -0.154404 -0.736341
vt -0.129057 -0.254886
vt -0.765639 -0.180478
vt -0.727640 -0.144627
vt -0.144619 -0.226009
vt 0.787500 -0.194856
vt 0.787500 0.194856
vt -0.187985 -0.776360
vt 1.018882 0.038627
vt 1.025000 -0.000000
vt 1.018882 -0.038627
vt 1.001127 0.073473
vt 0.973473 0.101127
vt 0.938627 0.118882
vt 0.900000 0.125000
vt 0.861373 0.118882
vt 0.118882 0.861373
vt 0.125000 0.900000
vt 0.118882 0.938627
vt 0.101127 0.973473
vt 0.073473 1.001127
vt 0.038627 1.018882
vt 0.000000 1.025000
vt -0.038627 1.018882
vt -0.073473 1.001127
vt -0.101127 0.973473
vt -0.118882 0.938627
vt -0.125000 0.900000
vt -0.118882 0.861373
vt -0.861373 0.118882
vt -0.900000 0.125000
vt -0.938627 0.118882
vt -0.973473 0.101127
vt -1.001127 0.073473
vt -1.018882 0.038627
vt -1.025000 0.000000
vt -1.018882 -0.038627
vt -1.001127 -0.073473
vt -0.973473 -0.101127
vt -0.938627 -0.118882
vt -0.900000 -0.125000
vt -0.861373 -0.118882
vt -0.118882 -0.861373
vt -0.125000 -0.900000
vt -0.118882 -0.938627
vt -0.101127 -0.973473
vt -0.073473 -1.001127
vt -0.038627 -1.018882
vt -0.000000 -1.025000
vt 0.038627 -1.018882
vt 0.073473 -1.001127
vt 0.101127 -0.973473
vt 0.118882 -0.938627
vt 0.125000 -0.900000
vt 0.118882 -0.861373
vt 0.861373 -0.118882
vt 0.900000 -0.125000
vt 0.938627 -0.118882
vt 0.973473 -0.101127
vt 1.001127 -0.073473
vt -0.101127 -0.826527
vt -0.073473 -0.798873
vt -0.038627 -0.781118
vt -0.000000 -0.775000
vt 0.038627 -0.781118
vt 0.073473 -0.798873
vt 0.101127 -0.826527
vt -0.826527 0.101127
vt -0.798873 0.073473
vt -0.781118 0.038627
vt -0.775000 -0.000000
vt -0.781118 -0.038627
vt -0.798873 -0.073473
vt -0.826527 -0.101127
vt 0.101127 0.826527
vt 0.073473 0.798873
vt 0.038627 0.781118
vt 0.000000 0.775000
vt -0.038627 0.781118
vt -0.073473 0.798873
vt -0.101127 0.826527
vt 0.781118 -0.038627
vt 0.775000 0.000000
vt 0.781118 0.038627
vt 0.798873 0.073473
vt 0.826527 0.101127
vt 0.826527 -0.101127
vt 0.798873 -0.073473
vt -0.200000 0.131812
vt -0.200000 0.098859
vt 0.500000 0.131812
vt 0.500000 0.098859
vt -0.200000 0.065906
vt 0.500000 0.065906
vt -0.200000 0.032953
vt 0.500000 0.032953
vt 0.500000 -0.000000
vt 0.500000 -0.032953
vt -0.200000 -0.032953
vt -0.200000 -0.065906
vt 0.500000 -0.065906
vt -0.200000 -0.098859
vt 0.500000 -0.098859
vt -0.200000 -0.131812
vt 0.500000 -0.131812
s 1
usemtl 191,191,191.005
f 19/1/1 1/2/2 30/3/3
f 30/3/3 1/2/2 2/4/4
f 30/3/3 2/4/4 23/5/5
f 23/5/5 2/4/4 3/6/6
f 23/5/5 3/6/6 22/7/7
f 22/7/7 3/6/6 4/8/8
f 22/7/7 4/8/8 24/9/9
f 24/9/9 4/8/8 25/10/10
f 24/9/9 25/10/10 16/11/11
f 16/11/11 25/10/10 15/12/12
f 15/12/12 25/10/10 27/13/12
f 15/12/12 27/13/12 14/14/13
f 14/14/13 27/13/12 26/15/14
f 14/14/13 26/15/14 28/16/15
f 28/16/15 26/15/14 6/17/16
f 28/16/15 6/17/16 7/18/17
f 4/8/8 5/19/12 25/10/10
f 25/10/10 5/19/12 27/13/12
f 27/13/12 5/19/12 26/15/14
f 26/15/14 5/19/12 6/17/16
f 28/16/15 7/18/17 21/20/18
f 21/20/18 7/18/17 8/21/19
f 21/20/18 8/21/19 31/22/20
f 31/22/20 8/21/19 20/23/21
f 31/22/20 20/23/21 13/24/22
f 13/24/22 20/23/21 12/25/23
f 12/25/23 20/23/21 29/26/24
f 12/25/23 29/26/24 11/27/25
f 11/27/25 29/26/24 9/28/26
f 11/27/25 9/28/26 10/29/25
f 20/23/21 8/21/19 29/26/24
f 29/26/24 8/21/19 9/28/26
f 14/14/13 28/16/15 13/24/22
f 13/24/22 28/16/15 21/20/18
f 13/24/22 21/20/18 31/22/20
f 24/9/9 16/11/11 22/7/7
f 22/7/7 16/11/11 17/30/27
f 22/7/7 17/30/27 18/31/28
f 19/1/1 30/3/3 18/31/28
f 18/31/28 30/3/3 23/5/5
f 18/31/28 23/5/5 22/7/7
f 50/1/29 32/2/30 61/3/31
f 61/3/31 32/2/30 33/4/32
f 61/3/31 33/4/32 54/5/33
f 54/5/33 33/4/32 34/6/34
f 54/5/33 34/6/34 53/7/35
f 53/7/35 34/6/34 35/8/36
f 53/7/35 35/8/36 55/9/37
f 55/9/37 35/8/36 56/10/38
f 55/9/37 56/10/38 47/11/39
f 47/11/39 56/10/38 46/12/40
f 46/12/40 56/10/38 58/13/40
f 46/12/40 58/13/40 45/14/41
f 45/14/41 58/13/40 57/15/42
f 45/14/41 57/15/42 59/16/43
f 59/16/43 57/15/42 37/17/44
f 59/16/43 37/17/44 38/18/45
f 35/8/36 36/19/40 56/10/38
f 56/10/38 36/19/40 58/13/40
f 58/13/40 36/19/40 57/15/42
f 57/15/42 36/19/40 37/17/44
f 59/16/43 38/18/45 52/20/46
f 52/20/46 38/18/45 39/21/47
f 52/20/46 39/21/47 62/22/48
f 62/22/48 39/21/47 51/23/49
f 62/22/48 51/23/49 44/24/50
f 44/24/50 51/23/49 43/25/51
f 43/25/51 51/23/49 60/26/52
f 43/25/51 60/26/52 42/27/25
f 42/27/25 60/26/52 40/28/53
f 42/27/25 40/28/53 41/29/25
f 51/23/49 39/21/47 60/26/52
f 60/26/52 39/21/47 40/28/53
f 45/14/41 59/16/43 44/24/50
f 44/24/50 59/16/43 52/20/46
f 44/24/50 52/20/46 62/22/48
f 55/9/37 47/11/39 53/7/35
f 53/7/35 47/11/39 48/30/54
f 53/7/35 48/30/54 49/31/55
f 50/1/29 61/3/31 49/31/55
f 49/31/55 61/3/31 54/5/33
f 49/31/55 54/5/33 53/7/35
f 94/1/56 63/2/56 95/32/57
f 95/32/57 63/2/56 64/33/58
f 95/32/57 64/33/58 65/34/59
f 95/32/57 65/34/59 96/35/60
f 96/35/60 65/34/59 66/36/61
f 96/35/60 66/36/61 97/37/62
f 97/37/62 66/36/61 67/38/63
f 97/37/62 67/38/63 98/39/64
f 98/39/64 67/38/63 68/40/65
f 98/39/64 68/40/65 99/41/66
f 99/41/66 68/40/65 69/42/67
f 99/41/66 69/42/67 100/43/68
f 100/43/68 69/42/67 101/44/69
f 100/43/68 101/44/69 88/45/70
f 88/45/70 101/44/69 87/46/71
f 87/46/71 101/44/69 102/47/71
f 87/46/71 102/47/71 103/48/72
f 103/48/72 102/47/71 71/49/71
f 103/48/72 71/49/71 72/50/73
f 69/42/67 70/51/74 101/44/69
f 101/44/69 70/51/74 102/47/71
f 70/51/74 71/49/71 102/47/71
f 103/48/72 72/50/73 104/52/75
f 104/52/75 72/50/73 73/53/76
f 104/52/75 73/53/76 105/54/77
f 105/54/77 73/53/76 74/55/78
f 105/54/77 74/55/78 106/56/79
f 106/56/79 74/55/78 75/57/80
f 106/56/79 75/57/80 107/58/81
f 107/58/81 75/57/80 76/59/82
f 107/58/81 76/59/82 108/60/83
f 108/60/83 76/59/82 77/61/84
f 108/60/83 77/61/84 109/62/85
f 109/62/85 77/61/84 78/63/86
f 109/62/85 78/63/86 80/64/87
f 80/64/87 78/63/86 79/65/87
f 80/64/87 81/66/88 109/62/85
f 109/62/85 81/66/88 108/60/83
f 81/66/88 82/67/89 108/60/83
f 108/60/83 82/67/89 83/68/90
f 108/60/83 83/68/90 107/58/81
f 107/58/81 83/68/90 84/69/91
f 107/58/81 84/69/91 106/56/79
f 106/56/79 84/69/91 105/54/77
f 84/69/91 85/70/92 105/54/77
f 105/54/77 85/70/92 104/52/75
f 85/70/92 86/71/93 104/52/75
f 104/52/75 86/71/93 103/48/72
f 86/71/93 87/46/71 103/48/72
f 88/45/70 89/72/94 100/43/68
f 100/43/68 89/72/94 99/41/66
f 89/72/94 90/73/95 99/41/66
f 99/41/66 90/73/95 98/39/64
f 90/73/95 91/74/96 98/39/64
f 98/39/64 91/74/96 97/37/62
f 91/74/96 92/75/97 97/37/62
f 97/37/62 92/75/97 96/35/60
f 92/75/97 93/76/98 96/35/60
f 96/35/60 93/76/98 95/32/57
f 93/76/98 94/1/56 95/32/57
f 141/1/99 110/2/56 142/32/100
f 142/32/100 110/2/56 111/33/101
f 142/32/100 111/33/101 112/34/102
f 142/32/100 112/34/102 143/35/103
f 143/35/103 112/34/102 113/36/104
f 143/35/103 113/36/104 144/37/105
f 144/37/105 113/36/104 114/38/106
f 144/37/105 114/38/106 145/39/107
f 145/39/107 114/38/106 115/40/108
f 145/39/107 115/40/108 146/41/109
f 146/41/109 115/40/108 116/42/110
f 146/41/109 116/42/110 147/43/111
f 147/43/111 116/42/110 148/44/112
f 147/43/111 148/44/112 135/45/113
f 135/45/113 148/44/112 134/46/114
f 134/46/114 148/44/112 149/47/114
f 134/46/114 149/47/114 150/48/115
f 150/48/115 149/47/114 118/49/116
f 150/48/115 118/49/116 119/50/117
f 116/42/110 117/51/118 148/44/112
f 148/44/112 117/51/118 149/47/114
f 117/51/118 118/49/116 149/47/114
f 150/48/115 119/50/117 151/52/119
f 151/52/119 119/50/117 120/53/120
f 151/52/119 120/53/120 152/54/121
f 152/54/121 120/53/120 121/55/122
f 152/54/121 121/55/122 153/56/123
f 153/56/123 121/55/122 122/57/124
f 153/56/123 122/57/124 154/58/125
f 154/58/125 122/57/124 123/59/126
f 154/58/125 123/59/126 155/60/127
f 155/60/127 123/59/126 124/61/128
f 155/60/127 124/61/128 156/62/129
f 156/62/129 124/61/128 125/63/130
f 156/62/129 125/63/130 127/64/87
f 127/64/87 125/63/130 126/65/131
f 127/64/87 128/66/132 156/62/129
f 156/62/129 128/66/132 155/60/127
f 128/66/132 129/67/133 155/60/127
f 155/60/127 129/67/133 130/68/134
f 155/60/127 130/68/134 154/58/125
f 154/58/125 130/68/134 131/69/135
f 154/58/125 131/69/135 153/56/123
f 153/56/123 131/69/135 152/54/121
f 131/69/135 132/70/136 152/54/121
f 152/54/121 132/70/136 151/52/119
f 132/70/136 133/71/137 151/52/119
f 151/52/119 133/71/137 150/48/115
f 133/71/137 134/46/114 150/48/115
f 135/45/113 136/72/138 147/43/111
f 147/43/111 136/72/138 146/41/109
f 136/72/138 137/73/139 146/41/109
f 146/41/109 137/73/139 145/39/107
f 137/73/139 138/74/140 145/39/107
f 145/39/107 138/74/140 144/37/105
f 138/74/140 139/75/141 144/37/105
f 144/37/105 139/75/141 143/35/103
f 139/75/141 140/76/142 143/35/103
f 143/35/103 140/76/142 142/32/100
f 140/76/142 141/1/99 142/32/100
f 157/77/143 158/78/144 190/79/143
f 190/79/143 158/78/144 189/80/145
f 189/80/145 158/78/144 159/81/146
f 189/80/145 159/81/146 188/82/147
f 188/82/147 159/81/146 160/83/148
f 188/82/147 160/83/148 187/84/148
f 187/84/148 160/83/148 186/85/149
f 186/85/149 160/83/148 161/86/150
f 186/85/149 161/86/150 185/87/151
f 185/87/151 161/86/150 162/88/152
f 185/87/151 162/88/152 184/89/153
f 184/89/153 162/88/152 163/90/154
f 184/89/153 163/90/154 183/91/155
f 183/91/155 163/90/154 164/92/156
f 183/91/155 164/92/156 182/93/131
f 182/93/131 164/92/156 165/94/87
f 182/93/131 165/94/87 166/95/157
f 182/93/131 166/95/157 181/96/158
f 181/96/158 166/95/157 167/97/159
f 181/96/158 167/97/159 180/98/160
f 180/98/160 167/97/159 168/99/161
f 180/98/160 168/99/161 179/100/162
f 179/100/162 168/99/161 169/101/163
f 179/100/162 169/101/163 178/102/164
f 178/102/164 169/101/163 170/103/165
f 178/102/164 170/103/165 177/104/165
f 177/104/165 170/103/165 176/105/166
f 176/105/166 170/103/165 171/106/167
f 176/105/166 171/106/167 172/107/168
f 176/105/166 172/107/168 175/108/169
f 175/108/169 172/107/168 173/109/170
f 175/108/169 173/109/170 174/110/170
f 206/111/171 191/112/25 215/113/25
f 215/114/25 191/115/25 192/116/172
f 215/114/25 192/116/172 214/117/172
f 214/117/172 192/116/172 193/118/173
f 214/117/172 193/118/173 213/119/173
f 213/119/173 193/118/173 194/120/174
f 213/119/173 194/120/174 212/121/175
f 212/121/175 194/120/174 195/122/176
f 212/121/175 195/122/176 211/123/176
f 211/123/176 195/122/176 210/124/177
f 210/124/177 195/122/176 196/125/177
f 210/124/177 196/125/177 209/126/178
f 209/126/178 196/125/177 197/127/178
f 209/126/178 197/127/178 208/128/179
f 208/128/179 197/127/178 198/129/180
f 208/128/179 198/129/180 207/93/87
f 207/93/87 198/129/180 199/94/87
f 207/93/87 199/94/87 200/130/181
f 207/93/87 200/130/181 222/131/181
f 222/131/181 200/130/181 201/132/182
f 222/131/181 201/132/182 221/133/182
f 221/133/182 201/132/182 202/134/183
f 221/133/182 202/134/183 220/135/184
f 220/135/184 202/134/183 203/136/185
f 220/135/184 203/136/185 219/137/185
f 219/137/185 203/136/185 218/138/186
f 218/138/186 203/136/185 204/139/187
f 218/138/186 204/139/187 217/140/188
f 217/140/188 204/139/187 205/141/188
f 217/140/188 205/141/188 216/142/189
f 216/142/189 205/141/188 206/111/171
f 216/142/189 206/111/171 215/113/25
f 224/143/181 246/144/181 223/145/87
f 223/145/87 246/144/181 247/146/87
f 223/145/87 247/146/87 248/147/179
f 246/144/181 224/143/181 245/148/182
f 245/148/182 224/143/181 225/149/190
f 245/148/182 225/149/190 244/150/184
f 244/150/184 225/149/190 226/151/191
f 244/150/184 226/151/191 243/152/185
f 243/152/185 226/151/191 227/153/185
f 243/152/185 227/153/185 228/154/187
f 243/152/185 228/154/187 242/155/187
f 242/155/187 228/154/187 229/156/188
f 242/155/187 229/156/188 241/157/188
f 241/157/188 229/156/188 230/158/189
f 241/157/188 230/158/189 240/159/171
f 240/159/171 230/158/189 231/160/25
f 240/159/171 231/160/25 239/161/25
f 239/162/25 231/163/25 254/164/192
f 254/164/192 231/163/25 232/165/172
f 254/164/192 232/165/172 253/166/173
f 253/166/173 232/165/172 233/167/173
f 253/166/173 233/167/173 252/168/174
f 252/168/174 233/167/173 234/169/174
f 252/168/174 234/169/174 251/170/176
f 251/170/176 234/169/174 235/171/176
f 251/170/176 235/171/176 236/172/177
f 251/170/176 236/172/177 250/173/177
f 250/173/177 236/172/177 237/174/178
f 250/173/177 237/174/178 249/175/178
f 249/175/178 237/174/178 238/176/179
f 249/175/178 238/176/179 248/147/179
f 248/147/179 238/176/179 223/145/87
f 270/177/171 255/178/25 279/179/25
f 279/180/25 255/181/25 256/182/172
f 279/180/25 256/182/172 278/183/172
f 278/183/172 256/182/172 257/184/173
f 278/183/172 257/184/173 277/185/173
f 277/185/173 257/184/173 258/186/174
f 277/185/173 258/186/174 276/187/174
f 276/187/174 258/186/174 259/188/176
f 276/187/174 259/188/176 275/189/176
f 275/189/176 259/188/176 274/190/193
f 274/190/193 259/188/176 260/191/194
f 274/190/193 260/191/194 273/192/178
f 273/192/178 260/191/194 261/193/178
f 273/192/178 261/193/178 272/194/195
f 272/194/195 261/193/178 262/195/180
f 272/194/195 262/195/180 271/196/87
f 271/196/87 262/195/180 263/2/87
f 271/196/87 263/2/87 264/197/196
f 271/196/87 264/197/196 286/198/181
f 286/198/181 264/197/196 265/199/197
f 286/198/181 265/199/197 285/200/182
f 285/200/182 265/199/197 266/201/183
f 285/200/182 266/201/183 284/202/183
f 284/202/183 266/201/183 267/203/185
f 284/202/183 267/203/185 283/204/185
f 283/204/185 267/203/185 282/205/186
f 282/205/186 267/203/185 268/206/187
f 282/205/186 268/206/187 281/207/188
f 281/207/188 268/206/187 269/208/188
f 281/207/188 269/208/188 280/209/189
f 280/209/189 269/208/188 270/177/171
f 280/209/189 270/177/171 279/179/25
f 288/210/181 310/211/181 287/212/87
f 287/212/87 310/211/181 311/213/87
f 287/212/87 311/213/87 312/214/179
f 310/211/181 288/210/181 309/215/182
f 309/215/182 288/210/181 289/216/182
f 309/215/182 289/216/182 308/217/184
f 308/217/184 289/216/182 290/218/184
f 308/217/184 290/218/184 307/219/185
f 307/219/185 290/218/184 291/220/185
f 307/219/185 291/220/185 292/221/187
f 307/219/185 292/221/187 306/222/187
f 306/222/187 292/221/187 293/223/188
f 306/222/187 293/223/188 305/224/188
f 305/224/188 293/223/188 294/225/171
f 305/224/188 294/225/171 304/226/171
f 304/226/171 294/225/171 295/227/25
f 304/226/171 295/227/25 303/228/25
f 303/229/25 295/230/25 318/231/192
f 318/231/192 295/230/25 296/232/198
f 318/231/192 296/232/198 317/233/173
f 317/233/173 296/232/198 297/234/173
f 317/233/173 297/234/173 316/235/174
f 316/235/174 297/234/173 298/236/174
f 316/235/174 298/236/174 315/237/176
f 315/237/176 298/236/174 299/238/176
f 315/237/176 299/238/176 300/239/177
f 315/237/176 300/239/177 314/240/177
f 314/240/177 300/239/177 301/241/178
f 314/240/177 301/241/178 313/242/178
f 313/242/178 301/241/178 302/243/179
f 313/242/178 302/243/179 312/214/179
f 312/214/179 302/243/179 287/212/87
f 334/177/171 319/178/25 343/179/25
f 343/180/25 319/181/25 320/182/199
f 343/180/25 320/182/199 342/183/172
f 342/183/172 320/182/199 321/184/173
f 342/183/172 321/184/173 341/185/200
f 341/185/200 321/184/173 322/186/174
f 341/185/200 322/186/174 340/187/174
f 340/187/174 322/186/174 323/188/176
f 340/187/174 323/188/176 339/189/176
f 339/189/176 323/188/176 338/190/177
f 338/190/177 323/188/176 324/191/177
f 338/190/177 324/191/177 337/192/178
f 337/192/178 324/191/177 325/193/178
f 337/192/178 325/193/178 336/194/195
f 336/194/195 325/193/178 326/195/179
f 336/194/195 326/195/179 335/196/87
f 335/196/87 326/195/179 327/2/87
f 335/196/87 327/2/87 328/197/181
f 335/196/87 328/197/181 350/198/181
f 350/198/181 328/197/181 329/199/182
f 350/198/181 329/199/182 349/200/182
f 349/200/182 329/199/182 330/201/184
f 349/200/182 330/201/184 348/202/184
f 348/202/184 330/201/184 331/203/185
f 348/202/184 331/203/185 347/204/185
f 347/204/185 331/203/185 346/205/186
f 346/205/186 331/203/185 332/206/187
f 346/205/186 332/206/187 345/207/188
f 345/207/188 332/206/187 333/208/188
f 345/207/188 333/208/188 344/209/171
f 344/209/171 333/208/188 334/177/171
f 344/209/171 334/177/171 343/179/25
f 352/210/181 374/211/181 351/212/87
f 351/212/87 374/211/181 375/213/87
f 351/212/87 375/213/87 376/214/179
f 374/211/181 352/210/181 373/215/197
f 373/215/197 352/210/181 353/216/182
f 373/215/197 353/216/182 372/217/184
f 372/217/184 353/216/182 354/218/184
f 372/217/184 354/218/184 371/219/185
f 371/219/185 354/218/184 355/220/185
f 371/219/185 355/220/185 356/221/187
f 371/219/185 356/221/187 370/222/187
f 370/222/187 356/221/187 357/223/188
f 370/222/187 357/223/188 369/224/188
f 369/224/188 357/223/188 358/225/171
f 369/224/188 358/225/171 368/226/171
f 368/226/171 358/225/171 359/227/25
f 368/226/171 359/227/25 367/228/25
f 367/229/25 359/230/25 382/231/172
f 382/231/172 359/230/25 360/232/172
f 382/231/172 360/232/172 381/233/173
f 381/233/173 360/232/172 361/234/173
f 381/233/173 361/234/173 380/235/174
f 380/235/174 361/234/173 362/236/174
f 380/235/174 362/236/174 379/237/176
f 379/237/176 362/236/174 363/238/176
f 379/237/176 363/238/176 364/239/177
f 379/237/176 364/239/177 378/240/177
f 378/240/177 364/239/177 365/241/178
f 378/240/177 365/241/178 377/242/201
f 377/242/201 365/241/178 366/243/179
f 377/242/201 366/243/179 376/214/179
f 376/214/179 366/243/179 351/212/87
f 398/177/202 383/178/87 407/179/87
f 407/180/87 383/181/87 384/182/203
f 407/180/87 384/182/203 406/183/204
f 406/183/204 384/182/203 385/184/205
f 406/183/204 385/184/205 405/185/206
f 405/185/206 385/184/205 386/186/207
f 405/185/206 386/186/207 404/187/208
f 404/187/208 386/186/207 387/188/143
f 404/187/208 387/188/143 403/189/143
f 403/189/143 387/188/143 402/190/209
f 402/190/209 387/188/143 388/191/209
f 402/190/209 388/191/209 401/192/210
f 401/192/210 388/191/209 389/193/211
f 401/192/210 389/193/211 400/194/212
f 400/194/212 389/193/211 390/195/212
f 400/194/212 390/195/212 399/196/25
f 399/196/25 390/195/212 391/2/25
f 399/196/25 391/2/25 392/197/213
f 399/196/25 392/197/213 414/198/214
f 414/198/214 392/197/213 393/199/215
f 414/198/214 393/199/215 413/200/216
f 413/200/216 393/199/215 394/201/217
f 413/200/216 394/201/217 412/202/217
f 412/202/217 394/201/217 395/203/170
f 412/202/217 395/203/170 411/204/170
f 411/204/170 395/203/170 410/205/218
f 410/205/218 395/203/170 396/206/218
f 410/205/218 396/206/218 409/207/219
f 409/207/219 396/206/218 397/208/220
f 409/207/219 397/208/220 408/209/221
f 408/209/221 397/208/220 398/177/202
f 408/209/221 398/177/202 407/179/87
f 416/210/214 438/211/214 415/212/25
f 415/212/25 438/211/214 439/213/25
f 415/212/25 439/213/25 440/214/212
f 438/211/214 416/210/214 437/215/222
f 437/215/222 416/210/214 417/216/216
f 437/215/222 417/216/216 436/217/223
f 436/217/223 417/216/216 418/218/217
f 436/217/223 418/218/217 435/219/170
f 435/219/170 418/218/217 419/220/170
f 435/219/170 419/220/170 420/221/218
f 435/219/170 420/221/218 434/222/224
f 434/222/224 420/221/218 421/223/225
f 434/222/224 421/223/225 433/224/220
f 433/224/220 421/223/225 422/225/221
f 433/224/220 422/225/221 432/226/221
f 432/226/221 422/225/221 423/227/87
f 432/226/221 423/227/87 431/228/87
f 431/229/87 423/230/87 446/231/203
f 446/231/203 423/230/87 424/232/204
f 446/231/203 424/232/204 445/233/205
f 445/233/205 424/232/204 425/234/206
f 445/233/205 425/234/206 444/235/208
f 444/235/208 425/234/206 426/236/207
f 444/235/208 426/236/207 443/237/143
f 443/237/143 426/236/207 427/238/143
f 443/237/143 427/238/143 428/239/209
f 443/237/143 428/239/209 442/240/226
f 442/240/226 428/239/209 429/241/227
f 442/240/226 429/241/227 441/242/210
f 441/242/210 429/241/227 430/243/212
f 441/242/210 430/243/212 440/214/212
f 440/214/212 430/243/212 415/212/25
f 462/177/202 447/178/87 471/179/87
f 471/180/87 447/181/87 448/182/203
f 471/180/87 448/182/203 470/183/204
f 470/183/204 448/182/203 449/184/205
f 470/183/204 449/184/205 469/185/228
f 469/185/228 449/184/205 450/186/208
f 469/185/228 450/186/208 468/187/207
f 468/187/207 450/186/208 451/188/143
f 468/187/207 451/188/143 467/189/143
f 467/189/143 451/188/143 466/190/209
f 466/190/209 451/188/143 452/191/226
f 466/190/209 452/191/226 465/192/210
f 465/192/210 452/191/226 453/193/211
f 465/192/210 453/193/211 464/194/212
f 464/194/212 453/193/211 454/195/229
f 464/194/212 454/195/229 463/196/25
f 463/196/25 454/195/229 455/2/25
f 463/196/25 455/2/25 456/197/213
f 463/196/25 456/197/213 478/198/214
f 478/198/214 456/197/213 457/199/222
f 478/198/214 457/199/222 477/200/215
f 477/200/215 457/199/222 458/201/217
f 477/200/215 458/201/217 476/202/223
f 476/202/223 458/201/217 459/203/170
f 476/202/223 459/203/170 475/204/170
f 475/204/170 459/203/170 474/205/218
f 474/205/218 459/203/170 460/206/218
f 474/205/218 460/206/218 473/207/219
f 473/207/219 460/206/218 461/208/220
f 473/207/219 461/208/220 472/209/221
f 472/209/221 461/208/220 462/177/202
f 472/209/221 462/177/202 471/179/87
f 480/210/214 502/211/213 479/212/25
f 479/212/25 502/211/213 503/213/25
f 479/212/25 503/213/25 504/214/229
f 502/211/213 480/210/214 501/215/222
f 501/215/222 480/210/214 481/216/215
f 501/215/222 481/216/215 500/217/217
f 500/217/217 481/216/215 482/218/223
f 500/217/217 482/218/223 499/219/170
f 499/219/170 482/218/223 483/220/170
f 499/219/170 483/220/170 484/221/218
f 499/219/170 484/221/218 498/222/218
f 498/222/218 484/221/218 485/223/225
f 498/222/218 485/223/225 497/224/220
f 497/224/220 485/223/225 486/225/221
f 497/224/220 486/225/221 496/226/221
f 496/226/221 486/225/221 487/227/87
f 496/226/221 487/227/87 495/228/87
f 495/229/87 487/230/87 510/231/203
f 510/231/203 487/230/87 488/232/204
f 510/231/203 488/232/204 509/233/205
f 509/233/205 488/232/204 489/234/206
f 509/233/205 489/234/206 508/235/207
f 508/235/207 489/234/206 490/236/207
f 508/235/207 490/236/207 507/237/143
f 507/237/143 490/236/207 491/238/143
f 507/237/143 491/238/143 492/239/209
f 507/237/143 492/239/209 506/240/226
f 506/240/226 492/239/209 493/241/210
f 506/240/226 493/241/210 505/242/211
f 505/242/211 493/241/210 494/243/212
f 505/242/211 494/243/212 504/214/229
f 504/214/229 494/243/212 479/212/25
f 602/244/230 511/245/231 758/246/232
f 758/246/232 511/245/231 512/247/233
f 758/246/232 512/247/233 513/248/234
f 513/248/234 514/249/235 758/246/232
f 758/246/232 514/249/235 759/250/236
f 758/246/232 759/250/236 614/251/237
f 614/251/237 759/250/236 613/252/238
f 613/252/238 759/250/236 612/253/239
f 612/253/239 759/250/236 611/254/240
f 611/254/240 759/250/236 760/255/241
f 611/254/240 760/255/241 610/256/242
f 610/256/242 760/255/241 134/257/243
f 610/256/242 134/257/243 133/258/244
f 514/249/235 515/259/245 759/250/236
f 759/250/236 515/259/245 516/260/246
f 759/250/236 516/260/246 517/261/247
f 759/250/236 517/261/247 760/255/241
f 760/255/241 517/261/247 518/262/248
f 760/255/241 518/262/248 519/263/249
f 760/255/241 519/263/249 761/264/250
f 761/264/250 519/263/249 520/265/251
f 761/264/250 520/265/251 521/266/252
f 761/264/250 521/266/252 762/267/253
f 762/267/253 521/266/252 522/268/254
f 762/267/253 522/268/254 523/269/255
f 524/270/170 213/271/256 523/269/255
f 523/269/255 213/271/256 212/272/257
f 523/269/255 212/272/257 211/273/258
f 525/274/259 217/275/260 524/270/170
f 524/270/170 217/275/260 216/276/261
f 524/270/170 216/276/261 215/277/170
f 526/278/262 765/279/263 525/274/259
f 525/274/259 765/279/263 219/280/264
f 525/274/259 219/280/264 218/281/265
f 526/278/262 527/282/266 765/279/263
f 765/279/263 527/282/266 766/283/267
f 765/279/263 766/283/267 91/284/268
f 91/284/268 766/283/267 92/285/269
f 92/285/269 766/283/267 93/286/270
f 93/286/270 766/283/267 94/287/271
f 94/287/271 766/283/267 737/288/272
f 737/288/272 766/283/267 736/289/273
f 736/289/273 766/283/267 767/290/274
f 736/289/273 767/290/274 735/291/275
f 735/291/275 767/290/274 734/292/276
f 734/292/276 767/290/274 733/293/277
f 733/293/277 767/290/274 732/294/278
f 732/294/278 767/290/274 731/295/279
f 731/295/279 767/290/274 691/296/280
f 731/295/279 691/296/280 692/297/281
f 527/282/266 528/298/282 766/283/267
f 766/283/267 528/298/282 529/299/283
f 766/283/267 529/299/283 767/290/274
f 767/290/274 529/299/283 530/300/284
f 767/290/274 530/300/284 531/301/285
f 532/302/286 742/303/287 531/301/285
f 531/301/285 742/303/287 768/304/288
f 531/301/285 768/304/288 767/290/274
f 767/290/274 768/304/288 691/296/280
f 533/305/289 738/306/290 532/302/286
f 532/302/286 738/306/290 739/307/291
f 532/302/286 739/307/291 740/308/292
f 534/309/293 44/310/294 533/305/289
f 533/305/289 44/310/294 43/311/295
f 533/305/289 43/311/295 42/312/296
f 535/313/297 46/314/298 534/309/293
f 534/309/293 46/314/298 45/315/299
f 534/309/293 45/315/299 44/310/294
f 46/314/298 535/313/297 769/316/300
f 769/316/300 535/313/297 536/317/301
f 769/316/300 536/317/301 537/318/302
f 537/318/302 538/319/303 769/316/300
f 769/316/300 538/319/303 755/320/304
f 769/316/300 755/320/304 684/321/305
f 684/321/305 755/320/304 683/322/306
f 683/322/306 755/320/304 682/323/307
f 682/323/307 755/320/304 681/324/308
f 681/324/308 755/320/304 770/325/309
f 681/324/308 770/325/309 680/326/310
f 680/326/310 770/325/309 679/327/311
f 679/327/311 770/325/309 771/328/312
f 679/327/311 771/328/312 678/329/313
f 678/329/313 771/328/312 677/330/314
f 677/330/314 771/328/312 772/331/315
f 677/330/314 772/331/315 676/332/316
f 676/332/316 772/331/315 675/333/317
f 675/333/317 772/331/315 773/334/185
f 675/333/317 773/334/185 674/335/318
f 674/335/318 773/334/185 774/336/319
f 674/335/318 774/336/319 673/337/320
f 673/337/320 774/336/319 775/338/321
f 673/337/320 775/338/321 672/339/322
f 672/339/322 775/338/321 671/340/323
f 671/340/323 775/338/321 776/341/324
f 671/340/323 776/341/324 670/342/325
f 670/342/325 776/341/324 669/343/326
f 669/343/326 776/341/324 777/344/327
f 669/343/326 777/344/327 668/345/328
f 668/345/328 777/344/327 667/346/329
f 667/346/329 777/344/327 778/347/330
f 667/346/329 778/347/330 666/348/331
f 666/348/331 778/347/330 665/349/332
f 665/349/332 778/347/330 664/350/333
f 664/350/333 778/347/330 779/351/334
f 664/350/333 779/351/334 663/352/335
f 663/352/335 779/351/334 662/353/336
f 662/353/336 779/351/334 661/354/337
f 661/354/337 779/351/334 660/355/338
f 660/355/338 779/351/334 780/356/339
f 660/355/338 780/356/339 659/357/340
f 659/357/340 780/356/339 658/358/341
f 658/358/341 780/356/339 781/359/342
f 658/358/341 781/359/342 657/360/343
f 657/360/343 781/359/342 782/361/344
f 657/360/343 782/361/344 656/362/345
f 656/362/345 782/361/344 655/363/346
f 655/363/346 782/361/344 783/364/347
f 655/363/346 783/364/347 654/365/348
f 654/365/348 783/364/347 653/366/349
f 653/366/349 783/364/347 784/367/350
f 653/366/349 784/367/350 652/368/351
f 652/368/351 784/367/350 291/369/352
f 652/368/351 291/369/352 355/370/353
f 355/370/353 291/369/352 356/371/354
f 356/371/354 291/369/352 290/372/354
f 356/371/354 290/372/354 357/373/355
f 357/373/355 290/372/354 289/374/355
f 357/373/355 289/374/355 358/375/356
f 358/375/356 289/374/355 288/376/356
f 358/375/356 288/376/356 359/377/143
f 359/377/143 288/376/356 287/378/143
f 359/379/143 287/380/143 360/381/357
f 360/381/357 287/380/143 302/382/357
f 360/381/357 302/382/357 361/383/358
f 361/383/358 302/382/357 301/384/358
f 361/383/358 301/384/358 362/385/359
f 362/385/359 301/384/358 300/386/360
f 362/385/359 300/386/360 363/387/361
f 363/387/361 300/386/360 299/388/362
f 363/387/361 299/388/362 650/389/363
f 650/389/363 299/388/362 785/390/362
f 650/389/363 785/390/362 786/391/364
f 786/391/364 785/390/362 235/392/361
f 786/391/364 235/392/361 571/393/365
f 571/393/365 235/392/361 234/394/366
f 571/393/365 234/394/366 233/395/367
f 538/319/303 539/396/368 755/320/304
f 755/320/304 539/396/368 540/397/369
f 755/320/304 540/397/369 541/398/370
f 755/320/304 541/398/370 770/325/309
f 770/325/309 541/398/370 542/399/371
f 770/325/309 542/399/371 543/400/372
f 770/325/309 543/400/372 771/328/312
f 771/328/312 543/400/372 544/401/373
f 771/328/312 544/401/373 545/402/374
f 771/328/312 545/402/374 772/331/315
f 772/331/315 545/402/374 546/403/375
f 772/331/315 546/403/375 411/404/376
f 411/404/376 546/403/375 475/405/377
f 411/404/376 475/405/377 412/406/378
f 412/406/378 475/405/377 474/407/379
f 412/406/378 474/407/379 413/408/380
f 413/408/380 474/407/379 473/409/380
f 413/408/380 473/409/380 414/410/381
f 414/410/381 473/409/380 472/411/382
f 414/410/381 472/411/382 399/412/185
f 399/412/185 472/411/382 471/413/185
f 399/412/185 471/413/185 400/414/383
f 400/414/383 471/413/185 470/415/384
f 400/414/383 470/415/384 401/416/385
f 401/416/385 470/415/384 469/417/385
f 401/416/385 469/417/385 402/418/386
f 402/418/386 469/417/385 468/419/386
f 402/418/386 468/419/386 403/420/387
f 403/420/387 468/419/386 467/421/387
f 403/420/387 467/421/387 774/336/319
f 774/336/319 467/421/387 548/422/388
f 774/336/319 548/422/388 775/338/321
f 775/338/321 548/422/388 549/423/389
f 775/338/321 549/423/389 776/341/324
f 776/341/324 549/423/389 550/424/390
f 776/341/324 550/424/390 551/425/391
f 475/405/377 546/403/375 476/426/392
f 476/426/392 546/403/375 547/427/185
f 476/426/392 547/427/185 477/428/380
f 477/428/380 547/427/185 478/429/382
f 478/429/382 547/427/185 463/430/185
f 463/430/185 547/427/185 464/431/383
f 464/431/383 547/427/185 465/432/393
f 465/432/393 547/427/185 548/422/388
f 465/432/393 548/422/388 466/433/394
f 466/433/394 548/422/388 467/421/387
f 776/341/324 551/425/391 777/344/327
f 777/344/327 551/425/391 552/434/395
f 777/344/327 552/434/395 553/435/396
f 777/344/327 553/435/396 778/347/330
f 778/347/330 553/435/396 554/436/397
f 778/347/330 554/436/397 555/437/398
f 778/347/330 555/437/398 779/351/334
f 779/351/334 555/437/398 556/438/399
f 779/351/334 556/438/399 557/439/400
f 557/439/400 558/440/401 779/351/334
f 779/351/334 558/440/401 559/441/402
f 779/351/334 559/441/402 750/442/403
f 750/442/403 559/441/402 560/443/404
f 750/442/403 560/443/404 749/444/405
f 749/444/405 560/443/404 748/445/406
f 748/445/406 560/443/404 747/446/407
f 747/446/407 560/443/404 561/447/408
f 747/446/407 561/447/408 746/448/409
f 746/448/409 561/447/408 11/449/410
f 11/449/410 561/447/408 12/450/411
f 12/450/411 561/447/408 562/451/412
f 12/450/411 562/451/412 13/452/413
f 13/452/413 562/451/412 14/453/414
f 14/453/414 562/451/412 15/454/415
f 15/454/415 562/451/412 563/455/416
f 15/454/415 563/455/416 781/359/342
f 781/359/342 563/455/416 782/361/344
f 563/455/416 564/456/417 782/361/344
f 782/361/344 564/456/417 565/457/418
f 782/361/344 565/457/418 783/364/347
f 783/364/347 565/457/418 566/458/419
f 783/364/347 566/458/419 567/459/420
f 783/364/347 567/459/420 784/367/350
f 784/367/350 567/459/420 568/460/421
f 784/367/350 568/460/421 569/461/422
f 570/462/143 229/463/423 569/461/422
f 569/461/422 229/463/423 228/464/424
f 569/461/422 228/464/424 227/465/352
f 571/393/365 233/395/367 570/466/143
f 570/466/143 233/395/367 232/467/425
f 570/466/143 232/467/425 231/468/143
f 571/393/365 572/469/426 786/391/364
f 786/391/364 572/469/426 573/470/427
f 786/391/364 573/470/427 787/471/428
f 787/471/428 573/470/427 574/472/429
f 787/471/428 574/472/429 575/473/430
f 787/471/428 575/473/430 788/474/431
f 788/474/431 575/473/430 576/475/432
f 788/474/431 576/475/432 577/476/433
f 788/474/431 577/476/433 789/477/434
f 789/477/434 577/476/433 578/478/435
f 789/477/434 578/478/435 579/479/436
f 579/479/436 580/480/437 789/477/434
f 789/477/434 580/480/437 790/481/438
f 789/477/434 790/481/438 643/482/439
f 643/482/439 790/481/438 642/483/440
f 642/483/440 790/481/438 641/484/441
f 641/484/441 790/481/438 640/485/442
f 640/485/442 790/481/438 639/486/443
f 639/486/443 790/481/438 638/487/444
f 638/487/444 790/481/438 756/488/445
f 638/487/444 756/488/445 637/489/446
f 637/489/446 756/488/445 636/490/447
f 636/490/447 756/488/445 190/491/448
f 636/490/447 190/491/448 635/492/449
f 635/492/449 190/491/448 189/493/450
f 635/492/449 189/493/450 188/494/451
f 580/480/437 581/495/452 790/481/438
f 790/481/438 581/495/452 582/496/453
f 790/481/438 582/496/453 583/497/454
f 583/497/454 584/498/455 790/481/438
f 790/481/438 584/498/455 756/488/445
f 584/498/455 585/499/456 756/488/445
f 756/488/445 585/499/456 586/500/457
f 756/488/445 586/500/457 587/501/458
f 588/502/459 711/503/450 587/501/458
f 587/501/458 711/503/450 695/504/448
f 587/501/458 695/504/448 190/491/448
f 589/505/460 709/506/461 588/502/459
f 588/502/459 709/506/461 710/507/451
f 588/502/459 710/507/451 711/503/450
f 709/506/461 589/505/460 708/508/462
f 708/508/462 589/505/460 590/509/463
f 708/508/462 590/509/463 707/510/464
f 707/510/464 590/509/463 591/511/465
f 707/510/464 591/511/465 706/512/466
f 706/512/466 591/511/465 592/513/467
f 706/512/466 592/513/467 705/514/468
f 705/514/468 592/513/467 491/515/469
f 705/514/468 491/515/469 427/516/469
f 427/516/469 491/515/469 428/517/470
f 428/517/470 491/515/469 490/518/471
f 428/517/470 490/518/471 429/519/472
f 429/519/472 490/518/471 489/520/472
f 429/519/472 489/520/472 430/521/473
f 430/521/473 489/520/472 488/522/474
f 430/521/473 488/522/474 415/523/176
f 415/523/176 488/522/474 487/524/176
f 415/523/176 487/524/176 416/525/475
f 416/525/475 487/524/176 486/526/476
f 416/525/475 486/526/476 417/527/477
f 417/527/477 486/526/476 485/528/477
f 417/527/477 485/528/477 418/529/478
f 418/529/478 485/528/477 484/530/479
f 418/529/478 484/530/479 419/531/480
f 419/531/480 484/530/479 483/532/481
f 419/531/480 483/532/481 703/533/482
f 703/533/482 483/532/481 594/534/483
f 703/533/482 594/534/483 702/535/484
f 702/535/484 594/534/483 595/536/485
f 702/535/484 595/536/485 701/537/486
f 701/537/486 595/536/485 596/538/487
f 701/537/486 596/538/487 700/539/488
f 700/539/488 596/538/487 597/540/489
f 700/539/488 597/540/489 699/541/490
f 699/541/490 597/540/489 598/542/491
f 699/541/490 598/542/491 698/543/492
f 698/543/492 598/542/491 599/544/493
f 698/543/492 599/544/493 697/545/494
f 697/545/494 599/544/493 696/546/495
f 696/546/495 599/544/493 757/547/496
f 696/546/495 757/547/496 620/548/497
f 620/548/497 757/547/496 619/549/498
f 619/549/498 757/547/496 618/550/499
f 618/550/499 757/547/496 758/246/232
f 618/550/499 758/246/232 617/551/500
f 617/551/500 758/246/232 616/552/501
f 616/552/501 758/246/232 615/553/502
f 615/553/502 758/246/232 614/251/237
f 491/515/469 592/513/467 492/554/503
f 492/554/503 592/513/467 593/555/176
f 492/554/503 593/555/176 493/556/504
f 493/556/504 593/555/176 494/557/474
f 494/557/474 593/555/176 479/558/176
f 479/558/176 593/555/176 480/559/475
f 480/559/475 593/555/176 481/560/477
f 481/560/477 593/555/176 594/534/483
f 481/560/477 594/534/483 482/561/505
f 482/561/505 594/534/483 483/532/481
f 599/544/493 600/562/506 757/547/496
f 757/547/496 600/562/506 601/563/507
f 757/547/496 601/563/507 758/246/232
f 758/246/232 601/563/507 602/244/230
f 208/564/508 207/565/170 763/566/170
f 763/566/170 207/565/170 222/567/261
f 763/566/170 222/567/261 764/568/509
f 764/568/509 222/567/261 221/569/510
f 764/568/509 221/569/510 220/570/265
f 220/570/265 219/280/264 764/568/509
f 764/568/509 219/280/264 765/279/263
f 764/568/509 765/279/263 604/571/511
f 604/571/511 765/279/263 87/572/512
f 604/571/511 87/572/512 86/573/513
f 218/281/265 217/275/260 525/274/259
f 215/277/170 214/574/508 524/270/170
f 524/270/170 214/574/508 213/271/256
f 523/269/255 211/273/258 763/566/170
f 763/566/170 211/273/258 210/575/257
f 763/566/170 210/575/257 209/576/514
f 209/576/514 208/564/508 763/566/170
f 286/577/261 344/578/515 271/579/170
f 271/579/170 344/578/515 343/580/170
f 271/579/170 343/580/170 272/581/516
f 272/581/516 343/580/170 342/582/508
f 272/581/516 342/582/508 273/583/514
f 273/583/514 342/582/508 341/584/514
f 273/583/514 341/584/514 274/585/517
f 274/585/517 341/584/514 340/586/518
f 274/585/517 340/586/518 275/587/258
f 275/587/258 340/586/518 339/588/519
f 275/587/258 339/588/519 606/589/520
f 606/589/520 339/588/519 338/590/257
f 606/589/520 338/590/257 605/591/170
f 605/591/170 338/590/257 337/592/256
f 605/591/170 337/592/256 336/593/508
f 344/578/515 286/577/261 345/594/510
f 345/594/510 286/577/261 285/595/510
f 345/594/510 285/595/510 346/596/521
f 346/596/521 285/595/510 284/597/521
f 346/596/521 284/597/521 347/598/264
f 347/598/264 284/597/521 283/599/509
f 347/598/264 283/599/509 604/571/511
f 604/571/511 283/599/509 764/568/509
f 283/599/509 282/600/522 764/568/509
f 764/568/509 282/600/522 281/601/510
f 764/568/509 281/601/510 280/602/261
f 764/568/509 280/602/261 763/566/170
f 763/566/170 280/602/261 279/603/170
f 763/566/170 279/603/170 278/604/508
f 278/604/508 277/605/514 763/566/170
f 763/566/170 277/605/514 276/606/257
f 763/566/170 276/606/257 275/587/258
f 336/593/508 335/607/170 605/591/170
f 605/591/170 335/607/170 350/608/261
f 605/591/170 350/608/261 349/609/260
f 605/591/170 349/609/260 604/571/511
f 604/571/511 349/609/260 348/610/522
f 604/571/511 348/610/522 347/598/264
f 604/571/511 85/611/523 603/612/524
f 603/612/524 85/611/523 84/613/525
f 603/612/524 84/613/525 83/614/268
f 607/615/526 716/616/527 606/589/520
f 606/589/520 716/616/527 717/617/528
f 606/589/520 717/617/528 718/618/529
f 608/619/530 712/620/531 607/615/526
f 607/615/526 712/620/531 713/621/532
f 607/615/526 713/621/532 714/622/533
f 609/623/534 129/624/535 608/619/530
f 608/619/530 129/624/535 128/625/536
f 608/619/530 128/625/536 127/626/537
f 610/256/242 132/627/538 609/623/534
f 609/623/534 132/627/538 131/628/539
f 609/623/534 131/628/539 130/629/540
f 696/546/495 620/548/497 174/630/495
f 174/630/495 620/548/497 621/631/541
f 174/630/495 621/631/541 175/632/494
f 175/632/494 621/631/541 176/633/492
f 176/633/492 621/631/541 622/634/542
f 176/633/492 622/634/542 177/635/490
f 177/635/490 622/634/542 623/636/543
f 177/635/490 623/636/543 178/637/488
f 178/637/488 623/636/543 624/638/544
f 178/637/488 624/638/544 179/639/486
f 179/639/486 624/638/544 625/640/545
f 179/639/486 625/640/545 180/641/484
f 180/641/484 625/640/545 626/642/546
f 180/641/484 626/642/546 181/643/547
f 181/643/547 626/642/546 627/644/548
f 181/643/547 627/644/548 182/645/176
f 182/645/176 627/644/548 628/646/176
f 182/645/176 628/646/176 629/647/549
f 182/645/176 629/647/549 183/648/468
f 183/648/468 629/647/549 630/649/550
f 183/648/468 630/649/550 184/650/466
f 184/650/466 630/649/550 631/651/551
f 184/650/466 631/651/551 185/652/464
f 185/652/464 631/651/551 632/653/552
f 185/652/464 632/653/552 186/654/462
f 186/654/462 632/653/552 633/655/553
f 186/654/462 633/655/553 187/656/461
f 187/656/461 633/655/553 634/657/554
f 187/656/461 634/657/554 188/494/451
f 188/494/451 634/657/554 635/492/449
f 643/482/439 644/658/555 789/477/434
f 789/477/434 644/658/555 645/659/556
f 789/477/434 645/659/556 788/474/431
f 788/474/431 645/659/556 646/660/557
f 788/474/431 646/660/557 647/661/558
f 788/474/431 647/661/558 787/471/428
f 787/471/428 647/661/558 648/662/559
f 787/471/428 648/662/559 649/663/560
f 787/471/428 649/663/560 786/391/364
f 786/391/364 649/663/560 650/389/363
f 651/664/143 365/665/367 650/389/363
f 650/389/363 365/665/367 364/666/366
f 650/389/363 364/666/366 363/387/361
f 652/368/351 354/667/424 651/668/143
f 651/668/143 354/667/424 353/669/423
f 651/668/143 353/669/423 352/670/561
f 684/321/305 685/671/562 769/316/300
f 769/316/300 685/671/562 686/672/563
f 769/316/300 686/672/563 687/673/564
f 687/673/564 688/674/565 769/316/300
f 769/316/300 688/674/565 689/675/566
f 769/316/300 689/675/566 768/304/288
f 768/304/288 689/675/566 690/676/567
f 768/304/288 690/676/567 691/296/280
f 693/677/568 729/678/277 692/297/281
f 692/297/281 729/678/277 730/679/569
f 692/297/281 730/679/569 731/295/279
f 694/680/570 726/681/571 693/677/568
f 693/677/568 726/681/571 727/682/275
f 693/677/568 727/682/275 728/683/276
f 603/612/524 81/684/572 694/680/570
f 694/680/570 81/684/572 80/685/573
f 694/680/570 80/685/573 725/686/574
f 352/670/561 351/687/143 651/668/143
f 651/664/143 351/688/143 366/689/425
f 651/664/143 366/689/425 365/665/367
f 355/370/353 354/667/424 652/368/351
f 299/388/362 298/690/359 785/390/362
f 785/390/362 298/690/359 297/691/358
f 785/390/362 297/691/358 296/692/425
f 785/390/362 296/692/425 754/693/143
f 754/693/143 296/692/425 295/694/143
f 754/695/143 295/696/143 294/697/561
f 294/697/561 293/698/355 754/695/143
f 754/695/143 293/698/355 292/699/424
f 754/695/143 292/699/424 291/369/352
f 419/531/480 703/533/482 420/700/575
f 420/700/575 703/533/482 704/701/176
f 420/700/575 704/701/176 421/702/477
f 421/702/477 704/701/176 422/703/475
f 422/703/475 704/701/176 423/704/176
f 423/704/176 704/701/176 424/705/474
f 424/705/474 704/701/176 425/706/504
f 425/706/504 704/701/176 426/707/576
f 426/707/576 704/701/176 705/514/468
f 426/707/576 705/514/468 427/516/469
f 127/626/537 712/620/531 608/619/530
f 714/622/533 715/708/577 607/615/526
f 607/615/526 715/708/577 716/616/527
f 606/589/520 718/618/529 762/267/253
f 762/267/253 718/618/529 719/709/528
f 762/267/253 719/709/528 720/710/527
f 720/710/527 721/711/577 762/267/253
f 762/267/253 721/711/577 722/712/578
f 762/267/253 722/712/578 761/264/250
f 761/264/250 722/712/578 723/713/532
f 761/264/250 723/713/532 724/714/579
f 724/714/579 141/715/537 761/264/250
f 761/264/250 141/715/537 140/716/580
f 761/264/250 140/716/580 139/717/535
f 761/264/250 139/717/535 760/255/241
f 760/255/241 139/717/535 138/718/581
f 760/255/241 138/718/581 137/719/539
f 137/719/539 136/720/538 760/255/241
f 760/255/241 136/720/538 135/721/582
f 760/255/241 135/721/582 134/257/243
f 133/258/244 132/627/538 610/256/242
f 130/629/540 129/624/535 609/623/534
f 224/722/561 223/723/143 754/695/143
f 754/693/143 223/724/143 238/725/425
f 754/693/143 238/725/425 785/390/362
f 785/390/362 238/725/425 237/726/358
f 785/390/362 237/726/358 236/727/359
f 236/727/359 235/392/361 785/390/362
f 231/728/143 230/729/561 570/462/143
f 570/462/143 230/729/561 229/463/423
f 569/461/422 227/465/352 754/695/143
f 754/695/143 227/465/352 226/730/424
f 754/695/143 226/730/424 225/731/423
f 225/731/423 224/722/561 754/695/143
f 772/331/315 411/404/376 773/334/185
f 773/334/185 411/404/376 410/732/583
f 773/334/185 410/732/583 409/733/584
f 409/733/584 408/734/382 773/334/185
f 773/334/185 408/734/382 407/735/185
f 773/334/185 407/735/185 406/736/383
f 406/736/383 405/737/385 773/334/185
f 773/334/185 405/737/385 774/336/319
f 405/737/385 404/738/585 774/336/319
f 774/336/319 404/738/585 403/420/387
f 725/686/574 726/681/571 694/680/570
f 728/683/276 729/678/277 693/677/568
f 91/284/268 90/739/586 765/279/263
f 765/279/263 90/739/586 89/740/523
f 765/279/263 89/740/523 88/741/513
f 88/741/513 87/572/512 765/279/263
f 86/573/513 85/611/523 604/571/511
f 83/614/268 82/742/587 603/612/524
f 603/612/524 82/742/587 81/684/572
f 42/312/296 738/306/290 533/305/289
f 740/308/292 741/743/588 532/302/286
f 532/302/286 741/743/588 742/303/287
f 742/303/287 743/744/589 768/304/288
f 768/304/288 743/744/589 744/745/590
f 768/304/288 744/745/590 745/746/591
f 745/746/591 50/747/592 768/304/288
f 768/304/288 50/747/592 49/748/593
f 768/304/288 49/748/593 48/749/294
f 48/749/294 47/750/299 768/304/288
f 768/304/288 47/750/299 769/316/300
f 47/750/299 46/314/298 769/316/300
f 779/351/334 750/442/403 780/356/339
f 780/356/339 750/442/403 751/751/406
f 780/356/339 751/751/406 752/752/594
f 752/752/594 753/753/595 780/356/339
f 780/356/339 753/753/595 19/754/596
f 780/356/339 19/754/596 18/755/597
f 18/755/597 17/756/413 780/356/339
f 780/356/339 17/756/413 781/359/342
f 17/756/413 16/757/598 781/359/342
f 781/359/342 16/757/598 15/454/415
f 275/587/258 606/589/520 762/267/253
f 587/501/458 190/491/448 756/488/445
f 523/269/255 763/566/170 762/267/253
f 762/267/253 763/566/170 275/587/258
f 569/461/422 754/695/143 784/367/350
f 784/367/350 754/695/143 291/369/352
f 792/758/599 193/759/600 791/760/143
f 791/760/143 193/759/600 192/761/601
f 791/760/143 192/761/601 191/762/143
f 793/763/602 195/764/603 792/758/599
f 792/758/599 195/764/603 194/765/604
f 792/758/599 194/765/604 193/759/600
f 195/764/603 793/763/602 1039/766/605
f 1039/766/605 793/763/602 794/767/606
f 1039/766/605 794/767/606 795/768/607
f 1039/766/605 795/768/607 1040/769/608
f 1040/769/608 795/768/607 796/770/609
f 1040/769/608 796/770/609 797/771/419
f 1040/769/608 797/771/419 1041/772/610
f 1041/772/610 797/771/419 798/773/611
f 1041/772/610 798/773/611 799/774/612
f 1041/772/610 799/774/612 1042/775/613
f 1042/775/613 799/774/612 800/776/614
f 1042/775/613 800/776/614 801/777/615
f 1042/775/613 801/777/615 1043/778/616
f 1043/778/616 801/777/615 802/779/617
f 1043/778/616 802/779/617 803/780/618
f 1043/778/616 803/780/618 1044/781/619
f 1044/781/619 803/780/618 804/782/620
f 1044/781/619 804/782/620 805/783/621
f 805/783/621 806/784/622 1044/781/619
f 1044/781/619 806/784/622 807/785/623
f 1044/781/619 807/785/623 173/786/624
f 173/786/624 807/785/623 1020/787/624
f 1020/787/624 807/785/623 808/788/625
f 1020/787/624 808/788/625 1019/789/626
f 1019/789/626 808/788/625 1018/790/627
f 1018/790/627 808/788/625 809/791/628
f 1018/790/627 809/791/628 1017/792/629
f 1017/792/629 809/791/628 810/793/630
f 1017/792/629 810/793/630 1016/794/631
f 1016/794/631 810/793/630 1015/795/632
f 1015/795/632 810/793/630 811/796/633
f 1015/795/632 811/796/633 1014/797/634
f 1014/797/634 811/796/633 812/798/635
f 1014/797/634 812/798/635 1013/799/636
f 1013/799/636 812/798/635 499/800/637
f 1013/799/636 499/800/637 435/801/637
f 435/801/637 499/800/637 436/802/638
f 436/802/638 499/800/637 498/803/638
f 436/802/638 498/803/638 437/804/639
f 437/804/639 498/803/638 497/805/640
f 437/804/639 497/805/640 438/806/641
f 438/806/641 497/805/640 496/807/641
f 438/806/641 496/807/641 439/808/185
f 439/808/185 496/807/641 495/809/185
f 439/808/185 495/809/185 440/810/642
f 440/810/642 495/809/185 510/811/642
f 440/810/642 510/811/642 441/812/643
f 441/812/643 510/811/642 509/813/643
f 441/812/643 509/813/643 442/814/644
f 442/814/644 509/813/643 508/815/644
f 442/814/644 508/815/644 443/816/645
f 443/816/645 508/815/644 507/817/646
f 443/816/645 507/817/646 814/818/647
f 814/818/647 507/817/646 506/819/648
f 814/818/647 506/819/648 813/820/185
f 813/820/185 506/819/648 505/821/643
f 813/820/185 505/821/643 504/822/649
f 499/800/637 812/798/635 500/823/650
f 500/823/650 812/798/635 813/820/185
f 500/823/650 813/820/185 501/824/639
f 501/824/639 813/820/185 502/825/651
f 502/825/651 813/820/185 503/826/185
f 503/826/185 813/820/185 504/822/649
f 815/827/652 1010/828/653 814/818/647
f 814/818/647 1010/828/653 1011/829/654
f 814/818/647 1011/829/654 443/816/645
f 443/816/645 1011/829/654 444/830/644
f 444/830/644 1011/829/654 1012/831/185
f 444/830/644 1012/831/185 445/832/643
f 445/832/643 1012/831/185 446/833/649
f 446/833/649 1012/831/185 431/834/185
f 431/834/185 1012/831/185 432/835/651
f 432/835/651 1012/831/185 433/836/639
f 433/836/639 1012/831/185 434/837/638
f 434/837/638 1012/831/185 1013/799/636
f 434/837/638 1013/799/636 435/801/637
f 1010/828/653 815/827/652 1009/838/655
f 1009/838/655 815/827/652 816/839/656
f 1009/838/655 816/839/656 1008/840/657
f 1008/840/657 816/839/656 817/841/658
f 1008/840/657 817/841/658 1007/842/659
f 1007/842/659 817/841/658 1006/843/660
f 1006/843/660 817/841/658 818/844/661
f 1006/843/660 818/844/661 1005/845/662
f 1005/845/662 818/844/661 1004/846/663
f 1004/846/663 818/844/661 819/847/664
f 1004/846/663 819/847/664 820/848/665
f 1004/846/663 820/848/665 1046/849/666
f 1046/849/666 820/848/665 821/850/667
f 1046/849/666 821/850/667 822/851/668
f 822/851/668 823/852/669 1046/849/666
f 1046/849/666 823/852/669 1045/853/670
f 1046/849/666 1045/853/670 941/854/671
f 941/854/671 1045/853/670 940/855/672
f 940/855/672 1045/853/670 939/856/673
f 939/856/673 1045/853/670 938/857/674
f 938/857/674 1045/853/670 1047/858/675
f 938/857/674 1047/858/675 937/859/676
f 937/859/676 1047/858/675 936/860/677
f 936/860/677 1047/858/675 935/861/678
f 935/861/678 1047/858/675 1048/862/679
f 935/861/678 1048/862/679 934/863/680
f 934/863/680 1048/862/679 933/864/681
f 933/864/681 1048/862/679 1049/865/682
f 933/864/681 1049/865/682 932/866/683
f 932/866/683 1049/865/682 1050/867/684
f 932/866/683 1050/867/684 931/868/685
f 931/868/685 1050/867/684 1052/869/686
f 931/868/685 1052/869/686 379/870/687
f 379/870/687 1052/869/686 315/871/687
f 379/870/687 315/871/687 380/872/688
f 380/872/688 315/871/687 314/873/689
f 380/872/688 314/873/689 381/874/690
f 381/874/690 314/873/689 313/875/690
f 381/874/690 313/875/690 382/876/691
f 382/876/691 313/875/690 312/877/692
f 382/876/691 312/877/692 367/878/170
f 367/878/170 312/877/692 311/879/170
f 367/880/170 311/881/170 368/882/693
f 368/882/693 311/881/170 310/883/693
f 368/882/693 310/883/693 369/884/694
f 369/884/694 310/883/693 309/885/694
f 369/884/694 309/885/694 370/886/695
f 370/886/695 309/885/694 308/887/695
f 370/886/695 308/887/695 371/888/696
f 371/888/696 308/887/695 307/889/696
f 371/888/696 307/889/696 929/890/697
f 929/890/697 307/889/696 1053/891/698
f 929/890/697 1053/891/698 928/892/699
f 928/892/699 1053/891/698 1054/893/700
f 928/892/699 1054/893/700 927/894/701
f 927/894/701 1054/893/700 1055/895/702
f 927/894/701 1055/895/702 926/896/703
f 926/896/703 1055/895/702 925/897/704
f 925/897/704 1055/895/702 1056/898/705
f 925/897/704 1056/898/705 924/899/706
f 924/899/706 1056/898/705 923/900/707
f 923/900/707 1056/898/705 922/901/708
f 922/901/708 1056/898/705 1057/902/709
f 922/901/708 1057/902/709 921/903/710
f 921/903/710 1057/902/709 920/904/711
f 920/904/711 1057/902/709 919/905/712
f 919/905/712 1057/902/709 918/906/713
f 918/906/713 1057/902/709 917/907/714
f 917/907/714 1057/902/709 1058/908/715
f 917/907/714 1058/908/715 916/909/716
f 916/909/716 1058/908/715 915/910/497
f 915/910/497 1058/908/715 1059/911/717
f 915/910/497 1059/911/717 914/912/718
f 914/912/718 1059/911/717 913/913/542
f 913/913/542 1059/911/717 1060/914/719
f 913/913/542 1060/914/719 912/915/720
f 912/915/720 1060/914/719 911/916/544
f 911/916/544 1060/914/719 1061/917/721
f 911/916/544 1061/917/721 910/918/485
f 910/918/485 1061/917/721 909/919/546
f 909/919/546 1061/917/721 1037/920/722
f 909/919/546 1037/920/722 908/921/548
f 908/921/548 1037/920/722 907/922/723
f 907/922/723 1037/920/722 1062/923/724
f 907/922/723 1062/923/724 906/924/549
f 906/924/549 1062/923/724 905/925/550
f 905/925/550 1062/923/724 1063/926/725
f 905/925/550 1063/926/725 904/927/465
f 904/927/465 1063/926/725 903/928/552
f 903/928/552 1063/926/725 1064/929/726
f 903/928/552 1064/929/726 902/930/727
f 902/930/727 1064/929/726 901/931/554
f 901/931/554 1064/929/726 1065/932/728
f 901/931/554 1065/932/728 900/933/729
f 900/933/729 1065/932/728 899/934/447
f 899/934/447 1065/932/728 1066/935/730
f 899/934/447 1066/935/730 898/936/731
f 898/936/731 1066/935/730 897/937/732
f 897/937/732 1066/935/730 896/938/733
f 896/938/733 1066/935/730 1067/939/734
f 896/938/733 1067/939/734 895/940/735
f 895/940/735 1067/939/734 894/941/736
f 894/941/736 1067/939/734 893/942/737
f 893/942/737 1067/939/734 1068/943/738
f 893/942/737 1068/943/738 892/944/739
f 892/944/739 1068/943/738 891/945/740
f 891/945/740 1068/943/738 1069/946/741
f 891/945/740 1069/946/741 890/947/742
f 890/947/742 1069/946/741 1070/948/743
f 890/947/742 1070/948/743 889/949/744
f 889/949/744 1070/948/743 996/950/745
f 889/949/744 996/950/745 997/951/746
f 823/852/669 824/952/747 1045/853/670
f 1045/853/670 824/952/747 825/953/672
f 1045/853/670 825/953/672 826/954/748
f 826/954/748 827/955/749 1045/853/670
f 1045/853/670 827/955/749 1047/858/675
f 827/955/749 828/956/286 1047/858/675
f 1047/858/675 828/956/286 829/957/750
f 1047/858/675 829/957/750 1048/862/679
f 1048/862/679 829/957/750 830/958/284
f 1048/862/679 830/958/284 831/959/751
f 1048/862/679 831/959/751 1049/865/682
f 1049/865/682 831/959/751 832/960/282
f 1049/865/682 832/960/282 833/961/524
f 1049/865/682 833/961/524 1050/867/684
f 1050/867/684 833/961/524 834/962/262
f 1050/867/684 834/962/262 835/963/259
f 836/964/170 253/965/690 835/963/259
f 835/963/259 253/965/690 252/966/752
f 835/963/259 252/966/752 251/967/687
f 837/968/170 239/969/170 836/964/170
f 836/964/170 239/969/170 254/970/691
f 836/964/170 254/970/691 253/965/690
f 838/971/753 241/972/754 837/973/170
f 837/973/170 241/972/754 240/974/693
f 837/973/170 240/974/693 239/975/170
f 839/976/254 1053/891/698 838/971/753
f 838/971/753 1053/891/698 1036/977/170
f 838/971/753 1036/977/170 243/978/755
f 243/978/755 1036/977/170 244/979/756
f 244/979/756 1036/977/170 245/980/694
f 245/980/694 1036/977/170 246/981/693
f 246/981/693 1036/977/170 247/982/170
f 247/983/170 1036/984/170 248/985/691
f 248/985/691 1036/984/170 1051/986/687
f 248/985/691 1051/986/687 249/987/690
f 249/987/690 1051/986/687 250/988/689
f 250/988/689 1051/986/687 251/967/687
f 251/967/687 1051/986/687 1052/869/686
f 251/967/687 1052/869/686 835/963/259
f 835/963/259 1052/869/686 1050/867/684
f 839/976/254 840/989/526 1053/891/698
f 1053/891/698 840/989/526 1054/893/700
f 840/989/526 841/990/251 1054/893/700
f 1054/893/700 841/990/251 842/991/757
f 1054/893/700 842/991/757 1055/895/702
f 1055/895/702 842/991/757 843/992/248
f 1055/895/702 843/992/248 844/993/758
f 845/994/246 5/995/759 844/993/758
f 844/993/758 5/995/759 1056/898/705
f 844/993/758 1056/898/705 1055/895/702
f 846/996/760 9/997/761 845/994/246
f 845/994/246 9/997/761 8/998/762
f 845/994/246 8/998/762 7/999/763
f 847/1000/764 978/1001/765 846/996/760
f 846/996/760 978/1001/765 979/1002/766
f 846/996/760 979/1002/766 10/1003/767
f 848/1004/711 1057/902/709 847/1000/764
f 847/1000/764 1057/902/709 975/1005/768
f 847/1000/764 975/1005/768 976/1006/769
f 848/1004/711 849/1007/770 1057/902/709
f 1057/902/709 849/1007/770 850/1008/771
f 1057/902/709 850/1008/771 1058/908/715
f 1058/908/715 850/1008/771 851/1009/772
f 1058/908/715 851/1009/772 852/1010/773
f 852/1010/773 853/1011/774 1058/908/715
f 1058/908/715 853/1011/774 854/1012/775
f 1058/908/715 854/1012/775 1059/911/717
f 1059/911/717 854/1012/775 855/1013/776
f 1059/911/717 855/1013/776 856/1014/777
f 1059/911/717 856/1014/777 1060/914/719
f 1060/914/719 856/1014/777 857/1015/778
f 1060/914/719 857/1015/778 858/1016/779
f 1060/914/719 858/1016/779 1061/917/721
f 1061/917/721 858/1016/779 859/1017/780
f 1061/917/721 859/1017/780 1037/920/722
f 1037/920/722 859/1017/780 451/1018/781
f 1037/920/722 451/1018/781 387/1019/781
f 387/1019/781 451/1018/781 388/1020/782
f 388/1020/782 451/1018/781 450/1021/782
f 388/1020/782 450/1021/782 389/1022/783
f 389/1022/783 450/1021/782 449/1023/783
f 389/1022/783 449/1023/783 390/1024/784
f 390/1024/784 449/1023/783 448/1025/784
f 390/1024/784 448/1025/784 391/1026/176
f 391/1026/176 448/1025/784 447/1027/176
f 391/1026/176 447/1027/176 392/1028/785
f 392/1028/785 447/1027/176 462/1029/785
f 392/1028/785 462/1029/785 393/1030/786
f 393/1030/786 462/1029/785 461/1031/787
f 393/1030/786 461/1031/787 394/1032/788
f 394/1032/788 461/1031/787 460/1033/789
f 394/1032/788 460/1033/789 395/1034/790
f 395/1034/790 460/1033/789 459/1035/790
f 395/1034/790 459/1035/790 1062/923/724
f 1062/923/724 459/1035/790 861/1036/791
f 1062/923/724 861/1036/791 1063/926/725
f 1063/926/725 861/1036/791 862/1037/792
f 1063/926/725 862/1037/792 1064/929/726
f 1064/929/726 862/1037/792 863/1038/793
f 1064/929/726 863/1038/793 864/1039/794
f 451/1018/781 859/1017/780 452/1040/782
f 452/1040/782 859/1017/780 860/1041/176
f 452/1040/782 860/1041/176 453/1042/783
f 453/1042/783 860/1041/176 454/1043/795
f 454/1043/795 860/1041/176 455/1044/176
f 455/1044/176 860/1041/176 456/1045/796
f 456/1045/796 860/1041/176 457/1046/787
f 457/1046/787 860/1041/176 458/1047/788
f 458/1047/788 860/1041/176 861/1036/791
f 458/1047/788 861/1036/791 459/1035/790
f 1064/929/726 864/1039/794 1065/932/728
f 1065/932/728 864/1039/794 865/1048/797
f 1065/932/728 865/1048/797 866/1049/798
f 1065/932/728 866/1049/798 1066/935/730
f 1066/935/730 866/1049/798 867/1050/799
f 1066/935/730 867/1050/799 868/1051/800
f 868/1051/800 869/1052/801 1066/935/730
f 1066/935/730 869/1052/801 870/1053/802
f 1066/935/730 870/1053/802 1067/939/734
f 1067/939/734 870/1053/802 871/1054/803
f 1067/939/734 871/1054/803 36/1055/804
f 36/1055/804 871/1054/803 872/1056/805
f 36/1055/804 872/1056/805 37/1057/806
f 37/1057/806 872/1056/805 38/1058/807
f 38/1058/807 872/1056/805 39/1059/808
f 39/1059/808 872/1056/805 40/1060/809
f 40/1060/809 872/1056/805 41/1061/810
f 41/1061/810 872/1056/805 988/1062/811
f 988/1062/811 872/1056/805 873/1063/812
f 988/1062/811 873/1063/812 987/1064/813
f 987/1064/813 873/1063/812 986/1065/814
f 986/1065/814 873/1063/812 985/1066/815
f 985/1066/815 873/1063/812 984/1067/816
f 984/1067/816 873/1063/812 1069/946/741
f 984/1067/816 1069/946/741 983/1068/817
f 983/1068/817 1069/946/741 982/1069/818
f 982/1069/818 1069/946/741 981/1070/819
f 981/1070/819 1069/946/741 980/1071/811
f 980/1071/811 1069/946/741 32/1072/820
f 32/1072/820 1069/946/741 1068/943/738
f 32/1072/820 1068/943/738 33/1073/809
f 33/1073/809 1068/943/738 34/1074/821
f 34/1074/821 1068/943/738 35/1075/822
f 35/1075/822 1068/943/738 36/1055/804
f 36/1055/804 1068/943/738 1067/939/734
f 873/1063/812 874/1076/823 1069/946/741
f 1069/946/741 874/1076/823 1070/948/743
f 1070/948/743 874/1076/823 1071/1077/824
f 1071/1077/824 874/1076/823 875/1078/825
f 1071/1077/824 875/1078/825 876/1079/429
f 1071/1077/824 876/1079/429 1072/1080/826
f 1072/1080/826 876/1079/429 877/1081/827
f 1072/1080/826 877/1081/827 878/1082/828
f 878/1082/828 879/1083/829 1072/1080/826
f 1072/1080/826 879/1083/829 1073/1084/830
f 1072/1080/826 1073/1084/830 67/1085/831
f 67/1085/831 1073/1084/830 68/1086/832
f 68/1086/832 1073/1084/830 69/1087/833
f 69/1087/833 1073/1084/830 70/1088/834
f 70/1088/834 1073/1084/830 71/1089/835
f 71/1089/835 1073/1084/830 885/1090/836
f 71/1089/835 885/1090/836 72/1091/834
f 72/1091/834 885/1090/836 73/1092/837
f 73/1092/837 885/1090/836 74/1093/832
f 74/1093/832 885/1090/836 75/1094/831
f 75/1094/831 885/1090/836 886/1095/838
f 75/1094/831 886/1095/838 76/1096/839
f 76/1096/839 886/1095/838 77/1097/840
f 77/1097/840 886/1095/838 78/1098/841
f 78/1098/841 886/1095/838 79/1099/842
f 79/1099/842 886/1095/838 887/1100/843
f 79/1099/842 887/1100/843 1003/1101/844
f 1003/1101/844 887/1100/843 1002/1102/845
f 1002/1102/845 887/1100/843 888/1103/846
f 1002/1102/845 888/1103/846 1001/1104/847
f 1001/1104/847 888/1103/846 1000/1105/848
f 1000/1105/848 888/1103/846 999/1106/849
f 999/1106/849 888/1103/846 889/949/744
f 999/1106/849 889/949/744 998/1107/850
f 998/1107/850 889/949/744 997/951/746
f 879/1083/829 880/1108/851 1073/1084/830
f 1073/1084/830 880/1108/851 1074/1109/852
f 1073/1084/830 1074/1109/852 885/1090/836
f 885/1090/836 1074/1109/852 331/1110/853
f 885/1090/836 331/1110/853 330/1111/854
f 880/1108/851 881/1112/855 1074/1109/852
f 1074/1109/852 881/1112/855 203/1113/853
f 1074/1109/852 203/1113/853 1075/1114/853
f 1075/1114/853 203/1113/853 202/1115/856
f 1075/1114/853 202/1115/856 201/1116/857
f 791/760/143 205/1117/857 881/1112/855
f 881/1112/855 205/1117/857 204/1118/854
f 881/1112/855 204/1118/854 203/1113/853
f 191/762/143 206/1119/858 791/760/143
f 791/760/143 206/1119/858 205/1117/857
f 201/1116/857 200/1120/858 1075/1114/853
f 1075/1114/853 200/1120/858 1038/1121/859
f 1075/1114/853 1038/1121/859 270/1122/858
f 270/1122/858 1038/1121/859 255/1123/143
f 255/1123/143 1038/1121/859 256/1124/601
f 256/1124/601 1038/1121/859 257/1125/600
f 257/1125/600 1038/1121/859 258/1126/604
f 258/1126/604 1038/1121/859 259/1127/603
f 259/1127/603 1038/1121/859 1039/766/605
f 259/1127/603 1039/766/605 883/1128/860
f 883/1128/860 1039/766/605 1028/1129/861
f 883/1128/860 1028/1129/861 1029/1130/862
f 200/1120/858 199/1131/143 1038/1121/859
f 1038/1121/859 199/1131/143 198/1132/601
f 1038/1121/859 198/1132/601 197/1133/600
f 197/1133/600 196/1134/604 1038/1121/859
f 1038/1121/859 196/1134/604 195/764/603
f 1038/1121/859 195/764/603 1039/766/605
f 270/1122/858 269/1135/857 1075/1114/853
f 1075/1114/853 269/1135/857 268/1136/863
f 1075/1114/853 268/1136/863 267/1137/864
f 266/1138/865 332/1139/865 267/1137/864
f 267/1137/864 332/1139/865 331/1110/853
f 267/1137/864 331/1110/853 1074/1109/852
f 332/1139/865 266/1138/865 333/1140/857
f 333/1140/857 266/1138/865 265/1141/857
f 333/1140/857 265/1141/857 334/1142/858
f 334/1142/858 265/1141/857 264/1143/858
f 334/1142/858 264/1143/858 319/1144/143
f 319/1144/143 264/1143/858 263/1145/143
f 319/1144/143 263/1145/143 320/1146/866
f 320/1146/866 263/1145/143 262/1147/866
f 320/1146/866 262/1147/866 321/1148/600
f 321/1148/600 262/1147/866 261/1149/600
f 321/1148/600 261/1149/600 322/1150/867
f 322/1150/867 261/1149/600 260/1151/867
f 322/1150/867 260/1151/867 323/1152/603
f 323/1152/603 260/1151/867 259/1127/603
f 323/1152/603 259/1127/603 883/1128/860
f 885/1090/836 330/1111/854 884/1153/143
f 884/1153/143 330/1111/854 329/1154/857
f 884/1153/143 329/1154/857 328/1155/858
f 328/1155/858 327/1156/143 884/1153/143
f 884/1153/143 327/1156/143 326/1157/601
f 884/1153/143 326/1157/601 325/1158/600
f 325/1158/600 324/1159/604 884/1153/143
f 884/1153/143 324/1159/604 883/1128/860
f 883/1128/860 324/1159/604 323/1152/603
f 883/1128/860 1032/1160/868 882/1161/869
f 882/1161/869 1032/1160/868 1033/1162/870
f 882/1161/869 1033/1162/870 1034/1163/871
f 371/888/696 929/890/697 372/1164/756
f 372/1164/756 929/890/697 930/1165/170
f 372/1164/756 930/1165/170 373/1166/694
f 373/1166/694 930/1165/170 374/1167/693
f 374/1167/693 930/1165/170 375/1168/170
f 375/1169/170 930/1170/170 376/1171/691
f 376/1171/691 930/1170/170 377/1172/690
f 377/1172/690 930/1170/170 378/1173/752
f 378/1173/752 930/1170/170 931/868/685
f 378/1173/752 931/868/685 379/870/687
f 941/854/671 942/1174/872 1046/849/666
f 1046/849/666 942/1174/872 943/1175/873
f 1046/849/666 943/1175/873 1004/846/663
f 1004/846/663 943/1175/873 157/1176/663
f 157/1176/663 943/1175/873 944/1177/874
f 157/1176/663 944/1177/874 158/1178/662
f 158/1178/662 944/1177/874 159/1179/660
f 159/1179/660 944/1177/874 945/1180/875
f 159/1179/660 945/1180/875 160/1181/659
f 160/1181/659 945/1180/875 161/1182/657
f 161/1182/657 945/1180/875 946/1183/313
f 161/1182/657 946/1183/313 947/1184/876
f 161/1182/657 947/1184/876 162/1185/877
f 162/1185/877 947/1184/876 948/1186/878
f 162/1185/877 948/1186/878 163/1187/653
f 163/1187/653 948/1186/878 949/1188/653
f 163/1187/653 949/1188/653 950/1189/879
f 163/1187/653 950/1189/879 164/1190/880
f 164/1190/880 950/1189/879 951/1191/881
f 164/1190/880 951/1191/881 165/1192/185
f 165/1192/185 951/1191/881 952/1193/882
f 165/1192/185 952/1193/882 166/1194/883
f 166/1194/883 952/1193/882 953/1195/884
f 166/1194/883 953/1195/884 167/1196/634
f 167/1196/634 953/1195/884 954/1197/885
f 167/1196/634 954/1197/885 955/1198/886
f 167/1196/634 955/1198/886 168/1199/887
f 168/1199/887 955/1198/886 956/1200/888
f 168/1199/887 956/1200/888 169/1201/631
f 169/1201/631 956/1200/888 957/1202/325
f 169/1201/631 957/1202/325 958/1203/889
f 959/1204/890 171/1205/891 958/1203/889
f 958/1203/889 171/1205/891 170/1206/892
f 958/1203/889 170/1206/892 169/1201/631
f 960/1207/893 173/786/624 959/1204/890
f 959/1204/890 173/786/624 172/1208/626
f 959/1204/890 172/1208/626 171/1205/891
f 173/786/624 960/1207/893 1044/781/619
f 1044/781/619 960/1207/893 961/1209/894
f 1044/781/619 961/1209/894 962/1210/895
f 1044/781/619 962/1210/895 1043/778/616
f 1043/778/616 962/1210/895 963/1211/896
f 1043/778/616 963/1211/896 964/1212/897
f 964/1212/897 965/1213/898 1043/778/616
f 1043/778/616 965/1213/898 1042/775/613
f 965/1213/898 966/1214/899 1042/775/613
f 1042/775/613 966/1214/899 967/1215/900
f 1042/775/613 967/1215/900 968/1216/901
f 969/1217/902 120/1218/903 968/1216/901
f 968/1216/901 120/1218/903 119/1219/904
f 968/1216/901 119/1219/904 118/1220/905
f 970/1221/906 124/1222/907 969/1217/902
f 969/1217/902 124/1222/907 123/1223/908
f 969/1217/902 123/1223/908 122/1224/909
f 882/1161/869 126/1225/910 970/1221/906
f 970/1221/906 126/1225/910 125/1226/911
f 970/1221/906 125/1226/911 124/1222/907
f 304/1227/693 303/1228/170 1036/977/170
f 1036/984/170 303/1229/170 318/1230/691
f 1036/984/170 318/1230/691 1051/986/687
f 1051/986/687 318/1230/691 317/1231/690
f 1051/986/687 317/1231/690 316/1232/689
f 316/1232/689 315/871/687 1051/986/687
f 1051/986/687 315/871/687 1052/869/686
f 1053/891/698 307/889/696 1036/977/170
f 1036/977/170 307/889/696 306/1233/756
f 1036/977/170 306/1233/756 305/1234/694
f 305/1234/694 304/1227/693 1036/977/170
f 10/1003/767 9/997/761 846/996/760
f 7/999/763 6/1235/912 845/994/246
f 845/994/246 6/1235/912 5/995/759
f 5/995/759 4/1236/913 1056/898/705
f 1056/898/705 4/1236/913 3/1237/914
f 1056/898/705 3/1237/914 2/1238/915
f 2/1238/915 1/1239/916 1056/898/705
f 1056/898/705 1/1239/916 971/1240/766
f 1056/898/705 971/1240/766 1057/902/709
f 1057/902/709 971/1240/766 972/1241/917
f 1057/902/709 972/1241/917 973/1242/918
f 973/1242/918 974/1243/919 1057/902/709
f 1057/902/709 974/1243/919 975/1005/768
f 976/1006/769 977/1244/920 847/1000/764
f 847/1000/764 977/1244/920 978/1001/765
f 67/1085/831 66/1245/839 1072/1080/826
f 1072/1080/826 66/1245/839 65/1246/840
f 1072/1080/826 65/1246/840 64/1247/921
f 64/1247/921 63/1248/922 1072/1080/826
f 1072/1080/826 63/1248/922 989/1249/923
f 1072/1080/826 989/1249/923 990/1250/845
f 1072/1080/826 990/1250/845 1071/1077/824
f 1071/1077/824 990/1250/845 991/1251/924
f 1071/1077/824 991/1251/924 992/1252/848
f 992/1252/848 993/1253/925 1071/1077/824
f 1071/1077/824 993/1253/925 1070/948/743
f 993/1253/925 994/1254/850 1070/948/743
f 1070/948/743 994/1254/850 995/1255/746
f 1070/948/743 995/1255/746 996/950/745
f 398/1256/785 1062/923/724 383/1257/176
f 383/1257/176 1062/923/724 1037/920/722
f 383/1257/176 1037/920/722 384/1258/784
f 384/1258/784 1037/920/722 385/1259/783
f 385/1259/783 1037/920/722 386/1260/782
f 386/1260/782 1037/920/722 387/1019/781
f 398/1256/785 397/1261/787 1062/923/724
f 1062/923/724 397/1261/787 396/1262/788
f 1062/923/724 396/1262/788 395/1034/790
f 243/978/755 242/1263/756 838/971/753
f 838/971/753 242/1263/756 241/972/754
f 122/1224/909 121/1264/926 969/1217/902
f 969/1217/902 121/1264/926 120/1218/903
f 968/1216/901 118/1220/905 1041/772/610
f 1041/772/610 118/1220/905 117/1265/904
f 1041/772/610 117/1265/904 116/1266/903
f 116/1266/903 115/1267/927 1041/772/610
f 1041/772/610 115/1267/927 114/1268/909
f 1041/772/610 114/1268/909 113/1269/908
f 113/1269/908 112/1270/907 1041/772/610
f 1041/772/610 112/1270/907 1040/769/608
f 112/1270/907 111/1271/911 1040/769/608
f 1040/769/608 111/1271/911 110/1272/928
f 1040/769/608 110/1272/928 1021/1273/929
f 1021/1273/929 1022/1274/871 1040/769/608
f 1040/769/608 1022/1274/871 1023/1275/870
f 1040/769/608 1023/1275/870 1039/766/605
f 1039/766/605 1023/1275/870 1024/1276/868
f 1039/766/605 1024/1276/868 1025/1277/930
f 1025/1277/930 1026/1278/931 1039/766/605
f 1039/766/605 1026/1278/931 1027/1279/862
f 1039/766/605 1027/1279/862 1028/1129/861
f 1029/1130/862 1030/1280/931 883/1128/860
f 883/1128/860 1030/1280/931 1031/1281/932
f 883/1128/860 1031/1281/932 1032/1160/868
f 1034/1163/871 1035/1282/933 882/1161/869
f 882/1161/869 1035/1282/933 126/1225/910
f 1075/1114/853 267/1137/864 1074/1109/852
f 968/1216/901 1041/772/610 1042/775/613
f 1079/1283/25 932/1284/25 650/1285/25
f 650/1285/25 932/1284/25 931/1286/25
f 650/1285/25 931/1286/25 651/1287/25
f 651/1287/25 931/1286/25 930/1288/25
f 651/1287/25 930/1288/25 929/1289/25
f 651/1287/25 929/1289/25 652/1290/25
f 652/1290/25 929/1289/25 928/1291/25
f 652/1290/25 928/1291/25 1076/1292/25
f 1076/1292/25 1077/1293/25 652/1290/25
f 652/1290/25 1077/1293/25 653/1294/25
f 649/1295/25 1078/1296/25 650/1285/25
f 650/1285/25 1078/1296/25 1079/1283/25
f 549/1297/87 548/1298/87 1083/1299/87
f 1083/1299/87 548/1298/87 1082/1300/87
f 1082/1300/87 548/1298/87 858/1301/87
f 858/1301/87 548/1298/87 859/1302/87
f 859/1302/87 548/1298/87 547/1303/87
f 859/1302/87 547/1303/87 860/1304/87
f 860/1304/87 547/1303/87 861/1305/87
f 861/1305/87 547/1303/87 546/1306/87
f 861/1305/87 546/1306/87 862/1307/87
f 862/1307/87 546/1306/87 1081/1308/87
f 1081/1308/87 546/1306/87 1080/1309/87
f 1080/1309/87 546/1306/87 545/1310/87
f 595/1311/87 594/1312/87 1087/1313/87
f 1087/1313/87 594/1312/87 1086/1314/87
f 1086/1314/87 594/1312/87 811/1315/87
f 811/1315/87 594/1312/87 812/1316/87
f 812/1316/87 594/1312/87 593/1317/87
f 812/1316/87 593/1317/87 813/1318/87
f 813/1318/87 593/1317/87 814/1319/87
f 814/1319/87 593/1317/87 592/1320/87
f 814/1319/87 592/1320/87 815/1321/87
f 815/1321/87 592/1320/87 1085/1322/87
f 1085/1322/87 592/1320/87 1084/1323/87
f 1084/1323/87 592/1320/87 591/1324/87
f 1091/1325/25 886/1326/25 604/1327/25
f 604/1327/25 886/1326/25 885/1328/25
f 604/1327/25 885/1328/25 605/1329/25
f 605/1329/25 885/1328/25 884/1330/25
f 605/1329/25 884/1330/25 883/1331/25
f 605/1329/25 883/1331/25 606/1332/25
f 606/1332/25 883/1331/25 882/1333/25
f 606/1332/25 882/1333/25 1088/1334/25
f 1088/1334/25 1089/1335/25 606/1332/25
f 606/1332/25 1089/1335/25 607/1336/25
f 603/1337/25 1090/1338/25 604/1327/25
f 604/1327/25 1090/1338/25 1091/1325/25
f 583/1339/934 582/1340/935 1095/1341/936
f 1095/1341/936 582/1340/935 824/1342/937
f 1095/1341/936 824/1342/937 1094/1343/938
f 1094/1343/938 824/1342/937 823/1344/939
f 582/1340/935 581/1345/940 824/1342/937
f 824/1342/937 581/1345/940 825/1346/941
f 825/1346/941 581/1345/940 580/1347/942
f 825/1346/941 580/1347/942 826/1348/943
f 826/1348/943 580/1347/942 579/1349/944
f 826/1348/943 579/1349/944 827/1350/945
f 827/1350/945 579/1349/944 578/1351/946
f 827/1350/945 578/1351/946 828/1352/947
f 828/1352/947 578/1351/946 577/1353/948
f 828/1352/947 577/1353/948 829/1354/949
f 829/1354/949 577/1353/948 576/1355/950
f 829/1354/949 576/1355/950 830/1356/951
f 830/1356/951 576/1355/950 575/1357/952
f 830/1356/951 575/1357/952 831/1358/953
f 831/1358/953 575/1357/952 574/1359/954
f 831/1358/953 574/1359/954 832/1360/955
f 832/1360/955 574/1359/954 573/1361/956
f 832/1360/955 573/1361/956 833/1362/957
f 833/1362/957 573/1361/956 572/1363/958
f 833/1362/957 572/1363/958 834/1364/959
f 834/1364/959 572/1363/958 835/1365/960
f 835/1365/960 572/1363/958 571/1366/961
f 835/1365/960 571/1366/961 836/1367/962
f 836/1367/962 571/1366/961 570/1368/87
f 836/1367/962 570/1368/87 837/1369/87
f 837/1369/87 570/1368/87 569/1370/963
f 837/1369/87 569/1370/963 838/1371/964
f 838/1371/964 569/1370/963 568/1372/965
f 838/1371/964 568/1372/965 839/1373/966
f 839/1373/966 568/1372/965 840/1374/967
f 840/1374/967 568/1372/965 567/1375/968
f 840/1374/967 567/1375/968 841/1376/969
f 841/1376/969 567/1375/968 566/1377/970
f 841/1376/969 566/1377/970 842/1378/971
f 842/1378/971 566/1377/970 565/1379/972
f 842/1378/971 565/1379/972 843/1380/973
f 843/1380/973 565/1379/972 564/1381/974
f 843/1380/973 564/1381/974 844/1382/975
f 844/1382/975 564/1381/974 563/1383/976
f 844/1382/975 563/1383/976 845/1384/977
f 845/1384/977 563/1383/976 562/1385/978
f 845/1384/977 562/1385/978 846/1386/979
f 846/1386/979 562/1385/978 561/1387/980
f 846/1386/979 561/1387/980 847/1388/981
f 847/1388/981 561/1387/980 560/1389/982
f 847/1388/981 560/1389/982 848/1390/983
f 848/1390/983 560/1389/982 559/1391/984
f 848/1390/983 559/1391/984 849/1392/985
f 849/1392/985 559/1391/984 558/1393/986
f 849/1392/985 558/1393/986 850/1394/987
f 850/1394/987 558/1393/986 1093/1395/988
f 1093/1395/988 558/1393/986 1092/1396/989
f 1092/1396/989 558/1393/986 557/1397/990
f 792/1398/991 791/1369/87 524/1399/87
f 524/1399/87 791/1369/87 881/1400/992
f 524/1399/87 881/1400/992 525/1401/993
f 525/1401/993 881/1400/992 880/1402/994
f 525/1401/993 880/1402/994 526/1403/995
f 526/1403/995 880/1402/994 879/1404/996
f 526/1403/995 879/1404/996 527/1405/997
f 527/1405/997 879/1404/996 878/1406/998
f 527/1405/997 878/1406/998 877/1407/999
f 527/1405/997 877/1407/999 528/1408/1000
f 528/1408/1000 877/1407/999 876/1409/1001
f 528/1408/1000 876/1409/1001 529/1410/1002
f 529/1410/1002 876/1409/1001 875/1411/1003
f 529/1410/1002 875/1411/1003 530/1412/1004
f 530/1412/1004 875/1411/1003 874/1413/1005
f 530/1412/1004 874/1413/1005 531/1414/1006
f 531/1414/1006 874/1413/1005 873/1415/1007
f 531/1414/1006 873/1415/1007 532/1416/1008
f 532/1416/1008 873/1415/1007 872/1417/1009
f 532/1416/1008 872/1417/1009 533/1418/1010
f 533/1418/1010 872/1417/1009 534/1419/1011
f 534/1419/1011 872/1417/1009 871/1420/1012
f 534/1419/1011 871/1420/1012 535/1421/1013
f 535/1421/1013 871/1420/1012 870/1422/1014
f 535/1421/1013 870/1422/1014 536/1423/1015
f 536/1423/1015 870/1422/1014 1096/1424/1016
f 536/1423/1015 1096/1424/1016 1097/1425/1017
f 1097/1425/1017 537/1426/1018 536/1423/1015
f 524/1399/87 523/1427/1019 792/1398/991
f 792/1398/991 523/1427/1019 793/1428/1020
f 793/1428/1020 523/1427/1019 522/1429/1021
f 793/1428/1020 522/1429/1021 794/1430/1022
f 794/1430/1022 522/1429/1021 521/1431/1023
f 794/1430/1022 521/1431/1023 795/1432/1024
f 795/1432/1024 521/1431/1023 796/1433/1025
f 796/1433/1025 521/1431/1023 520/1434/1026
f 796/1433/1025 520/1434/1026 797/1435/1027
f 797/1435/1027 520/1434/1026 519/1436/1028
f 797/1435/1027 519/1436/1028 798/1437/1029
f 798/1437/1029 519/1436/1028 518/1438/1030
f 798/1437/1029 518/1438/1030 799/1439/1031
f 799/1439/1031 518/1438/1030 517/1440/1032
f 799/1439/1031 517/1440/1032 800/1441/1033
f 800/1441/1033 517/1440/1032 516/1442/1034
f 800/1441/1033 516/1442/1034 801/1443/1035
f 801/1443/1035 516/1442/1034 515/1444/1036
f 801/1443/1035 515/1444/1036 514/1445/1037
f 801/1443/1035 514/1445/1037 802/1446/1038
f 802/1446/1038 514/1445/1037 513/1447/1039
f 802/1446/1038 513/1447/1039 1099/1448/1040
f 1099/1448/1040 513/1447/1039 1098/1449/1041
f 1098/1449/1041 513/1447/1039 512/1450/1042
f 1098/1449/1041 512/1450/1042 511/1451/1043
f 1099/1448/1040 803/1452/1044 802/1446/1038
f 687/1453/1045 686/1454/1046 1103/1455/1047
f 1103/1455/1047 686/1454/1046 895/1456/1048
f 1103/1455/1047 895/1456/1048 1102/1457/1049
f 1102/1457/1049 895/1456/1048 894/1458/1050
f 686/1454/1046 685/1459/1051 895/1456/1048
f 895/1456/1048 685/1459/1051 896/1460/1052
f 896/1460/1052 685/1459/1051 684/1461/1053
f 896/1460/1052 684/1461/1053 897/1462/1054
f 897/1462/1054 684/1461/1053 683/1463/1055
f 897/1462/1054 683/1463/1055 898/1464/1056
f 898/1464/1056 683/1463/1055 682/1465/1057
f 898/1464/1056 682/1465/1057 899/1466/1058
f 899/1466/1058 682/1465/1057 681/1467/1059
f 899/1466/1058 681/1467/1059 900/1468/1060
f 900/1468/1060 681/1467/1059 680/1469/1061
f 900/1468/1060 680/1469/1061 901/1470/1062
f 901/1470/1062 680/1469/1061 679/1471/1063
f 901/1470/1062 679/1471/1063 902/1472/1064
f 902/1472/1064 679/1471/1063 678/1473/1065
f 902/1472/1064 678/1473/1065 903/1474/1066
f 903/1474/1066 678/1473/1065 677/1475/1067
f 903/1474/1066 677/1475/1067 904/1476/1068
f 904/1476/1068 677/1475/1067 676/1477/1069
f 904/1476/1068 676/1477/1069 905/1478/1070
f 905/1478/1070 676/1477/1069 906/1479/1071
f 906/1479/1071 676/1477/1069 675/1480/1072
f 906/1479/1071 675/1480/1072 907/1369/25
f 907/1369/25 675/1480/1072 674/1481/1073
f 907/1369/25 674/1481/1073 908/1482/1074
f 908/1482/1074 674/1481/1073 673/1483/1075
f 908/1482/1074 673/1483/1075 672/1484/1076
f 671/1485/1077 910/1486/1078 672/1484/1076
f 672/1484/1076 910/1486/1078 909/1487/1079
f 672/1484/1076 909/1487/1079 908/1482/1074
f 910/1486/1078 671/1485/1077 911/1488/1080
f 911/1488/1080 671/1485/1077 670/1489/1081
f 911/1488/1080 670/1489/1081 912/1490/1082
f 912/1490/1082 670/1489/1081 669/1491/1083
f 912/1490/1082 669/1491/1083 913/1492/1084
f 913/1492/1084 669/1491/1083 668/1493/1085
f 913/1492/1084 668/1493/1085 914/1382/1086
f 914/1382/1086 668/1493/1085 667/1494/1087
f 914/1382/1086 667/1494/1087 915/1495/1088
f 915/1495/1088 667/1494/1087 666/1496/1089
f 915/1495/1088 666/1496/1089 916/1497/1090
f 916/1497/1090 666/1496/1089 665/1498/1091
f 916/1497/1090 665/1498/1091 917/1388/1092
f 917/1388/1092 665/1498/1091 664/1499/1093
f 917/1388/1092 664/1499/1093 918/1500/1094
f 918/1500/1094 664/1499/1093 663/1501/1095
f 918/1500/1094 663/1501/1095 919/1502/1096
f 919/1502/1096 663/1501/1095 662/1503/1097
f 919/1502/1096 662/1503/1097 920/1504/1098
f 920/1504/1098 662/1503/1097 1101/1395/1099
f 1101/1395/1099 662/1503/1097 1100/1505/1100
f 1100/1505/1100 662/1503/1097 661/1397/1101
f 963/1506/1102 962/1507/1103 1107/1508/1104
f 1107/1508/1104 962/1507/1103 617/1509/1105
f 1107/1508/1104 617/1509/1105 1106/1510/1106
f 1106/1510/1106 617/1509/1105 616/1511/1107
f 1106/1510/1106 616/1511/1107 615/1512/1108
f 617/1509/1105 962/1507/1103 618/1513/1109
f 618/1513/1109 962/1507/1103 961/1514/1110
f 618/1513/1109 961/1514/1110 619/1515/1111
f 619/1515/1111 961/1514/1110 620/1516/1112
f 620/1516/1112 961/1514/1110 960/1517/1113
f 620/1516/1112 960/1517/1113 621/1518/1114
f 621/1518/1114 960/1517/1113 959/1519/1115
f 621/1518/1114 959/1519/1115 622/1520/1116
f 622/1520/1116 959/1519/1115 958/1521/1117
f 622/1520/1116 958/1521/1117 623/1522/1118
f 623/1522/1118 958/1521/1117 957/1523/1119
f 623/1522/1118 957/1523/1119 624/1524/1120
f 624/1524/1120 957/1523/1119 956/1525/1121
f 624/1524/1120 956/1525/1121 625/1526/1122
f 625/1526/1122 956/1525/1121 955/1527/1123
f 625/1526/1122 955/1527/1123 954/1528/1124
f 625/1526/1122 954/1528/1124 626/1529/1125
f 626/1529/1125 954/1528/1124 953/1530/1126
f 626/1529/1125 953/1530/1126 627/1531/1127
f 627/1531/1127 953/1530/1126 952/1532/1128
f 627/1531/1127 952/1532/1128 628/1533/25
f 628/1533/25 952/1532/1128 951/1534/1129
f 628/1533/25 951/1534/1129 629/1535/1130
f 629/1535/1130 951/1534/1129 950/1536/1131
f 629/1535/1130 950/1536/1131 630/1537/1132
f 630/1537/1132 950/1536/1131 949/1538/1133
f 630/1537/1132 949/1538/1133 631/1539/1134
f 631/1539/1134 949/1538/1133 948/1540/1135
f 631/1539/1134 948/1540/1135 947/1541/1136
f 631/1539/1134 947/1541/1136 632/1408/1137
f 632/1408/1137 947/1541/1136 946/1409/1138
f 632/1408/1137 946/1409/1138 633/1542/1139
f 633/1542/1139 946/1409/1138 945/1543/1140
f 633/1542/1139 945/1543/1140 634/1544/1141
f 634/1544/1141 945/1543/1140 944/1545/1142
f 634/1544/1141 944/1545/1142 635/1546/1143
f 635/1546/1143 944/1545/1142 943/1547/1144
f 635/1546/1143 943/1547/1144 636/1548/1145
f 636/1548/1145 943/1547/1144 942/1549/1146
f 636/1548/1145 942/1549/1146 637/1550/1147
f 637/1550/1147 942/1549/1146 638/1551/1148
f 638/1551/1148 942/1549/1146 941/1552/1149
f 638/1551/1148 941/1552/1149 639/1553/1150
f 639/1553/1150 941/1552/1149 940/1422/1151
f 639/1553/1150 940/1422/1151 640/1423/1152
f 640/1423/1152 940/1422/1151 1104/1424/1153
f 640/1423/1152 1104/1424/1153 1105/1554/1154
f 1105/1554/1154 641/1426/1155 640/1423/1152
f 870/1555/1014 869/1556/1156 1096/1557/1016
f 1096/1557/1016 869/1556/1156 1097/1558/1017
f 1097/1558/1017 869/1556/1156 538/1559/1157
f 1097/1558/1017 538/1559/1157 537/1560/1018
f 869/1556/1156 868/1561/1158 538/1559/1157
f 538/1559/1157 868/1561/1158 539/1562/1159
f 539/1562/1159 868/1561/1158 867/1563/1160
f 539/1562/1159 867/1563/1160 540/1564/1161
f 540/1564/1161 867/1563/1160 866/1565/1162
f 540/1564/1161 866/1565/1162 541/1566/1163
f 541/1566/1163 866/1565/1162 865/1567/1164
f 541/1566/1163 865/1567/1164 542/1568/1165
f 542/1568/1165 865/1567/1164 864/1569/1166
f 542/1568/1165 864/1569/1166 1108/1570/1167
f 1108/1570/1167 864/1569/1166 1109/1571/1168
f 1108/1570/1167 1109/1571/1168 543/1572/1169
f 543/1572/1169 1109/1571/1168 544/1573/1170
f 544/1573/1170 1109/1571/1168 1081/1574/87
f 544/1573/1170 1081/1574/87 1080/1575/87
f 864/1569/1166 863/1576/1171 1109/1571/1168
f 1109/1571/1168 863/1576/1171 1081/1574/87
f 863/1576/1171 862/1577/87 1081/1574/87
f 1080/1575/87 545/1578/87 544/1573/1170
f 543/1572/1169 542/1568/1165 1108/1570/1167
f 1092/1579/989 557/1580/990 850/1581/987
f 850/1581/987 557/1580/990 556/1582/1172
f 850/1581/987 556/1582/1172 851/1583/1173
f 851/1583/1173 556/1582/1172 555/1584/1174
f 851/1583/1173 555/1584/1174 852/1585/1175
f 852/1585/1175 555/1584/1174 554/1586/1176
f 852/1585/1175 554/1586/1176 853/1587/1177
f 853/1587/1177 554/1586/1176 553/1588/1178
f 853/1587/1177 553/1588/1178 854/1589/1179
f 854/1589/1179 553/1588/1178 552/1590/1180
f 854/1589/1179 552/1590/1180 855/1591/1181
f 855/1591/1181 552/1590/1180 1110/1592/1182
f 855/1591/1181 1110/1592/1182 856/1593/1183
f 856/1593/1183 1110/1592/1182 1111/1594/1184
f 856/1593/1183 1111/1594/1184 857/1595/1185
f 857/1595/1185 1111/1594/1184 550/1596/1186
f 857/1595/1185 550/1596/1186 858/1597/87
f 858/1597/87 550/1596/1186 1082/1598/87
f 1082/1598/87 550/1596/1186 1083/1599/87
f 1083/1599/87 550/1596/1186 549/1600/87
f 552/1590/1180 551/1601/1187 1110/1592/1182
f 1110/1592/1182 551/1601/1187 1111/1594/1184
f 551/1601/1187 550/1596/1186 1111/1594/1184
f 850/1581/987 1093/1602/988 1092/1579/989
f 591/1603/87 590/1604/1188 1084/1605/87
f 1084/1605/87 590/1604/1188 1085/1606/87
f 1085/1606/87 590/1604/1188 1113/1607/1189
f 1085/1606/87 1113/1607/1189 816/1608/1190
f 816/1608/1190 1113/1607/1189 817/1609/1191
f 817/1609/1191 1113/1607/1189 1112/1610/1192
f 817/1609/1191 1112/1610/1192 588/1611/1193
f 588/1611/1193 1112/1610/1192 589/1612/1194
f 589/1612/1194 1112/1610/1192 1113/1607/1189
f 589/1612/1194 1113/1607/1189 590/1604/1188
f 817/1609/1191 588/1611/1193 818/1613/1195
f 818/1613/1195 588/1611/1193 587/1614/1196
f 818/1613/1195 587/1614/1196 819/1615/1197
f 819/1615/1197 587/1614/1196 586/1616/1198
f 819/1615/1197 586/1616/1198 820/1617/1199
f 820/1617/1199 586/1616/1198 585/1618/1200
f 820/1617/1199 585/1618/1200 821/1619/1201
f 821/1619/1201 585/1618/1200 584/1620/1202
f 821/1619/1201 584/1620/1202 822/1621/1203
f 822/1621/1203 584/1620/1202 1095/1622/936
f 822/1621/1203 1095/1622/936 1094/1623/938
f 584/1620/1202 583/1624/934 1095/1622/936
f 1094/1623/938 823/1625/939 822/1621/1203
f 816/1608/1190 815/1626/87 1085/1606/87
f 1086/1627/87 811/1628/87 596/1629/1204
f 596/1629/1204 811/1628/87 810/1630/1205
f 596/1629/1204 810/1630/1205 1114/1631/1206
f 1114/1631/1206 810/1630/1205 809/1632/1207
f 1114/1631/1206 809/1632/1207 1115/1633/1208
f 1115/1633/1208 809/1632/1207 808/1634/1209
f 1115/1633/1208 808/1634/1209 598/1635/1210
f 598/1635/1210 808/1634/1209 807/1636/1211
f 598/1635/1210 807/1636/1211 599/1637/1212
f 599/1637/1212 807/1636/1211 806/1638/1213
f 599/1637/1212 806/1638/1213 600/1639/1214
f 600/1639/1214 806/1638/1213 805/1640/1215
f 600/1639/1214 805/1640/1215 601/1641/1216
f 601/1641/1216 805/1640/1215 804/1642/1217
f 601/1641/1216 804/1642/1217 602/1643/1218
f 602/1643/1218 804/1642/1217 803/1644/1044
f 602/1643/1218 803/1644/1044 511/1645/1043
f 511/1645/1043 803/1644/1044 1098/1646/1041
f 1098/1646/1041 803/1644/1044 1099/1647/1040
f 598/1635/1210 597/1648/1219 1115/1633/1208
f 1115/1633/1208 597/1648/1219 1114/1631/1206
f 597/1648/1219 596/1629/1204 1114/1631/1206
f 595/1649/87 1087/1650/87 596/1629/1204
f 596/1629/1204 1087/1650/87 1086/1627/87
f 1100/1579/1100 661/1580/1101 920/1581/1098
f 920/1581/1098 661/1580/1101 660/1582/1220
f 920/1581/1098 660/1582/1220 921/1583/1221
f 921/1583/1221 660/1582/1220 659/1584/1222
f 921/1583/1221 659/1584/1222 922/1585/1223
f 922/1585/1223 659/1584/1222 658/1586/1224
f 922/1585/1223 658/1586/1224 923/1587/1225
f 923/1587/1225 658/1586/1224 657/1588/1226
f 923/1587/1225 657/1588/1226 924/1589/1227
f 924/1589/1227 657/1588/1226 656/1590/1228
f 924/1589/1227 656/1590/1228 925/1591/1229
f 925/1591/1229 656/1590/1228 1116/1592/1230
f 925/1591/1229 1116/1592/1230 926/1593/1231
f 926/1593/1231 1116/1592/1230 1117/1594/1232
f 926/1593/1231 1117/1594/1232 927/1595/1233
f 927/1595/1233 1117/1594/1232 654/1596/1234
f 927/1595/1233 654/1596/1234 928/1597/25
f 928/1597/25 654/1596/1234 1076/1598/25
f 1076/1598/25 654/1596/1234 1077/1599/25
f 1077/1599/25 654/1596/1234 653/1600/25
f 656/1590/1228 655/1601/1235 1116/1592/1230
f 1116/1592/1230 655/1601/1235 1117/1594/1232
f 655/1601/1235 654/1596/1234 1117/1594/1232
f 920/1581/1098 1101/1602/1099 1100/1579/1100
f 940/1555/1151 939/1556/1236 1104/1557/1153
f 1104/1557/1153 939/1556/1236 1105/1558/1154
f 1105/1558/1154 939/1556/1236 642/1559/1237
f 1105/1558/1154 642/1559/1237 641/1560/1155
f 939/1556/1236 938/1561/1238 642/1559/1237
f 642/1559/1237 938/1561/1238 643/1562/1239
f 643/1562/1239 938/1561/1238 937/1563/1240
f 643/1562/1239 937/1563/1240 644/1564/1241
f 644/1564/1241 937/1563/1240 936/1565/1242
f 644/1564/1241 936/1565/1242 645/1566/1243
f 645/1566/1243 936/1565/1242 935/1567/1244
f 645/1566/1243 935/1567/1244 646/1568/1245
f 646/1568/1245 935/1567/1244 934/1569/1246
f 646/1568/1245 934/1569/1246 1118/1570/1247
f 1118/1570/1247 934/1569/1246 1119/1571/1248
f 1118/1570/1247 1119/1571/1248 647/1572/1249
f 647/1572/1249 1119/1571/1248 648/1573/1250
f 648/1573/1250 1119/1571/1248 1079/1574/25
f 648/1573/1250 1079/1574/25 1078/1575/25
f 934/1569/1246 933/1576/1251 1119/1571/1248
f 1119/1571/1248 933/1576/1251 1079/1574/25
f 933/1576/1251 932/1577/25 1079/1574/25
f 1078/1575/25 649/1578/25 648/1573/1250
f 647/1572/1249 646/1568/1245 1118/1570/1247
f 1088/1627/25 882/1628/25 608/1629/1252
f 608/1629/1252 882/1628/25 970/1630/1253
f 608/1629/1252 970/1630/1253 1120/1631/1254
f 1120/1631/1254 970/1630/1253 969/1632/1255
f 1120/1631/1254 969/1632/1255 1121/1633/1256
f 1121/1633/1256 969/1632/1255 968/1634/1257
f 1121/1633/1256 968/1634/1257 610/1635/1258
f 610/1635/1258 968/1634/1257 967/1636/1259
f 610/1635/1258 967/1636/1259 611/1637/1260
f 611/1637/1260 967/1636/1259 966/1638/1261
f 611/1637/1260 966/1638/1261 612/1639/1262
f 612/1639/1262 966/1638/1261 965/1640/1263
f 612/1639/1262 965/1640/1263 613/1641/1264
f 613/1641/1264 965/1640/1263 964/1642/1265
f 613/1641/1264 964/1642/1265 614/1643/1266
f 614/1643/1266 964/1642/1265 963/1644/1102
f 614/1643/1266 963/1644/1102 615/1645/1108
f 615/1645/1108 963/1644/1102 1106/1646/1106
f 1106/1646/1106 963/1644/1102 1107/1647/1104
f 610/1635/1258 609/1648/1267 1121/1633/1256
f 1121/1633/1256 609/1648/1267 1120/1631/1254
f 609/1648/1267 608/1629/1252 1120/1631/1254
f 607/1649/25 1089/1650/25 608/1629/1252
f 608/1629/1252 1089/1650/25 1088/1627/25
f 603/1603/25 694/1604/1268 1090/1605/25
f 1090/1605/25 694/1604/1268 1091/1606/25
f 1091/1606/25 694/1604/1268 1123/1607/1269
f 1091/1606/25 1123/1607/1269 887/1608/1270
f 887/1608/1270 1123/1607/1269 888/1609/1271
f 888/1609/1271 1123/1607/1269 1122/1610/1272
f 888/1609/1271 1122/1610/1272 692/1611/1273
f 692/1611/1273 1122/1610/1272 693/1612/1274
f 693/1612/1274 1122/1610/1272 1123/1607/1269
f 693/1612/1274 1123/1607/1269 694/1604/1268
f 888/1609/1271 692/1611/1273 889/1613/1275
f 889/1613/1275 692/1611/1273 691/1614/1276
f 889/1613/1275 691/1614/1276 890/1615/1277
f 890/1615/1277 691/1614/1276 690/1616/1278
f 890/1615/1277 690/1616/1278 891/1617/1279
f 891/1617/1279 690/1616/1278 689/1618/1280
f 891/1617/1279 689/1618/1280 892/1619/1281
f 892/1619/1281 689/1618/1280 688/1620/1282
f 892/1619/1281 688/1620/1282 893/1621/1283
f 893/1621/1283 688/1620/1282 1103/1622/1047
f 893/1621/1283 1103/1622/1047 1102/1623/1049
f 688/1620/1282 687/1624/1045 1103/1622/1047
f 1102/1623/1049 894/1625/1050 893/1621/1283
f 887/1608/1270 886/1626/25 1091/1606/25
f 712/1651/1284 127/1652/87 1124/1653/1285
f 1124/1653/1285 127/1652/87 126/1654/131
f 1124/1653/1285 126/1654/131 1035/1655/1286
f 1035/1655/1286 1034/1656/1287 1124/1653/1285
f 1124/1653/1285 1034/1656/1287 1125/1657/1288
f 1124/1653/1285 1125/1657/1288 712/1651/1284
f 712/1651/1284 1125/1657/1288 713/1658/1289
f 713/1658/1289 1125/1657/1288 714/1659/1290
f 714/1659/1290 1125/1657/1288 1126/1660/1291
f 714/1659/1290 1126/1660/1291 715/1661/1292
f 715/1661/1292 1126/1660/1291 1128/1662/1293
f 715/1661/1292 1128/1662/1293 1127/1663/1294
f 1127/1663/1294 1128/1662/1293 1031/1664/1295
f 1127/1663/1294 1031/1664/1295 1030/1665/1296
f 1034/1656/1287 1033/1666/1297 1125/1657/1288
f 1125/1657/1288 1033/1666/1297 1126/1660/1291
f 1033/1666/1297 1032/1667/1298 1126/1660/1291
f 1126/1660/1291 1032/1667/1298 1128/1662/1293
f 1032/1667/1298 1031/1664/1295 1128/1662/1293
f 1029/1668/1299 1130/1669/1300 1030/1665/1296
f 1030/1665/1296 1130/1669/1300 1129/1670/1301
f 1030/1665/1296 1129/1670/1301 1127/1663/1294
f 1127/1663/1294 1129/1670/1301 716/1671/1302
f 1127/1663/1294 716/1671/1302 715/1661/1292
f 1130/1669/1300 1029/1668/1299 1131/1672/1303
f 1131/1672/1303 1029/1668/1299 1028/1673/1303
f 1131/1672/1303 1028/1673/1303 1027/1674/1304
f 1131/1672/1303 1027/1674/1304 1132/1675/1305
f 1132/1675/1305 1027/1674/1304 1026/1676/1306
f 1132/1675/1305 1026/1676/1306 1134/1677/1307
f 1134/1677/1307 1026/1676/1306 1133/1678/1308
f 1134/1677/1307 1133/1678/1308 720/1679/1309
f 720/1679/1309 1133/1678/1308 721/1680/1310
f 721/1680/1310 1133/1678/1308 1135/1681/1311
f 721/1680/1310 1135/1681/1311 722/1682/1312
f 722/1682/1312 1135/1681/1311 1136/1683/1313
f 722/1682/1312 1136/1683/1313 723/1684/1314
f 723/1684/1314 1136/1683/1313 1137/1685/1315
f 723/1684/1314 1137/1685/1315 724/1686/1316
f 724/1686/1316 1137/1685/1315 1138/1687/1317
f 724/1686/1316 1138/1687/1317 141/1688/99
f 141/1688/99 1138/1687/1317 1021/1689/1318
f 141/1688/99 1021/1689/1318 110/1690/56
f 1026/1676/1306 1025/1691/1319 1133/1678/1308
f 1133/1678/1308 1025/1691/1319 1135/1681/1311
f 1025/1691/1319 1024/1692/1320 1135/1681/1311
f 1135/1681/1311 1024/1692/1320 1136/1683/1313
f 1024/1692/1320 1023/1693/1321 1136/1683/1313
f 1136/1683/1313 1023/1693/1321 1137/1685/1315
f 1023/1693/1321 1022/1694/1322 1137/1685/1315
f 1137/1685/1315 1022/1694/1322 1138/1687/1317
f 1022/1694/1322 1021/1689/1318 1138/1687/1317
f 720/1679/1309 719/1695/1323 1134/1677/1307
f 1134/1677/1307 719/1695/1323 1132/1675/1305
f 719/1695/1323 718/1696/1303 1132/1675/1305
f 1132/1675/1305 718/1696/1303 1131/1672/1303
f 1131/1672/1303 718/1696/1303 1130/1669/1300
f 1130/1669/1300 718/1696/1303 717/1697/1324
f 1130/1669/1300 717/1697/1324 1129/1670/1301
f 1129/1670/1301 717/1697/1324 716/1671/1302
f 725/1651/1325 80/1652/87 1139/1653/1326
f 1139/1653/1326 80/1652/87 79/1654/87
f 1139/1653/1326 79/1654/87 1003/1655/1327
f 1003/1655/1327 1002/1656/1328 1139/1653/1326
f 1139/1653/1326 1002/1656/1328 1140/1657/1329
f 1139/1653/1326 1140/1657/1329 725/1651/1325
f 725/1651/1325 1140/1657/1329 726/1658/1330
f 726/1658/1330 1140/1657/1329 727/1659/1331
f 727/1659/1331 1140/1657/1329 1141/1660/1332
f 727/1659/1331 1141/1660/1332 728/1661/1333
f 728/1661/1333 1141/1660/1332 1143/1662/1334
f 728/1661/1333 1143/1662/1334 1142/1663/1335
f 1142/1663/1335 1143/1662/1334 999/1664/1336
f 1142/1663/1335 999/1664/1336 998/1665/1337
f 1002/1656/1328 1001/1666/1338 1140/1657/1329
f 1140/1657/1329 1001/1666/1338 1141/1660/1332
f 1001/1666/1338 1000/1667/1339 1141/1660/1332
f 1141/1660/1332 1000/1667/1339 1143/1662/1334
f 1000/1667/1339 999/1664/1336 1143/1662/1334
f 997/1668/1340 1145/1669/1341 998/1665/1337
f 998/1665/1337 1145/1669/1341 1144/1670/1342
f 998/1665/1337 1144/1670/1342 1142/1663/1335
f 1142/1663/1335 1144/1670/1342 729/1671/1343
f 1142/1663/1335 729/1671/1343 728/1661/1333
f 1145/1669/1341 997/1668/1340 1146/1672/1344
f 1146/1672/1344 997/1668/1340 996/1673/1344
f 1146/1672/1344 996/1673/1344 995/1674/1345
f 1146/1672/1344 995/1674/1345 1147/1675/1346
f 1147/1675/1346 995/1674/1345 994/1676/1347
f 1147/1675/1346 994/1676/1347 1149/1677/1348
f 1149/1677/1348 994/1676/1347 1148/1678/1349
f 1149/1677/1348 1148/1678/1349 733/1679/1350
f 733/1679/1350 1148/1678/1349 734/1680/1351
f 734/1680/1351 1148/1678/1349 1150/1681/1352
f 734/1680/1351 1150/1681/1352 735/1682/1353
f 735/1682/1353 1150/1681/1352 1151/1683/1354
f 735/1682/1353 1151/1683/1354 736/1684/1355
f 736/1684/1355 1151/1683/1354 1152/1685/1356
f 736/1684/1355 1152/1685/1356 737/1686/1357
f 737/1686/1357 1152/1685/1356 1153/1687/1358
f 737/1686/1357 1153/1687/1358 94/1688/56
f 94/1688/56 1153/1687/1358 989/1689/1359
f 94/1688/56 989/1689/1359 63/1690/56
f 994/1676/1347 993/1691/1360 1148/1678/1349
f 1148/1678/1349 993/1691/1360 1150/1681/1352
f 993/1691/1360 992/1692/1361 1150/1681/1352
f 1150/1681/1352 992/1692/1361 1151/1683/1354
f 992/1692/1361 991/1693/1362 1151/1683/1354
f 1151/1683/1354 991/1693/1362 1152/1685/1356
f 991/1693/1362 990/1694/1363 1152/1685/1356
f 1152/1685/1356 990/1694/1363 1153/1687/1358
f 990/1694/1363 989/1689/1359 1153/1687/1358
f 733/1679/1350 732/1695/1364 1149/1677/1348
f 1149/1677/1348 732/1695/1364 1147/1675/1346
f 732/1695/1364 731/1696/1365 1147/1675/1346
f 1147/1675/1346 731/1696/1365 1146/1672/1344
f 1146/1672/1344 731/1696/1365 1145/1669/1341
f 1145/1669/1341 731/1696/1365 730/1697/1366
f 1145/1669/1341 730/1697/1366 1144/1670/1342
f 1144/1670/1342 730/1697/1366 729/1671/1343
f 738/1698/1367 42/1699/25 1154/1700/1368
f 1154/1700/1368 42/1699/25 41/1701/25
f 1154/1700/1368 41/1701/25 988/1702/1369
f 1154/1700/1368 988/1702/1369 1155/1703/1370
f 1155/1703/1370 988/1702/1369 987/1704/1371
f 1155/1703/1370 987/1704/1371 1157/1705/1372
f 1157/1705/1372 987/1704/1371 986/1706/1373
f 1157/1705/1372 986/1706/1373 1156/1707/1374
f 1156/1707/1374 986/1706/1373 985/1708/1375
f 1156/1707/1374 985/1708/1375 1158/1709/1376
f 1158/1709/1376 985/1708/1375 984/1710/1377
f 1158/1709/1376 984/1710/1377 1159/1711/1378
f 1159/1711/1378 984/1710/1377 1160/1712/1379
f 1159/1711/1378 1160/1712/1379 742/1713/1378
f 742/1713/1378 1160/1712/1379 743/1714/1380
f 743/1714/1380 1160/1712/1379 1162/1715/1381
f 743/1714/1380 1162/1715/1381 1161/1716/1382
f 1161/1716/1382 1162/1715/1381 983/1717/1383
f 1161/1716/1382 983/1717/1383 982/1718/1384
f 984/1710/1377 983/1717/1383 1160/1712/1379
f 1160/1712/1379 983/1717/1383 1162/1715/1381
f 1161/1716/1382 982/1718/1384 1163/1719/1385
f 1163/1719/1385 982/1718/1384 981/1720/1386
f 1163/1719/1385 981/1720/1386 1164/1721/1387
f 1164/1721/1387 981/1720/1386 980/1722/1388
f 1164/1721/1387 980/1722/1388 50/1723/29
f 50/1723/29 980/1722/1388 32/1724/30
f 50/1723/29 745/1725/1389 1164/1721/1387
f 1164/1721/1387 745/1725/1389 1163/1719/1385
f 745/1725/1389 744/1726/1390 1163/1719/1385
f 1163/1719/1385 744/1726/1390 1161/1716/1382
f 744/1726/1390 743/1714/1380 1161/1716/1382
f 742/1713/1378 741/1727/1391 1159/1711/1378
f 1159/1711/1378 741/1727/1391 1158/1709/1376
f 741/1727/1391 740/1728/1392 1158/1709/1376
f 1158/1709/1376 740/1728/1392 1156/1707/1374
f 1156/1707/1374 740/1728/1392 1157/1705/1372
f 1157/1705/1372 740/1728/1392 739/1729/1393
f 1157/1705/1372 739/1729/1393 1155/1703/1370
f 1155/1703/1370 739/1729/1393 738/1698/1367
f 1155/1703/1370 738/1698/1367 1154/1700/1368
f 746/1698/1394 11/1699/25 1165/1700/1395
f 1165/1700/1395 11/1699/25 10/1701/25
f 1165/1700/1395 10/1701/25 979/1702/1396
f 1165/1700/1395 979/1702/1396 1166/1703/1397
f 1166/1703/1397 979/1702/1396 978/1704/1398
f 1166/1703/1397 978/1704/1398 1168/1705/1399
f 1168/1705/1399 978/1704/1398 977/1706/1400
f 1168/1705/1399 977/1706/1400 1167/1707/1401
f 1167/1707/1401 977/1706/1400 976/1708/1402
f 1167/1707/1401 976/1708/1402 1169/1709/1403
f 1169/1709/1403 976/1708/1402 975/1710/1404
f 1169/1709/1403 975/1710/1404 1170/1711/1405
f 1170/1711/1405 975/1710/1404 1171/1712/1406
f 1170/1711/1405 1171/1712/1406 750/1713/1407
f 750/1713/1407 1171/1712/1406 751/1714/1408
f 751/1714/1408 1171/1712/1406 1173/1715/1409
f 751/1714/1408 1173/1715/1409 1172/1716/1410
f 1172/1716/1410 1173/1715/1409 974/1717/1411
f 1172/1716/1410 974/1717/1411 973/1718/1412
f 975/1710/1404 974/1717/1411 1171/1712/1406
f 1171/1712/1406 974/1717/1411 1173/1715/1409
f 1172/1716/1410 973/1718/1412 1174/1719/1413
f 1174/1719/1413 973/1718/1412 972/1720/1414
f 1174/1719/1413 972/1720/1414 1175/1721/1415
f 1175/1721/1415 972/1720/1414 971/1722/1416
f 1175/1721/1415 971/1722/1416 19/1723/1
f 19/1723/1 971/1722/1416 1/1724/2
f 19/1723/1 753/1725/1417 1175/1721/1415
f 1175/1721/1415 753/1725/1417 1174/1719/1413
f 753/1725/1417 752/1726/1418 1174/1719/1413
f 1174/1719/1413 752/1726/1418 1172/1716/1410
f 752/1726/1418 751/1714/1408 1172/1716/1410
f 750/1713/1407 749/1727/1419 1170/1711/1405
f 1170/1711/1405 749/1727/1419 1169/1709/1403
f 749/1727/1419 748/1728/1420 1169/1709/1403
f 1169/1709/1403 748/1728/1420 1167/1707/1401
f 1167/1707/1401 748/1728/1420 1168/1705/1399
f 1168/1705/1399 748/1728/1420 747/1729/1421
f 1168/1705/1399 747/1729/1421 1166/1703/1397
f 1166/1703/1397 747/1729/1421 746/1698/1394
f 1166/1703/1397 746/1698/1394 1165/1700/1395
f 173/1730/170 1020/1731/170 174/1732/170
f 174/1732/170 1020/1731/170 696/1733/170
f 1020/109/170 1019/1734/1422 696/110/170
f 696/110/170 1019/1734/1422 697/1735/1423
f 697/1735/1423 1019/1734/1422 1018/1736/1424
f 697/1735/1423 1018/1736/1424 698/1737/1425
f 698/1737/1425 1018/1736/1424 1017/1738/1426
f 698/1737/1425 1017/1738/1426 699/1739/1426
f 699/1739/1426 1017/1738/1426 700/1740/1427
f 700/1740/1427 1017/1738/1426 1016/1741/1428
f 700/1740/1427 1016/1741/1428 701/1742/1429
f 701/1742/1429 1016/1741/1428 1015/1743/1430
f 701/1742/1429 1015/1743/1430 702/1744/1431
f 702/1744/1431 1015/1743/1430 1014/1745/1432
f 702/1744/1431 1014/1745/1432 703/1746/1433
f 703/1746/1433 1014/1745/1432 1013/1747/1434
f 703/1746/1433 1013/1747/1434 704/1748/1435
f 704/1748/1435 1013/1747/1434 1012/1749/25
f 704/1750/1435 1012/1751/25 1011/1752/1436
f 704/1750/1435 1011/1752/1436 705/1753/1437
f 705/1753/1437 1011/1752/1436 1010/1754/1438
f 705/1753/1437 1010/1754/1438 706/1755/1439
f 706/1755/1439 1010/1754/1438 1009/1756/1440
f 706/1755/1439 1009/1756/1440 707/1757/1441
f 707/1757/1441 1009/1756/1440 1008/1758/1442
f 707/1757/1441 1008/1758/1442 708/1759/1443
f 708/1759/1443 1008/1758/1442 1007/1760/1444
f 708/1759/1443 1007/1760/1444 709/1761/1444
f 709/1761/1444 1007/1760/1444 1006/1762/1445
f 709/1761/1444 1006/1762/1445 710/1763/1446
f 710/1763/1446 1006/1762/1445 1005/1764/1447
f 710/1763/1446 1005/1764/1447 711/1765/1448
f 711/1765/1448 1005/1764/1447 1004/77/143
f 711/1765/1448 1004/77/143 695/79/143
f 1004/1766/143 157/1730/143 695/1767/143
f 695/1767/143 157/1730/143 190/1732/143
f 1177/1768/25 1202/1769/1449 1176/1770/25
f 1176/1770/25 1202/1769/1449 1214/1771/1450
f 1176/1772/25 1214/1773/1450 1201/1774/1451
f 1201/1774/1451 1214/1773/1450 1200/1775/1452
f 1200/1775/1452 1214/1773/1450 1202/1776/1449
f 1200/1775/1452 1202/1776/1449 1203/1777/1453
f 1203/1778/1453 1202/1769/1449 1225/1779/1454
f 1203/1778/1453 1225/1779/1454 1224/1780/1455
f 1224/1780/1455 1225/1779/1454 1217/1781/1456
f 1224/1780/1455 1217/1781/1456 1218/1782/1457
f 1218/1782/1457 1217/1781/1456 1235/1783/1458
f 1218/1782/1457 1235/1783/1458 1234/1784/1459
f 1234/1784/1459 1235/1783/1458 1231/1785/1460
f 1234/1784/1459 1231/1785/1460 1232/1786/1461
f 1232/1786/1461 1231/1785/1460 1244/1787/1462
f 1232/1786/1461 1244/1787/1462 1189/1788/1463
f 1189/1788/1463 1244/1787/1462 1188/1789/1464
f 1188/1789/1464 1244/1787/1462 1243/1790/1465
f 1188/1789/1464 1243/1790/1465 1187/1791/176
f 1187/1791/176 1243/1790/1465 1186/1792/1466
f 1186/1792/1466 1243/1790/1465 1242/1793/1467
f 1186/1792/1466 1242/1793/1467 1185/1794/1468
f 1185/1794/1468 1242/1793/1467 1241/1795/1469
f 1185/1794/1468 1241/1795/1469 1184/1796/1470
f 1184/1796/1470 1241/1795/1469 1240/1797/1471
f 1184/1796/1470 1240/1797/1471 1183/1798/1472
f 1183/1798/1472 1240/1797/1471 1239/1799/1473
f 1183/1798/1472 1239/1799/1473 1182/1800/1474
f 1182/1800/1474 1239/1799/1473 1208/1801/1475
f 1182/1800/1474 1208/1801/1475 1181/1802/1476
f 1181/1802/1476 1208/1801/1475 1180/1803/25
f 1180/1803/25 1208/1801/1475 1179/1804/25
f 1179/1804/25 1208/1801/1475 1249/1805/1477
f 1179/1804/25 1249/1805/1477 1227/1806/1478
f 1227/1806/1478 1249/1805/1477 1248/1807/1479
f 1227/1806/1478 1248/1807/1479 1228/1808/1480
f 1228/1808/1480 1248/1807/1479 1247/1809/1481
f 1228/1808/1480 1247/1809/1481 1229/1810/1482
f 1229/1810/1482 1247/1809/1481 1246/1811/1483
f 1229/1810/1482 1246/1811/1483 1230/1812/1484
f 1230/1812/1484 1246/1811/1483 1245/1813/1485
f 1230/1812/1484 1245/1813/1485 1231/1785/1460
f 1231/1785/1460 1245/1813/1485 1244/1787/1462
f 1178/1814/25 1215/1815/1486 1177/1768/25
f 1177/1768/25 1215/1815/1486 1226/1816/1487
f 1177/1768/25 1226/1816/1487 1202/1769/1449
f 1202/1769/1449 1226/1816/1487 1225/1779/1454
f 1179/1804/25 1227/1806/1478 1178/1814/25
f 1178/1814/25 1227/1806/1478 1238/1817/1488
f 1178/1814/25 1238/1817/1488 1215/1815/1486
f 1215/1815/1486 1238/1817/1488 1237/1818/1489
f 1215/1815/1486 1237/1818/1489 1216/1819/1490
f 1216/1819/1490 1237/1818/1489 1236/1820/1491
f 1216/1819/1490 1236/1820/1491 1217/1781/1456
f 1217/1781/1456 1236/1820/1491 1235/1783/1458
f 1189/1788/1463 1190/1821/1492 1232/1786/1461
f 1232/1786/1461 1190/1821/1492 1233/1822/1493
f 1232/1786/1461 1233/1822/1493 1234/1784/1459
f 1234/1784/1459 1233/1822/1493 1219/1823/1494
f 1234/1784/1459 1219/1823/1494 1218/1782/1457
f 1218/1782/1457 1219/1823/1494 1223/1824/1495
f 1218/1782/1457 1223/1824/1495 1224/1780/1455
f 1224/1780/1455 1223/1824/1495 1204/1825/1496
f 1224/1780/1455 1204/1825/1496 1203/1778/1453
f 1203/1777/1453 1204/1826/1496 1199/1827/1497
f 1203/1777/1453 1199/1827/1497 1213/1828/1498
f 1213/1828/1498 1199/1827/1497 1200/1775/1452
f 1213/1828/1498 1200/1775/1452 1203/1777/1453
f 1190/1821/1492 1191/1829/1499 1233/1822/1493
f 1233/1822/1493 1191/1829/1499 1220/1830/1500
f 1233/1822/1493 1220/1830/1500 1219/1823/1494
f 1219/1823/1494 1220/1830/1500 1222/1831/1501
f 1219/1823/1494 1222/1831/1501 1223/1824/1495
f 1223/1824/1495 1222/1831/1501 1205/1832/1502
f 1223/1824/1495 1205/1832/1502 1204/1825/1496
f 1204/1826/1496 1205/1833/1502 1198/1834/1503
f 1204/1826/1496 1198/1834/1503 1212/1835/1504
f 1212/1835/1504 1198/1834/1503 1199/1827/1497
f 1212/1835/1504 1199/1827/1497 1204/1826/1496
f 1191/1829/1499 1192/1836/1505 1220/1830/1500
f 1220/1830/1500 1192/1836/1505 1221/1837/1506
f 1220/1830/1500 1221/1837/1506 1222/1831/1501
f 1222/1831/1501 1221/1837/1506 1206/1838/1507
f 1222/1831/1501 1206/1838/1507 1205/1832/1502
f 1205/1833/1502 1206/1839/1507 1209/1840/1508
f 1205/1833/1502 1209/1840/1508 1198/1834/1503
f 1198/1834/1503 1209/1840/1508 1197/1841/1509
f 1197/1841/1509 1209/1840/1508 1210/1842/1510
f 1197/1841/1509 1210/1842/1510 1196/1843/1511
f 1196/1843/1511 1210/1842/1510 1211/1844/1512
f 1196/1843/1511 1211/1844/1512 1195/1845/1513
f 1195/1845/1513 1211/1844/1512 1194/1846/1514
f 1194/1846/1514 1211/1844/1512 1207/1847/1515
f 1194/1846/1514 1207/1847/1515 1193/1848/1516
f 1193/1849/1516 1207/1850/1515 1221/1837/1506
f 1193/1849/1516 1221/1837/1506 1192/1836/1505
f 1210/1842/1510 1209/1840/1508 1206/1839/1507
f 1211/1844/1512 1210/1842/1510 1207/1847/1515
f 1207/1847/1515 1210/1842/1510 1206/1839/1507
f 1207/1850/1515 1206/1838/1507 1221/1837/1506
f 1225/1779/1454 1226/1816/1487 1216/1819/1490
f 1216/1819/1490 1226/1816/1487 1215/1815/1486
f 1216/1819/1490 1217/1781/1456 1225/1779/1454
f 1237/1818/1489 1238/1817/1488 1228/1808/1480
f 1228/1808/1480 1238/1817/1488 1227/1806/1478
f 1236/1820/1491 1237/1818/1489 1229/1810/1482
f 1229/1810/1482 1237/1818/1489 1228/1808/1480
f 1235/1783/1458 1236/1820/1491 1230/1812/1484
f 1230/1812/1484 1236/1820/1491 1229/1810/1482
f 1230/1812/1484 1231/1785/1460 1235/1783/1458
f 1248/1807/1479 1249/1805/1477 1239/1799/1473
f 1239/1799/1473 1249/1805/1477 1208/1801/1475
f 1247/1809/1481 1248/1807/1479 1240/1797/1471
f 1240/1797/1471 1248/1807/1479 1239/1799/1473
f 1246/1811/1483 1247/1809/1481 1241/1795/1469
f 1241/1795/1469 1247/1809/1481 1240/1797/1471
f 1245/1813/1485 1246/1811/1483 1242/1793/1467
f 1242/1793/1467 1246/1811/1483 1241/1795/1469
f 1244/1787/1462 1245/1813/1485 1243/1790/1465
f 1243/1790/1465 1245/1813/1485 1242/1793/1467
f 1275/1851/1476 1250/1852/25 1276/1853/1517
f 1276/1853/1517 1250/1852/25 1251/1854/25
f 1276/1853/1517 1251/1854/25 1295/1855/1518
f 1295/1855/1518 1251/1854/25 1277/1856/1519
f 1295/1855/1518 1277/1856/1519 1294/1857/1520
f 1294/1857/1520 1277/1856/1519 1285/1858/1521
f 1294/1857/1520 1285/1858/1521 1293/1859/1522
f 1293/1859/1522 1285/1858/1521 1286/1860/1523
f 1293/1859/1522 1286/1860/1523 1292/1861/1524
f 1292/1861/1524 1286/1860/1523 1287/1862/1525
f 1292/1861/1524 1287/1862/1525 1291/1863/1526
f 1291/1863/1526 1287/1862/1525 1288/1864/1527
f 1291/1863/1526 1288/1864/1527 1290/1865/1528
f 1290/1865/1528 1288/1864/1527 1289/1866/1529
f 1290/1865/1528 1289/1866/1529 1267/1867/1530
f 1267/1867/1530 1289/1866/1529 1266/1868/1531
f 1266/1868/1531 1289/1866/1529 1301/1869/1532
f 1266/1868/1531 1301/1869/1532 1265/1870/1533
f 1265/1870/1533 1301/1869/1532 1300/1871/1534
f 1265/1870/1533 1300/1871/1534 1264/1872/1535
f 1264/1872/1535 1300/1871/1534 1312/1873/1536
f 1264/1872/1535 1312/1873/1536 1263/1874/1537
f 1263/1874/1537 1312/1873/1536 1311/1875/1538
f 1263/1874/1537 1311/1875/1538 1262/1876/1539
f 1262/1876/1539 1311/1875/1538 1318/1877/1540
f 1262/1876/1539 1318/1877/1540 1261/1878/1541
f 1261/1878/1541 1318/1877/1540 1260/1879/1542
f 1260/1879/1542 1318/1877/1540 1319/1880/1543
f 1260/1879/1542 1319/1880/1543 1259/1881/1544
f 1259/1881/1544 1319/1880/1543 1320/1882/1545
f 1259/1881/1544 1320/1882/1545 1258/1883/1546
f 1258/1883/1546 1320/1882/1545 1309/1884/1547
f 1258/1883/1546 1309/1884/1547 1308/1885/1548
f 1308/1885/1548 1309/1884/1547 1314/1886/1549
f 1308/1885/1548 1314/1886/1549 1315/1887/1550
f 1315/1887/1550 1314/1886/1549 1298/1888/1551
f 1315/1887/1550 1298/1888/1551 1297/1889/1552
f 1297/1889/1552 1298/1888/1551 1303/1890/1553
f 1297/1889/1552 1303/1890/1553 1304/1891/1554
f 1304/1891/1554 1303/1890/1553 1287/1862/1525
f 1304/1891/1554 1287/1862/1525 1286/1860/1523
f 1251/1854/25 1252/1892/25 1277/1856/1519
f 1277/1856/1519 1252/1892/25 1306/1893/1555
f 1277/1856/1519 1306/1893/1555 1285/1858/1521
f 1285/1858/1521 1306/1893/1555 1305/1894/1556
f 1285/1858/1521 1305/1894/1556 1286/1860/1523
f 1286/1860/1523 1305/1894/1556 1304/1891/1554
f 1306/1893/1555 1252/1892/25 1278/1895/1557
f 1278/1895/1557 1252/1892/25 1253/1896/25
f 1278/1895/1557 1253/1896/25 1317/1897/1558
f 1317/1897/1558 1253/1896/25 1255/1898/1559
f 1317/1897/1558 1255/1898/1559 1279/1899/1560
f 1279/1899/1560 1255/1898/1559 1323/1900/1561
f 1279/1899/1560 1323/1900/1561 1256/1901/1562
f 1256/1901/1562 1323/1900/1561 1255/1898/1559
f 1253/1896/25 1254/1902/25 1255/1898/1559
f 1257/1903/1563 1322/1904/1564 1256/1901/1562
f 1256/1901/1562 1322/1904/1564 1307/1905/1565
f 1256/1901/1562 1307/1905/1565 1279/1899/1560
f 1279/1899/1560 1307/1905/1565 1316/1906/1566
f 1279/1899/1560 1316/1906/1566 1317/1897/1558
f 1317/1897/1558 1316/1906/1566 1296/1907/1567
f 1317/1897/1558 1296/1907/1567 1278/1895/1557
f 1278/1895/1557 1296/1907/1567 1305/1894/1556
f 1278/1895/1557 1305/1894/1556 1306/1893/1555
f 1258/1883/1546 1321/1908/1568 1257/1903/1563
f 1257/1903/1563 1321/1908/1568 1308/1885/1548
f 1257/1903/1563 1308/1885/1548 1307/1905/1565
f 1307/1905/1565 1308/1885/1548 1315/1887/1550
f 1307/1905/1565 1315/1887/1550 1316/1906/1566
f 1316/1906/1566 1315/1887/1550 1297/1889/1552
f 1316/1906/1566 1297/1889/1552 1296/1907/1567
f 1296/1907/1567 1297/1889/1552 1304/1891/1554
f 1296/1907/1567 1304/1891/1554 1305/1894/1556
f 1267/1867/1530 1268/1909/1569 1290/1865/1528
f 1290/1865/1528 1268/1909/1569 1284/1910/1570
f 1290/1865/1528 1284/1910/1570 1291/1863/1526
f 1291/1863/1526 1284/1910/1570 1283/1911/1571
f 1291/1863/1526 1283/1911/1571 1292/1861/1524
f 1292/1861/1524 1283/1911/1571 1282/1912/1572
f 1292/1861/1524 1282/1912/1572 1293/1859/1522
f 1293/1859/1522 1282/1912/1572 1281/1913/1573
f 1293/1859/1522 1281/1913/1573 1294/1857/1520
f 1294/1857/1520 1281/1913/1573 1280/1914/1574
f 1294/1857/1520 1280/1914/1574 1295/1855/1518
f 1295/1855/1518 1280/1914/1574 1276/1853/1517
f 1268/1909/1569 1269/1915/176 1284/1910/1570
f 1284/1910/1570 1269/1915/176 1270/1916/1575
f 1284/1910/1570 1270/1916/1575 1283/1911/1571
f 1283/1911/1571 1270/1916/1575 1271/1917/1576
f 1283/1911/1571 1271/1917/1576 1282/1912/1572
f 1282/1912/1572 1271/1917/1576 1272/1918/1470
f 1282/1912/1572 1272/1918/1470 1281/1913/1573
f 1281/1913/1573 1272/1918/1470 1273/1919/1472
f 1281/1913/1573 1273/1919/1472 1280/1914/1574
f 1280/1914/1574 1273/1919/1472 1274/1920/1577
f 1280/1914/1574 1274/1920/1577 1276/1853/1517
f 1276/1853/1517 1274/1920/1577 1275/1851/1476
f 1319/1880/1543 1318/1877/1540 1311/1875/1538
f 1287/1862/1525 1303/1890/1553 1288/1864/1527
f 1288/1864/1527 1303/1890/1553 1302/1921/1578
f 1288/1864/1527 1302/1921/1578 1289/1866/1529
f 1289/1866/1529 1302/1921/1578 1301/1869/1532
f 1302/1921/1578 1303/1890/1553 1298/1888/1551
f 1301/1869/1532 1302/1921/1578 1299/1922/1579
f 1299/1922/1579 1302/1921/1578 1298/1888/1551
f 1299/1922/1579 1298/1888/1551 1314/1886/1549
f 1301/1869/1532 1299/1922/1579 1300/1871/1534
f 1300/1871/1534 1299/1922/1579 1313/1923/1580
f 1300/1871/1534 1313/1923/1580 1312/1873/1536
f 1312/1873/1536 1313/1923/1580 1310/1924/1581
f 1312/1873/1536 1310/1924/1581 1311/1875/1538
f 1311/1875/1538 1310/1924/1581 1319/1880/1543
f 1313/1923/1580 1299/1922/1579 1314/1886/1549
f 1313/1923/1580 1314/1886/1549 1309/1884/1547
f 1322/1904/1564 1257/1903/1563 1307/1905/1565
f 1313/1923/1580 1309/1884/1547 1310/1924/1581
f 1310/1924/1581 1309/1884/1547 1320/1882/1545
f 1310/1924/1581 1320/1882/1545 1319/1880/1543
f 1321/1908/1568 1258/1883/1546 1308/1885/1548
f 1187/1925/176 1324/1926/176 1188/1927/1464
f 1188/1927/1464 1324/1926/176 1325/1928/1464
f 1188/1927/1464 1325/1928/1464 1189/1929/1463
f 1189/1929/1463 1325/1928/1464 1326/1930/1463
f 1189/1929/1463 1326/1930/1463 1190/1931/1492
f 1190/1931/1492 1326/1930/1463 1327/1932/1492
f 1190/1931/1492 1327/1932/1492 1191/1933/1499
f 1191/1933/1499 1327/1932/1492 1328/1934/1499
f 1191/1933/1499 1328/1934/1499 1192/1935/1505
f 1192/1935/1505 1328/1934/1499 1329/1936/1582
f 1192/1935/1505 1329/1936/1582 1193/1937/1516
f 1193/1937/1516 1329/1936/1582 1330/1938/1516
f 1193/1937/1516 1330/1938/1516 1194/1939/1514
f 1194/1939/1514 1330/1938/1516 1331/1940/1514
f 1194/1939/1514 1331/1940/1514 1332/1941/1513
f 1332/1941/1513 1195/1942/1513 1194/1939/1514
f 1333/1943/25 1334/1944/25 1250/1945/25
f 1250/1945/25 1334/1944/25 1335/1946/25
f 1250/1945/25 1335/1946/25 1336/1947/25
f 1336/1947/25 1337/1948/25 1250/1945/25
f 1250/1945/25 1337/1948/25 1338/1949/25
f 1250/1945/25 1338/1949/25 1254/1950/25
f 1254/1950/25 1338/1949/25 1339/1951/25
f 1254/1950/25 1339/1951/25 1340/1952/25
f 1340/1952/25 1341/1953/25 1254/1950/25
f 1254/1950/25 1341/1953/25 1342/1954/25
f 1254/1950/25 1342/1954/25 1343/1955/25
f 1343/1955/25 1344/1956/25 1254/1950/25
f 1254/1950/25 1253/1957/25 1250/1945/25
f 1250/1945/25 1253/1957/25 1252/1958/25
f 1250/1945/25 1252/1958/25 1251/1959/25
f 1345/1926/176 1269/1925/176 1353/1960/1569
f 1353/1960/1569 1269/1925/176 1268/1961/1569
f 1353/1960/1569 1268/1961/1569 1352/1962/1530
f 1352/1962/1530 1268/1961/1569 1267/1963/1530
f 1352/1962/1530 1267/1963/1530 1351/1964/1531
f 1351/1964/1531 1267/1963/1530 1266/1965/1531
f 1351/1964/1531 1266/1965/1531 1350/1966/1533
f 1350/1966/1533 1266/1965/1531 1265/1967/1533
f 1350/1966/1533 1265/1967/1533 1349/1968/1535
f 1349/1968/1535 1265/1967/1533 1264/1969/1535
f 1349/1968/1535 1264/1969/1535 1348/1970/1583
f 1348/1970/1583 1264/1969/1535 1263/1971/1537
f 1348/1970/1583 1263/1971/1537 1262/1972/1539
f 1348/1970/1583 1262/1972/1539 1347/1973/1539
f 1347/1974/1539 1262/1975/1539 1261/1976/1541
f 1347/1974/1539 1261/1976/1541 1346/1977/1541
f 1261/1978/1541 1354/1979/1584 1346/2/1541
f 1346/2/1541 1354/1979/1584 1355/1980/1541
f 1357/1981/1585 1380/1982/1586 1356/1983/1587
f 1356/1983/1587 1380/1982/1586 1381/1984/1588
f 1356/1983/1587 1381/1984/1588 1406/1985/1589
f 1406/1985/1589 1381/1984/1588 1382/1986/1590
f 1406/1985/1589 1382/1986/1590 1405/1987/1591
f 1405/1987/1591 1382/1986/1590 1404/1988/1592
f 1404/1988/1592 1382/1986/1590 1383/1989/1593
f 1404/1988/1592 1383/1989/1593 1403/1990/185
f 1403/1990/185 1383/1989/1593 1384/1991/1594
f 1403/1990/185 1384/1991/1594 1402/1992/1595
f 1402/1992/1595 1384/1991/1594 1385/1993/1596
f 1402/1992/1595 1385/1993/1596 1401/1994/1597
f 1401/1994/1597 1385/1993/1596 1400/1995/1598
f 1400/1995/1598 1385/1993/1596 1386/1996/1599
f 1400/1995/1598 1386/1996/1599 1333/1997/1600
f 1333/1997/1600 1386/1996/1599 1387/1998/1601
f 1333/1997/1600 1387/1998/1601 1334/1999/1602
f 1334/1999/1602 1387/1998/1601 1388/2000/1603
f 1334/1999/1602 1388/2000/1603 1335/2001/1604
f 1335/2001/1604 1388/2000/1603 1389/2002/1605
f 1335/2001/1604 1389/2002/1605 1336/2003/1606
f 1336/2003/1606 1389/2002/1605 1390/2004/1607
f 1336/2003/1606 1390/2004/1607 1337/2005/1608
f 1337/2005/1608 1390/2004/1607 1391/2006/1609
f 1337/2005/1608 1391/2006/1609 1338/2007/1610
f 1338/2007/1610 1391/2006/1609 1392/2008/1611
f 1338/2007/1610 1392/2008/1611 1339/2009/1612
f 1339/2009/1612 1392/2008/1611 1393/2010/1613
f 1339/2009/1612 1393/2010/1613 1340/2011/1614
f 1340/2011/1614 1393/2010/1613 1394/2012/1615
f 1340/2011/1614 1394/2012/1615 1341/2013/1616
f 1341/2013/1616 1394/2012/1615 1395/2014/1617
f 1341/2013/1616 1395/2014/1617 1342/2015/1618
f 1342/2015/1618 1395/2014/1617 1396/2016/1619
f 1342/2015/1618 1396/2016/1619 1343/2017/1620
f 1343/2017/1620 1396/2016/1619 1397/2018/1621
f 1343/2017/1620 1397/2018/1621 1344/2019/1622
f 1344/2019/1622 1397/2018/1621 1398/2020/1623
f 1344/2019/1622 1398/2020/1623 1399/2021/1623
f 1380/1982/1586 1357/1981/1585 1379/2022/1624
f 1379/2022/1624 1357/1981/1585 1358/2023/1625
f 1379/2022/1624 1358/2023/1625 1378/2024/1626
f 1378/2024/1626 1358/2023/1625 1359/2025/1627
f 1378/2024/1626 1359/2025/1627 1377/2026/1628
f 1377/2026/1628 1359/2025/1627 1360/2027/1629
f 1377/2026/1628 1360/2027/1629 1376/2028/1630
f 1376/2028/1630 1360/2027/1629 1361/2029/1631
f 1376/2028/1630 1361/2029/1631 1375/2030/1632
f 1375/2030/1632 1361/2029/1631 1362/2031/1633
f 1375/2030/1632 1362/2031/1633 1374/2032/1634
f 1374/2032/1634 1362/2031/1633 1363/2033/1635
f 1374/2032/1634 1363/2033/1635 1373/2034/1636
f 1373/2034/1636 1363/2033/1635 1364/2035/1637
f 1373/2034/1636 1364/2035/1637 1372/2036/1638
f 1372/2036/1638 1364/2035/1637 1365/2037/1639
f 1372/2036/1638 1365/2037/1639 1371/2038/1640
f 1371/2038/1640 1365/2037/1639 1366/2039/1641
f 1371/2038/1640 1366/2039/1641 1370/2040/1642
f 1370/2040/1642 1366/2039/1641 1367/2041/1643
f 1370/2040/1642 1367/2041/1643 1369/2042/1644
f 1369/2042/1644 1367/2041/1643 1368/2043/1644
f 1408/2044/1513 1195/1978/1513 1407/2045/1513
f 1407/2045/1513 1195/1978/1513 1332/2/1513
f 1324/2046/176 1187/2047/176 1345/2/176
f 1345/2/176 1187/2047/176 1269/2048/176
f 1369/2049/87 1407/2050/87 1370/2051/87
f 1370/2051/87 1407/2050/87 1371/2052/87
f 1371/2052/87 1407/2050/87 1332/2053/87
f 1371/2052/87 1332/2053/87 1372/2054/87
f 1372/2054/87 1332/2053/87 1373/2055/87
f 1373/2055/87 1332/2053/87 1374/2056/87
f 1374/2056/87 1332/2053/87 1375/2057/87
f 1375/2057/87 1332/2053/87 1376/2058/87
f 1376/2058/87 1332/2053/87 1377/2059/87
f 1377/2059/87 1332/2053/87 1331/2060/87
f 1377/2059/87 1331/2060/87 1378/2061/87
f 1378/2061/87 1331/2060/87 1330/2062/87
f 1378/2061/87 1330/2062/87 1329/2063/87
f 1378/2061/87 1329/2063/87 1379/2064/87
f 1379/2064/87 1329/2063/87 1328/2065/87
f 1379/2064/87 1328/2065/87 1324/2066/87
f 1324/2066/87 1328/2065/87 1327/2067/87
f 1324/2066/87 1327/2067/87 1326/2068/87
f 1326/2068/87 1325/2069/87 1324/2066/87
f 1345/2070/87 1383/2071/87 1324/2066/87
f 1324/2066/87 1383/2071/87 1382/2072/87
f 1324/2066/87 1382/2072/87 1381/2073/87
f 1353/2074/131 1352/2075/87 1345/2070/87
f 1345/2070/87 1352/2075/87 1351/2076/87
f 1345/2070/87 1351/2076/87 1350/2077/87
f 1345/2070/87 1350/2077/87 1388/2078/87
f 1388/2078/87 1350/2077/87 1349/2079/87
f 1388/2078/87 1349/2079/87 1389/2080/87
f 1389/2080/87 1349/2079/87 1348/2081/87
f 1389/2080/87 1348/2081/87 1347/2082/87
f 1389/2080/87 1347/2082/87 1390/2083/87
f 1390/2083/87 1347/2082/87 1346/2084/87
f 1390/2083/87 1346/2084/87 1391/2085/87
f 1391/2085/87 1346/2084/87 1392/2086/87
f 1392/2086/87 1346/2084/87 1393/2087/87
f 1393/2087/87 1346/2084/87 1394/2088/87
f 1394/2088/87 1346/2084/87 1395/2089/87
f 1395/2089/87 1346/2084/87 1396/2090/87
f 1396/2090/87 1346/2084/87 1355/2091/87
f 1396/2090/87 1355/2091/87 1397/2092/87
f 1397/2092/87 1355/2091/87 1398/2093/87
f 1388/2078/87 1387/2094/87 1345/2070/87
f 1345/2070/87 1387/2094/87 1386/2095/87
f 1345/2070/87 1386/2095/87 1385/2096/87
f 1385/2096/87 1384/2097/87 1345/2070/87
f 1345/2070/87 1384/2097/87 1383/2071/87
f 1381/2073/87 1380/2098/87 1324/2066/87
f 1324/2066/87 1380/2098/87 1379/2064/87
f 1179/2099/25 1178/2100/25 1180/2101/25
f 1180/2101/25 1178/2100/25 1177/2102/25
f 1180/2101/25 1177/2102/25 1176/2103/25
f 1367/2104/25 1366/2105/25 1176/2103/25
f 1176/2103/25 1366/2105/25 1365/2106/25
f 1176/2103/25 1365/2106/25 1364/2107/25
f 1364/2107/25 1363/2108/25 1176/2103/25
f 1176/2103/25 1363/2108/25 1362/2109/25
f 1176/2103/25 1362/2109/25 1361/2110/25
f 1176/2103/25 1361/2110/25 1180/2101/25
f 1180/2101/25 1361/2110/25 1360/2111/25
f 1180/2101/25 1360/2111/25 1359/2112/25
f 1359/2112/25 1358/2113/25 1180/2101/25
f 1180/2101/25 1358/2113/25 1357/2114/25
f 1180/2101/25 1357/2114/25 1356/2115/25
f 1355/2116/185 1354/2117/185 1398/2118/185
f 1398/2118/185 1354/2117/185 1411/2119/185
f 1398/2118/185 1411/2119/185 1412/2120/185
f 1409/2121/185 1410/2122/185 1354/2117/185
f 1354/2117/185 1410/2122/185 1411/2119/185
f 1412/2120/185 1413/2123/185 1398/2118/185
f 1398/2118/185 1413/2123/185 1399/2124/185
f 1368/2125/185 1414/2126/185 1369/2127/185
f 1369/2127/185 1414/2126/185 1415/2128/185
f 1369/2127/185 1415/2128/185 1416/2129/185
f 1369/2127/185 1416/2129/185 1408/2130/185
f 1408/2130/185 1416/2129/185 1417/2131/185
f 1408/2130/185 1417/2131/185 1418/2132/185
f 1408/2130/185 1407/2133/185 1369/2127/185
f 1413/2134/1645 1255/2135/1559 1399/2136/1646
f 1399/2136/1646 1255/2135/1559 1254/2137/25
f 1399/2136/1646 1254/2137/25 1344/2138/25
f 1255/2135/1559 1413/2134/1645 1256/2139/1562
f 1256/2139/1562 1413/2134/1645 1412/2140/1647
f 1256/2139/1562 1412/2140/1647 1257/2141/1563
f 1257/2141/1563 1412/2140/1647 1411/2142/1648
f 1257/2141/1563 1411/2142/1648 1258/2143/1546
f 1258/2143/1546 1411/2142/1648 1410/2144/1649
f 1258/2143/1546 1410/2144/1649 1259/2145/1544
f 1259/2145/1544 1410/2144/1649 1409/2146/1650
f 1259/2145/1544 1409/2146/1650 1260/2147/1542
f 1260/2147/1542 1409/2146/1650 1354/2148/1584
f 1260/2147/1542 1354/2148/1584 1261/2149/1541
f 1275/2150/1476 1422/2151/1651 1250/2/25
f 1250/2/25 1422/2151/1651 1400/2152/1652
f 1250/2/25 1400/2152/1652 1333/2153/25
f 1422/2151/1651 1275/2150/1476 1419/2154/1653
f 1419/2154/1653 1275/2150/1476 1274/2155/1577
f 1419/2154/1653 1274/2155/1577 1424/2156/1654
f 1424/2156/1654 1274/2155/1577 1273/2157/1472
f 1424/2156/1654 1273/2157/1472 1427/2158/1655
f 1427/2158/1655 1273/2157/1472 1272/2159/1470
f 1427/2158/1655 1272/2159/1470 1430/2160/1656
f 1430/2160/1656 1272/2159/1470 1271/2161/1576
f 1430/2160/1656 1271/2161/1576 1270/2162/1575
f 1430/2160/1656 1270/2162/1575 1433/2163/1657
f 1433/2163/1657 1270/2162/1575 1269/2137/176
f 1433/2163/1657 1269/2137/176 1434/2164/1657
f 1434/2164/1657 1269/2137/176 1187/2165/176
f 1434/2164/1657 1187/2165/176 1435/2166/1657
f 1435/2166/1657 1187/2165/176 1186/2167/1466
f 1435/2166/1657 1186/2167/1466 1432/2168/1658
f 1432/2168/1658 1186/2167/1466 1185/2169/1468
f 1432/2168/1658 1185/2169/1468 1184/2170/1470
f 1432/2168/1658 1184/2170/1470 1429/2171/1659
f 1429/2171/1659 1184/2170/1470 1183/2172/1472
f 1429/2171/1659 1183/2172/1472 1426/2173/1654
f 1426/2173/1654 1183/2172/1472 1182/2174/1474
f 1426/2173/1654 1182/2174/1474 1421/2175/1660
f 1421/2175/1660 1182/2174/1474 1181/2176/1476
f 1421/2175/1660 1181/2176/1476 1423/2177/1651
f 1423/2177/1651 1181/2176/1476 1180/2178/25
f 1423/2177/1651 1180/2178/25 1356/2179/25
f 1356/2179/25 1406/2180/1652 1423/2177/1651
f 1423/2177/1651 1406/2180/1652 1405/2181/1661
f 1423/2177/1651 1405/2181/1661 1421/2175/1660
f 1421/2175/1660 1405/2181/1661 1404/2182/1662
f 1421/2175/1660 1404/2182/1662 1403/2183/1663
f 1421/2175/1660 1403/2183/1663 1420/2184/1664
f 1420/2184/1664 1403/2183/1663 1402/2185/1662
f 1420/2184/1664 1402/2185/1662 1419/2154/1653
f 1419/2154/1653 1402/2185/1662 1401/2186/1665
f 1419/2154/1653 1401/2186/1665 1422/2151/1651
f 1422/2151/1651 1401/2186/1665 1400/2152/1652
f 1426/2173/1654 1421/2175/1660 1420/2184/1664
f 1420/2184/1664 1419/2154/1653 1425/2187/1654
f 1425/2187/1654 1419/2154/1653 1424/2156/1654
f 1425/2187/1654 1424/2156/1654 1428/2188/1666
f 1428/2188/1666 1424/2156/1654 1427/2158/1655
f 1428/2188/1666 1427/2158/1655 1431/2189/1667
f 1431/2189/1667 1427/2158/1655 1430/2160/1656
f 1431/2189/1667 1430/2160/1656 1434/2164/1657
f 1434/2164/1657 1430/2160/1656 1433/2163/1657
f 1429/2171/1659 1426/2173/1654 1425/2187/1654
f 1425/2187/1654 1426/2173/1654 1420/2184/1664
f 1429/2171/1659 1425/2187/1654 1428/2188/1666
f 1432/2168/1658 1429/2171/1659 1428/2188/1666
f 1432/2168/1658 1428/2188/1666 1431/2189/1667
f 1435/2166/1657 1432/2168/1658 1431/2189/1667
f 1435/2166/1657 1431/2189/1667 1434/2164/1657
f 1367/2190/25 1436/2191/1668 1368/2192/1669
f 1368/2192/1669 1436/2191/1668 1437/2193/1670
f 1368/2192/1669 1437/2193/1670 1414/2194/1671
f 1414/2194/1671 1437/2193/1670 1438/2195/1672
f 1414/2194/1671 1438/2195/1672 1415/2196/1673
f 1415/2196/1673 1438/2195/1672 1439/2197/1674
f 1415/2196/1673 1439/2197/1674 1416/2198/1675
f 1416/2198/1675 1439/2197/1674 1440/2199/1676
f 1416/2198/1675 1440/2199/1676 1417/2200/1677
f 1417/2200/1677 1440/2199/1676 1441/2201/1678
f 1417/2200/1677 1441/2201/1678 1418/2202/1679
f 1418/2202/1679 1441/2201/1678 1408/2203/1513
f 1408/2203/1513 1441/2201/1678 1196/2147/1511
f 1408/2203/1513 1196/2147/1511 1195/2149/1513
f 1367/2190/25 1176/2137/25 1436/2191/1668
f 1436/2191/1668 1176/2137/25 1201/2135/1451
f 1436/2191/1668 1201/2135/1451 1437/2193/1670
f 1437/2193/1670 1201/2135/1451 1200/2139/1452
f 1437/2193/1670 1200/2139/1452 1438/2195/1672
f 1438/2195/1672 1200/2139/1452 1199/2141/1497
f 1438/2195/1672 1199/2141/1497 1439/2197/1674
f 1439/2197/1674 1199/2141/1497 1198/2143/1503
f 1439/2197/1674 1198/2143/1503 1440/2199/1676
f 1440/2199/1676 1198/2143/1503 1197/2145/1509
f 1440/2199/1676 1197/2145/1509 1441/2201/1678
f 1441/2201/1678 1197/2145/1509 1196/2147/1511
f 1473/2204/1680 1442/2205/170 1474/2206/170
f 1474/2206/170 1442/2205/170 1443/2207/1681
f 1474/2206/170 1443/2207/1681 1497/2208/1682
f 1497/2208/1682 1443/2207/1681 1444/2209/1683
f 1497/2208/1682 1444/2209/1683 1496/2210/1684
f 1496/2210/1684 1444/2209/1683 1445/2211/1685
f 1496/2210/1684 1445/2211/1685 1495/2212/215
f 1495/2212/215 1445/2211/1685 1446/2213/222
f 1495/2212/215 1446/2213/222 1447/2214/1686
f 1495/2212/215 1447/2214/1686 1494/2215/1687
f 1494/2215/1687 1447/2214/1686 1448/2216/214
f 1494/2215/1687 1448/2216/214 1493/2217/1688
f 1493/2217/1688 1448/2216/214 1449/2218/1689
f 1493/2217/1688 1449/2218/1689 1492/2219/25
f 1492/2219/25 1449/2218/1689 1450/2220/25
f 1492/2219/25 1450/2220/25 1451/2221/1690
f 1492/2219/25 1451/2221/1690 1491/2222/1691
f 1491/2222/1691 1451/2221/1690 1452/2223/229
f 1491/2222/1691 1452/2223/229 1490/2224/1692
f 1490/2224/1692 1452/2223/229 1453/2225/1693
f 1490/2224/1692 1453/2225/1693 1489/2226/210
f 1489/2226/210 1453/2225/1693 1454/2227/210
f 1489/2226/210 1454/2227/210 1455/2228/1694
f 1489/2226/210 1455/2228/1694 1488/2229/1695
f 1488/2229/1695 1455/2228/1694 1456/2230/226
f 1488/2229/1695 1456/2230/226 1487/2231/1696
f 1487/2231/1696 1456/2230/226 1457/2232/1697
f 1487/2231/1696 1457/2232/1697 1486/2233/143
f 1486/2233/143 1457/2232/1697 1458/2234/143
f 1486/2235/143 1458/2236/143 1459/2237/1698
f 1486/2235/143 1459/2237/1698 1485/2238/1699
f 1485/2238/1699 1459/2237/1698 1460/2239/1700
f 1485/2238/1699 1460/2239/1700 1484/2240/1701
f 1484/2240/1701 1460/2239/1700 1461/2241/1702
f 1484/2240/1701 1461/2241/1702 1483/2242/228
f 1483/2242/228 1461/2241/1702 1462/2243/228
f 1483/2242/228 1462/2243/228 1463/2244/1703
f 1483/2242/228 1463/2244/1703 1482/2245/1704
f 1482/2245/1704 1463/2244/1703 1464/2246/204
f 1482/2245/1704 1464/2246/204 1481/2247/1705
f 1481/2247/1705 1464/2246/204 1465/2248/1706
f 1481/2247/1705 1465/2248/1706 1480/2249/131
f 1480/2249/131 1465/2248/1706 1466/2250/87
f 1480/2249/131 1466/2250/87 1467/2251/1707
f 1480/2249/131 1467/2251/1707 1479/2252/1708
f 1479/2252/1708 1467/2251/1707 1468/2253/202
f 1479/2252/1708 1468/2253/202 1478/2254/1709
f 1478/2254/1709 1468/2253/202 1469/2255/1710
f 1478/2254/1709 1469/2255/1710 1477/2256/219
f 1477/2256/219 1469/2255/1710 1470/2257/219
f 1477/2256/219 1470/2257/219 1471/2258/1711
f 1477/2256/219 1471/2258/1711 1476/2259/1712
f 1476/2259/1712 1471/2258/1711 1472/2260/224
f 1476/2259/1712 1472/2260/224 1475/2261/1713
f 1475/2261/1713 1472/2260/224 1473/2204/1680
f 1475/2261/1713 1473/2204/1680 1474/2206/170
f 1529/2204/1680 1498/2205/170 1530/2206/170
f 1530/2206/170 1498/2205/170 1499/2207/1681
f 1530/2206/170 1499/2207/1681 1553/2208/1682
f 1553/2208/1682 1499/2207/1681 1500/2209/1683
f 1553/2208/1682 1500/2209/1683 1552/2210/1684
f 1552/2210/1684 1500/2209/1683 1501/2211/1685
f 1552/2210/1684 1501/2211/1685 1551/2212/215
f 1551/2212/215 1501/2211/1685 1502/2213/215
f 1551/2212/215 1502/2213/215 1503/2214/1686
f 1551/2212/215 1503/2214/1686 1550/2215/1687
f 1550/2215/1687 1503/2214/1686 1504/2216/214
f 1550/2215/1687 1504/2216/214 1549/2217/1688
f 1549/2217/1688 1504/2216/214 1505/2218/1714
f 1549/2217/1688 1505/2218/1714 1548/2219/25
f 1548/2219/25 1505/2218/1714 1506/2220/25
f 1548/2219/25 1506/2220/25 1507/2221/1715
f 1548/2219/25 1507/2221/1715 1547/2222/1691
f 1547/2222/1691 1507/2221/1715 1508/2223/229
f 1547/2222/1691 1508/2223/229 1546/2224/1716
f 1546/2224/1716 1508/2223/229 1509/2225/1693
f 1546/2224/1716 1509/2225/1693 1545/2226/210
f 1545/2226/210 1509/2225/1693 1510/2227/227
f 1545/2226/210 1510/2227/227 1511/2228/1717
f 1545/2226/210 1511/2228/1717 1544/2229/1695
f 1544/2229/1695 1511/2228/1717 1512/2230/226
f 1544/2229/1695 1512/2230/226 1543/2231/1696
f 1543/2231/1696 1512/2230/226 1513/2232/1697
f 1543/2231/1696 1513/2232/1697 1542/2233/143
f 1542/2233/143 1513/2232/1697 1514/2234/143
f 1542/2235/143 1514/2236/143 1515/2237/1698
f 1542/2235/143 1515/2237/1698 1541/2238/1718
f 1541/2238/1718 1515/2237/1698 1516/2239/1719
f 1541/2238/1718 1516/2239/1719 1540/2240/1701
f 1540/2240/1701 1516/2239/1719 1517/2241/1720
f 1540/2240/1701 1517/2241/1720 1539/2242/228
f 1539/2242/228 1517/2241/1720 1518/2243/228
f 1539/2242/228 1518/2243/228 1519/2244/1703
f 1539/2242/228 1519/2244/1703 1538/2245/1704
f 1538/2245/1704 1519/2244/1703 1520/2246/204
f 1538/2245/1704 1520/2246/204 1537/2247/1705
f 1537/2247/1705 1520/2246/204 1521/2248/1706
f 1537/2247/1705 1521/2248/1706 1536/2249/87
f 1536/2249/87 1521/2248/1706 1522/2250/87
f 1536/2249/87 1522/2250/87 1523/2251/1707
f 1536/2249/87 1523/2251/1707 1535/2252/1708
f 1535/2252/1708 1523/2251/1707 1524/2253/1721
f 1535/2252/1708 1524/2253/1721 1534/2254/1722
f 1534/2254/1722 1524/2253/1721 1525/2255/1723
f 1534/2254/1722 1525/2255/1723 1533/2256/219
f 1533/2256/219 1525/2255/1723 1526/2257/219
f 1533/2256/219 1526/2257/219 1527/2258/1724
f 1533/2256/219 1527/2258/1724 1532/2259/1712
f 1532/2259/1712 1527/2258/1724 1528/2260/224
f 1532/2259/1712 1528/2260/224 1531/2261/1725
f 1531/2261/1725 1528/2260/224 1529/2204/1680
f 1531/2261/1725 1529/2204/1680 1530/2206/170
f 1555/2262/1726 1583/2263/170 1554/2/170
f 1554/2/170 1583/2263/170 1584/2264/1727
f 1554/2/170 1584/2264/1727 1582/2265/1727
f 1582/2265/1727 1584/2264/1727 1585/2266/1728
f 1582/2265/1727 1585/2266/1728 1581/2267/1728
f 1581/2267/1728 1585/2266/1728 1586/2268/1729
f 1581/2267/1728 1586/2268/1729 1580/2269/1729
f 1580/2269/1729 1586/2268/1729 1587/2270/1730
f 1580/2269/1729 1587/2270/1730 1579/2271/1730
f 1579/2271/1730 1587/2270/1730 1588/2272/1731
f 1579/2271/1730 1588/2272/1731 1578/2273/1731
f 1578/2273/1731 1588/2272/1731 1589/2274/1732
f 1578/2273/1731 1589/2274/1732 1577/2275/1732
f 1577/2275/1732 1589/2274/1732 1590/2276/1733
f 1577/2275/1732 1590/2276/1733 1576/2277/1733
f 1576/2277/1733 1590/2276/1733 1591/2278/1734
f 1576/2277/1733 1591/2278/1734 1575/2279/1734
f 1575/2279/1734 1591/2278/1734 1592/2280/1735
f 1575/2279/1734 1592/2280/1735 1574/2281/1735
f 1574/2281/1735 1592/2280/1735 1593/2282/1736
f 1574/2281/1735 1593/2282/1736 1573/2283/1736
f 1573/2283/1736 1593/2282/1736 1594/2284/1737
f 1573/2283/1736 1594/2284/1737 1572/2285/1737
f 1572/2285/1737 1594/2284/1737 1595/2286/1738
f 1572/2285/1737 1595/2286/1738 1571/2287/1738
f 1571/2287/1738 1595/2286/1738 1596/2288/1739
f 1571/2287/1738 1596/2288/1739 1570/2289/1740
f 1570/2289/1740 1596/2288/1739 1597/2290/1741
f 1570/2289/1740 1597/2290/1741 1569/2291/1741
f 1569/2292/1741 1597/2293/1741 1598/2294/1742
f 1569/2292/1741 1598/2294/1742 1568/2295/1742
f 1568/2295/1742 1598/2294/1742 1599/2296/1743
f 1568/2295/1742 1599/2296/1743 1567/2297/1743
f 1567/2297/1743 1599/2296/1743 1600/2298/1744
f 1567/2297/1743 1600/2298/1744 1566/2299/1744
f 1566/2299/1744 1600/2298/1744 1601/2300/1745
f 1566/2299/1744 1601/2300/1745 1565/2301/1745
f 1565/2301/1745 1601/2300/1745 1602/2302/1746
f 1565/2301/1745 1602/2302/1746 1564/2303/1746
f 1564/2303/1746 1602/2302/1746 1603/2304/1747
f 1564/2303/1746 1603/2304/1747 1563/2305/1747
f 1563/2305/1747 1603/2304/1747 1604/2306/1748
f 1563/2305/1747 1604/2306/1748 1562/2307/1748
f 1562/2307/1748 1604/2306/1748 1605/2308/1749
f 1562/2307/1748 1605/2308/1749 1561/2309/1749
f 1561/2309/1749 1605/2308/1749 1606/2310/1750
f 1561/2309/1749 1606/2310/1750 1560/2311/1750
f 1560/2311/1750 1606/2310/1750 1607/2312/1751
f 1560/2311/1750 1607/2312/1751 1559/2313/1751
f 1559/2313/1751 1607/2312/1751 1608/2314/1752
f 1559/2313/1751 1608/2314/1752 1558/2315/1752
f 1558/2315/1752 1608/2314/1752 1609/2316/1753
f 1558/2315/1752 1609/2316/1753 1557/2317/1753
f 1557/2317/1753 1609/2316/1753 1610/2318/1754
f 1557/2317/1753 1610/2318/1754 1556/2319/1754
f 1556/2319/1754 1610/2318/1754 1611/2320/1726
f 1556/2319/1754 1611/2320/1726 1555/2262/1726
f 1555/2262/1726 1611/2320/1726 1583/2263/170
f 1613/2321/176 1601/2322/176 1612/2323/176
f 1612/2323/176 1601/2322/176 1600/2324/176
f 1612/2323/176 1600/2324/176 1599/2325/176
f 1614/2326/176 1605/2327/176 1613/2321/176
f 1613/2321/176 1605/2327/176 1604/2328/176
f 1613/2321/176 1604/2328/176 1603/2329/176
f 1615/2330/176 1609/2331/176 1614/2326/176
f 1614/2326/176 1609/2331/176 1608/2332/176
f 1614/2326/176 1608/2332/176 1607/2333/176
f 1616/2334/176 1583/2335/176 1615/2330/176
f 1615/2330/176 1583/2335/176 1611/2336/176
f 1615/2330/176 1611/2336/176 1610/2337/176
f 1616/2334/176 1617/2338/176 1583/2335/176
f 1583/2335/176 1617/2338/176 1584/2339/176
f 1584/2339/176 1617/2338/176 1618/2340/176
f 1584/2339/176 1618/2340/176 1619/2341/176
f 1619/2341/176 1620/2342/176 1584/2339/176
f 1584/2339/176 1620/2342/176 1585/2343/176
f 1585/2343/176 1620/2342/176 1621/2344/176
f 1585/2343/176 1621/2344/176 1622/2345/176
f 1585/2343/176 1622/2345/176 1586/2346/176
f 1586/2346/176 1622/2345/176 1623/2347/176
f 1586/2346/176 1623/2347/176 1624/2348/176
f 1586/2346/176 1624/2348/176 1587/2349/176
f 1587/2349/176 1624/2348/176 1625/2350/176
f 1587/2349/176 1625/2350/176 1588/2351/176
f 1588/2351/176 1625/2350/176 1626/2352/176
f 1588/2351/176 1626/2352/176 1627/2353/176
f 1588/2351/176 1627/2353/176 1589/2354/176
f 1589/2354/176 1627/2353/176 1628/2355/176
f 1589/2354/176 1628/2355/176 1590/2356/176
f 1590/2356/176 1628/2355/176 1629/2357/176
f 1590/2356/176 1629/2357/176 1591/2358/176
f 1591/2358/176 1629/2357/176 1630/2359/176
f 1591/2358/176 1630/2359/176 1592/2360/176
f 1592/2360/176 1630/2359/176 1631/2361/176
f 1592/2360/176 1631/2361/176 1593/2362/176
f 1593/2362/176 1631/2361/176 1632/2363/176
f 1593/2362/176 1632/2363/176 1594/2364/176
f 1594/2364/176 1632/2363/176 1633/2365/176
f 1594/2364/176 1633/2365/176 1634/2366/176
f 1594/2364/176 1634/2366/176 1595/2367/176
f 1595/2367/176 1634/2366/176 1635/2368/176
f 1595/2367/176 1635/2368/176 1636/2369/176
f 1595/2367/176 1636/2369/176 1596/2370/176
f 1596/2370/176 1636/2369/176 1637/2371/176
f 1596/2370/176 1637/2371/176 1638/2372/176
f 1638/2372/176 1639/2373/176 1596/2370/176
f 1596/2370/176 1639/2373/176 1597/2374/176
f 1597/2374/176 1639/2373/176 1640/2375/176
f 1597/2374/176 1640/2375/176 1641/2376/176
f 1641/2376/176 1612/2323/176 1597/2374/176
f 1597/2374/176 1612/2323/176 1598/2377/176
f 1598/2377/176 1612/2323/176 1599/2325/176
f 1610/2337/176 1609/2331/176 1615/2330/176
f 1607/2333/176 1606/2378/176 1614/2326/176
f 1614/2326/176 1606/2378/176 1605/2327/176
f 1603/2329/176 1602/2379/176 1613/2321/176
f 1613/2321/176 1602/2379/176 1601/2322/176
f 1643/2380/25 1644/2381/25 1642/2382/25
f 1642/2382/25 1644/2381/25 1645/2383/25
f 1642/2382/25 1645/2383/25 1646/2384/25
f 1646/2384/25 1647/2385/25 1642/2382/25
f 1642/2382/25 1647/2385/25 1648/2386/25
f 1642/2382/25 1648/2386/25 1649/2387/25
f 1642/2382/25 1649/2387/25 1655/2388/25
f 1655/2388/25 1649/2387/25 1650/2389/25
f 1655/2388/25 1650/2389/25 1651/2390/25
f 1651/2390/25 1652/2391/25 1655/2388/25
f 1655/2388/25 1652/2391/25 1653/2392/25
f 1655/2388/25 1653/2392/25 1654/2393/25
f 1657/2394/170 1658/2395/170 1656/2396/170
f 1656/2396/170 1658/2395/170 1615/2397/170
f 1656/2396/170 1615/2397/170 1614/2398/170
f 1659/2399/170 1655/2400/170 1614/2398/170
f 1614/2398/170 1655/2400/170 1654/2401/170
f 1614/2398/170 1654/2401/170 1656/2396/170
f 1660/2402/87 1661/2403/87 1628/2404/87
f 1628/2404/87 1661/2403/87 1629/2405/87
f 1613/2406/143 1612/2404/143 1664/2407/143
f 1664/2407/143 1612/2404/143 1662/2402/143
f 1664/2407/143 1662/2402/143 1663/2408/143
f 1664/2407/143 1643/2409/143 1613/2406/143
f 1613/2406/143 1643/2409/143 1642/2410/143
f 1613/2406/143 1642/2410/143 1665/2411/143
f 1666/2412/185 1667/2413/185 1687/2414/185
f 1687/2414/185 1667/2413/185 1678/2415/185
f 1687/2414/185 1678/2415/185 1679/2416/185
f 1678/2415/185 1667/2413/185 1677/2417/185
f 1677/2417/185 1667/2413/185 1668/2418/185
f 1677/2417/185 1668/2418/185 1676/2419/185
f 1676/2419/185 1668/2418/185 1675/2420/185
f 1675/2420/185 1668/2418/185 1674/2421/185
f 1674/2421/185 1668/2418/185 1673/2422/185
f 1673/2422/185 1668/2418/185 1672/2423/185
f 1672/2423/185 1668/2418/185 1671/2424/185
f 1671/2424/185 1668/2418/185 1670/2425/185
f 1670/2425/185 1668/2418/185 1669/2426/185
f 1679/2416/185 1680/2427/185 1687/2414/185
f 1687/2414/185 1680/2427/185 1681/2428/185
f 1687/2414/185 1681/2428/185 1682/2429/185
f 1682/2429/185 1683/2430/185 1687/2414/185
f 1687/2414/185 1683/2430/185 1684/2431/185
f 1687/2414/185 1684/2431/185 1685/2432/185
f 1685/2432/185 1686/2433/185 1687/2414/185
f 1615/2/170 1658/2434/170 1616/2435/1755
f 1616/2435/1755 1658/2434/170 1688/2436/1755
f 1616/2435/1755 1688/2436/1755 1689/2437/1756
f 1616/2435/1755 1689/2437/1756 1617/2438/1756
f 1617/2438/1756 1689/2437/1756 1690/2439/1757
f 1617/2438/1756 1690/2439/1757 1618/2440/1757
f 1618/2440/1757 1690/2439/1757 1691/2441/1758
f 1618/2440/1757 1691/2441/1758 1619/2442/1758
f 1619/2442/1758 1691/2441/1758 1692/2443/1759
f 1619/2442/1758 1692/2443/1759 1620/2444/1759
f 1620/2444/1759 1692/2443/1759 1693/2445/1760
f 1620/2444/1759 1693/2445/1760 1621/2446/1760
f 1621/2446/1760 1693/2445/1760 1694/2447/1761
f 1621/2446/1760 1694/2447/1761 1622/2448/1761
f 1622/2448/1761 1694/2447/1761 1695/2449/1762
f 1622/2448/1761 1695/2449/1762 1623/2450/1762
f 1623/2450/1762 1695/2449/1762 1696/2451/1763
f 1623/2450/1762 1696/2451/1763 1624/2452/1763
f 1624/2452/1763 1696/2451/1763 1697/2453/1764
f 1624/2452/1763 1697/2453/1764 1625/2454/1764
f 1625/2454/1764 1697/2453/1764 1698/2455/1765
f 1625/2454/1764 1698/2455/1765 1626/2456/1765
f 1626/2456/1765 1698/2455/1765 1699/2457/1766
f 1626/2456/1765 1699/2457/1766 1627/2458/1766
f 1627/2458/1766 1699/2457/1766 1660/2459/87
f 1627/2458/1766 1660/2459/87 1628/2460/87
f 1661/2459/87 1700/2461/1767 1629/2460/87
f 1629/2460/87 1700/2461/1767 1630/2462/1767
f 1630/2462/1767 1700/2461/1767 1701/2463/1768
f 1630/2462/1767 1701/2463/1768 1631/2464/1769
f 1631/2464/1769 1701/2463/1768 1702/2465/1770
f 1631/2464/1769 1702/2465/1770 1632/2466/1770
f 1632/2466/1770 1702/2465/1770 1703/2467/1771
f 1632/2466/1770 1703/2467/1771 1633/2468/1771
f 1633/2468/1771 1703/2467/1771 1704/2469/1772
f 1633/2468/1771 1704/2469/1772 1634/2470/1772
f 1634/2470/1772 1704/2469/1772 1705/2471/1773
f 1634/2470/1772 1705/2471/1773 1635/2472/1773
f 1635/2472/1773 1705/2471/1773 1706/2473/1774
f 1635/2472/1773 1706/2473/1774 1636/2474/1774
f 1636/2474/1774 1706/2473/1774 1707/2475/1775
f 1636/2474/1774 1707/2475/1775 1637/2476/1775
f 1637/2476/1775 1707/2475/1775 1708/2477/1776
f 1637/2476/1775 1708/2477/1776 1638/2478/1776
f 1638/2478/1776 1708/2477/1776 1709/2479/1777
f 1638/2478/1776 1709/2479/1777 1639/2480/1777
f 1639/2480/1777 1709/2479/1777 1710/2481/1778
f 1639/2480/1777 1710/2481/1778 1640/2482/1778
f 1640/2482/1778 1710/2481/1778 1711/2483/1779
f 1640/2482/1778 1711/2483/1779 1641/2484/1779
f 1641/2484/1779 1711/2483/1779 1612/2485/143
f 1612/2485/143 1711/2483/1779 1662/2486/143
f 1582/2487/176 1569/2488/176 1554/2489/176
f 1554/2489/176 1569/2488/176 1568/2490/176
f 1554/2489/176 1568/2490/176 1555/2491/176
f 1555/2491/176 1568/2490/176 1567/2492/176
f 1555/2491/176 1567/2492/176 1556/2493/176
f 1556/2493/176 1567/2492/176 1566/2494/176
f 1556/2493/176 1566/2494/176 1557/2495/176
f 1557/2495/176 1566/2494/176 1565/2496/176
f 1557/2495/176 1565/2496/176 1558/2497/176
f 1558/2497/176 1565/2496/176 1564/2498/176
f 1558/2497/176 1564/2498/176 1559/2499/176
f 1559/2499/176 1564/2498/176 1563/2500/176
f 1559/2499/176 1563/2500/176 1560/2501/176
f 1560/2501/176 1563/2500/176 1562/2502/176
f 1560/2501/176 1562/2502/176 1561/2503/176
f 1569/2488/176 1582/2487/176 1570/2504/176
f 1570/2504/176 1582/2487/176 1581/2505/176
f 1570/2504/176 1581/2505/176 1571/2506/176
f 1571/2506/176 1581/2505/176 1580/2507/176
f 1571/2506/176 1580/2507/176 1572/2508/176
f 1572/2508/176 1580/2507/176 1579/2509/176
f 1572/2508/176 1579/2509/176 1573/2510/176
f 1573/2510/176 1579/2509/176 1578/2511/176
f 1573/2510/176 1578/2511/176 1574/2512/176
f 1574/2512/176 1578/2511/176 1577/2513/176
f 1574/2512/176 1577/2513/176 1575/2514/176
f 1575/2514/176 1577/2513/176 1576/2515/176
f 1664/2516/25 1663/2517/25 1721/2518/25
f 1721/2518/25 1663/2517/25 1667/2519/25
f 1721/2518/25 1667/2519/25 1720/2520/25
f 1720/2520/25 1667/2519/25 1719/2521/25
f 1719/2521/25 1667/2519/25 1718/2522/25
f 1718/2522/25 1667/2519/25 1717/2523/25
f 1717/2523/25 1667/2519/25 1666/2524/25
f 1717/2523/25 1666/2524/25 1716/2525/25
f 1716/2525/25 1666/2524/25 1715/2526/25
f 1715/2526/25 1666/2524/25 1714/2527/25
f 1714/2527/25 1666/2524/25 1713/2528/25
f 1713/2528/25 1666/2524/25 1712/2529/25
f 1712/2529/25 1666/2524/25 1657/2530/25
f 1712/2529/25 1657/2530/25 1656/2531/25
f 1656/2532/1780 1654/2533/1781 1712/2534/1782
f 1712/2534/1782 1654/2533/1781 1653/2535/1782
f 1712/2534/1782 1653/2535/1782 1652/2536/1783
f 1712/2534/1782 1652/2536/1783 1713/2537/1783
f 1713/2537/1783 1652/2536/1783 1651/2538/1784
f 1713/2537/1783 1651/2538/1784 1714/2539/1784
f 1714/2539/1784 1651/2538/1784 1650/2540/1785
f 1714/2539/1784 1650/2540/1785 1715/2541/1786
f 1715/2541/1786 1650/2540/1785 1458/2542/1787
f 1715/2541/1786 1458/2542/1787 1514/2543/1787
f 1514/2543/1787 1458/2542/1787 1515/2544/1788
f 1515/2544/1788 1458/2542/1787 1457/2545/1789
f 1515/2544/1788 1457/2545/1789 1516/2546/1790
f 1516/2546/1790 1457/2545/1789 1456/2547/1790
f 1516/2546/1790 1456/2547/1790 1517/2548/1791
f 1517/2548/1791 1456/2547/1790 1455/2549/1791
f 1517/2548/1791 1455/2549/1791 1518/2550/1792
f 1518/2550/1792 1455/2549/1791 1454/2551/1792
f 1518/2550/1792 1454/2551/1792 1519/2552/1793
f 1519/2552/1793 1454/2551/1792 1453/2553/1793
f 1519/2552/1793 1453/2553/1793 1520/2554/1794
f 1520/2554/1794 1453/2553/1793 1452/2555/1795
f 1520/2554/1794 1452/2555/1795 1451/2556/1796
f 1649/2557/1797 1460/2558/1798 1650/2540/1785
f 1650/2540/1785 1460/2558/1798 1459/2559/1788
f 1650/2540/1785 1459/2559/1788 1458/2542/1787
f 1648/2560/1799 1466/2561/185 1649/2557/1797
f 1649/2557/1797 1466/2561/185 1465/2562/1796
f 1649/2557/1797 1465/2562/1796 1464/2563/1795
f 1647/2564/1800 1471/2565/1801 1648/2560/1799
f 1648/2560/1799 1471/2565/1801 1470/2566/1802
f 1648/2560/1799 1470/2566/1802 1469/2567/1803
f 1646/2568/1804 1718/2569/1800 1647/2564/1800
f 1647/2564/1800 1718/2569/1800 1442/2570/1805
f 1647/2564/1800 1442/2570/1805 1473/2571/1806
f 1718/2569/1800 1646/2568/1804 1719/2572/1804
f 1719/2572/1804 1646/2568/1804 1645/2573/1807
f 1719/2572/1804 1645/2573/1807 1720/2574/1807
f 1720/2574/1807 1645/2573/1807 1644/2575/1808
f 1720/2574/1807 1644/2575/1808 1721/2576/1808
f 1721/2576/1808 1644/2575/1808 1643/2577/1809
f 1721/2576/1808 1643/2577/1809 1664/2578/1809
f 1717/2579/1799 1501/2580/1801 1718/2569/1800
f 1718/2569/1800 1501/2580/1801 1500/2581/1810
f 1718/2569/1800 1500/2581/1810 1499/2582/1811
f 1716/2583/1797 1506/2584/185 1717/2579/1799
f 1717/2579/1799 1506/2584/185 1505/2585/1812
f 1717/2579/1799 1505/2585/1812 1504/2586/1813
f 1715/2541/1786 1512/2587/1798 1716/2583/1797
f 1716/2583/1797 1512/2587/1798 1511/2588/1791
f 1716/2583/1797 1511/2588/1791 1510/2589/1814
f 1473/2571/1806 1472/2590/1810 1647/2564/1800
f 1647/2564/1800 1472/2590/1810 1471/2565/1801
f 1469/2567/1803 1468/2591/1813 1648/2560/1799
f 1648/2560/1799 1468/2591/1813 1467/2592/1812
f 1648/2560/1799 1467/2592/1812 1466/2561/185
f 1464/2563/1795 1463/2593/1793 1649/2557/1797
f 1649/2557/1797 1463/2593/1793 1462/2594/1814
f 1649/2557/1797 1462/2594/1814 1461/2595/1791
f 1461/2595/1791 1460/2558/1798 1649/2557/1797
f 1450/2596/185 1522/2597/185 1451/2556/1796
f 1451/2556/1796 1522/2597/185 1521/2598/1815
f 1451/2556/1796 1521/2598/1815 1520/2554/1794
f 1522/2597/185 1450/2596/185 1523/2599/1812
f 1523/2599/1812 1450/2596/185 1449/2600/1816
f 1523/2599/1812 1449/2600/1816 1524/2601/1813
f 1524/2601/1813 1449/2600/1816 1448/2602/1817
f 1524/2601/1813 1448/2602/1817 1525/2603/1803
f 1525/2603/1803 1448/2602/1817 1447/2604/1803
f 1525/2603/1803 1447/2604/1803 1526/2605/1818
f 1526/2605/1818 1447/2604/1803 1446/2606/1818
f 1526/2605/1818 1446/2606/1818 1445/2607/1819
f 1444/2608/1810 1528/2609/1810 1445/2607/1819
f 1445/2607/1819 1528/2609/1810 1527/2610/1801
f 1445/2607/1819 1527/2610/1801 1526/2605/1818
f 1528/2609/1810 1444/2608/1810 1529/2611/1806
f 1529/2611/1806 1444/2608/1810 1443/2612/1806
f 1529/2611/1806 1443/2612/1806 1498/2613/1805
f 1498/2613/1805 1443/2612/1806 1442/2570/1805
f 1498/2613/1805 1442/2570/1805 1718/2569/1800
f 1514/2543/1787 1513/2614/1788 1715/2541/1786
f 1715/2541/1786 1513/2614/1788 1512/2587/1798
f 1510/2589/1814 1509/2615/1793 1716/2583/1797
f 1716/2583/1797 1509/2615/1793 1508/2616/1820
f 1716/2583/1797 1508/2616/1820 1507/2617/1796
f 1507/2617/1796 1506/2584/185 1716/2583/1797
f 1504/2586/1813 1503/2618/1803 1717/2579/1799
f 1717/2579/1799 1503/2618/1803 1502/2619/1802
f 1717/2579/1799 1502/2619/1802 1501/2580/1801
f 1499/2582/1811 1498/2613/1805 1718/2569/1800
f 1666/2620/1821 1687/2621/1821 1657/2622/1821
f 1657/2622/1821 1687/2621/1821 1658/2404/1821
f 1658/2623/1821 1687/2624/1821 1688/2625/1822
f 1688/2625/1822 1687/2624/1821 1686/2626/1823
f 1688/2625/1822 1686/2626/1823 1689/2627/1824
f 1689/2627/1824 1686/2626/1823 1685/2628/1825
f 1689/2627/1824 1685/2628/1825 1690/2629/1826
f 1690/2629/1826 1685/2628/1825 1691/2630/1827
f 1691/2630/1827 1685/2628/1825 1684/2631/1828
f 1691/2630/1827 1684/2631/1828 1692/2632/1829
f 1692/2632/1829 1684/2631/1828 1683/2633/1830
f 1692/2632/1829 1683/2633/1830 1693/2634/1831
f 1693/2634/1831 1683/2633/1830 1682/2635/1832
f 1693/2634/1831 1682/2635/1832 1694/2636/1833
f 1694/2636/1833 1682/2635/1832 1695/2637/1834
f 1695/2637/1834 1682/2635/1832 1681/2460/1835
f 1695/2637/1834 1681/2460/1835 1696/2638/1836
f 1696/2638/1836 1681/2460/1835 1680/2639/1837
f 1696/2638/1836 1680/2639/1837 1697/2640/1838
f 1697/2640/1838 1680/2639/1837 1698/2641/1839
f 1698/2641/1839 1680/2639/1837 1679/2642/1840
f 1698/2641/1839 1679/2642/1840 1699/2643/1841
f 1699/2643/1841 1679/2642/1840 1678/2644/1842
f 1699/2643/1841 1678/2644/1842 1660/2645/1842
f 1678/2646/1842 1677/2647/1842 1660/2397/1842
f 1660/2397/1842 1677/2647/1842 1661/2648/1842
f 1661/2645/1842 1677/2644/1842 1700/2649/1843
f 1700/2649/1843 1677/2644/1842 1676/2650/1844
f 1700/2649/1843 1676/2650/1844 1701/2651/1845
f 1701/2651/1845 1676/2650/1844 1675/2652/1846
f 1701/2651/1845 1675/2652/1846 1702/2653/1847
f 1702/2653/1847 1675/2652/1846 1703/2654/1848
f 1703/2654/1848 1675/2652/1846 1674/1926/1849
f 1703/2654/1848 1674/1926/1849 1704/2655/1850
f 1704/2655/1850 1674/1926/1849 1673/2656/1851
f 1704/2655/1850 1673/2656/1851 1705/2657/1852
f 1705/2657/1852 1673/2656/1851 1672/2658/1853
f 1705/2657/1852 1672/2658/1853 1706/2659/1854
f 1706/2659/1854 1672/2658/1853 1707/2660/1855
f 1707/2660/1855 1672/2658/1853 1671/2661/1856
f 1707/2660/1855 1671/2661/1856 1708/2662/1857
f 1708/2662/1857 1671/2661/1856 1670/2663/1858
f 1708/2662/1857 1670/2663/1858 1709/2664/1859
f 1709/2664/1859 1670/2663/1858 1710/2665/1860
f 1710/2665/1860 1670/2663/1858 1669/2666/1861
f 1710/2665/1860 1669/2666/1861 1711/2667/1862
f 1711/2667/1862 1669/2666/1861 1668/2/1863
f 1711/2667/1862 1668/2/1863 1662/2668/1863
f 1668/2646/1863 1667/2669/1863 1662/2397/1863
f 1662/2397/1863 1667/2669/1863 1663/2670/1863
f 1642/2671/176 1496/2672/176 1665/2321/176
f 1665/2321/176 1496/2672/176 1532/2673/176
f 1665/2321/176 1532/2673/176 1531/2674/176
f 1655/2675/176 1480/2676/176 1642/2671/176
f 1642/2671/176 1480/2676/176 1479/2677/176
f 1642/2671/176 1479/2677/176 1478/2678/176
f 1659/2326/176 1488/2679/176 1655/2675/176
f 1655/2675/176 1488/2679/176 1487/2680/176
f 1655/2675/176 1487/2680/176 1486/2681/176
f 1665/2321/176 1548/2682/176 1659/2326/176
f 1659/2326/176 1548/2682/176 1547/2683/176
f 1659/2326/176 1547/2683/176 1546/2684/176
f 1475/2685/176 1474/2686/176 1642/2671/176
f 1642/2671/176 1474/2686/176 1497/2687/176
f 1642/2671/176 1497/2687/176 1496/2672/176
f 1532/2673/176 1496/2672/176 1533/2688/176
f 1533/2688/176 1496/2672/176 1495/2689/176
f 1533/2688/176 1495/2689/176 1534/2690/176
f 1534/2690/176 1495/2689/176 1494/2691/176
f 1534/2690/176 1494/2691/176 1493/2692/176
f 1534/2690/176 1493/2692/176 1535/2693/176
f 1535/2693/176 1493/2692/176 1492/2694/176
f 1535/2693/176 1492/2694/176 1536/2695/176
f 1536/2695/176 1492/2694/176 1537/2696/176
f 1537/2696/176 1492/2694/176 1491/2697/176
f 1537/2696/176 1491/2697/176 1538/2698/176
f 1538/2698/176 1491/2697/176 1490/2699/176
f 1538/2698/176 1490/2699/176 1489/2700/176
f 1538/2698/176 1489/2700/176 1539/2701/176
f 1539/2701/176 1489/2700/176 1488/2679/176
f 1539/2701/176 1488/2679/176 1540/2702/176
f 1540/2702/176 1488/2679/176 1659/2326/176
f 1540/2702/176 1659/2326/176 1541/2703/176
f 1541/2703/176 1659/2326/176 1542/2704/176
f 1542/2704/176 1659/2326/176 1543/2705/176
f 1543/2705/176 1659/2326/176 1544/2706/176
f 1544/2706/176 1659/2326/176 1545/2707/176
f 1545/2707/176 1659/2326/176 1546/2684/176
f 1486/2681/176 1485/2708/176 1655/2675/176
f 1655/2675/176 1485/2708/176 1484/2709/176
f 1655/2675/176 1484/2709/176 1483/2710/176
f 1483/2710/176 1482/2711/176 1655/2675/176
f 1655/2675/176 1482/2711/176 1481/2712/176
f 1655/2675/176 1481/2712/176 1480/2676/176
f 1478/2678/176 1477/2713/176 1642/2671/176
f 1642/2671/176 1477/2713/176 1476/2714/176
f 1642/2671/176 1476/2714/176 1475/2685/176
f 1531/2674/176 1530/2715/176 1665/2321/176
f 1665/2321/176 1530/2715/176 1553/2716/176
f 1665/2321/176 1553/2716/176 1552/2717/176
f 1552/2717/176 1551/2718/176 1665/2321/176
f 1665/2321/176 1551/2718/176 1550/2719/176
f 1665/2321/176 1550/2719/176 1549/2720/176
f 1549/2720/176 1548/2682/176 1665/2321/176
f 1614/2721/87 1613/2722/87 1659/2723/87
f 1659/2723/87 1613/2722/87 1665/2/87
f 1723/2724/1864 1761/2725/1864 1722/2726/87
f 1722/2726/87 1761/2725/1864 1742/2727/87
f 1722/2726/87 1742/2727/87 1741/2728/1865
f 1741/2728/1865 1742/2727/87 1743/2729/1865
f 1741/2728/1865 1743/2729/1865 1740/2730/1866
f 1740/2730/1866 1743/2729/1865 1744/2731/1866
f 1740/2730/1866 1744/2731/1866 1739/2732/1867
f 1739/2732/1867 1744/2731/1866 1745/2733/1867
f 1739/2732/1867 1745/2733/1867 1738/2734/1868
f 1738/2734/1868 1745/2733/1867 1746/2735/1868
f 1738/2734/1868 1746/2735/1868 1737/2736/143
f 1737/2736/143 1746/2735/1868 1747/2737/143
f 1737/2736/143 1747/2737/143 1736/2738/1869
f 1736/2738/1869 1747/2737/143 1748/2739/1869
f 1736/2738/1869 1748/2739/1869 1735/2740/1870
f 1735/2740/1870 1748/2739/1869 1749/2741/1870
f 1735/2740/1870 1749/2741/1870 1734/2742/1871
f 1734/2742/1871 1749/2741/1870 1750/2743/1871
f 1734/2742/1871 1750/2743/1871 1733/2744/1872
f 1733/2744/1872 1750/2743/1871 1751/2745/1872
f 1733/2744/1872 1751/2745/1872 1732/2746/25
f 1732/2746/25 1751/2745/1872 1752/2747/25
f 1732/2748/25 1752/2749/25 1731/2750/1873
f 1731/2750/1873 1752/2749/25 1753/2751/1873
f 1731/2750/1873 1753/2751/1873 1730/2752/1874
f 1730/2752/1874 1753/2751/1873 1754/2753/1874
f 1730/2752/1874 1754/2753/1874 1729/2754/1875
f 1729/2754/1875 1754/2753/1874 1755/2755/1875
f 1729/2754/1875 1755/2755/1875 1728/2756/1876
f 1728/2756/1876 1755/2755/1875 1756/2757/1876
f 1728/2756/1876 1756/2757/1876 1727/2758/170
f 1727/2758/170 1756/2757/1876 1757/2759/170
f 1727/2758/170 1757/2759/170 1726/2760/1877
f 1726/2760/1877 1757/2759/170 1758/2761/1877
f 1726/2760/1877 1758/2761/1877 1725/2762/1878
f 1725/2762/1878 1758/2761/1877 1759/2763/1878
f 1725/2762/1878 1759/2763/1878 1724/2764/1879
f 1724/2764/1879 1759/2763/1878 1760/2765/1879
f 1724/2764/1879 1760/2765/1879 1723/2724/1864
f 1723/2724/1864 1760/2765/1879 1761/2725/1864
f 1763/2724/1864 1801/2725/1864 1762/2726/87
f 1762/2726/87 1801/2725/1864 1782/2727/87
f 1762/2726/87 1782/2727/87 1781/2728/1865
f 1781/2728/1865 1782/2727/87 1783/2729/1865
f 1781/2728/1865 1783/2729/1865 1780/2730/1866
f 1780/2730/1866 1783/2729/1865 1784/2731/1866
f 1780/2730/1866 1784/2731/1866 1779/2732/1867
f 1779/2732/1867 1784/2731/1866 1785/2733/1867
f 1779/2732/1867 1785/2733/1867 1778/2734/1868
f 1778/2734/1868 1785/2733/1867 1786/2735/1868
f 1778/2734/1868 1786/2735/1868 1777/2736/143
f 1777/2736/143 1786/2735/1868 1787/2737/143
f 1777/2736/143 1787/2737/143 1776/2738/1869
f 1776/2738/1869 1787/2737/143 1788/2739/1869
f 1776/2738/1869 1788/2739/1869 1775/2740/1870
f 1775/2740/1870 1788/2739/1869 1789/2741/1870
f 1775/2740/1870 1789/2741/1870 1774/2742/1871
f 1774/2742/1871 1789/2741/1870 1790/2743/1871
f 1774/2742/1871 1790/2743/1871 1773/2744/1872
f 1773/2744/1872 1790/2743/1871 1791/2745/1872
f 1773/2744/1872 1791/2745/1872 1772/2746/25
f 1772/2746/25 1791/2745/1872 1792/2747/25
f 1772/2748/25 1792/2749/25 1771/2750/1873
f 1771/2750/1873 1792/2749/25 1793/2751/1873
f 1771/2750/1873 1793/2751/1873 1770/2752/1874
f 1770/2752/1874 1793/2751/1873 1794/2753/1874
f 1770/2752/1874 1794/2753/1874 1769/2754/1875
f 1769/2754/1875 1794/2753/1874 1795/2755/1875
f 1769/2754/1875 1795/2755/1875 1768/2756/1876
f 1768/2756/1876 1795/2755/1875 1796/2757/1876
f 1768/2756/1876 1796/2757/1876 1767/2758/170
f 1767/2758/170 1796/2757/1876 1797/2759/170
f 1767/2758/170 1797/2759/170 1766/2760/1877
f 1766/2760/1877 1797/2759/170 1798/2761/1877
f 1766/2760/1877 1798/2761/1877 1765/2762/1878
f 1765/2762/1878 1798/2761/1877 1799/2763/1878
f 1765/2762/1878 1799/2763/1878 1764/2764/1879
f 1764/2764/1879 1799/2763/1878 1800/2765/1879
f 1764/2764/1879 1800/2765/1879 1763/2724/1864
f 1763/2724/1864 1800/2765/1879 1801/2725/1864
f 1803/2724/1864 1841/2725/1864 1802/2726/87
f 1802/2726/87 1841/2725/1864 1822/2727/87
f 1802/2726/87 1822/2727/87 1821/2728/1865
f 1821/2728/1865 1822/2727/87 1823/2729/1865
f 1821/2728/1865 1823/2729/1865 1820/2730/1866
f 1820/2730/1866 1823/2729/1865 1824/2731/1866
f 1820/2730/1866 1824/2731/1866 1819/2732/1867
f 1819/2732/1867 1824/2731/1866 1825/2733/1867
f 1819/2732/1867 1825/2733/1867 1818/2734/1868
f 1818/2734/1868 1825/2733/1867 1826/2735/1868
f 1818/2734/1868 1826/2735/1868 1817/2736/143
f 1817/2736/143 1826/2735/1868 1827/2737/143
f 1817/2736/143 1827/2737/143 1816/2738/1869
f 1816/2738/1869 1827/2737/143 1828/2739/1869
f 1816/2738/1869 1828/2739/1869 1815/2740/1870
f 1815/2740/1870 1828/2739/1869 1829/2741/1870
f 1815/2740/1870 1829/2741/1870 1814/2742/1871
f 1814/2742/1871 1829/2741/1870 1830/2743/1871
f 1814/2742/1871 1830/2743/1871 1813/2744/1872
f 1813/2744/1872 1830/2743/1871 1831/2745/1872
f 1813/2744/1872 1831/2745/1872 1812/2746/25
f 1812/2746/25 1831/2745/1872 1832/2747/25
f 1812/2748/25 1832/2749/25 1811/2750/1873
f 1811/2750/1873 1832/2749/25 1833/2751/1873
f 1811/2750/1873 1833/2751/1873 1810/2752/1874
f 1810/2752/1874 1833/2751/1873 1834/2753/1874
f 1810/2752/1874 1834/2753/1874 1809/2754/1875
f 1809/2754/1875 1834/2753/1874 1835/2755/1875
f 1809/2754/1875 1835/2755/1875 1808/2756/1876
f 1808/2756/1876 1835/2755/1875 1836/2757/1876
f 1808/2756/1876 1836/2757/1876 1807/2758/170
f 1807/2758/170 1836/2757/1876 1837/2759/170
f 1807/2758/170 1837/2759/170 1806/2760/1877
f 1806/2760/1877 1837/2759/170 1838/2761/1877
f 1806/2760/1877 1838/2761/1877 1805/2762/1878
f 1805/2762/1878 1838/2761/1877 1839/2763/1878
f 1805/2762/1878 1839/2763/1878 1804/2764/1879
f 1804/2764/1879 1839/2763/1878 1840/2765/1879
f 1804/2764/1879 1840/2765/1879 1803/2724/1864
f 1803/2724/1864 1840/2765/1879 1841/2725/1864
f 1843/2724/1864 1881/2725/1864 1842/2726/87
f 1842/2726/87 1881/2725/1864 1862/2727/87
f 1842/2726/87 1862/2727/87 1861/2728/1865
f 1861/2728/1865 1862/2727/87 1863/2729/1865
f 1861/2728/1865 1863/2729/1865 1860/2730/1866
f 1860/2730/1866 1863/2729/1865 1864/2731/1866
f 1860/2730/1866 1864/2731/1866 1859/2732/1867
f 1859/2732/1867 1864/2731/1866 1865/2733/1867
f 1859/2732/1867 1865/2733/1867 1858/2734/1868
f 1858/2734/1868 1865/2733/1867 1866/2735/1868
f 1858/2734/1868 1866/2735/1868 1857/2736/143
f 1857/2736/143 1866/2735/1868 1867/2737/143
f 1857/2736/143 1867/2737/143 1856/2738/1869
f 1856/2738/1869 1867/2737/143 1868/2739/1869
f 1856/2738/1869 1868/2739/1869 1855/2740/1870
f 1855/2740/1870 1868/2739/1869 1869/2741/1870
f 1855/2740/1870 1869/2741/1870 1854/2742/1871
f 1854/2742/1871 1869/2741/1870 1870/2743/1871
f 1854/2742/1871 1870/2743/1871 1853/2744/1872
f 1853/2744/1872 1870/2743/1871 1871/2745/1872
f 1853/2744/1872 1871/2745/1872 1852/2746/25
f 1852/2746/25 1871/2745/1872 1872/2747/25
f 1852/2748/25 1872/2749/25 1851/2750/1873
f 1851/2750/1873 1872/2749/25 1873/2751/1873
f 1851/2750/1873 1873/2751/1873 1850/2752/1874
f 1850/2752/1874 1873/2751/1873 1874/2753/1874
f 1850/2752/1874 1874/2753/1874 1849/2754/1875
f 1849/2754/1875 1874/2753/1874 1875/2755/1875
f 1849/2754/1875 1875/2755/1875 1848/2756/1876
f 1848/2756/1876 1875/2755/1875 1876/2757/1876
f 1848/2756/1876 1876/2757/1876 1847/2758/170
f 1847/2758/170 1876/2757/1876 1877/2759/170
f 1847/2758/170 1877/2759/170 1846/2760/1877
f 1846/2760/1877 1877/2759/170 1878/2761/1877
f 1846/2760/1877 1878/2761/1877 1845/2762/1878
f 1845/2762/1878 1878/2761/1877 1879/2763/1878
f 1845/2762/1878 1879/2763/1878 1844/2764/1879
f 1844/2764/1879 1879/2763/1878 1880/2765/1879
f 1844/2764/1879 1880/2765/1879 1843/2724/1864
f 1843/2724/1864 1880/2765/1879 1881/2725/1864
f 1882/2766/1880 1883/2767/1881 1953/2768/1882
f 1953/2768/1882 1883/2767/1881 1952/2769/1881
f 1952/2769/1881 1883/2767/1881 1884/2770/1883
f 1952/2769/1881 1884/2770/1883 1951/2771/1883
f 1951/2771/1883 1884/2770/1883 1885/2772/1884
f 1951/2771/1883 1885/2772/1884 1950/2773/1884
f 1950/2773/1884 1885/2772/1884 1886/2774/1885
f 1950/2773/1884 1886/2774/1885 1949/2775/1885
f 1949/2775/1885 1886/2774/1885 1887/2776/1886
f 1949/2775/1885 1887/2776/1886 1948/2777/1886
f 1948/2777/1886 1887/2776/1886 1888/2778/1887
f 1948/2777/1886 1888/2778/1887 1947/2779/1887
f 1947/2779/1887 1888/2778/1887 1889/2780/1888
f 1947/2779/1887 1889/2780/1888 1946/2781/1888
f 1946/2781/1888 1889/2780/1888 1890/2782/1889
f 1946/2781/1888 1890/2782/1889 1945/2783/1889
f 1945/2783/1889 1890/2782/1889 1891/2784/1890
f 1945/2783/1889 1891/2784/1890 1944/2785/1890
f 1944/2785/1890 1891/2784/1890 1892/2786/1891
f 1944/2785/1890 1892/2786/1891 1943/2787/1891
f 1943/2787/1891 1892/2786/1891 1893/2788/1892
f 1943/2787/1891 1893/2788/1892 1942/2789/1892
f 1942/2789/1892 1893/2788/1892 1894/2790/1893
f 1942/2789/1892 1894/2790/1893 1941/2791/1893
f 1941/2791/1893 1894/2790/1893 1895/2792/1894
f 1941/2791/1893 1895/2792/1894 1940/2793/1894
f 1940/2793/1894 1895/2792/1894 1896/2794/1895
f 1940/2793/1894 1896/2794/1895 1939/2795/1895
f 1939/2795/1895 1896/2794/1895 1897/2796/1896
f 1939/2795/1895 1897/2796/1896 1938/2797/1896
f 1938/2797/1896 1897/2796/1896 1898/2798/1897
f 1938/2797/1896 1898/2798/1897 1937/2799/1897
f 1937/2799/1897 1898/2798/1897 1899/2800/1898
f 1937/2799/1897 1899/2800/1898 1936/2801/1898
f 1936/2801/1898 1899/2800/1898 1900/2802/1899
f 1936/2801/1898 1900/2802/1899 1935/2803/1899
f 1935/2803/1899 1900/2802/1899 1901/2804/1900
f 1935/2803/1899 1901/2804/1900 1934/2805/1900
f 1934/2805/1900 1901/2804/1900 1902/2806/1901
f 1934/2805/1900 1902/2806/1901 1933/2807/1901
f 1933/2807/1901 1902/2806/1901 1903/2808/1902
f 1933/2807/1901 1903/2808/1902 1932/2809/1902
f 1932/2809/1902 1903/2808/1902 1904/2810/1903
f 1932/2809/1902 1904/2810/1903 1931/2811/1903
f 1931/2811/1903 1904/2810/1903 1905/2812/1904
f 1931/2811/1903 1905/2812/1904 1930/2813/1904
f 1930/2813/1904 1905/2812/1904 1906/2814/1905
f 1930/2813/1904 1906/2814/1905 1929/2815/1905
f 1929/2815/1905 1906/2814/1905 1907/2816/1906
f 1929/2815/1905 1907/2816/1906 1928/2817/1906
f 1928/2817/1906 1907/2816/1906 1908/2818/1907
f 1928/2817/1906 1908/2818/1907 1927/2819/1907
f 1927/2819/1907 1908/2818/1907 1909/2820/1908
f 1927/2819/1907 1909/2820/1908 1926/2821/1908
f 1926/2821/1908 1909/2820/1908 1910/2822/1909
f 1926/2821/1908 1910/2822/1909 1925/2823/1909
f 1925/2823/1909 1910/2822/1909 1911/2824/1910
f 1925/2823/1909 1911/2824/1910 1924/2825/1910
f 1924/2825/1910 1911/2824/1910 1912/2826/1911
f 1924/2825/1910 1912/2826/1911 1923/2827/1911
f 1923/2827/1911 1912/2826/1911 1913/2828/1912
f 1923/2827/1911 1913/2828/1912 1922/2829/1912
f 1922/2829/1912 1913/2828/1912 1914/2830/1913
f 1922/2829/1912 1914/2830/1913 1921/2831/1913
f 1921/2831/1913 1914/2830/1913 1915/2832/1914
f 1921/2831/1913 1915/2832/1914 1920/2833/1914
f 1920/2833/1914 1915/2832/1914 1916/2834/1915
f 1920/2833/1914 1916/2834/1915 1919/2835/1915
f 1919/2835/1915 1916/2834/1915 1917/2836/1916
f 1919/2835/1915 1917/2836/1916 1918/2837/1916
f 1985/2838/1707 1954/2839/87 1997/2840/87
f 1997/2841/87 1954/2842/87 1955/2843/1917
f 1997/2841/87 1955/2843/1917 1996/2844/1918
f 1996/2844/1918 1955/2843/1917 1956/2845/203
f 1996/2844/1918 1956/2845/203 1995/2846/1919
f 1995/2846/1919 1956/2845/203 1957/2847/1703
f 1995/2846/1919 1957/2847/1703 1958/2848/205
f 1995/2846/1919 1958/2848/205 1994/2849/1920
f 1994/2849/1920 1958/2848/205 1959/2850/1720
f 1994/2849/1920 1959/2850/1720 1993/2851/1921
f 1993/2851/1921 1959/2850/1720 1960/2852/1700
f 1993/2851/1921 1960/2852/1700 1961/2853/1698
f 1993/2851/1921 1961/2853/1698 1992/2854/1922
f 1992/2854/1922 1961/2853/1698 1962/2855/1923
f 1992/2854/1922 1962/2855/1923 1991/2856/1924
f 1991/2856/1924 1962/2855/1923 1963/2857/1925
f 1991/2856/1924 1963/2857/1925 1990/2858/1926
f 1990/2858/1926 1963/2857/1925 1964/2859/226
f 1990/2858/1926 1964/2859/226 1965/2860/1694
f 1990/2858/1926 1965/2860/1694 1989/2861/1927
f 1989/2861/1927 1965/2860/1694 1966/2862/210
f 1989/2861/1927 1966/2862/210 1988/2863/1928
f 1988/2863/1928 1966/2862/210 1967/2864/1693
f 1988/2863/1928 1967/2864/1693 1968/2865/1929
f 1988/2863/1928 1968/2865/1929 1987/2866/1930
f 1987/2866/1930 1968/2865/1929 1969/2867/1690
f 1987/2866/1930 1969/2867/1690 1986/2868/25
f 1986/2868/25 1969/2867/1690 1970/2726/25
f 1986/2868/25 1970/2726/25 1971/2869/1931
f 1986/2868/25 1971/2869/1931 2007/2870/1932
f 2007/2870/1932 1971/2869/1931 1972/2871/214
f 2007/2870/1932 1972/2871/214 2006/2872/1933
f 2006/2872/1933 1972/2871/214 1973/2873/1686
f 2006/2872/1933 1973/2873/1686 1974/2874/222
f 2006/2872/1933 1974/2874/222 2005/2875/1934
f 2005/2875/1934 1974/2874/222 1975/2876/1935
f 2005/2875/1934 1975/2876/1935 2004/2877/1936
f 2004/2877/1936 1975/2876/1935 1976/2878/1683
f 2004/2877/1936 1976/2878/1683 1977/2879/1681
f 2004/2877/1936 1977/2879/1681 2003/2880/1937
f 2003/2880/1937 1977/2879/1681 1978/2881/1938
f 2003/2880/1937 1978/2881/1938 2002/2882/1939
f 2002/2882/1939 1978/2881/1938 1979/2883/1680
f 2002/2882/1939 1979/2883/1680 2001/2884/1940
f 2001/2884/1940 1979/2883/1680 1980/2885/224
f 2001/2884/1940 1980/2885/224 1981/2886/1941
f 2001/2884/1940 1981/2886/1941 2000/2887/1942
f 2000/2887/1942 1981/2886/1941 1982/2888/220
f 2000/2887/1942 1982/2888/220 1999/2889/1943
f 1999/2889/1943 1982/2888/220 1983/2890/1723
f 1999/2889/1943 1983/2890/1723 1984/2891/1944
f 1999/2889/1943 1984/2891/1944 1998/2892/1945
f 1998/2892/1945 1984/2891/1944 1985/2838/1707
f 1998/2892/1945 1985/2838/1707 1997/2840/87
f 2039/2838/1707 2008/2839/87 2051/2840/87
f 2051/2841/87 2008/2842/87 2009/2843/1946
f 2051/2841/87 2009/2843/1946 2050/2844/1918
f 2050/2844/1918 2009/2843/1946 2010/2845/204
f 2050/2844/1918 2010/2845/204 2049/2846/1919
f 2049/2846/1919 2010/2845/204 2011/2847/1703
f 2049/2846/1919 2011/2847/1703 2012/2848/205
f 2049/2846/1919 2012/2848/205 2048/2849/1920
f 2048/2849/1920 2012/2848/205 2013/2850/1702
f 2048/2849/1920 2013/2850/1702 2047/2851/1947
f 2047/2851/1947 2013/2850/1702 2014/2852/1700
f 2047/2851/1947 2014/2852/1700 2015/2853/1698
f 2047/2851/1947 2015/2853/1698 2046/2854/1922
f 2046/2854/1922 2015/2853/1698 2016/2855/1923
f 2046/2854/1922 2016/2855/1923 2045/2856/1924
f 2045/2856/1924 2016/2855/1923 2017/2857/1697
f 2045/2856/1924 2017/2857/1697 2044/2858/1948
f 2044/2858/1948 2017/2857/1697 2018/2859/226
f 2044/2858/1948 2018/2859/226 2019/2860/1694
f 2044/2858/1948 2019/2860/1694 2043/2861/1927
f 2043/2861/1927 2019/2860/1694 2020/2862/211
f 2043/2861/1927 2020/2862/211 2042/2863/1928
f 2042/2863/1928 2020/2862/211 2021/2864/1693
f 2042/2863/1928 2021/2864/1693 2022/2865/1949
f 2042/2863/1928 2022/2865/1949 2041/2866/1950
f 2041/2866/1950 2022/2865/1949 2023/2867/1715
f 2041/2866/1950 2023/2867/1715 2040/2868/25
f 2040/2868/25 2023/2867/1715 2024/2726/25
f 2040/2868/25 2024/2726/25 2025/2869/1951
f 2040/2868/25 2025/2869/1951 2061/2870/1932
f 2061/2870/1932 2025/2869/1951 2026/2871/213
f 2061/2870/1932 2026/2871/213 2060/2872/1933
f 2060/2872/1933 2026/2871/213 2027/2873/1686
f 2060/2872/1933 2027/2873/1686 2028/2874/222
f 2060/2872/1933 2028/2874/222 2059/2875/1952
f 2059/2875/1952 2028/2874/222 2029/2876/1935
f 2059/2875/1952 2029/2876/1935 2058/2877/1953
f 2058/2877/1953 2029/2876/1935 2030/2878/1683
f 2058/2877/1953 2030/2878/1683 2031/2879/1681
f 2058/2877/1953 2031/2879/1681 2057/2880/1937
f 2057/2880/1937 2031/2879/1681 2032/2881/1954
f 2057/2880/1937 2032/2881/1954 2056/2882/1939
f 2056/2882/1939 2032/2881/1954 2033/2883/1955
f 2056/2882/1939 2033/2883/1955 2055/2884/1956
f 2055/2884/1956 2033/2883/1955 2034/2885/224
f 2055/2884/1956 2034/2885/224 2035/2886/1711
f 2055/2884/1956 2035/2886/1711 2054/2887/1942
f 2054/2887/1942 2035/2886/1711 2036/2888/220
f 2054/2887/1942 2036/2888/220 2053/2889/1943
f 2053/2889/1943 2036/2888/220 2037/2890/1710
f 2053/2889/1943 2037/2890/1710 2038/2891/1944
f 2053/2889/1943 2038/2891/1944 2052/2892/1957
f 2052/2892/1957 2038/2891/1944 2039/2838/1707
f 2052/2892/1957 2039/2838/1707 2051/2840/87
f 2063/2893/1958 2129/2894/1958 2062/2/25
f 2062/2/25 2129/2894/1958 2096/2895/25
f 2062/2/25 2096/2895/25 2095/2896/1959
f 2095/2896/1959 2096/2895/25 2097/2897/1959
f 2095/2896/1959 2097/2897/1959 2094/2898/1960
f 2094/2898/1960 2097/2897/1959 2098/2899/1960
f 2094/2898/1960 2098/2899/1960 2093/2900/1961
f 2093/2900/1961 2098/2899/1960 2099/2901/1961
f 2093/2900/1961 2099/2901/1961 2092/2902/1962
f 2092/2902/1962 2099/2901/1961 2100/2903/1962
f 2092/2902/1962 2100/2903/1962 2091/2904/1963
f 2091/2904/1963 2100/2903/1962 2101/2905/1964
f 2091/2904/1963 2101/2905/1964 2090/2906/1965
f 2090/2906/1965 2101/2905/1964 2102/2907/1965
f 2090/2906/1965 2102/2907/1965 2089/2908/1966
f 2089/2908/1966 2102/2907/1965 2103/2909/1966
f 2089/2908/1966 2103/2909/1966 2088/2910/1967
f 2088/2910/1967 2103/2909/1966 2104/2911/1967
f 2088/2910/1967 2104/2911/1967 2087/2912/1968
f 2087/2912/1968 2104/2911/1967 2105/2913/1968
f 2087/2912/1968 2105/2913/1968 2086/2914/1969
f 2086/2914/1969 2105/2913/1968 2106/2915/1969
f 2086/2914/1969 2106/2915/1969 2085/2916/1970
f 2085/2916/1970 2106/2915/1969 2107/2917/1970
f 2085/2916/1970 2107/2917/1970 2084/2918/1971
f 2084/2918/1971 2107/2917/1970 2108/2919/1971
f 2084/2918/1971 2108/2919/1971 2083/2920/1972
f 2083/2920/1972 2108/2919/1971 2109/2921/1972
f 2083/2920/1972 2109/2921/1972 2082/2922/1973
f 2082/2922/1973 2109/2921/1972 2110/2923/1973
f 2082/2922/1973 2110/2923/1973 2081/2924/1974
f 2081/2924/1974 2110/2923/1973 2111/2925/1974
f 2081/2924/1974 2111/2925/1974 2080/2926/1975
f 2080/2926/1975 2111/2925/1974 2112/2927/1975
f 2080/2926/1975 2112/2927/1975 2079/2928/87
f 2079/2928/87 2112/2927/1975 2113/2929/87
f 2079/2930/87 2113/2931/87 2078/2932/1976
f 2078/2932/1976 2113/2931/87 2114/2933/1976
f 2078/2932/1976 2114/2933/1976 2077/2934/1977
f 2077/2934/1977 2114/2933/1976 2115/2935/1977
f 2077/2934/1977 2115/2935/1977 2076/2936/1978
f 2076/2936/1978 2115/2935/1977 2116/2937/1978
f 2076/2936/1978 2116/2937/1978 2075/2938/1979
f 2075/2938/1979 2116/2937/1978 2117/2939/1979
f 2075/2938/1979 2117/2939/1979 2074/2940/1980
f 2074/2940/1980 2117/2939/1979 2118/2941/1980
f 2074/2940/1980 2118/2941/1980 2073/2942/1981
f 2073/2942/1981 2118/2941/1980 2119/2943/1981
f 2073/2942/1981 2119/2943/1981 2072/2944/1982
f 2072/2944/1982 2119/2943/1981 2120/2945/1982
f 2072/2944/1982 2120/2945/1982 2071/2946/1983
f 2071/2946/1983 2120/2945/1982 2121/2947/1983
f 2071/2946/1983 2121/2947/1983 2070/2948/1984
f 2070/2948/1984 2121/2947/1983 2122/2949/1984
f 2070/2948/1984 2122/2949/1984 2069/2950/1985
f 2069/2950/1985 2122/2949/1984 2123/2951/1985
f 2069/2950/1985 2123/2951/1985 2068/2952/1986
f 2068/2952/1986 2123/2951/1985 2124/2953/1986
f 2068/2952/1986 2124/2953/1986 2067/2954/1987
f 2067/2954/1987 2124/2953/1986 2125/2955/1987
f 2067/2954/1987 2125/2955/1987 2066/2956/1988
f 2066/2956/1988 2125/2955/1987 2126/2957/1988
f 2066/2956/1988 2126/2957/1988 2065/2958/1989
f 2065/2958/1989 2126/2957/1988 2127/2959/1989
f 2065/2958/1989 2127/2959/1989 2064/2960/1990
f 2064/2960/1990 2127/2959/1989 2128/2961/1990
f 2064/2960/1990 2128/2961/1990 2063/2893/1958
f 2063/2893/1958 2128/2961/1990 2129/2894/1958
f 1953/2962/1991 1952/2963/1992 2165/2964/1991
f 2165/2964/1991 1952/2963/1992 2164/2965/1992
f 2164/2965/1992 1952/2963/1992 1951/2966/1993
f 2164/2965/1992 1951/2966/1993 2163/2967/1993
f 2163/2967/1993 1951/2966/1993 1950/2968/1994
f 2163/2967/1993 1950/2968/1994 2162/2969/1994
f 2162/2969/1994 1950/2968/1994 1949/2970/1995
f 2162/2969/1994 1949/2970/1995 2161/2971/1995
f 2161/2971/1995 1949/2970/1995 1948/2972/1996
f 2161/2971/1995 1948/2972/1996 2160/2973/1996
f 2160/2973/1996 1948/2972/1996 1947/2974/1997
f 2160/2973/1996 1947/2974/1997 2159/2975/1997
f 2159/2975/1997 1947/2974/1997 1946/2976/1998
f 2159/2975/1997 1946/2976/1998 2158/2977/1998
f 2158/2977/1998 1946/2976/1998 1945/2978/1999
f 2158/2977/1998 1945/2978/1999 2157/2979/1999
f 2157/2979/1999 1945/2978/1999 1944/2980/2000
f 2157/2979/1999 1944/2980/2000 2156/2981/2000
f 2156/2981/2000 1944/2980/2000 1943/2982/2001
f 2156/2981/2000 1943/2982/2001 2155/2983/2001
f 2155/2983/2001 1943/2982/2001 1942/2984/2002
f 2155/2983/2001 1942/2984/2002 2154/2985/2002
f 2154/2985/2002 1942/2984/2002 1941/2986/2003
f 2154/2985/2002 1941/2986/2003 2153/2987/2003
f 2153/2987/2003 1941/2986/2003 1940/2988/2004
f 2153/2987/2003 1940/2988/2004 2152/2989/2004
f 2152/2989/2004 1940/2988/2004 1939/2990/2005
f 2152/2989/2004 1939/2990/2005 2151/2991/2005
f 2151/2991/2005 1939/2990/2005 1938/2992/2006
f 2151/2991/2005 1938/2992/2006 2150/2993/2006
f 2150/2993/2006 1938/2992/2006 1937/2994/2007
f 2150/2993/2006 1937/2994/2007 2149/2995/2007
f 2149/2995/2007 1937/2994/2007 1936/2996/2008
f 2149/2995/2007 1936/2996/2008 2148/2997/2008
f 2148/2997/2008 1936/2996/2008 1935/2998/2009
f 2148/2997/2008 1935/2998/2009 2147/2999/2009
f 2147/2999/2009 1935/2998/2009 1934/3000/2010
f 2147/2999/2009 1934/3000/2010 2146/3001/2010
f 2146/3001/2010 1934/3000/2010 1933/3002/2011
f 2146/3001/2010 1933/3002/2011 2145/3003/2011
f 2145/3003/2011 1933/3002/2011 1932/3004/2012
f 2145/3003/2011 1932/3004/2012 2144/3005/2012
f 2144/3005/2012 1932/3004/2012 1931/3006/2013
f 2144/3005/2012 1931/3006/2013 2143/3007/2013
f 2143/3007/2013 1931/3006/2013 1930/3008/2014
f 2143/3007/2013 1930/3008/2014 2142/3009/2014
f 2142/3009/2014 1930/3008/2014 1929/3010/2015
f 2142/3009/2014 1929/3010/2015 2141/3011/2015
f 2141/3011/2015 1929/3010/2015 1928/3012/2016
f 2141/3011/2015 1928/3012/2016 2140/3013/2016
f 2140/3013/2016 1928/3012/2016 1927/3014/2017
f 2140/3013/2016 1927/3014/2017 2139/3015/2017
f 2139/3015/2017 1927/3014/2017 1926/3016/2018
f 2139/3015/2017 1926/3016/2018 2138/3017/2018
f 2138/3017/2018 1926/3016/2018 1925/3018/2019
f 2138/3017/2018 1925/3018/2019 2137/3019/2019
f 2137/3019/2019 1925/3018/2019 1924/3020/2020
f 2137/3019/2019 1924/3020/2020 2136/3021/2020
f 2136/3021/2020 1924/3020/2020 1923/3022/2021
f 2136/3021/2020 1923/3022/2021 2135/3023/2021
f 2135/3023/2021 1923/3022/2021 1922/3024/2022
f 2135/3023/2021 1922/3024/2022 2134/3025/2022
f 2134/3025/2022 1922/3024/2022 1921/3026/2023
f 2134/3025/2022 1921/3026/2023 2133/3027/2023
f 2133/3027/2023 1921/3026/2023 1920/3028/2024
f 2133/3027/2023 1920/3028/2024 2132/3029/2024
f 2132/3029/2024 1920/3028/2024 1919/3030/2025
f 2132/3029/2024 1919/3030/2025 2131/3031/2025
f 2131/3031/2025 1919/3030/2025 1918/3032/2026
f 2131/3031/2025 1918/3032/2026 2130/3033/2026
f 2167/3034/176 1822/3035/176 2166/3036/176
f 2166/3036/176 1822/3035/176 1841/3037/176
f 2166/3036/176 1841/3037/176 1840/3038/176
f 2168/3039/176 1825/3040/176 2167/3034/176
f 2167/3034/176 1825/3040/176 1824/3041/176
f 2167/3034/176 1824/3041/176 1823/3042/176
f 2169/3043/176 1827/3044/176 2168/3039/176
f 2168/3039/176 1827/3044/176 1826/3045/176
f 2168/3039/176 1826/3045/176 1825/3040/176
f 2170/3046/176 2083/3047/176 2169/3043/176
f 2169/3043/176 2083/3047/176 1828/3048/176
f 2169/3043/176 1828/3048/176 1827/3044/176
f 2171/3049/176 1881/3050/176 2170/3046/176
f 2170/3046/176 1881/3050/176 2084/3051/176
f 2170/3046/176 2084/3051/176 2083/3047/176
f 1881/3050/176 2171/3049/176 1862/3052/176
f 1862/3052/176 2171/3049/176 1917/3053/176
f 1862/3052/176 1917/3053/176 1863/3054/176
f 1863/3054/176 1917/3053/176 1916/3055/176
f 1863/3054/176 1916/3055/176 1864/3056/176
f 1864/3056/176 1916/3055/176 1915/3057/176
f 1864/3056/176 1915/3057/176 1865/3058/176
f 1865/3058/176 1915/3057/176 1866/3059/176
f 1866/3059/176 1915/3057/176 1914/3060/176
f 1866/3059/176 1914/3060/176 1867/3061/176
f 1867/3061/176 1914/3060/176 1913/3062/176
f 1867/3061/176 1913/3062/176 1868/3063/176
f 1868/3063/176 1913/3062/176 1912/3064/176
f 1868/3063/176 1912/3064/176 1869/3065/176
f 1869/3065/176 1912/3064/176 1911/3066/176
f 1869/3065/176 1911/3066/176 1870/3067/176
f 1870/3067/176 1911/3066/176 1871/3068/176
f 1871/3068/176 1911/3066/176 1910/3069/176
f 1871/3068/176 1910/3069/176 1909/3070/176
f 1871/3068/176 1909/3070/176 1872/3071/176
f 1872/3071/176 1909/3070/176 1908/3072/176
f 1872/3071/176 1908/3072/176 1873/3073/176
f 1873/3073/176 1908/3072/176 2091/3074/176
f 1873/3073/176 2091/3074/176 2090/3075/176
f 1908/3072/176 1907/3076/176 2091/3074/176
f 2091/3074/176 1907/3076/176 2092/3077/176
f 2092/3077/176 1907/3076/176 1906/3078/176
f 2092/3077/176 1906/3078/176 1746/3079/176
f 1746/3079/176 1906/3078/176 1905/3080/176
f 1746/3079/176 1905/3080/176 1747/3081/176
f 1747/3081/176 1905/3080/176 1904/3082/176
f 1747/3081/176 1904/3082/176 1748/3083/176
f 1748/3083/176 1904/3082/176 1903/3084/176
f 1748/3083/176 1903/3084/176 1749/3085/176
f 1749/3085/176 1903/3084/176 1902/3086/176
f 1749/3085/176 1902/3086/176 1750/3087/176
f 1750/3087/176 1902/3086/176 1901/3088/176
f 1750/3087/176 1901/3088/176 1751/3089/176
f 1751/3089/176 1901/3088/176 1900/3090/176
f 1751/3089/176 1900/3090/176 1752/3091/176
f 1752/3091/176 1900/3090/176 1899/3092/176
f 1752/3091/176 1899/3092/176 1753/3093/176
f 1753/3093/176 1899/3092/176 1898/3094/176
f 1753/3093/176 1898/3094/176 1754/3095/176
f 1754/3095/176 1898/3094/176 1897/3096/176
f 1754/3095/176 1897/3096/176 1755/3097/176
f 1755/3097/176 1897/3096/176 1896/3098/176
f 1755/3097/176 1896/3098/176 1756/3099/176
f 1756/3099/176 1896/3098/176 1895/3100/176
f 1756/3099/176 1895/3100/176 1757/3101/176
f 1757/3101/176 1895/3100/176 1894/3102/176
f 1757/3101/176 1894/3102/176 1758/3103/176
f 1758/3103/176 1894/3102/176 1893/3104/176
f 1758/3103/176 1893/3104/176 2066/3105/176
f 2066/3105/176 1893/3104/176 1892/3106/176
f 2066/3105/176 1892/3106/176 2067/3107/176
f 2067/3107/176 1892/3106/176 1891/3108/176
f 2067/3107/176 1891/3108/176 1791/3109/176
f 1791/3109/176 1891/3108/176 1792/3110/176
f 1792/3110/176 1891/3108/176 1890/3111/176
f 1792/3110/176 1890/3111/176 1793/3112/176
f 1793/3112/176 1890/3111/176 1889/3113/176
f 1793/3112/176 1889/3113/176 1888/3114/176
f 1887/3115/176 1795/3116/176 1888/3114/176
f 1888/3114/176 1795/3116/176 1794/3117/176
f 1888/3114/176 1794/3117/176 1793/3112/176
f 1795/3116/176 1887/3115/176 1796/3118/176
f 1796/3118/176 1887/3115/176 1886/3119/176
f 1796/3118/176 1886/3119/176 1797/3120/176
f 1797/3120/176 1886/3119/176 1885/3121/176
f 1797/3120/176 1885/3121/176 1798/3122/176
f 1798/3122/176 1885/3121/176 1884/3123/176
f 1798/3122/176 1884/3123/176 1799/3124/176
f 1799/3124/176 1884/3123/176 1800/3125/176
f 1800/3125/176 1884/3123/176 1883/3126/176
f 1800/3125/176 1883/3126/176 1801/3127/176
f 1801/3127/176 1883/3126/176 1882/3128/176
f 1801/3127/176 1882/3128/176 1782/3129/176
f 1782/3129/176 1882/3128/176 2172/3130/176
f 1782/3129/176 2172/3130/176 1783/3131/176
f 1783/3131/176 2172/3130/176 2173/3132/176
f 1783/3131/176 2173/3132/176 2074/3133/176
f 2074/3133/176 2173/3132/176 2075/3134/176
f 2075/3134/176 2173/3132/176 2174/3135/176
f 2075/3134/176 2174/3135/176 1836/3136/176
f 1836/3136/176 2174/3135/176 1837/3137/176
f 1837/3137/176 2174/3135/176 2175/3138/176
f 1837/3137/176 2175/3138/176 1838/3139/176
f 1838/3139/176 2175/3138/176 1839/3140/176
f 1839/3140/176 2175/3138/176 2166/3036/176
f 1839/3140/176 2166/3036/176 1840/3038/176
f 2095/3141/176 1743/3142/176 2062/3143/176
f 2062/3143/176 1743/3142/176 1742/3144/176
f 2062/3143/176 1742/3144/176 1761/3145/176
f 1743/3142/176 2095/3141/176 1744/3146/176
f 1744/3146/176 2095/3141/176 2094/3147/176
f 1744/3146/176 2094/3147/176 1745/3148/176
f 1745/3148/176 2094/3147/176 2093/3149/176
f 1745/3148/176 2093/3149/176 1746/3079/176
f 1746/3079/176 2093/3149/176 2092/3077/176
f 1873/3073/176 2090/3075/176 1874/3150/176
f 1874/3150/176 2090/3075/176 2089/3151/176
f 1874/3150/176 2089/3151/176 1875/3152/176
f 1875/3152/176 2089/3151/176 1876/3153/176
f 1876/3153/176 2089/3151/176 2088/3154/176
f 1876/3153/176 2088/3154/176 1877/3155/176
f 1877/3155/176 2088/3154/176 2087/3156/176
f 1877/3155/176 2087/3156/176 1878/3157/176
f 1878/3157/176 2087/3156/176 2086/3158/176
f 1878/3157/176 2086/3158/176 1879/3159/176
f 1879/3159/176 2086/3158/176 1880/3160/176
f 1880/3160/176 2086/3158/176 2085/3161/176
f 1880/3160/176 2085/3161/176 1881/3050/176
f 1881/3050/176 2085/3161/176 2084/3051/176
f 2083/3047/176 2082/3162/176 1828/3048/176
f 1828/3048/176 2082/3162/176 1829/3163/176
f 1829/3163/176 2082/3162/176 2081/3164/176
f 1829/3163/176 2081/3164/176 1830/3165/176
f 1830/3165/176 2081/3164/176 2080/3166/176
f 1830/3165/176 2080/3166/176 1831/3167/176
f 1831/3167/176 2080/3166/176 2079/3168/176
f 1831/3167/176 2079/3168/176 1832/3169/176
f 1832/3169/176 2079/3168/176 1833/3170/176
f 1833/3170/176 2079/3168/176 2078/3171/176
f 1833/3170/176 2078/3171/176 1834/3172/176
f 1834/3172/176 2078/3171/176 2077/3173/176
f 1834/3172/176 2077/3173/176 1835/3174/176
f 1835/3174/176 2077/3173/176 2076/3175/176
f 1835/3174/176 2076/3175/176 1836/3136/176
f 1836/3136/176 2076/3175/176 2075/3134/176
f 2074/3133/176 2073/3176/176 1783/3131/176
f 1783/3131/176 2073/3176/176 1784/3177/176
f 1784/3177/176 2073/3176/176 2072/3178/176
f 1784/3177/176 2072/3178/176 1785/3179/176
f 1785/3179/176 2072/3178/176 1786/3180/176
f 1786/3180/176 2072/3178/176 2071/3181/176
f 1786/3180/176 2071/3181/176 1787/3182/176
f 1787/3182/176 2071/3181/176 2070/3183/176
f 1787/3182/176 2070/3183/176 1788/3184/176
f 1788/3184/176 2070/3183/176 2069/3185/176
f 1788/3184/176 2069/3185/176 1789/3186/176
f 1789/3186/176 2069/3185/176 1790/3187/176
f 1790/3187/176 2069/3185/176 2068/3188/176
f 1790/3187/176 2068/3188/176 1791/3109/176
f 1791/3109/176 2068/3188/176 2067/3107/176
f 2066/3105/176 2065/3189/176 1758/3103/176
f 1758/3103/176 2065/3189/176 1759/3190/176
f 1759/3190/176 2065/3189/176 2064/3191/176
f 1759/3190/176 2064/3191/176 1760/3192/176
f 1760/3192/176 2064/3191/176 2063/3193/176
f 1760/3192/176 2063/3193/176 1761/3145/176
f 1761/3145/176 2063/3193/176 2062/3143/176
f 1823/3042/176 1822/3035/176 2167/3034/176
f 2177/3194/185 1997/3195/185 2176/3196/185
f 2176/3196/185 1997/3195/185 1996/3197/185
f 2176/3196/185 1996/3197/185 1995/3198/185
f 2178/3199/185 2056/3200/185 2177/3194/185
f 2177/3194/185 2056/3200/185 2003/3201/185
f 2177/3194/185 2003/3201/185 2002/3202/185
f 2179/3203/185 2118/3107/185 2178/3199/185
f 2178/3199/185 2118/3107/185 2117/3105/185
f 2178/3199/185 2117/3105/185 1807/3101/185
f 1807/3101/185 2117/3105/185 2116/3189/185
f 1807/3101/185 2116/3189/185 1808/3103/185
f 1808/3103/185 2116/3189/185 2115/3191/185
f 1808/3103/185 2115/3191/185 1809/3190/185
f 1809/3190/185 2115/3191/185 1810/3192/185
f 1810/3192/185 2115/3191/185 2114/3193/185
f 1810/3192/185 2114/3193/185 1811/3145/185
f 1811/3145/185 2114/3193/185 2113/3143/185
f 1811/3145/185 2113/3143/185 1812/3144/185
f 1812/3144/185 2113/3143/185 1813/3142/185
f 1813/3142/185 2113/3143/185 2112/3141/185
f 1813/3142/185 2112/3141/185 1814/3146/185
f 1814/3146/185 2112/3141/185 2111/3147/185
f 1814/3146/185 2111/3147/185 1815/3148/185
f 1815/3148/185 2111/3147/185 1816/3079/185
f 1816/3079/185 2111/3147/185 2110/3149/185
f 1816/3079/185 2110/3149/185 1817/3081/185
f 1817/3081/185 2110/3149/185 2109/3077/185
f 1817/3081/185 2109/3077/185 2220/3204/185
f 2220/3204/185 2109/3077/185 2108/3074/185
f 2220/3204/185 2108/3074/185 2219/3205/185
f 2219/3205/185 2108/3074/185 1843/3073/185
f 2219/3205/185 1843/3073/185 1842/3071/185
f 2180/3206/185 1762/3110/185 2179/3203/185
f 2179/3203/185 1762/3110/185 1781/3109/185
f 2179/3203/185 1781/3109/185 2118/3107/185
f 2118/3107/185 1781/3109/185 1780/3187/185
f 2118/3107/185 1780/3187/185 2119/3188/185
f 2119/3188/185 1780/3187/185 1779/3186/185
f 2119/3188/185 1779/3186/185 2120/3185/185
f 2120/3185/185 1779/3186/185 1778/3184/185
f 2120/3185/185 1778/3184/185 2121/3183/185
f 2121/3183/185 1778/3184/185 1777/3182/185
f 2121/3183/185 1777/3182/185 2122/3181/185
f 2122/3181/185 1777/3182/185 1776/3180/185
f 2122/3181/185 1776/3180/185 2123/3178/185
f 2123/3178/185 1776/3180/185 1775/3179/185
f 2123/3178/185 1775/3179/185 2124/3176/185
f 2124/3176/185 1775/3179/185 1774/3177/185
f 2124/3176/185 1774/3177/185 2193/3207/185
f 2193/3207/185 1774/3177/185 1773/3131/185
f 2193/3207/185 1773/3131/185 2192/3208/185
f 2192/3208/185 1773/3131/185 1772/3129/185
f 2192/3208/185 1772/3129/185 2191/3209/185
f 2191/3209/185 1772/3129/185 1771/3127/185
f 2191/3209/185 1771/3127/185 2190/3210/185
f 2190/3210/185 1771/3127/185 1770/3125/185
f 2190/3210/185 1770/3125/185 2189/3211/185
f 2189/3211/185 1770/3125/185 1769/3124/185
f 2189/3211/185 1769/3124/185 2188/3212/185
f 2188/3212/185 1769/3124/185 1768/3122/185
f 2188/3212/185 1768/3122/185 2187/3213/185
f 2187/3213/185 1768/3122/185 2186/3214/185
f 2186/3214/185 1768/3122/185 1767/3120/185
f 2186/3214/185 1767/3120/185 2185/3215/185
f 2185/3215/185 1767/3120/185 1766/3118/185
f 2185/3215/185 1766/3118/185 2184/3216/185
f 2184/3216/185 1766/3118/185 2183/3217/185
f 2183/3217/185 1766/3118/185 1765/3116/185
f 2183/3217/185 1765/3116/185 2182/3218/185
f 2182/3218/185 1765/3116/185 1764/3117/185
f 2182/3218/185 1764/3117/185 2181/3219/185
f 2181/3219/185 1764/3117/185 1763/3112/185
f 2181/3219/185 1763/3112/185 2180/3206/185
f 2180/3206/185 1763/3112/185 1762/3110/185
f 2124/3176/185 2193/3207/185 2125/3133/185
f 2125/3133/185 2193/3207/185 2194/3220/185
f 2125/3133/185 2194/3220/185 2195/3221/185
f 2125/3133/185 2195/3221/185 2126/3134/185
f 2126/3134/185 2195/3221/185 2196/3222/185
f 2126/3134/185 2196/3222/185 1727/3137/185
f 1727/3137/185 2196/3222/185 1728/3139/185
f 1728/3139/185 2196/3222/185 2197/3223/185
f 1728/3139/185 2197/3223/185 1729/3140/185
f 1729/3140/185 2197/3223/185 2198/3224/185
f 1729/3140/185 2198/3224/185 1730/3038/185
f 1730/3038/185 2198/3224/185 1731/3037/185
f 1731/3037/185 2198/3224/185 2199/3225/185
f 1731/3037/185 2199/3225/185 1732/3035/185
f 1732/3035/185 2199/3225/185 1733/3042/185
f 1733/3042/185 2199/3225/185 2200/3226/185
f 1733/3042/185 2200/3226/185 1734/3041/185
f 1734/3041/185 2200/3226/185 1735/3040/185
f 1735/3040/185 2200/3226/185 2201/3227/185
f 1735/3040/185 2201/3227/185 1736/3045/185
f 1736/3045/185 2201/3227/185 2202/3228/185
f 1736/3045/185 2202/3228/185 1737/3044/185
f 1737/3044/185 2202/3228/185 2100/3047/185
f 1737/3044/185 2100/3047/185 2099/3162/185
f 2202/3228/185 2203/3229/185 2100/3047/185
f 2100/3047/185 2203/3229/185 2101/3051/185
f 2101/3051/185 2203/3229/185 2204/3230/185
f 2101/3051/185 2204/3230/185 2205/3231/185
f 2206/3232/185 1851/3050/185 2205/3231/185
f 2205/3231/185 1851/3050/185 1850/3160/185
f 2205/3231/185 1850/3160/185 2102/3161/185
f 2102/3161/185 1850/3160/185 1849/3159/185
f 2102/3161/185 1849/3159/185 2103/3158/185
f 2103/3158/185 1849/3159/185 1848/3157/185
f 2103/3158/185 1848/3157/185 2104/3156/185
f 2104/3156/185 1848/3157/185 1847/3155/185
f 2104/3156/185 1847/3155/185 2105/3154/185
f 2105/3154/185 1847/3155/185 1846/3153/185
f 2105/3154/185 1846/3153/185 2106/3151/185
f 2106/3151/185 1846/3153/185 1845/3152/185
f 2106/3151/185 1845/3152/185 2107/3075/185
f 2107/3075/185 1845/3152/185 1844/3150/185
f 2107/3075/185 1844/3150/185 2108/3074/185
f 2108/3074/185 1844/3150/185 1843/3073/185
f 1851/3050/185 2206/3232/185 1852/3052/185
f 1852/3052/185 2206/3232/185 2207/3233/185
f 1852/3052/185 2207/3233/185 1853/3054/185
f 1853/3054/185 2207/3233/185 2208/3234/185
f 1853/3054/185 2208/3234/185 1854/3056/185
f 1854/3056/185 2208/3234/185 2209/3235/185
f 1854/3056/185 2209/3235/185 1855/3058/185
f 1855/3058/185 2209/3235/185 2210/3236/185
f 1855/3058/185 2210/3236/185 1856/3059/185
f 1856/3059/185 2210/3236/185 2211/3237/185
f 1856/3059/185 2211/3237/185 2212/3238/185
f 1856/3059/185 2212/3238/185 1857/3061/185
f 1857/3061/185 2212/3238/185 2213/3239/185
f 1857/3061/185 2213/3239/185 1858/3063/185
f 1858/3063/185 2213/3239/185 2214/3240/185
f 1858/3063/185 2214/3240/185 2215/3241/185
f 1858/3063/185 2215/3241/185 1859/3065/185
f 1859/3065/185 2215/3241/185 2216/3242/185
f 1859/3065/185 2216/3242/185 1860/3067/185
f 1860/3067/185 2216/3242/185 2217/3243/185
f 1860/3067/185 2217/3243/185 1861/3068/185
f 1861/3068/185 2217/3243/185 2218/3244/185
f 1861/3068/185 2218/3244/185 1842/3071/185
f 1842/3071/185 2218/3244/185 2219/3205/185
f 2176/3196/185 2046/3245/185 2220/3204/185
f 2220/3204/185 2046/3245/185 2045/3246/185
f 2220/3204/185 2045/3246/185 2044/3247/185
f 2129/3171/185 1723/3170/185 2096/3168/185
f 2096/3168/185 1723/3170/185 1722/3248/185
f 2096/3168/185 1722/3248/185 1741/3167/185
f 1723/3170/185 2129/3171/185 1724/3172/185
f 1724/3172/185 2129/3171/185 2128/3173/185
f 1724/3172/185 2128/3173/185 1725/3174/185
f 1725/3174/185 2128/3173/185 1726/3136/185
f 1726/3136/185 2128/3173/185 2127/3175/185
f 1726/3136/185 2127/3175/185 1727/3137/185
f 1727/3137/185 2127/3175/185 2126/3134/185
f 2102/3161/185 2101/3051/185 2205/3231/185
f 1737/3044/185 2099/3162/185 1738/3048/185
f 1738/3048/185 2099/3162/185 2098/3164/185
f 1738/3048/185 2098/3164/185 1739/3163/185
f 1739/3163/185 2098/3164/185 1740/3165/185
f 1740/3165/185 2098/3164/185 2097/3166/185
f 1740/3165/185 2097/3166/185 1741/3167/185
f 1741/3167/185 2097/3166/185 2096/3168/185
f 1803/3093/185 1802/3091/185 2040/3249/185
f 2040/3249/185 1802/3091/185 1821/3089/185
f 2040/3249/185 1821/3089/185 2041/3250/185
f 2041/3250/185 1821/3089/185 1820/3087/185
f 2041/3250/185 1820/3087/185 2042/3251/185
f 2042/3251/185 1820/3087/185 1819/3085/185
f 2042/3251/185 1819/3085/185 2043/3252/185
f 2043/3252/185 1819/3085/185 2044/3247/185
f 2044/3247/185 1819/3085/185 1818/3083/185
f 2044/3247/185 1818/3083/185 2220/3204/185
f 2220/3204/185 1818/3083/185 1817/3081/185
f 1807/3101/185 1806/3099/185 2178/3199/185
f 2178/3199/185 1806/3099/185 2058/3253/185
f 2178/3199/185 2058/3253/185 2057/3254/185
f 1806/3099/185 1805/3097/185 2058/3253/185
f 2058/3253/185 1805/3097/185 2059/3255/185
f 2059/3255/185 1805/3097/185 2060/3256/185
f 2060/3256/185 1805/3097/185 1804/3095/185
f 2060/3256/185 1804/3095/185 2061/3257/185
f 2061/3257/185 1804/3095/185 1803/3093/185
f 2061/3257/185 1803/3093/185 2040/3249/185
f 2007/3258/185 2052/3259/185 1986/3260/185
f 1986/3260/185 2052/3259/185 2051/3261/185
f 1986/3260/185 2051/3261/185 1987/3262/185
f 1987/3262/185 2051/3261/185 2050/3263/185
f 1987/3262/185 2050/3263/185 1988/3264/185
f 1988/3264/185 2050/3263/185 2049/3265/185
f 1988/3264/185 2049/3265/185 1989/3266/185
f 1989/3266/185 2049/3265/185 2048/3267/185
f 1989/3266/185 2048/3267/185 1990/3268/185
f 1990/3268/185 2048/3267/185 2047/3269/185
f 1990/3268/185 2047/3269/185 1991/3270/185
f 1991/3270/185 2047/3269/185 2046/3245/185
f 1991/3270/185 2046/3245/185 2176/3196/185
f 2052/3259/185 2007/3258/185 2053/3271/185
f 2053/3271/185 2007/3258/185 2006/3272/185
f 2053/3271/185 2006/3272/185 2054/3273/185
f 2054/3273/185 2006/3272/185 2005/3274/185
f 2054/3273/185 2005/3274/185 2055/3275/185
f 2055/3275/185 2005/3274/185 2004/3276/185
f 2055/3275/185 2004/3276/185 2056/3200/185
f 2056/3200/185 2004/3276/185 2003/3201/185
f 2002/3202/185 2001/3277/185 2177/3194/185
f 2177/3194/185 2001/3277/185 2000/3278/185
f 2177/3194/185 2000/3278/185 1999/3279/185
f 1999/3279/185 1998/3280/185 2177/3194/185
f 2177/3194/185 1998/3280/185 1997/3195/185
f 1995/3198/185 1994/3281/185 2176/3196/185
f 2176/3196/185 1994/3281/185 1993/3282/185
f 2176/3196/185 1993/3282/185 1992/3283/185
f 1992/3283/185 1991/3270/185 2176/3196/185
f 2057/3254/185 2056/3200/185 2178/3199/185
f 2222/3284/143 2223/3285/143 2221/3286/143
f 2221/3286/143 2223/3285/143 2226/3287/143
f 2226/3287/143 2223/3285/143 2225/3288/143
f 2225/3288/143 2223/3285/143 2224/3289/143
f 2221/2/25 2226/3290/25 2239/3291/25
f 2239/3291/25 2226/3290/25 2177/3292/25
f 2239/3291/25 2177/3292/25 2238/3293/25
f 2238/3293/25 2177/3292/25 2237/3294/25
f 2237/3294/25 2177/3292/25 2236/3295/25
f 2236/3295/25 2177/3292/25 2235/3296/25
f 2235/3296/25 2177/3292/25 2176/3297/25
f 2235/3296/25 2176/3297/25 2234/3298/25
f 2234/3298/25 2176/3297/25 2233/3299/25
f 2233/3299/25 2176/3297/25 2232/3300/25
f 2232/3300/25 2176/3297/25 2231/3301/25
f 2231/3301/25 2176/3297/25 2230/3302/25
f 2230/3302/25 2176/3297/25 2229/3303/25
f 2229/3303/25 2176/3297/25 2227/3304/25
f 2229/3303/25 2227/3304/25 2228/2622/25
f 2241/3305/170 2242/3306/170 2240/3307/170
f 2240/3307/170 2242/3306/170 2227/3308/170
f 2227/3308/170 2242/3306/170 2228/3309/170
f 2228/3309/170 2242/3306/170 2243/3310/170
f 2221/3311/2027 2239/3312/2028 2222/3313/2027
f 2222/3313/2027 2239/3312/2028 2254/3314/2028
f 2254/3314/2028 2239/3312/2028 2238/3315/2029
f 2254/3314/2028 2238/3315/2029 2253/3316/2029
f 2253/3316/2029 2238/3315/2029 2237/3317/2030
f 2253/3316/2029 2237/3317/2030 2252/3318/2030
f 2252/3318/2030 2237/3317/2030 2236/3319/2031
f 2252/3318/2030 2236/3319/2031 2251/3320/2031
f 2251/3320/2031 2236/3319/2031 1978/3321/2032
f 2251/3320/2031 1978/3321/2032 2032/3322/2032
f 2032/3322/2032 1978/3321/2032 2033/3323/2033
f 2033/3323/2033 1978/3321/2032 1977/3324/2034
f 2033/3323/2033 1977/3324/2034 2034/3325/2035
f 2034/3325/2035 1977/3324/2034 1976/3326/2036
f 2034/3325/2035 1976/3326/2036 2035/3327/2037
f 2035/3327/2037 1976/3326/2036 1975/3328/2037
f 2035/3327/2037 1975/3328/2037 2036/3329/2038
f 2036/3329/2038 1975/3328/2037 1974/3330/2038
f 2036/3329/2038 1974/3330/2038 2037/3331/2039
f 2037/3331/2039 1974/3330/2038 1973/3332/2039
f 2037/3331/2039 1973/3332/2039 1972/3333/2040
f 2236/3319/2031 2235/3334/2041 1978/3321/2032
f 1978/3321/2032 2235/3334/2041 1979/3335/2033
f 1979/3335/2033 2235/3334/2041 1980/3336/2036
f 1980/3336/2036 2235/3334/2041 1981/3337/2037
f 1981/3337/2037 2235/3334/2041 1982/3338/2038
f 1982/3338/2038 2235/3334/2041 1983/3339/2042
f 1983/3339/2042 2235/3334/2041 2234/3340/176
f 1983/3339/2042 2234/3340/176 1984/3341/2043
f 1984/3341/2043 2234/3340/176 1985/3342/2044
f 1985/3342/2044 2234/3340/176 1954/3343/176
f 1954/3343/176 2234/3340/176 1955/3344/2045
f 1955/3344/2045 2234/3340/176 1956/3345/2046
f 1956/3345/2046 2234/3340/176 2233/3346/2047
f 1956/3345/2046 2233/3346/2047 1957/3347/2048
f 1957/3347/2048 2233/3346/2047 1958/3348/2049
f 1958/3348/2049 2233/3346/2047 1959/3349/2050
f 1959/3349/2050 2233/3346/2047 1960/3350/2051
f 1960/3350/2051 2233/3346/2047 1961/3351/2052
f 1961/3351/2052 2233/3346/2047 1962/3352/2053
f 1962/3352/2053 2233/3346/2047 2232/3353/2054
f 1962/3352/2053 2232/3353/2054 2016/3354/2053
f 2016/3354/2053 2232/3353/2054 2247/3355/2055
f 2016/3354/2053 2247/3355/2055 2248/3356/2047
f 2232/3353/2054 2231/3357/2056 2247/3355/2055
f 2247/3355/2055 2231/3357/2056 2246/3358/2056
f 2246/3358/2056 2231/3357/2056 2230/3359/2057
f 2246/3358/2056 2230/3359/2057 2245/3360/2057
f 2245/3360/2057 2230/3359/2057 2229/3361/2058
f 2245/3360/2057 2229/3361/2058 2244/3362/2058
f 2244/3362/2058 2229/3361/2058 2228/3363/2059
f 2244/3362/2058 2228/3363/2059 2243/3364/2059
f 2249/555/176 2021/3365/2060 2248/3356/2047
f 2248/3356/2047 2021/3365/2060 2020/3366/2061
f 2248/3356/2047 2020/3366/2061 2019/3367/2050
f 2250/3368/2041 2026/3369/2043 2249/555/176
f 2249/555/176 2026/3369/2043 2025/3370/2044
f 2249/555/176 2025/3370/2044 2024/3371/176
f 2251/3320/2031 2032/3322/2032 2250/3368/2041
f 2250/3368/2041 2032/3322/2032 2031/3372/2033
f 2250/3368/2041 2031/3372/2033 2030/3373/2036
f 1971/3374/2044 2039/3375/2044 1972/3333/2040
f 1972/3333/2040 2039/3375/2044 2038/3376/2043
f 1972/3333/2040 2038/3376/2043 2037/3331/2039
f 2039/3375/2044 1971/3374/2044 2008/3377/176
f 2008/3377/176 1971/3374/2044 1970/3378/176
f 2008/3377/176 1970/3378/176 2009/3379/2045
f 2009/3379/2045 1970/3378/176 1969/3380/2045
f 2009/3379/2045 1969/3380/2045 2010/3381/2046
f 2010/3381/2046 1969/3380/2045 1968/3382/2062
f 2010/3381/2046 1968/3382/2062 1967/3383/2060
f 1966/3384/2049 2012/3385/2049 1967/3383/2060
f 1967/3383/2060 2012/3385/2049 2011/3386/2060
f 1967/3383/2060 2011/3386/2060 2010/3381/2046
f 2012/3385/2049 1966/3384/2049 2013/3387/2050
f 2013/3387/2050 1966/3384/2049 1965/3388/2050
f 2013/3387/2050 1965/3388/2050 2014/3389/2063
f 2014/3389/2063 1965/3388/2050 1964/3390/2063
f 2014/3389/2063 1964/3390/2063 2015/3391/2052
f 2015/3391/2052 1964/3390/2063 1963/3392/2052
f 2015/3391/2052 1963/3392/2052 2016/3354/2053
f 2016/3354/2053 1963/3392/2052 1962/3352/2053
f 2030/3373/2036 2029/3393/2037 2250/3368/2041
f 2250/3368/2041 2029/3393/2037 2028/3394/2064
f 2250/3368/2041 2028/3394/2064 2027/3395/2042
f 2027/3395/2042 2026/3369/2043 2250/3368/2041
f 2024/3371/176 2023/3396/2045 2249/555/176
f 2249/555/176 2023/3396/2045 2022/3397/2046
f 2249/555/176 2022/3397/2046 2021/3365/2060
f 2019/3367/2050 2018/3398/2063 2248/3356/2047
f 2248/3356/2047 2018/3398/2063 2017/3399/2052
f 2248/3356/2047 2017/3399/2052 2016/3354/2053
f 2223/3400/87 2222/3401/87 2166/3402/87
f 2166/3402/87 2222/3401/87 2254/3403/87
f 2166/3402/87 2254/3403/87 2244/3404/87
f 2244/3404/87 2254/3403/87 2245/3405/87
f 2245/3405/87 2254/3403/87 2253/3406/87
f 2245/3405/87 2253/3406/87 2246/3407/87
f 2246/3407/87 2253/3406/87 2252/3408/87
f 2246/3407/87 2252/3408/87 2247/3409/87
f 2247/3409/87 2252/3408/87 2251/3410/87
f 2247/3409/87 2251/3410/87 2248/3411/87
f 2248/3411/87 2251/3410/87 2250/3412/87
f 2248/3411/87 2250/3412/87 2249/1317/87
f 2166/3402/87 2244/3404/87 2167/3413/87
f 2167/3413/87 2244/3404/87 2243/3414/87
f 2167/3413/87 2243/3414/87 2242/3415/87
f 2224/3416/143 2255/3417/2065 2225/3418/143
f 2225/3418/143 2255/3417/2065 2258/3419/2065
f 2258/3419/2065 2255/3417/2065 2256/3420/2066
f 2258/3419/2065 2256/3420/2066 2257/3421/2066
f 2257/3421/2066 2256/3420/2066 1953/3422/1991
f 2257/3421/2066 1953/3422/1991 2165/3423/1991
f 1918/3424/2026 2259/3425/2067 2130/3426/2026
f 2130/3426/2026 2259/3425/2067 2262/3427/2067
f 2262/3427/2067 2259/3425/2067 2260/3428/2068
f 2262/3427/2067 2260/3428/2068 2261/3429/2068
f 2261/3429/2068 2260/3428/2068 2241/3430/170
f 2261/3429/2068 2241/3430/170 2240/3431/170
f 2166/3432/2069 2175/3433/2069 2223/3434/2069
f 2223/3434/2069 2175/3433/2069 2224/3435/2069
f 2175/3436/2069 2174/3437/2070 2224/3438/2069
f 2224/3438/2069 2174/3437/2070 2255/3439/2071
f 2255/3439/2071 2174/3437/2070 2173/3440/2072
f 2255/3439/2071 2173/3440/2072 2256/3441/2073
f 2256/3441/2073 2173/3440/2072 2172/3442/2074
f 2256/3441/2073 2172/3442/2074 1953/3443/1882
f 1953/3443/1882 2172/3442/2074 1882/3444/1880
f 1917/3445/1916 2171/3446/2075 1918/3447/1916
f 1918/3447/1916 2171/3446/2075 2259/3448/2076
f 2259/3448/2076 2171/3446/2075 2170/3449/2077
f 2259/3448/2076 2170/3449/2077 2260/3450/2078
f 2260/3450/2078 2170/3449/2077 2169/3451/2079
f 2260/3450/2078 2169/3451/2079 2241/3452/2080
f 2241/3452/2080 2169/3451/2079 2168/3453/2080
f 2242/3454/2080 2241/3455/2080 2167/3456/2080
f 2167/3456/2080 2241/3455/2080 2168/3457/2080
f 2176/3458/1821 2220/3459/1821 2227/3286/1821
f 2227/3286/1821 2220/3459/1821 2240/3460/1821
f 2220/3461/1821 2219/3462/2081 2240/3463/1821
f 2240/3463/1821 2219/3462/2081 2261/3464/2082
f 2261/3464/2082 2219/3462/2081 2218/3465/2083
f 2261/3464/2082 2218/3465/2083 2262/3466/2084
f 2262/3466/2084 2218/3465/2083 2217/3467/2085
f 2262/3466/2084 2217/3467/2085 2130/3468/2086
f 2130/3468/2086 2217/3467/2085 2216/3469/2086
f 2130/3470/2086 2216/3471/2086 2131/3472/2087
f 2131/3472/2087 2216/3471/2086 2215/3473/2088
f 2131/3472/2087 2215/3473/2088 2132/3474/2089
f 2132/3474/2089 2215/3473/2088 2214/3475/2090
f 2132/3474/2089 2214/3475/2090 2133/3476/2091
f 2133/3476/2091 2214/3475/2090 2213/3477/2092
f 2133/3476/2091 2213/3477/2092 2134/3478/2093
f 2134/3478/2093 2213/3477/2092 2212/3479/2094
f 2134/3478/2093 2212/3479/2094 2135/3480/2095
f 2135/3480/2095 2212/3479/2094 2211/3481/2096
f 2135/3480/2095 2211/3481/2096 2136/3482/2097
f 2136/3482/2097 2211/3481/2096 2210/3483/2098
f 2136/3482/2097 2210/3483/2098 2137/3484/2099
f 2137/3484/2099 2210/3483/2098 2209/3485/2100
f 2137/3484/2099 2209/3485/2100 2138/3486/2101
f 2138/3486/2101 2209/3485/2100 2208/3487/2102
f 2138/3486/2101 2208/3487/2102 2139/3488/2103
f 2139/3488/2103 2208/3487/2102 2207/3489/2104
f 2139/3488/2103 2207/3489/2104 2140/3490/2105
f 2140/3490/2105 2207/3489/2104 2206/3491/2106
f 2140/3490/2105 2206/3491/2106 2141/3492/2107
f 2141/3492/2107 2206/3491/2106 2205/3493/2108
f 2141/3492/2107 2205/3493/2108 2142/3494/2109
f 2142/3494/2109 2205/3493/2108 2204/3495/2110
f 2142/3494/2109 2204/3495/2110 2143/3496/2111
f 2143/3496/2111 2204/3495/2110 2203/3497/2112
f 2143/3496/2111 2203/3497/2112 2144/3498/2113
f 2144/3498/2113 2203/3497/2112 2202/3499/1837
f 2144/3498/2113 2202/3499/1837 2145/3500/2114
f 2145/3500/2114 2202/3499/1837 2201/3501/2115
f 2145/3500/2114 2201/3501/2115 2146/3502/2116
f 2146/3502/2116 2201/3501/2115 2200/3503/2117
f 2146/3502/2116 2200/3503/2117 2147/3504/2118
f 2147/3504/2118 2200/3503/2117 2199/3505/2119
f 2147/3504/2118 2199/3505/2119 2148/3506/2120
f 2148/3507/2120 2199/3508/2119 2198/3509/2121
f 2148/3507/2120 2198/3509/2121 2149/3510/2122
f 2149/3510/2122 2198/3509/2121 2197/3511/2123
f 2149/3510/2122 2197/3511/2123 2150/3512/2124
f 2150/3512/2124 2197/3511/2123 2196/3513/2125
f 2150/3512/2124 2196/3513/2125 2151/3514/2126
f 2151/3514/2126 2196/3513/2125 2195/3515/2127
f 2151/3514/2126 2195/3515/2127 2152/3516/2128
f 2152/3516/2128 2195/3515/2127 2194/3517/2129
f 2152/3516/2128 2194/3517/2129 2153/3518/2130
f 2153/3518/2130 2194/3517/2129 2193/3519/2131
f 2153/3518/2130 2193/3519/2131 2154/3520/2132
f 2154/3520/2132 2193/3519/2131 2192/3521/2133
f 2154/3520/2132 2192/3521/2133 2155/3522/2134
f 2155/3522/2134 2192/3521/2133 2191/3523/2135
f 2155/3522/2134 2191/3523/2135 2156/3524/2136
f 2156/3524/2136 2191/3523/2135 2190/3525/2137
f 2156/3524/2136 2190/3525/2137 2157/3526/2138
f 2157/3526/2138 2190/3525/2137 2189/3527/2139
f 2157/3526/2138 2189/3527/2139 2158/3528/2140
f 2158/3528/2140 2189/3527/2139 2188/3529/2141
f 2158/3528/2140 2188/3529/2141 2159/3530/2142
f 2159/3530/2142 2188/3529/2141 2187/3531/2143
f 2159/3530/2142 2187/3531/2143 2160/3532/2144
f 2160/3532/2144 2187/3531/2143 2186/3533/2145
f 2160/3532/2144 2186/3533/2145 2161/3534/2146
f 2161/3534/2146 2186/3533/2145 2185/3535/2147
f 2161/3534/2146 2185/3535/2147 2162/3536/2148
f 2162/3536/2148 2185/3535/2147 2184/3537/2149
f 2162/3536/2148 2184/3537/2149 2163/3538/2150
f 2163/3538/2150 2184/3537/2149 2183/3539/2151
f 2163/3538/2150 2183/3539/2151 2164/3540/2152
f 2164/3540/2152 2183/3539/2151 2182/3541/2153
f 2164/3540/2152 2182/3541/2153 2165/3542/2153
f 2182/3543/2153 2181/3544/2154 2165/3545/2153
f 2165/3545/2153 2181/3544/2154 2257/3546/2155
f 2257/3546/2155 2181/3544/2154 2180/3547/2156
f 2257/3546/2155 2180/3547/2156 2258/3548/2157
f 2258/3548/2157 2180/3547/2156 2179/3549/2158
f 2258/3548/2157 2179/3549/2158 2225/3550/1863
f 2225/3550/1863 2179/3549/2158 2178/2928/1863
f 2178/3551/1863 2177/3552/1863 2225/3553/1863
f 2225/3553/1863 2177/3552/1863 2226/3309/1863
f 2264/3554/2159 2353/3555/2160 2263/2/2161
f 2263/2/2161 2353/3555/2160 2308/3556/2161
f 2263/2/2161 2308/3556/2161 2309/3557/2162
f 2353/3555/2160 2264/3554/2159 2352/3558/2163
f 2352/3558/2163 2264/3554/2159 2265/3559/2164
f 2352/3558/2163 2265/3559/2164 2351/3560/2165
f 2351/3560/2165 2265/3559/2164 2266/3561/2166
f 2351/3560/2165 2266/3561/2166 2350/3562/2167
f 2350/3562/2167 2266/3561/2166 2267/3563/2168
f 2350/3562/2167 2267/3563/2168 2349/3564/2169
f 2349/3564/2169 2267/3563/2168 2268/3565/2170
f 2349/3564/2169 2268/3565/2170 2348/3566/2171
f 2348/3566/2171 2268/3565/2170 2269/3567/2172
f 2348/3566/2171 2269/3567/2172 2347/3568/2173
f 2347/3568/2173 2269/3567/2172 2270/3569/2174
f 2347/3568/2173 2270/3569/2174 2346/3570/2175
f 2346/3570/2175 2270/3569/2174 2271/3571/2176
f 2346/3570/2175 2271/3571/2176 2345/3572/2177
f 2345/3572/2177 2271/3571/2176 2272/3573/2178
f 2345/3572/2177 2272/3573/2178 2344/3574/2179
f 2344/3574/2179 2272/3573/2178 2273/3575/2180
f 2344/3574/2179 2273/3575/2180 2343/3576/2181
f 2343/3576/2181 2273/3575/2180 2274/3577/2182
f 2343/3576/2181 2274/3577/2182 2342/3578/2183
f 2342/3578/2183 2274/3577/2182 2275/3579/2184
f 2342/3578/2183 2275/3579/2184 2341/3580/2185
f 2341/3580/2185 2275/3579/2184 2276/3581/2186
f 2341/3580/2185 2276/3581/2186 2340/3582/2187
f 2340/3582/2187 2276/3581/2186 2277/3583/2188
f 2340/3582/2187 2277/3583/2188 2339/3584/2189
f 2339/3584/2189 2277/3583/2188 2278/3585/2190
f 2339/3584/2189 2278/3585/2190 2338/3586/2191
f 2338/3586/2191 2278/3585/2190 2279/3587/2192
f 2338/3586/2191 2279/3587/2192 2337/3588/2193
f 2337/3588/2193 2279/3587/2192 2280/3589/2194
f 2337/3588/2193 2280/3589/2194 2336/3590/2195
f 2336/3590/2195 2280/3589/2194 2281/3591/2196
f 2336/3590/2195 2281/3591/2196 2335/3592/2197
f 2335/3592/2197 2281/3591/2196 2282/3593/2198
f 2335/3592/2197 2282/3593/2198 2334/3594/2199
f 2334/3594/2199 2282/3593/2198 2283/3595/2200
f 2334/3594/2199 2283/3595/2200 2333/3596/2201
f 2333/3596/2201 2283/3595/2200 2284/3597/2202
f 2333/3596/2201 2284/3597/2202 2332/3598/2203
f 2332/3598/2203 2284/3597/2202 2285/3599/2204
f 2332/3598/2203 2285/3599/2204 2331/3600/2069
f 2331/3601/2069 2285/3602/2204 2286/3603/2205
f 2331/3601/2069 2286/3603/2205 2330/3604/2206
f 2330/3604/2206 2286/3603/2205 2287/3605/2207
f 2330/3604/2206 2287/3605/2207 2329/3606/2208
f 2329/3606/2208 2287/3605/2207 2288/3607/2209
f 2329/3606/2208 2288/3607/2209 2328/3608/2210
f 2328/3608/2210 2288/3607/2209 2289/3609/2211
f 2328/3608/2210 2289/3609/2211 2327/3610/2212
f 2327/3610/2212 2289/3609/2211 2290/3611/2213
f 2327/3610/2212 2290/3611/2213 2326/3612/2214
f 2326/3612/2214 2290/3611/2213 2291/3613/2215
f 2326/3612/2214 2291/3613/2215 2325/3614/2216
f 2325/3614/2216 2291/3613/2215 2292/3615/2217
f 2325/3614/2216 2292/3615/2217 2324/3616/2218
f 2324/3616/2218 2292/3615/2217 2293/3617/2219
f 2324/3616/2218 2293/3617/2219 2323/3618/2220
f 2323/3618/2220 2293/3617/2219 2294/3619/2221
f 2323/3618/2220 2294/3619/2221 2322/3620/2222
f 2322/3620/2222 2294/3619/2221 2295/3621/2223
f 2322/3620/2222 2295/3621/2223 2321/3622/2224
f 2321/3622/2224 2295/3621/2223 2296/3623/2225
f 2321/3622/2224 2296/3623/2225 2320/3624/2226
f 2320/3624/2226 2296/3623/2225 2297/3625/2227
f 2320/3624/2226 2297/3625/2227 2319/3626/2228
f 2319/3626/2228 2297/3625/2227 2298/3627/2229
f 2319/3626/2228 2298/3627/2229 2318/3628/2230
f 2318/3628/2230 2298/3627/2229 2299/3629/2231
f 2318/3628/2230 2299/3629/2231 2317/3630/2232
f 2317/3630/2232 2299/3629/2231 2300/3631/2233
f 2317/3630/2232 2300/3631/2233 2316/3632/2234
f 2316/3632/2234 2300/3631/2233 2301/3633/2235
f 2316/3632/2234 2301/3633/2235 2315/3634/2236
f 2315/3634/2236 2301/3633/2235 2302/3635/2237
f 2315/3634/2236 2302/3635/2237 2314/3636/2238
f 2314/3636/2238 2302/3635/2237 2303/3637/2239
f 2314/3636/2238 2303/3637/2239 2313/3638/2240
f 2313/3638/2240 2303/3637/2239 2304/3639/2241
f 2313/3638/2240 2304/3639/2241 2312/3640/2242
f 2312/3640/2242 2304/3639/2241 2305/3641/2243
f 2312/3640/2242 2305/3641/2243 2311/3642/2244
f 2311/3642/2244 2305/3641/2243 2306/3643/2245
f 2311/3642/2244 2306/3643/2245 2310/3644/2246
f 2310/3644/2246 2306/3643/2245 2307/3645/2247
f 2310/3644/2246 2307/3645/2247 2309/3557/2162
f 2309/3557/2162 2307/3645/2247 2263/2/2161
f 2355/3554/2248 2444/3555/2249 2354/2/2250
f 2354/2/2250 2444/3555/2249 2399/3556/2080
f 2354/2/2250 2399/3556/2080 2400/3557/2251
f 2444/3555/2249 2355/3554/2248 2443/3558/2252
f 2443/3558/2252 2355/3554/2248 2356/3559/2253
f 2443/3558/2252 2356/3559/2253 2442/3560/2254
f 2442/3560/2254 2356/3559/2253 2357/3561/2255
f 2442/3560/2254 2357/3561/2255 2441/3562/2256
f 2441/3562/2256 2357/3561/2255 2358/3563/2257
f 2441/3562/2256 2358/3563/2257 2440/3564/2258
f 2440/3564/2258 2358/3563/2257 2359/3565/2259
f 2440/3564/2258 2359/3565/2259 2439/3566/2260
f 2439/3566/2260 2359/3565/2259 2360/3567/2261
f 2439/3566/2260 2360/3567/2261 2438/3568/2262
f 2438/3568/2262 2360/3567/2261 2361/3569/2263
f 2438/3568/2262 2361/3569/2263 2437/3570/2264
f 2437/3570/2264 2361/3569/2263 2362/3571/2265
f 2437/3570/2264 2362/3571/2265 2436/3572/2266
f 2436/3572/2266 2362/3571/2265 2363/3573/2267
f 2436/3572/2266 2363/3573/2267 2435/3574/2268
f 2435/3574/2268 2363/3573/2267 2364/3575/2269
f 2435/3574/2268 2364/3575/2269 2434/3576/2270
f 2434/3576/2270 2364/3575/2269 2365/3577/2271
f 2434/3576/2270 2365/3577/2271 2433/3578/2272
f 2433/3578/2272 2365/3577/2271 2366/3579/2273
f 2433/3578/2272 2366/3579/2273 2432/3580/2274
f 2432/3580/2274 2366/3579/2273 2367/3581/2275
f 2432/3580/2274 2367/3581/2275 2431/3582/2276
f 2431/3582/2276 2367/3581/2275 2368/3583/2277
f 2431/3582/2276 2368/3583/2277 2430/3584/2278
f 2430/3584/2278 2368/3583/2277 2369/3585/2279
f 2430/3584/2278 2369/3585/2279 2429/3586/2280
f 2429/3586/2280 2369/3585/2279 2370/3587/2281
f 2429/3586/2280 2370/3587/2281 2428/3588/2282
f 2428/3588/2282 2370/3587/2281 2371/3589/2283
f 2428/3588/2282 2371/3589/2283 2427/3590/2284
f 2427/3590/2284 2371/3589/2283 2372/3591/2285
f 2427/3590/2284 2372/3591/2285 2426/3592/2286
f 2426/3592/2286 2372/3591/2285 2373/3593/2287
f 2426/3592/2286 2373/3593/2287 2425/3594/2288
f 2425/3594/2288 2373/3593/2287 2374/3595/2289
f 2425/3594/2288 2374/3595/2289 2424/3596/2290
f 2424/3596/2290 2374/3595/2289 2375/3597/2291
f 2424/3596/2290 2375/3597/2291 2423/3598/2292
f 2423/3598/2292 2375/3597/2291 2376/3599/2293
f 2423/3598/2292 2376/3599/2293 2422/3600/2294
f 2422/3601/2294 2376/3602/2293 2377/3603/2295
f 2422/3601/2294 2377/3603/2295 2421/3604/2296
f 2421/3604/2296 2377/3603/2295 2378/3605/2297
f 2421/3604/2296 2378/3605/2297 2420/3606/2298
f 2420/3606/2298 2378/3605/2297 2379/3607/2299
f 2420/3606/2298 2379/3607/2299 2419/3608/2300
f 2419/3608/2300 2379/3607/2299 2380/3609/2301
f 2419/3608/2300 2380/3609/2301 2418/3610/2302
f 2418/3610/2302 2380/3609/2301 2381/3611/2303
f 2418/3610/2302 2381/3611/2303 2417/3612/2304
f 2417/3612/2304 2381/3611/2303 2382/3613/2305
f 2417/3612/2304 2382/3613/2305 2416/3614/2306
f 2416/3614/2306 2382/3613/2305 2383/3615/2307
f 2416/3614/2306 2383/3615/2307 2415/3616/2308
f 2415/3616/2308 2383/3615/2307 2384/3617/2309
f 2415/3616/2308 2384/3617/2309 2414/3618/2310
f 2414/3618/2310 2384/3617/2309 2385/3619/2311
f 2414/3618/2310 2385/3619/2311 2413/3620/2312
f 2413/3620/2312 2385/3619/2311 2386/3621/2313
f 2413/3620/2312 2386/3621/2313 2412/3622/2314
f 2412/3622/2314 2386/3621/2313 2387/3623/2315
f 2412/3622/2314 2387/3623/2315 2411/3624/2316
f 2411/3624/2316 2387/3623/2315 2388/3625/2317
f 2411/3624/2316 2388/3625/2317 2410/3626/2318
f 2410/3626/2318 2388/3625/2317 2389/3627/2319
f 2410/3626/2318 2389/3627/2319 2409/3628/2320
f 2409/3628/2320 2389/3627/2319 2390/3629/2321
f 2409/3628/2320 2390/3629/2321 2408/3630/2322
f 2408/3630/2322 2390/3629/2321 2391/3631/2323
f 2408/3630/2322 2391/3631/2323 2407/3632/2324
f 2407/3632/2324 2391/3631/2323 2392/3633/2325
f 2407/3632/2324 2392/3633/2325 2406/3634/2326
f 2406/3634/2326 2392/3633/2325 2393/3635/2327
f 2406/3634/2326 2393/3635/2327 2405/3636/2328
f 2405/3636/2328 2393/3635/2327 2394/3637/2329
f 2405/3636/2328 2394/3637/2329 2404/3638/2330
f 2404/3638/2330 2394/3637/2329 2395/3639/2331
f 2404/3638/2330 2395/3639/2331 2403/3640/2332
f 2403/3640/2332 2395/3639/2331 2396/3641/2333
f 2403/3640/2332 2396/3641/2333 2402/3642/2334
f 2402/3642/2334 2396/3641/2333 2397/3643/2335
f 2402/3642/2334 2397/3643/2335 2401/3644/2336
f 2401/3644/2336 2397/3643/2335 2398/3645/2337
f 2401/3644/2336 2398/3645/2337 2400/3557/2251
f 2400/3557/2251 2398/3645/2337 2354/2/2250
f 2476/3646/2338 2445/3647/176 2488/3648/176
f 2488/3649/176 2445/3650/176 2446/3651/2339
f 2488/3649/176 2446/3651/2339 2487/3652/2340
f 2487/3652/2340 2446/3651/2339 2447/3653/174
f 2487/3652/2340 2447/3653/174 2486/3654/2341
f 2486/3654/2341 2447/3653/174 2448/3655/2342
f 2486/3654/2341 2448/3655/2342 2449/2848/173
f 2486/3654/2341 2449/2848/173 2485/3656/2343
f 2485/3656/2343 2449/2848/173 2450/3657/2344
f 2485/3656/2343 2450/3657/2344 2484/3658/2345
f 2484/3658/2345 2450/3657/2344 2451/3659/198
f 2484/3658/2345 2451/3659/198 2452/3660/2346
f 2484/3658/2345 2452/3660/2346 2483/3661/2347
f 2483/3661/2347 2452/3660/2346 2453/3662/25
f 2483/3661/2347 2453/3662/25 2482/3663/2348
f 2482/3663/2348 2453/3662/25 2454/3664/2349
f 2482/3663/2348 2454/3664/2349 2481/3665/2350
f 2481/3665/2350 2454/3664/2349 2455/3666/189
f 2481/3665/2350 2455/3666/189 2456/3667/2351
f 2481/3665/2350 2456/3667/2351 2480/3668/2352
f 2480/3668/2352 2456/3667/2351 2457/3669/188
f 2480/3668/2352 2457/3669/188 2479/3670/2353
f 2479/3670/2353 2457/3669/188 2458/3671/2354
f 2479/3670/2353 2458/3671/2354 2459/3672/187
f 2479/3670/2353 2459/3672/187 2478/3673/2355
f 2478/3673/2355 2459/3672/187 2460/3674/2356
f 2478/3673/2355 2460/3674/2356 2477/3675/185
f 2477/3675/185 2460/3674/2356 2461/3676/185
f 2477/3675/185 2461/3676/185 2462/3677/2357
f 2477/3675/185 2462/3677/2357 2498/3678/2358
f 2498/3678/2358 2462/3677/2357 2463/3679/184
f 2498/3678/2358 2463/3679/184 2497/3680/2359
f 2497/3680/2359 2463/3679/184 2464/3681/2360
f 2497/3680/2359 2464/3681/2360 2465/3682/182
f 2497/3680/2359 2465/3682/182 2496/3683/2361
f 2496/3683/2361 2465/3682/182 2466/3684/2362
f 2496/3683/2361 2466/3684/2362 2495/3685/2363
f 2495/3685/2363 2466/3684/2362 2467/3686/2364
f 2495/3685/2363 2467/3686/2364 2468/3687/2365
f 2495/3685/2363 2468/3687/2365 2494/3688/2366
f 2494/3688/2366 2468/3687/2365 2469/3689/2367
f 2494/3688/2366 2469/3689/2367 2493/3690/2368
f 2493/3690/2368 2469/3689/2367 2470/3691/2369
f 2493/3690/2368 2470/3691/2369 2492/3692/2370
f 2492/3692/2370 2470/3691/2369 2471/3693/195
f 2492/3692/2370 2471/3693/195 2472/3694/2371
f 2492/3692/2370 2472/3694/2371 2491/3695/2372
f 2491/3695/2372 2472/3694/2371 2473/2888/178
f 2491/3695/2372 2473/2888/178 2490/3696/2373
f 2490/3696/2373 2473/2888/178 2474/3697/2374
f 2490/3696/2373 2474/3697/2374 2475/3698/177
f 2490/3696/2373 2475/3698/177 2489/3699/2375
f 2489/3699/2375 2475/3698/177 2476/3646/2338
f 2489/3699/2375 2476/3646/2338 2488/3648/176
f 2530/3646/2338 2499/3647/176 2542/3648/176
f 2542/3649/176 2499/3650/176 2500/3651/2339
f 2542/3649/176 2500/3651/2339 2541/3652/2340
f 2541/3652/2340 2500/3651/2339 2501/3653/2376
f 2541/3652/2340 2501/3653/2376 2540/3654/2341
f 2540/3654/2341 2501/3653/2376 2502/3655/2377
f 2540/3654/2341 2502/3655/2377 2503/2848/173
f 2540/3654/2341 2503/2848/173 2539/3656/2343
f 2539/3656/2343 2503/2848/173 2504/3657/2344
f 2539/3656/2343 2504/3657/2344 2538/3658/2345
f 2538/3658/2345 2504/3657/2344 2505/3659/198
f 2538/3658/2345 2505/3659/198 2506/3660/2378
f 2538/3658/2345 2506/3660/2378 2537/3661/2347
f 2537/3661/2347 2506/3660/2378 2507/3662/25
f 2537/3661/2347 2507/3662/25 2536/3663/2348
f 2536/3663/2348 2507/3662/25 2508/3664/2379
f 2536/3663/2348 2508/3664/2379 2535/3665/2380
f 2535/3665/2380 2508/3664/2379 2509/3666/189
f 2535/3665/2380 2509/3666/189 2510/3667/2351
f 2535/3665/2380 2510/3667/2351 2534/3668/2352
f 2534/3668/2352 2510/3667/2351 2511/3669/188
f 2534/3668/2352 2511/3669/188 2533/3670/2353
f 2533/3670/2353 2511/3669/188 2512/3671/2381
f 2533/3670/2353 2512/3671/2381 2513/3672/2382
f 2533/3670/2353 2513/3672/2382 2532/3673/2355
f 2532/3673/2355 2513/3672/2382 2514/3674/2356
f 2532/3673/2355 2514/3674/2356 2531/3675/185
f 2531/3675/185 2514/3674/2356 2515/3676/185
f 2531/3675/185 2515/3676/185 2516/3677/2357
f 2531/3675/185 2516/3677/2357 2552/3678/2383
f 2552/3678/2383 2516/3677/2357 2517/3679/2384
f 2552/3678/2383 2517/3679/2384 2551/3680/2359
f 2551/3680/2359 2517/3679/2384 2518/3681/2360
f 2551/3680/2359 2518/3681/2360 2519/3682/182
f 2551/3680/2359 2519/3682/182 2550/3683/2361
f 2550/3683/2361 2519/3682/182 2520/3684/2362
f 2550/3683/2361 2520/3684/2362 2549/3685/2363
f 2549/3685/2363 2520/3684/2362 2521/3686/2364
f 2549/3685/2363 2521/3686/2364 2522/3687/2385
f 2549/3685/2363 2522/3687/2385 2548/3688/2366
f 2548/3688/2366 2522/3687/2385 2523/3689/2386
f 2548/3688/2366 2523/3689/2386 2547/3690/2368
f 2547/3690/2368 2523/3689/2386 2524/3691/2387
f 2547/3690/2368 2524/3691/2387 2546/3692/2370
f 2546/3692/2370 2524/3691/2387 2525/3693/195
f 2546/3692/2370 2525/3693/195 2526/3694/2371
f 2546/3692/2370 2526/3694/2371 2545/3695/2372
f 2545/3695/2372 2526/3694/2371 2527/2888/178
f 2545/3695/2372 2527/2888/178 2544/3696/2373
f 2544/3696/2373 2527/2888/178 2528/3697/2374
f 2544/3696/2373 2528/3697/2374 2529/3698/2388
f 2544/3696/2373 2529/3698/2388 2543/3699/2389
f 2543/3699/2389 2529/3698/2388 2530/3646/2338
f 2543/3699/2389 2530/3646/2338 2542/3648/176
f 2398/3700/2390 2286/3701/2391 2354/3702/176
f 2354/3703/176 2286/3704/2391 2285/3705/2392
f 2354/3703/176 2285/3705/2392 2355/3706/2393
f 2355/3706/2393 2285/3705/2392 2284/3707/2394
f 2355/3706/2393 2284/3707/2394 2356/3708/2395
f 2356/3708/2395 2284/3707/2394 2283/3709/2396
f 2356/3708/2395 2283/3709/2396 2357/3710/2397
f 2357/3710/2397 2283/3709/2396 2282/3711/2398
f 2357/3710/2397 2282/3711/2398 2358/3712/2399
f 2358/3712/2399 2282/3711/2398 2281/3713/2400
f 2358/3712/2399 2281/3713/2400 2359/3714/2401
f 2359/3714/2401 2281/3713/2400 2280/3715/2402
f 2359/3714/2401 2280/3715/2402 2360/3716/2403
f 2360/3716/2403 2280/3715/2402 2279/3717/2404
f 2360/3716/2403 2279/3717/2404 2361/3718/2405
f 2361/3718/2405 2279/3717/2404 2278/3719/2406
f 2361/3718/2405 2278/3719/2406 2362/3720/2407
f 2362/3720/2407 2278/3719/2406 2277/3721/2408
f 2362/3720/2407 2277/3721/2408 2363/3722/2409
f 2363/3722/2409 2277/3721/2408 2276/3723/2410
f 2363/3722/2409 2276/3723/2410 2364/3724/2411
f 2364/3724/2411 2276/3723/2410 2275/3725/2412
f 2364/3724/2411 2275/3725/2412 2365/3726/2413
f 2365/3726/2413 2275/3725/2412 2274/3727/2414
f 2365/3726/2413 2274/3727/2414 2366/3728/2415
f 2366/3728/2415 2274/3727/2414 2273/3729/2416
f 2366/3728/2415 2273/3729/2416 2367/3730/2417
f 2367/3730/2417 2273/3729/2416 2272/3731/2418
f 2367/3730/2417 2272/3731/2418 2368/3732/2419
f 2368/3732/2419 2272/3731/2418 2271/3733/2420
f 2368/3732/2419 2271/3733/2420 2369/3734/2421
f 2369/3734/2421 2271/3733/2420 2270/3735/2422
f 2369/3734/2421 2270/3735/2422 2370/3736/2423
f 2370/3736/2423 2270/3735/2422 2269/3737/2424
f 2370/3736/2423 2269/3737/2424 2371/3738/2425
f 2371/3738/2425 2269/3737/2424 2268/3739/2426
f 2371/3738/2425 2268/3739/2426 2372/3740/2427
f 2372/3740/2427 2268/3739/2426 2267/3741/2428
f 2372/3740/2427 2267/3741/2428 2373/3742/1842
f 2373/3742/1842 2267/3741/2428 2266/3743/2429
f 2373/3742/1842 2266/3743/2429 2374/3744/2430
f 2374/3744/2430 2266/3743/2429 2265/3745/2431
f 2374/3744/2430 2265/3745/2431 2375/3746/2432
f 2375/3746/2432 2265/3745/2431 2264/3747/2433
f 2375/3746/2432 2264/3747/2433 2376/3748/2434
f 2376/3748/2434 2264/3747/2433 2263/3749/185
f 2376/3748/2434 2263/3749/185 2377/3750/2435
f 2377/3750/2435 2263/3749/185 2307/3751/2436
f 2377/3750/2435 2307/3751/2436 2378/3752/2437
f 2378/3752/2437 2307/3751/2436 2306/3753/2438
f 2378/3752/2437 2306/3753/2438 2379/3754/2439
f 2379/3754/2439 2306/3753/2438 2305/3755/2440
f 2379/3754/2439 2305/3755/2440 2380/3756/2441
f 2380/3756/2441 2305/3755/2440 2304/3757/2442
f 2380/3756/2441 2304/3757/2442 2381/3758/2443
f 2381/3758/2443 2304/3757/2442 2303/3759/2444
f 2381/3758/2443 2303/3759/2444 2382/3760/2445
f 2382/3760/2445 2303/3759/2444 2302/3761/2446
f 2382/3760/2445 2302/3761/2446 2383/3762/2447
f 2383/3762/2447 2302/3761/2446 2301/3763/2448
f 2383/3762/2447 2301/3763/2448 2384/3764/2449
f 2384/3764/2449 2301/3763/2448 2300/3765/2450
f 2384/3764/2449 2300/3765/2450 2385/3766/2451
f 2385/3766/2451 2300/3765/2450 2299/3767/2452
f 2385/3766/2451 2299/3767/2452 2386/3768/2453
f 2386/3768/2453 2299/3767/2452 2298/3769/2454
f 2386/3768/2453 2298/3769/2454 2387/3770/2455
f 2387/3770/2455 2298/3769/2454 2297/3771/2456
f 2387/3770/2455 2297/3771/2456 2388/3772/2457
f 2388/3772/2457 2297/3771/2456 2296/3773/2458
f 2388/3772/2457 2296/3773/2458 2389/3774/2459
f 2389/3774/2459 2296/3773/2458 2295/3775/2460
f 2389/3774/2459 2295/3775/2460 2390/3776/2461
f 2390/3776/2461 2295/3775/2460 2294/3777/2462
f 2390/3776/2461 2294/3777/2462 2391/3778/2463
f 2391/3778/2463 2294/3777/2462 2293/3779/2464
f 2391/3778/2463 2293/3779/2464 2392/3780/2465
f 2392/3780/2465 2293/3779/2464 2292/3781/2466
f 2392/3780/2465 2292/3781/2466 2393/3782/2467
f 2393/3782/2467 2292/3781/2466 2291/3783/2468
f 2393/3782/2467 2291/3783/2468 2394/3784/2469
f 2394/3784/2469 2291/3783/2468 2290/3785/2470
f 2394/3784/2469 2290/3785/2470 2395/3786/2471
f 2395/3786/2471 2290/3785/2470 2289/3787/2472
f 2395/3786/2471 2289/3787/2472 2396/3788/2473
f 2396/3788/2473 2289/3787/2472 2288/3789/2474
f 2396/3788/2473 2288/3789/2474 2397/3790/2475
f 2397/3790/2475 2288/3789/2474 2287/3791/2476
f 2397/3790/2475 2287/3791/2476 2398/3700/2390
f 2398/3700/2390 2287/3791/2476 2286/3701/2391
f 2554/3792/87 2555/3793/87 2553/1288/87
f 2553/1288/87 2555/3793/87 2556/3794/87
f 2553/1288/87 2556/3794/87 2557/3795/87
f 2558/3796/87 2564/3797/87 2557/3795/87
f 2557/3795/87 2564/3797/87 2565/3798/87
f 2557/3795/87 2565/3798/87 2569/2/87
f 2569/2/87 2565/3798/87 2566/3799/87
f 2569/2/87 2566/3799/87 2567/3800/87
f 2564/3797/87 2558/3796/87 2563/3801/87
f 2563/3801/87 2558/3796/87 2559/3802/87
f 2563/3801/87 2559/3802/87 2562/3803/2477
f 2562/3803/2477 2559/3802/87 2560/3804/87
f 2562/3803/2477 2560/3804/87 2561/3805/2478
f 2567/3800/87 2568/2070/87 2569/2/87
f 2569/2/87 2553/1288/87 2557/3795/87
f 2568/3806/185 2570/3792/185 2569/3807/185
f 2569/3807/185 2570/3792/185 2572/3808/185
f 2572/3808/185 2570/3792/185 2571/3809/185
f 2554/3810/176 2553/3811/176 2575/3812/176
f 2575/3812/176 2553/3811/176 2573/3813/176
f 2575/3812/176 2573/3813/176 2574/3814/176
f 2572/3815/143 2327/3816/143 2569/3817/143
f 2569/3817/143 2327/3816/143 2326/3818/143
f 2569/3817/143 2326/3818/143 2325/3819/143
f 2576/3820/143 2331/3821/143 2572/3815/143
f 2572/3815/143 2331/3821/143 2330/3822/143
f 2572/3815/143 2330/3822/143 2329/3823/143
f 2331/3821/143 2576/3820/143 2332/3824/143
f 2332/3824/143 2576/3820/143 2577/3825/143
f 2332/3824/143 2577/3825/143 2578/3826/143
f 2332/3824/143 2578/3826/143 2333/3827/143
f 2333/3827/143 2578/3826/143 2579/3828/143
f 2333/3827/143 2579/3828/143 2580/3829/143
f 2333/3827/143 2580/3829/143 2334/3830/143
f 2334/3830/143 2580/3829/143 2581/3831/143
f 2334/3830/143 2581/3831/143 2335/3832/143
f 2335/3832/143 2581/3831/143 2582/3833/143
f 2335/3832/143 2582/3833/143 2336/3834/143
f 2336/3834/143 2582/3833/143 2583/3835/143
f 2336/3834/143 2583/3835/143 2337/3836/143
f 2337/3836/143 2583/3835/143 2584/3837/143
f 2337/3836/143 2584/3837/143 2338/3838/143
f 2338/3838/143 2584/3837/143 2585/3839/143
f 2338/3838/143 2585/3839/143 2339/3840/143
f 2339/3840/143 2585/3839/143 2586/3841/143
f 2339/3840/143 2586/3841/143 2340/3842/143
f 2340/3842/143 2586/3841/143 2587/3843/143
f 2340/3842/143 2587/3843/143 2341/3844/143
f 2341/3844/143 2587/3843/143 2588/3845/143
f 2341/3844/143 2588/3845/143 2342/3846/143
f 2342/3846/143 2588/3845/143 2589/3847/143
f 2342/3846/143 2589/3847/143 2343/3848/143
f 2343/3848/143 2589/3847/143 2590/3849/143
f 2343/3848/143 2590/3849/143 2344/3850/143
f 2344/3850/143 2590/3849/143 2591/3851/143
f 2344/3850/143 2591/3851/143 2345/3852/143
f 2345/3852/143 2591/3851/143 2592/3853/143
f 2345/3852/143 2592/3853/143 2346/3854/143
f 2346/3854/143 2592/3853/143 2593/3855/143
f 2346/3854/143 2593/3855/143 2347/3856/143
f 2347/3856/143 2593/3855/143 2594/3857/143
f 2347/3856/143 2594/3857/143 2348/3858/143
f 2348/3858/143 2594/3857/143 2595/3859/143
f 2348/3858/143 2595/3859/143 2349/3860/143
f 2349/3860/143 2595/3859/143 2596/3861/143
f 2349/3860/143 2596/3861/143 2350/3862/143
f 2350/3862/143 2596/3861/143 2597/3863/143
f 2350/3862/143 2597/3863/143 2351/3864/143
f 2351/3864/143 2597/3863/143 2598/3865/143
f 2351/3864/143 2598/3865/143 2352/3866/143
f 2352/3866/143 2598/3865/143 2599/3867/143
f 2352/3866/143 2599/3867/143 2600/3868/143
f 2352/3866/143 2600/3868/143 2353/3869/143
f 2353/3869/143 2600/3868/143 2601/3870/143
f 2353/3869/143 2601/3870/143 2602/3871/143
f 2353/3869/143 2602/3871/143 2308/3872/143
f 2308/3872/143 2602/3871/143 2573/3873/143
f 2308/3872/143 2573/3873/143 2309/3874/143
f 2309/3874/143 2573/3873/143 2310/3875/143
f 2310/3875/143 2573/3873/143 2311/3876/143
f 2311/3876/143 2573/3873/143 2312/3877/143
f 2312/3877/143 2573/3873/143 2553/3878/143
f 2312/3877/143 2553/3878/143 2313/3879/143
f 2313/3879/143 2553/3878/143 2314/3880/143
f 2314/3880/143 2553/3878/143 2531/3881/143
f 2314/3880/143 2531/3881/143 2315/3882/143
f 2315/3882/143 2531/3881/143 2552/3883/143
f 2315/3882/143 2552/3883/143 2316/3884/143
f 2316/3884/143 2552/3883/143 2551/3885/143
f 2316/3884/143 2551/3885/143 2317/3886/143
f 2317/3886/143 2551/3885/143 2550/3887/143
f 2317/3886/143 2550/3887/143 2318/3888/143
f 2318/3888/143 2550/3887/143 2549/3889/143
f 2318/3888/143 2549/3889/143 2319/3890/143
f 2319/3890/143 2549/3889/143 2548/3891/143
f 2319/3890/143 2548/3891/143 2547/3892/143
f 2569/3817/143 2482/3893/143 2553/3878/143
f 2553/3878/143 2482/3893/143 2481/3894/143
f 2553/3878/143 2481/3894/143 2480/3895/143
f 2329/3823/143 2328/3896/143 2572/3815/143
f 2572/3815/143 2328/3896/143 2327/3816/143
f 2569/3817/143 2325/3819/143 2542/3897/143
f 2542/3897/143 2325/3819/143 2324/3898/143
f 2542/3897/143 2324/3898/143 2543/3899/143
f 2543/3899/143 2324/3898/143 2323/3900/143
f 2543/3899/143 2323/3900/143 2544/3901/143
f 2544/3901/143 2323/3900/143 2322/3902/143
f 2544/3901/143 2322/3902/143 2545/3903/143
f 2545/3903/143 2322/3902/143 2321/3904/143
f 2545/3903/143 2321/3904/143 2546/3905/143
f 2546/3905/143 2321/3904/143 2320/3906/143
f 2546/3905/143 2320/3906/143 2547/3892/143
f 2547/3892/143 2320/3906/143 2319/3890/143
f 2478/3907/143 2477/3908/143 2553/3878/143
f 2553/3878/143 2477/3908/143 2498/3909/143
f 2553/3878/143 2498/3909/143 2532/3910/143
f 2532/3910/143 2498/3909/143 2533/3911/143
f 2533/3911/143 2498/3909/143 2497/3912/143
f 2533/3911/143 2497/3912/143 2496/3913/143
f 2533/3911/143 2496/3913/143 2534/3914/143
f 2534/3914/143 2496/3913/143 2495/3915/143
f 2534/3914/143 2495/3915/143 2535/3916/143
f 2535/3916/143 2495/3915/143 2494/3917/143
f 2535/3916/143 2494/3917/143 2536/3918/143
f 2536/3918/143 2494/3917/143 2493/3919/143
f 2536/3918/143 2493/3919/143 2537/3920/143
f 2537/3920/143 2493/3919/143 2538/3921/143
f 2538/3921/143 2493/3919/143 2492/3922/143
f 2538/3921/143 2492/3922/143 2539/3923/143
f 2539/3923/143 2492/3922/143 2491/3924/143
f 2539/3923/143 2491/3924/143 2540/3925/143
f 2540/3925/143 2491/3924/143 2490/3926/143
f 2540/3925/143 2490/3926/143 2489/3927/143
f 2488/3928/143 2569/3817/143 2489/3927/143
f 2489/3927/143 2569/3817/143 2541/3929/143
f 2489/3927/143 2541/3929/143 2540/3925/143
f 2488/3928/143 2487/3930/143 2569/3817/143
f 2569/3817/143 2487/3930/143 2486/3931/143
f 2569/3817/143 2486/3931/143 2485/3932/143
f 2485/3932/143 2484/3933/143 2569/3817/143
f 2569/3817/143 2484/3933/143 2483/3934/143
f 2569/3817/143 2483/3934/143 2482/3893/143
f 2480/3895/143 2479/3935/143 2553/3878/143
f 2553/3878/143 2479/3935/143 2478/3907/143
f 2542/3897/143 2541/3929/143 2569/3817/143
f 2532/3910/143 2531/3881/143 2553/3878/143
f 2570/3936/170 2402/3876/170 2571/3873/170
f 2571/3873/170 2402/3876/170 2401/3875/170
f 2571/3873/170 2401/3875/170 2400/3874/170
f 2575/3937/170 2410/3890/170 2570/3936/170
f 2570/3936/170 2410/3890/170 2409/3888/170
f 2570/3936/170 2409/3888/170 2408/3886/170
f 2574/3815/170 2419/3896/170 2575/3937/170
f 2575/3937/170 2419/3896/170 2418/3816/170
f 2575/3937/170 2418/3816/170 2417/3818/170
f 2603/3820/170 2422/3821/170 2574/3815/170
f 2574/3815/170 2422/3821/170 2421/3822/170
f 2574/3815/170 2421/3822/170 2420/3823/170
f 2422/3821/170 2603/3820/170 2423/3824/170
f 2423/3824/170 2603/3820/170 2604/3825/170
f 2423/3824/170 2604/3825/170 2424/3827/170
f 2424/3827/170 2604/3825/170 2605/3826/170
f 2424/3827/170 2605/3826/170 2425/3830/170
f 2425/3830/170 2605/3826/170 2606/3828/170
f 2425/3830/170 2606/3828/170 2426/3832/170
f 2426/3832/170 2606/3828/170 2607/3829/170
f 2426/3832/170 2607/3829/170 2427/3834/170
f 2427/3834/170 2607/3829/170 2608/3831/170
f 2427/3834/170 2608/3831/170 2609/3833/170
f 2427/3834/170 2609/3833/170 2428/3836/170
f 2428/3836/170 2609/3833/170 2610/3835/170
f 2428/3836/170 2610/3835/170 2429/3838/170
f 2429/3838/170 2610/3835/170 2611/3837/170
f 2429/3838/170 2611/3837/170 2430/3840/170
f 2430/3840/170 2611/3837/170 2612/3839/170
f 2430/3840/170 2612/3839/170 2431/3842/170
f 2431/3842/170 2612/3839/170 2613/3841/170
f 2431/3842/170 2613/3841/170 2614/3843/170
f 2431/3842/170 2614/3843/170 2432/3844/170
f 2432/3844/170 2614/3843/170 2615/3845/170
f 2432/3844/170 2615/3845/170 2433/3846/170
f 2433/3846/170 2615/3845/170 2616/3847/170
f 2433/3846/170 2616/3847/170 2434/3848/170
f 2434/3848/170 2616/3847/170 2617/3849/170
f 2434/3848/170 2617/3849/170 2435/3850/170
f 2435/3850/170 2617/3849/170 2618/3851/170
f 2435/3850/170 2618/3851/170 2436/3852/170
f 2436/3852/170 2618/3851/170 2619/3853/170
f 2436/3852/170 2619/3853/170 2620/3855/170
f 2436/3852/170 2620/3855/170 2437/3854/170
f 2437/3854/170 2620/3855/170 2621/3857/170
f 2437/3854/170 2621/3857/170 2438/3856/170
f 2438/3856/170 2621/3857/170 2622/3859/170
f 2438/3856/170 2622/3859/170 2439/3858/170
f 2439/3858/170 2622/3859/170 2623/3861/170
f 2439/3858/170 2623/3861/170 2440/3860/170
f 2440/3860/170 2623/3861/170 2624/3863/170
f 2440/3860/170 2624/3863/170 2625/3865/170
f 2440/3860/170 2625/3865/170 2441/3862/170
f 2441/3862/170 2625/3865/170 2626/3867/170
f 2441/3862/170 2626/3867/170 2442/3864/170
f 2442/3864/170 2626/3867/170 2627/3868/170
f 2442/3864/170 2627/3868/170 2443/3866/170
f 2443/3866/170 2627/3868/170 2628/3870/170
f 2443/3866/170 2628/3870/170 2444/3869/170
f 2444/3869/170 2628/3870/170 2629/3871/170
f 2444/3869/170 2629/3871/170 2399/3872/170
f 2399/3872/170 2629/3871/170 2571/3873/170
f 2399/3872/170 2571/3873/170 2400/3874/170
f 2420/3823/170 2419/3896/170 2574/3815/170
f 2417/3818/170 2416/3819/170 2575/3937/170
f 2575/3937/170 2416/3819/170 2415/3898/170
f 2575/3937/170 2415/3898/170 2414/3900/170
f 2414/3900/170 2413/3902/170 2575/3937/170
f 2575/3937/170 2413/3902/170 2412/3904/170
f 2575/3937/170 2412/3904/170 2411/3906/170
f 2411/3906/170 2410/3890/170 2575/3937/170
f 2408/3886/170 2407/3884/170 2570/3936/170
f 2570/3936/170 2407/3884/170 2406/3882/170
f 2570/3936/170 2406/3882/170 2405/3880/170
f 2405/3880/170 2404/3879/170 2570/3936/170
f 2570/3936/170 2404/3879/170 2403/3877/170
f 2570/3936/170 2403/3877/170 2402/3876/170
f 2574/3938/176 2573/1041/176 2603/3939/2479
f 2603/3939/2479 2573/1041/176 2602/3940/2479
f 2603/3939/2479 2602/3940/2479 2604/3941/1466
f 2604/3941/1466 2602/3940/2479 2601/3942/1466
f 2604/3941/1466 2601/3942/1466 2605/3943/2480
f 2605/3943/2480 2601/3942/1466 2600/3944/2480
f 2605/3943/2480 2600/3944/2480 2606/3945/1576
f 2606/3945/1576 2600/3944/2480 2599/3946/1576
f 2606/3945/1576 2599/3946/1576 2607/3947/2481
f 2607/3947/2481 2599/3946/1576 2598/3948/2481
f 2607/3947/2481 2598/3948/2481 2608/3949/1470
f 2608/3949/1470 2598/3948/2481 2597/3950/1470
f 2608/3949/1470 2597/3950/1470 2609/3951/173
f 2609/3951/173 2597/3950/1470 2596/3952/173
f 2609/3951/173 2596/3952/173 2610/3953/1472
f 2610/3953/1472 2596/3952/173 2595/3954/1472
f 2610/3953/1472 2595/3954/1472 2611/3955/2482
f 2611/3955/2482 2595/3954/1472 2594/3956/2482
f 2611/3955/2482 2594/3956/2482 2612/3957/1474
f 2612/3957/1474 2594/3956/2482 2593/3958/1474
f 2612/3957/1474 2593/3958/1474 2613/3959/2483
f 2613/3959/2483 2593/3958/1474 2592/3960/2483
f 2613/3959/2483 2592/3960/2483 2614/3961/1476
f 2614/3961/1476 2592/3960/2483 2591/3962/1476
f 2614/3961/1476 2591/3962/1476 2615/3963/2484
f 2615/3963/2484 2591/3962/1476 2590/3964/2484
f 2615/3963/2484 2590/3964/2484 2616/3965/25
f 2616/3965/25 2590/3964/2484 2589/2624/25
f 2616/3965/25 2589/2624/25 2617/3966/2485
f 2617/3966/2485 2589/2624/25 2588/3967/2486
f 2617/3966/2485 2588/3967/2486 2618/3968/2487
f 2618/3968/2487 2588/3967/2486 2587/3969/2487
f 2618/3968/2487 2587/3969/2487 2619/3970/2488
f 2619/3970/2488 2587/3969/2487 2586/3971/2488
f 2619/3970/2488 2586/3971/2488 2620/3972/2489
f 2620/3972/2489 2586/3971/2488 2585/3973/2489
f 2620/3972/2489 2585/3973/2489 2621/3974/2490
f 2621/3974/2490 2585/3973/2489 2584/3975/2490
f 2621/3974/2490 2584/3975/2490 2622/3976/2491
f 2622/3976/2491 2584/3975/2490 2583/3977/2491
f 2622/3976/2491 2583/3977/2491 2623/3978/188
f 2623/3978/188 2583/3977/2491 2582/2644/188
f 2623/3978/188 2582/2644/188 2624/3979/2492
f 2624/3979/2492 2582/2644/188 2581/3980/2492
f 2624/3979/2492 2581/3980/2492 2625/3981/2493
f 2625/3981/2493 2581/3980/2492 2580/3982/2493
f 2625/3981/2493 2580/3982/2493 2626/3983/2494
f 2626/3983/2494 2580/3982/2493 2579/3984/2494
f 2626/3983/2494 2579/3984/2494 2627/3985/2495
f 2627/3985/2495 2579/3984/2494 2578/3986/2495
f 2627/3985/2495 2578/3986/2495 2628/3987/2496
f 2628/3987/2496 2578/3986/2495 2577/3988/2496
f 2628/3987/2496 2577/3988/2496 2629/3989/2497
f 2629/3989/2497 2577/3988/2496 2576/3990/2497
f 2629/3989/2497 2576/3990/2497 2571/2263/185
f 2571/2263/185 2576/3990/2497 2572/2/185
f 2568/3991/2498 2567/3992/2499 2570/3993/2498
f 2570/3993/2498 2567/3992/2499 2642/3994/2499
f 2642/3994/2499 2567/3992/2499 2566/3995/2500
f 2642/3994/2499 2566/3995/2500 2641/3996/2500
f 2641/3996/2500 2566/3995/2500 2565/3997/2501
f 2641/3996/2500 2565/3997/2501 2640/3998/2502
f 2640/3998/2502 2565/3997/2501 2564/3999/2503
f 2640/3998/2502 2564/3999/2503 2639/4000/2503
f 2639/4000/2503 2564/3999/2503 2563/4001/2504
f 2639/4000/2503 2563/4001/2504 2638/4002/2504
f 2638/4002/2504 2563/4001/2504 2562/4003/2505
f 2638/4002/2504 2562/4003/2505 2637/4004/2506
f 2637/4004/2506 2562/4003/2505 2499/2543/2507
f 2637/4004/2506 2499/2543/2507 2530/2614/2508
f 2561/4005/170 2450/2593/2509 2562/4003/2505
f 2562/4003/2505 2450/2593/2509 2449/2594/2510
f 2562/4003/2505 2449/2594/2510 2448/2595/2511
f 2560/4006/2512 2455/2591/2513 2561/4005/170
f 2561/4005/170 2455/2591/2513 2454/2592/2514
f 2561/4005/170 2454/2592/2514 2453/2561/170
f 2559/4007/2515 2635/4008/2512 2560/4006/2512
f 2560/4006/2512 2635/4008/2512 2461/2570/2516
f 2560/4006/2512 2461/2570/2516 2460/2571/2517
f 2635/4008/2512 2559/4007/2515 2634/4009/2515
f 2634/4009/2515 2559/4007/2515 2558/4010/2518
f 2634/4009/2515 2558/4010/2518 2633/4011/2518
f 2633/4011/2518 2558/4010/2518 2557/4012/2519
f 2633/4011/2518 2557/4012/2519 2632/4013/2519
f 2632/4013/2519 2557/4012/2519 2556/4014/2520
f 2632/4013/2519 2556/4014/2520 2631/4015/2520
f 2631/4015/2520 2556/4014/2520 2555/4016/2521
f 2631/4015/2520 2555/4016/2521 2630/4017/2521
f 2630/4017/2521 2555/4016/2521 2554/4018/2522
f 2630/4017/2521 2554/4018/2522 2575/4019/2522
f 2636/427/170 2520/2618/2523 2635/4008/2512
f 2635/4008/2512 2520/2618/2523 2519/2619/2524
f 2635/4008/2512 2519/2619/2524 2518/2580/2525
f 2637/4004/2506 2525/2616/2526 2636/427/170
f 2636/427/170 2525/2616/2526 2524/2617/2527
f 2636/427/170 2524/2617/2527 2523/2584/170
f 2476/2545/2508 2500/2544/2508 2445/2542/2528
f 2445/2542/2528 2500/2544/2508 2499/2543/2507
f 2445/2542/2528 2499/2543/2507 2562/4003/2505
f 2500/2544/2508 2476/2545/2508 2501/2546/2529
f 2501/2546/2529 2476/2545/2508 2475/2547/2529
f 2501/2546/2529 2475/2547/2529 2502/2548/2530
f 2502/2548/2530 2475/2547/2529 2474/2549/2511
f 2502/2548/2530 2474/2549/2511 2503/2550/2531
f 2503/2550/2531 2474/2549/2511 2473/2551/2510
f 2503/2550/2531 2473/2551/2510 2504/2552/2532
f 2504/2552/2532 2473/2551/2510 2472/2553/2532
f 2504/2552/2532 2472/2553/2532 2471/2555/2526
f 2470/2556/2527 2506/2598/2533 2471/2555/2526
f 2471/2555/2526 2506/2598/2533 2505/2554/2526
f 2471/2555/2526 2505/2554/2526 2504/2552/2532
f 2506/2598/2533 2470/2556/2527 2507/2597/170
f 2507/2597/170 2470/2556/2527 2469/2596/170
f 2507/2597/170 2469/2596/170 2508/2599/2514
f 2508/2599/2514 2469/2596/170 2468/2600/2514
f 2508/2599/2514 2468/2600/2514 2509/2601/2513
f 2509/2601/2513 2468/2600/2514 2467/2602/2513
f 2509/2601/2513 2467/2602/2513 2466/2604/2534
f 2465/2606/2524 2511/2605/2535 2466/2604/2534
f 2466/2604/2534 2511/2605/2535 2510/2603/2523
f 2466/2604/2534 2510/2603/2523 2509/2601/2513
f 2511/2605/2535 2465/2606/2524 2512/2610/2525
f 2512/2610/2525 2465/2606/2524 2464/2607/2525
f 2512/2610/2525 2464/2607/2525 2513/2609/2536
f 2513/2609/2536 2464/2607/2525 2463/2608/2536
f 2513/2609/2536 2463/2608/2536 2514/2611/2517
f 2514/2611/2517 2463/2608/2536 2462/2612/2537
f 2514/2611/2517 2462/2612/2537 2515/2613/2538
f 2515/2613/2538 2462/2612/2537 2461/2570/2516
f 2515/2613/2538 2461/2570/2516 2635/4008/2512
f 2460/2571/2517 2459/2590/2539 2560/4006/2512
f 2560/4006/2512 2459/2590/2539 2458/2565/2525
f 2560/4006/2512 2458/2565/2525 2457/2566/2524
f 2457/2566/2524 2456/2567/2534 2560/4006/2512
f 2560/4006/2512 2456/2567/2534 2455/2591/2513
f 2453/2561/170 2452/2562/2527 2561/4005/170
f 2561/4005/170 2452/2562/2527 2451/2563/2526
f 2561/4005/170 2451/2563/2526 2450/2593/2509
f 2448/2595/2511 2447/2558/2529 2562/4003/2505
f 2562/4003/2505 2447/2558/2529 2446/2559/2508
f 2562/4003/2505 2446/2559/2508 2445/2542/2528
f 2530/2614/2508 2529/2587/2529 2637/4004/2506
f 2637/4004/2506 2529/2587/2529 2528/2588/2511
f 2637/4004/2506 2528/2588/2511 2527/2589/2510
f 2527/2589/2510 2526/2615/2532 2637/4004/2506
f 2637/4004/2506 2526/2615/2532 2525/2616/2526
f 2523/2584/170 2522/2585/2514 2636/427/170
f 2636/427/170 2522/2585/2514 2521/2586/2513
f 2636/427/170 2521/2586/2513 2520/2618/2523
f 2518/2580/2525 2517/2581/2536 2635/4008/2512
f 2635/4008/2512 2517/2581/2536 2516/2582/2537
f 2635/4008/2512 2516/2582/2537 2515/2613/2538
f 2575/4020/25 2570/4021/25 2630/4022/25
f 2630/4022/25 2570/4021/25 2642/4023/25
f 2630/4022/25 2642/4023/25 2631/4024/25
f 2631/4024/25 2642/4023/25 2641/4025/25
f 2631/4024/25 2641/4025/25 2632/4026/25
f 2632/4026/25 2641/4025/25 2640/4027/25
f 2632/4026/25 2640/4027/25 2633/4028/2540
f 2633/4028/2540 2640/4027/25 2639/4029/25
f 2633/4028/2540 2639/4029/25 2634/4030/2540
f 2634/4030/2540 2639/4029/25 2638/4031/25
f 2634/4030/2540 2638/4031/25 2635/4032/2540
f 2635/4032/2540 2638/4031/25 2637/4033/1073
f 2635/4032/2540 2637/4033/1073 2636/1303/1073
f 2644/4034/2541 2682/4035/2542 2643/4036/228
f 2643/4036/228 2682/4035/2542 2660/2/228
f 2643/4036/228 2660/2/228 2661/4037/2543
f 2682/4035/2542 2644/4034/2541 2681/4038/2544
f 2681/4038/2544 2644/4034/2541 2645/4039/2545
f 2681/4038/2544 2645/4039/2545 2680/4040/2546
f 2680/4040/2546 2645/4039/2545 2646/4041/2547
f 2680/4040/2546 2646/4041/2547 2679/4042/2548
f 2679/4042/2548 2646/4041/2547 2678/4043/2549
f 2678/4043/2549 2646/4041/2547 2647/4044/2550
f 2678/4043/2549 2647/4044/2550 2677/4045/2551
f 2677/4045/2551 2647/4044/2550 2648/4046/2552
f 2677/4045/2551 2648/4046/2552 2676/4047/2553
f 2676/4047/2553 2648/4046/2552 2649/4048/2554
f 2676/4047/2553 2649/4048/2554 2675/4049/2555
f 2675/4049/2555 2649/4048/2554 2674/4050/2556
f 2674/4050/2556 2649/4048/2554 2650/4051/2557
f 2674/4050/2556 2650/4051/2557 2673/4052/2558
f 2673/4052/2558 2650/4051/2557 2651/4053/2559
f 2673/4052/2558 2651/4053/2559 2672/4054/2560
f 2672/4055/2560 2651/4056/2559 2652/4057/2561
f 2672/4055/2560 2652/4057/2561 2671/4058/2562
f 2671/4058/2562 2652/4057/2561 2670/4059/2563
f 2670/4059/2563 2652/4057/2561 2653/4060/2564
f 2670/4059/2563 2653/4060/2564 2669/4061/2565
f 2669/4061/2565 2653/4060/2564 2654/4062/2566
f 2669/4061/2565 2654/4062/2566 2668/4063/2567
f 2668/4063/2567 2654/4062/2566 2667/4064/2568
f 2667/4064/2568 2654/4062/2566 2655/4065/2569
f 2667/4064/2568 2655/4065/2569 2666/4066/2570
f 2666/4066/2570 2655/4065/2569 2656/4067/2571
f 2666/4066/2570 2656/4067/2571 2665/4068/2572
f 2665/4068/2572 2656/4067/2571 2657/4069/2573
f 2665/4068/2572 2657/4069/2573 2664/4070/2574
f 2664/4070/2574 2657/4069/2573 2663/4071/2575
f 2663/4071/2575 2657/4069/2573 2658/4072/2576
f 2663/4071/2575 2658/4072/2576 2662/4073/2577
f 2662/4073/2577 2658/4072/2576 2659/4074/2578
f 2662/4073/2577 2659/4074/2578 2661/4037/2543
f 2661/4037/2543 2659/4074/2578 2643/4036/228
f 2684/4034/2541 2722/4035/2542 2683/4036/228
f 2683/4036/228 2722/4035/2542 2700/2/228
f 2683/4036/228 2700/2/228 2701/4037/2543
f 2722/4035/2542 2684/4034/2541 2721/4038/2544
f 2721/4038/2544 2684/4034/2541 2685/4039/2545
f 2721/4038/2544 2685/4039/2545 2720/4040/2546
f 2720/4040/2546 2685/4039/2545 2686/4041/2547
f 2720/4040/2546 2686/4041/2547 2719/4042/2579
f 2719/4042/2579 2686/4041/2547 2718/4043/2549
f 2718/4043/2549 2686/4041/2547 2687/4044/2580
f 2718/4043/2549 2687/4044/2580 2717/4045/2551
f 2717/4045/2551 2687/4044/2580 2688/4046/2552
f 2717/4045/2551 2688/4046/2552 2716/4047/2581
f 2716/4047/2581 2688/4046/2552 2689/4048/2554
f 2716/4047/2581 2689/4048/2554 2715/4049/2555
f 2715/4049/2555 2689/4048/2554 2714/4050/2556
f 2714/4050/2556 2689/4048/2554 2690/4051/2582
f 2714/4050/2556 2690/4051/2582 2713/4052/2558
f 2713/4052/2558 2690/4051/2582 2691/4053/2583
f 2713/4052/2558 2691/4053/2583 2712/4054/2560
f 2712/4055/2560 2691/4056/2583 2692/4057/2561
f 2712/4055/2560 2692/4057/2561 2711/4058/2562
f 2711/4058/2562 2692/4057/2561 2710/4059/2563
f 2710/4059/2563 2692/4057/2561 2693/4060/2584
f 2710/4059/2563 2693/4060/2584 2709/4061/2565
f 2709/4061/2565 2693/4060/2584 2694/4062/2566
f 2709/4061/2565 2694/4062/2566 2708/4063/2567
f 2708/4063/2567 2694/4062/2566 2707/4064/2585
f 2707/4064/2585 2694/4062/2566 2695/4065/2569
f 2707/4064/2585 2695/4065/2569 2706/4066/2570
f 2706/4066/2570 2695/4065/2569 2696/4067/2586
f 2706/4066/2570 2696/4067/2586 2705/4068/2572
f 2705/4068/2572 2696/4067/2586 2697/4069/2573
f 2705/4068/2572 2697/4069/2573 2704/4070/2574
f 2704/4070/2574 2697/4069/2573 2703/4071/2575
f 2703/4071/2575 2697/4069/2573 2698/4072/2576
f 2703/4071/2575 2698/4072/2576 2702/4073/2577
f 2702/4073/2577 2698/4072/2576 2699/4074/2578
f 2702/4073/2577 2699/4074/2578 2701/4037/2543
f 2701/4037/2543 2699/4074/2578 2683/4036/228
f 2724/4075/2587 2780/4076/2588 2723/2/87
f 2723/2/87 2780/4076/2588 2749/4077/87
f 2723/2/87 2749/4077/87 2750/4078/2589
f 2780/4076/2588 2724/4075/2587 2779/4079/2590
f 2779/4079/2590 2724/4075/2587 2725/4080/2591
f 2779/4079/2590 2725/4080/2591 2778/4081/2592
f 2778/4081/2592 2725/4080/2591 2726/4082/2593
f 2778/4081/2592 2726/4082/2593 2777/4083/2594
f 2777/4083/2594 2726/4082/2593 2727/4084/2595
f 2777/4083/2594 2727/4084/2595 2776/4085/2596
f 2776/4085/2596 2727/4084/2595 2775/4086/2597
f 2775/4086/2597 2727/4084/2595 2728/2442/2598
f 2775/4086/2597 2728/2442/2598 2774/4087/2599
f 2774/4087/2599 2728/2442/2598 2729/4088/2600
f 2774/4087/2599 2729/4088/2600 2773/4089/2601
f 2773/4089/2601 2729/4088/2600 2730/4090/2602
f 2773/4089/2601 2730/4090/2602 2772/4091/2603
f 2772/4091/2603 2730/4090/2602 2731/4092/2604
f 2772/4091/2603 2731/4092/2604 2771/4093/2605
f 2771/4093/2605 2731/4092/2604 2732/4094/2606
f 2771/4093/2605 2732/4094/2606 2770/4095/2607
f 2770/4095/2607 2732/4094/2606 2769/4096/2608
f 2769/4096/2608 2732/4094/2606 2733/2450/2609
f 2769/4096/2608 2733/2450/2609 2768/4097/2610
f 2768/4097/2610 2733/2450/2609 2734/4098/2611
f 2768/4097/2610 2734/4098/2611 2767/4099/2612
f 2767/4099/2612 2734/4098/2611 2735/4100/2613
f 2767/4099/2612 2735/4100/2613 2766/4101/2614
f 2766/4101/2614 2735/4100/2613 2736/2149/25
f 2766/4101/2614 2736/2149/25 2765/4102/2615
f 2765/4103/2615 2736/4104/25 2737/4105/2616
f 2765/4103/2615 2737/4105/2616 2764/4106/2617
f 2764/4106/2617 2737/4105/2616 2763/4107/2618
f 2763/4107/2618 2737/4105/2616 2738/4108/2619
f 2763/4107/2618 2738/4108/2619 2762/4109/2620
f 2762/4109/2620 2738/4108/2619 2739/4110/2621
f 2762/4109/2620 2739/4110/2621 2761/4111/2622
f 2761/4111/2622 2739/4110/2621 2740/4112/2623
f 2761/4111/2622 2740/4112/2623 2760/4113/2624
f 2760/4113/2624 2740/4112/2623 2741/4114/2625
f 2760/4113/2624 2741/4114/2625 2759/4115/2626
f 2759/4115/2626 2741/4114/2625 2758/4116/2627
f 2758/4116/2627 2741/4114/2625 2742/4117/2628
f 2758/4116/2627 2742/4117/2628 2757/4118/2629
f 2757/4118/2629 2742/4117/2628 2743/4119/2630
f 2757/4118/2629 2743/4119/2630 2756/4120/2631
f 2756/4120/2631 2743/4119/2630 2744/4121/2632
f 2756/4120/2631 2744/4121/2632 2755/4122/2633
f 2755/4122/2633 2744/4121/2632 2745/4123/2634
f 2755/4122/2633 2745/4123/2634 2754/4124/2635
f 2754/4124/2635 2745/4123/2634 2746/4125/2636
f 2754/4124/2635 2746/4125/2636 2753/4126/2637
f 2753/4126/2637 2746/4125/2636 2752/4127/2638
f 2752/4127/2638 2746/4125/2636 2747/4128/2639
f 2752/4127/2638 2747/4128/2639 2751/4129/2640
f 2751/4129/2640 2747/4128/2639 2748/4130/2641
f 2751/4129/2640 2748/4130/2641 2750/4078/2589
f 2750/4078/2589 2748/4130/2641 2723/2/87
f 2782/4075/2587 2838/4131/2642 2781/2/87
f 2781/2/87 2838/4131/2642 2807/4077/87
f 2781/2/87 2807/4077/87 2808/4132/2643
f 2838/4131/2642 2782/4075/2587 2837/4133/2644
f 2837/4133/2644 2782/4075/2587 2783/4080/2591
f 2837/4133/2644 2783/4080/2591 2836/4134/2645
f 2836/4134/2645 2783/4080/2591 2784/4082/2593
f 2836/4134/2645 2784/4082/2593 2835/4135/2646
f 2835/4135/2646 2784/4082/2593 2785/4084/2647
f 2835/4135/2646 2785/4084/2647 2834/4136/2648
f 2834/4136/2648 2785/4084/2647 2833/4137/2649
f 2833/4137/2649 2785/4084/2647 2786/2442/2598
f 2833/4137/2649 2786/2442/2598 2832/4138/2650
f 2832/4138/2650 2786/2442/2598 2787/4088/2600
f 2832/4138/2650 2787/4088/2600 2831/4139/2651
f 2831/4139/2651 2787/4088/2600 2788/4090/2602
f 2831/4139/2651 2788/4090/2602 2830/4140/2652
f 2830/4140/2652 2788/4090/2602 2789/4092/2653
f 2830/4140/2652 2789/4092/2653 2829/4141/2654
f 2829/4141/2654 2789/4092/2653 2790/4094/2606
f 2829/4141/2654 2790/4094/2606 2828/4142/2655
f 2828/4142/2655 2790/4094/2606 2827/4143/2656
f 2827/4143/2656 2790/4094/2606 2791/2450/2609
f 2827/4143/2656 2791/2450/2609 2826/4144/2657
f 2826/4144/2657 2791/2450/2609 2792/4098/2611
f 2826/4144/2657 2792/4098/2611 2825/4145/2658
f 2825/4145/2658 2792/4098/2611 2793/4100/2613
f 2825/4145/2658 2793/4100/2613 2824/4146/2659
f 2824/4146/2659 2793/4100/2613 2794/2149/25
f 2824/4146/2659 2794/2149/25 2823/4147/2660
f 2823/4147/2660 2794/2149/25 2822/4148/2661
f 2822/4149/2661 2794/4104/25 2795/4105/2662
f 2822/4149/2661 2795/4105/2662 2821/4150/2663
f 2821/4150/2663 2795/4105/2662 2796/4108/2619
f 2821/4150/2663 2796/4108/2619 2820/4151/2664
f 2820/4151/2664 2796/4108/2619 2797/4110/2621
f 2820/4151/2664 2797/4110/2621 2819/4152/2665
f 2819/4152/2665 2797/4110/2621 2798/4112/2623
f 2819/4152/2665 2798/4112/2623 2818/4153/2666
f 2818/4153/2666 2798/4112/2623 2817/4154/2667
f 2817/4154/2667 2798/4112/2623 2799/4114/2625
f 2817/4154/2667 2799/4114/2625 2816/4155/2668
f 2816/4155/2668 2799/4114/2625 2800/4117/2628
f 2816/4155/2668 2800/4117/2628 2815/4156/2669
f 2815/4156/2669 2800/4117/2628 2801/4119/2630
f 2815/4156/2669 2801/4119/2630 2814/4157/2670
f 2814/4157/2670 2801/4119/2630 2802/4121/2632
f 2814/4157/2670 2802/4121/2632 2813/4158/2671
f 2813/4158/2671 2802/4121/2632 2803/4123/2634
f 2813/4158/2671 2803/4123/2634 2812/4159/2672
f 2812/4159/2672 2803/4123/2634 2811/4160/2673
f 2811/4160/2673 2803/4123/2634 2804/4125/2636
f 2811/4160/2673 2804/4125/2636 2810/4161/2674
f 2810/4161/2674 2804/4125/2636 2805/4128/2639
f 2810/4161/2674 2805/4128/2639 2809/4162/2675
f 2809/4162/2675 2805/4128/2639 2806/4130/2641
f 2809/4162/2675 2806/4130/2641 2808/4132/2643
f 2808/4132/2643 2806/4130/2641 2781/2/87
f 2839/4163/2676 2840/4164/2677 2922/4165/2678
f 2922/4165/2678 2840/4164/2677 2921/4166/2677
f 2921/4166/2677 2840/4164/2677 2841/4167/2679
f 2921/4166/2677 2841/4167/2679 2920/4168/2679
f 2920/4168/2679 2841/4167/2679 2842/4169/2680
f 2920/4168/2679 2842/4169/2680 2919/4170/2680
f 2919/4170/2680 2842/4169/2680 2843/4171/2681
f 2919/4170/2680 2843/4171/2681 2918/4172/2681
f 2918/4172/2681 2843/4171/2681 2844/4173/2682
f 2918/4172/2681 2844/4173/2682 2917/4174/2682
f 2917/4174/2682 2844/4173/2682 2845/4175/2683
f 2917/4174/2682 2845/4175/2683 2916/4176/2683
f 2916/4176/2683 2845/4175/2683 2846/4177/2684
f 2916/4176/2683 2846/4177/2684 2915/4178/2684
f 2915/4178/2684 2846/4177/2684 2847/4179/2685
f 2915/4178/2684 2847/4179/2685 2914/4180/2685
f 2914/4180/2685 2847/4179/2685 2848/4181/2686
f 2914/4180/2685 2848/4181/2686 2913/4182/2686
f 2913/4182/2686 2848/4181/2686 2849/4183/2687
f 2913/4182/2686 2849/4183/2687 2912/4184/2687
f 2912/4184/2687 2849/4183/2687 2850/4185/2688
f 2912/4184/2687 2850/4185/2688 2911/4186/2688
f 2911/4186/2688 2850/4185/2688 2851/4187/2689
f 2911/4186/2688 2851/4187/2689 2910/4188/2689
f 2910/4188/2689 2851/4187/2689 2852/4189/2690
f 2910/4188/2689 2852/4189/2690 2909/4190/2690
f 2909/4190/2690 2852/4189/2690 2853/4191/2691
f 2909/4190/2690 2853/4191/2691 2908/4192/2691
f 2908/4192/2691 2853/4191/2691 2854/4193/2692
f 2908/4192/2691 2854/4193/2692 2907/4194/2692
f 2907/4194/2692 2854/4193/2692 2855/4195/2693
f 2907/4194/2692 2855/4195/2693 2906/4196/2693
f 2906/4196/2693 2855/4195/2693 2856/4197/2694
f 2906/4196/2693 2856/4197/2694 2905/4198/2695
f 2905/4198/2695 2856/4197/2694 2857/4199/2696
f 2905/4198/2695 2857/4199/2696 2904/4200/2696
f 2904/4200/2696 2857/4199/2696 2858/4201/2697
f 2904/4200/2696 2858/4201/2697 2903/4202/2698
f 2903/4202/2698 2858/4201/2697 2859/4203/2699
f 2903/4202/2698 2859/4203/2699 2902/4204/2699
f 2902/4204/2699 2859/4203/2699 2901/4205/2700
f 2901/4205/2700 2859/4203/2699 2860/4206/2701
f 2901/4205/2700 2860/4206/2701 2861/4207/2702
f 2901/4205/2700 2861/4207/2702 2900/4208/2702
f 2900/4208/2702 2861/4207/2702 2862/4209/2703
f 2900/4208/2702 2862/4209/2703 2899/4210/2703
f 2899/4210/2703 2862/4209/2703 2863/4211/2704
f 2899/4210/2703 2863/4211/2704 2898/4212/2705
f 2898/4212/2705 2863/4211/2704 2864/4213/2706
f 2898/4212/2705 2864/4213/2706 2897/4214/2706
f 2897/4214/2706 2864/4213/2706 2865/4215/2707
f 2897/4214/2706 2865/4215/2707 2896/4216/2707
f 2896/4216/2707 2865/4215/2707 2866/4217/2708
f 2896/4216/2707 2866/4217/2708 2895/4218/2708
f 2895/4218/2708 2866/4217/2708 2867/4219/2709
f 2895/4218/2708 2867/4219/2709 2894/4220/2709
f 2894/4220/2709 2867/4219/2709 2868/4221/2710
f 2894/4220/2709 2868/4221/2710 2893/4222/2710
f 2893/4222/2710 2868/4221/2710 2869/4223/2711
f 2893/4222/2710 2869/4223/2711 2892/4224/2711
f 2892/4224/2711 2869/4223/2711 2870/4225/2712
f 2892/4224/2711 2870/4225/2712 2891/4226/2712
f 2891/4226/2712 2870/4225/2712 2871/4227/2713
f 2891/4226/2712 2871/4227/2713 2890/4228/2713
f 2890/4228/2713 2871/4227/2713 2872/4229/2714
f 2890/4228/2713 2872/4229/2714 2889/4230/2714
f 2889/4230/2714 2872/4229/2714 2873/4231/2715
f 2889/4230/2714 2873/4231/2715 2888/4232/2715
f 2888/4232/2715 2873/4231/2715 2874/4233/2716
f 2888/4232/2715 2874/4233/2716 2887/4234/2716
f 2887/4234/2716 2874/4233/2716 2875/4235/2717
f 2887/4234/2716 2875/4235/2717 2886/4236/2718
f 2886/4236/2718 2875/4235/2717 2876/4237/2719
f 2886/4236/2718 2876/4237/2719 2885/4238/2719
f 2885/4238/2719 2876/4237/2719 2877/4239/2720
f 2885/4238/2719 2877/4239/2720 2884/4240/2720
f 2884/4240/2720 2877/4239/2720 2878/4241/2721
f 2884/4240/2720 2878/4241/2721 2883/4242/2721
f 2883/4242/2721 2878/4241/2721 2879/4243/2722
f 2883/4242/2721 2879/4243/2722 2882/4244/2722
f 2882/4244/2722 2879/4243/2722 2880/4245/2723
f 2882/4244/2722 2880/4245/2723 2881/4246/2724
f 2924/4247/2725 2972/4248/2726 2923/2/2727
f 2923/2/2727 2972/4248/2726 2947/3556/2728
f 2923/2/2727 2947/3556/2728 2948/4249/2729
f 2972/4248/2726 2924/4247/2725 2971/4250/2730
f 2971/4250/2730 2924/4247/2725 2925/4251/2190
f 2971/4250/2730 2925/4251/2190 2970/4252/2731
f 2970/4252/2731 2925/4251/2190 2926/4253/2732
f 2970/4252/2731 2926/4253/2732 2969/4254/2733
f 2969/4254/2733 2926/4253/2732 2927/2661/2734
f 2969/4254/2733 2927/2661/2734 2968/4255/2735
f 2968/4255/2735 2927/2661/2734 2928/4256/2736
f 2968/4255/2735 2928/4256/2736 2967/4257/2737
f 2967/4257/2737 2928/4256/2736 2929/4258/2069
f 2967/4257/2737 2929/4258/2069 2966/4259/2738
f 2966/4259/2738 2929/4258/2069 2930/4260/2739
f 2966/4259/2738 2930/4260/2739 2965/4261/2740
f 2965/4261/2740 2930/4260/2739 2931/1926/2741
f 2965/4261/2740 2931/1926/2741 2964/4262/2742
f 2964/4262/2742 2931/1926/2741 2932/4263/2743
f 2964/4262/2742 2932/4263/2743 2963/4264/2744
f 2963/4264/2744 2932/4263/2743 2933/4265/2745
f 2963/4264/2744 2933/4265/2745 2962/4266/2746
f 2962/4266/2746 2933/4265/2745 2934/4267/2747
f 2962/4266/2746 2934/4267/2747 2961/4268/2748
f 2961/4268/2748 2934/4267/2747 2935/2644/2749
f 2961/4268/2748 2935/2644/2749 2960/4269/2749
f 2960/4270/2749 2935/4271/2749 2959/4272/2750
f 2959/4272/2750 2935/4271/2749 2936/4273/2751
f 2959/4272/2750 2936/4273/2751 2958/4274/2752
f 2958/4274/2752 2936/4273/2751 2937/4275/2753
f 2958/4274/2752 2937/4275/2753 2957/4276/2754
f 2957/4276/2754 2937/4275/2753 2938/4277/2755
f 2957/4276/2754 2938/4277/2755 2956/4278/2756
f 2956/4278/2756 2938/4277/2755 2939/4279/2757
f 2956/4278/2756 2939/4279/2757 2955/4280/2758
f 2955/4280/2758 2939/4279/2757 2940/4281/2759
f 2955/4280/2758 2940/4281/2759 2954/4282/2760
f 2954/4282/2760 2940/4281/2759 2941/4283/2161
f 2954/4282/2760 2941/4283/2161 2953/4284/2761
f 2953/4284/2761 2941/4283/2161 2942/4285/2762
f 2953/4284/2761 2942/4285/2762 2952/4286/2763
f 2952/4286/2763 2942/4285/2762 2943/4287/2764
f 2952/4286/2763 2943/4287/2764 2951/4288/2765
f 2951/4288/2765 2943/4287/2764 2944/4289/2766
f 2951/4288/2765 2944/4289/2766 2950/4290/2767
f 2950/4290/2767 2944/4289/2766 2945/4291/2768
f 2950/4290/2767 2945/4291/2768 2949/4292/2769
f 2949/4292/2769 2945/4291/2768 2946/4293/2770
f 2949/4292/2769 2946/4293/2770 2948/4249/2729
f 2948/4249/2729 2946/4293/2770 2923/2/2727
f 3004/2838/2771 2973/2839/87 3015/4294/87
f 3015/4295/87 2973/2842/87 2974/2843/2772
f 3015/4295/87 2974/2843/2772 3014/4296/2418
f 3014/4296/2418 2974/2843/2772 2975/2845/181
f 3014/4296/2418 2975/2845/181 3013/4297/2773
f 3013/4297/2773 2975/2845/181 2976/2847/2362
f 3013/4297/2773 2976/2847/2362 2977/2848/182
f 3013/4297/2773 2977/2848/182 3012/4298/2427
f 3012/4298/2427 2977/2848/182 2978/2850/2360
f 3012/4298/2427 2978/2850/2360 2979/2852/184
f 3012/4298/2427 2979/2852/184 3011/4299/2774
f 3011/4299/2774 2979/2852/184 2980/2853/2357
f 3011/4299/2774 2980/2853/2357 3010/4300/185
f 3010/4300/185 2980/2853/2357 2981/2855/185
f 3010/4300/185 2981/2855/185 2982/2857/2356
f 3010/4300/185 2982/2857/2356 3009/4301/2775
f 3009/4301/2775 2982/2857/2356 2983/2859/2382
f 3009/4301/2775 2983/2859/2382 3008/4302/2443
f 3008/4302/2443 2983/2859/2382 2984/2860/2776
f 3008/4302/2443 2984/2860/2776 2985/2862/188
f 3008/4302/2443 2985/2862/188 3007/4303/2777
f 3007/4303/2777 2985/2862/188 2986/2864/2351
f 3007/4303/2777 2986/2864/2351 2987/2865/189
f 3007/4303/2777 2987/2865/189 3006/4304/2778
f 3006/4304/2778 2987/2865/189 2988/2867/2779
f 3006/4304/2778 2988/2867/2779 3005/4305/25
f 3005/4305/25 2988/2867/2779 2989/2726/25
f 3005/4305/25 2989/2726/25 2990/2869/2780
f 3005/4305/25 2990/2869/2780 3024/4306/2781
f 3024/4306/2781 2990/2869/2780 2991/2871/198
f 3024/4306/2781 2991/2871/198 3023/4307/2782
f 3023/4307/2782 2991/2871/198 2992/2873/2344
f 3023/4307/2782 2992/2873/2344 2993/2874/173
f 3023/4307/2782 2993/2874/173 3022/4308/2470
f 3022/4308/2470 2993/2874/173 2994/2876/2783
f 3022/4308/2470 2994/2876/2783 2995/2878/2376
f 3022/4308/2470 2995/2878/2376 3021/4309/2784
f 3021/4309/2784 2995/2878/2376 2996/2879/2339
f 3021/4309/2784 2996/2879/2339 3020/4310/176
f 3020/4310/176 2996/2879/2339 2997/2881/176
f 3020/4310/176 2997/2881/176 2998/2883/2338
f 3020/4310/176 2998/2883/2338 3019/4311/2785
f 3019/4311/2785 2998/2883/2338 2999/2885/177
f 3019/4311/2785 2999/2885/177 3018/4312/2400
f 3018/4312/2400 2999/2885/177 3000/2886/2374
f 3018/4312/2400 3000/2886/2374 3001/2888/178
f 3018/4312/2400 3001/2888/178 3017/4313/2786
f 3017/4313/2786 3001/2888/178 3002/2890/2371
f 3017/4313/2786 3002/2890/2371 3003/2891/179
f 3017/4313/2786 3003/2891/179 3016/4314/2409
f 3016/4314/2409 3003/2891/179 3004/2838/2771
f 3016/4314/2409 3004/2838/2771 3015/4294/87
f 3056/2838/2787 3025/2839/87 3067/4294/87
f 3067/4295/87 3025/2842/87 3026/2843/2788
f 3067/4295/87 3026/2843/2788 3066/4296/2418
f 3066/4296/2418 3026/2843/2788 3027/2845/2364
f 3066/4296/2418 3027/2845/2364 3065/4297/2773
f 3065/4297/2773 3027/2845/2364 3028/2847/2362
f 3065/4297/2773 3028/2847/2362 3029/2848/182
f 3065/4297/2773 3029/2848/182 3064/4298/2427
f 3064/4298/2427 3029/2848/182 3030/2850/2789
f 3064/4298/2427 3030/2850/2789 3031/2852/184
f 3064/4298/2427 3031/2852/184 3063/4299/2774
f 3063/4299/2774 3031/2852/184 3032/2853/2357
f 3063/4299/2774 3032/2853/2357 3062/4300/185
f 3062/4300/185 3032/2853/2357 3033/2855/185
f 3062/4300/185 3033/2855/185 3034/2857/2356
f 3062/4300/185 3034/2857/2356 3061/4301/2775
f 3061/4301/2775 3034/2857/2356 3035/2859/2382
f 3061/4301/2775 3035/2859/2382 3060/4302/2443
f 3060/4302/2443 3035/2859/2382 3036/2860/2776
f 3060/4302/2443 3036/2860/2776 3037/2862/188
f 3060/4302/2443 3037/2862/188 3059/4303/2790
f 3059/4303/2790 3037/2862/188 3038/2864/2351
f 3059/4303/2790 3038/2864/2351 3039/2865/171
f 3059/4303/2790 3039/2865/171 3058/4304/2778
f 3058/4304/2778 3039/2865/171 3040/2867/2791
f 3058/4304/2778 3040/2867/2791 3057/4305/25
f 3057/4305/25 3040/2867/2791 3041/2726/25
f 3057/4305/25 3041/2726/25 3042/2869/2792
f 3057/4305/25 3042/2869/2792 3076/4306/2781
f 3076/4306/2781 3042/2869/2792 3043/2871/198
f 3076/4306/2781 3043/2871/198 3075/4307/1654
f 3075/4307/1654 3043/2871/198 3044/2873/2344
f 3075/4307/1654 3044/2873/2344 3045/2874/173
f 3075/4307/1654 3045/2874/173 3074/4308/2470
f 3074/4308/2470 3045/2874/173 3046/2876/2783
f 3074/4308/2470 3046/2876/2783 3047/2878/2376
f 3074/4308/2470 3047/2878/2376 3073/4309/2793
f 3073/4309/2793 3047/2878/2376 3048/2879/2339
f 3073/4309/2793 3048/2879/2339 3072/4310/176
f 3072/4310/176 3048/2879/2339 3049/2881/176
f 3072/4310/176 3049/2881/176 3050/2883/2338
f 3072/4310/176 3050/2883/2338 3071/4311/2785
f 3071/4311/2785 3050/2883/2338 3051/2885/177
f 3071/4311/2785 3051/2885/177 3070/4312/2400
f 3070/4312/2400 3051/2885/177 3052/2886/2794
f 3070/4312/2400 3052/2886/2794 3053/2888/178
f 3070/4312/2400 3053/2888/178 3069/4313/2786
f 3069/4313/2786 3053/2888/178 3054/2890/2371
f 3069/4313/2786 3054/2890/2371 3055/2891/195
f 3069/4313/2786 3055/2891/195 3068/4314/2409
f 3068/4314/2409 3055/2891/195 3056/2838/2787
f 3068/4314/2409 3056/2838/2787 3067/4294/87
f 3078/4315/2541 3116/4316/2795 3077/2/228
f 3077/2/228 3116/4316/2795 3094/4317/228
f 3077/2/228 3094/4317/228 3095/4318/2796
f 3116/4316/2795 3078/4315/2541 3115/4319/2544
f 3115/4319/2544 3078/4315/2541 3079/4320/2545
f 3115/4319/2544 3079/4320/2545 3114/4321/2797
f 3114/4321/2797 3079/4320/2545 3080/4322/2547
f 3114/4321/2797 3080/4322/2547 3113/4323/2798
f 3113/4323/2798 3080/4322/2547 3112/4324/2799
f 3112/4324/2799 3080/4322/2547 3081/4325/2580
f 3112/4324/2799 3081/4325/2580 3111/4326/2551
f 3111/4326/2551 3081/4325/2580 3082/4327/2552
f 3111/4326/2551 3082/4327/2552 3110/4328/2553
f 3110/4328/2553 3082/4327/2552 3083/4329/2554
f 3110/4328/2553 3083/4329/2554 3109/4330/2555
f 3109/4330/2555 3083/4329/2554 3108/4331/2556
f 3108/4331/2556 3083/4329/2554 3084/4332/2557
f 3108/4331/2556 3084/4332/2557 3107/4333/2558
f 3107/4333/2558 3084/4332/2557 3085/4334/2583
f 3107/4333/2558 3085/4334/2583 3106/4335/2560
f 3106/4336/2560 3085/4337/2583 3086/4338/2561
f 3106/4336/2560 3086/4338/2561 3105/4339/2800
f 3105/4339/2800 3086/4338/2561 3104/4340/2563
f 3104/4340/2563 3086/4338/2561 3087/4341/2584
f 3104/4340/2563 3087/4341/2584 3103/4342/2565
f 3103/4342/2565 3087/4341/2584 3088/4343/2566
f 3103/4342/2565 3088/4343/2566 3102/4344/2801
f 3102/4344/2801 3088/4343/2566 3101/4345/2585
f 3101/4345/2585 3088/4343/2566 3089/4346/2569
f 3101/4345/2585 3089/4346/2569 3100/4347/2570
f 3100/4347/2570 3089/4346/2569 3090/4348/2571
f 3100/4347/2570 3090/4348/2571 3099/4349/2572
f 3099/4349/2572 3090/4348/2571 3091/4350/2573
f 3099/4349/2572 3091/4350/2573 3098/4351/2802
f 3098/4351/2802 3091/4350/2573 3097/4352/2575
f 3097/4352/2575 3091/4350/2573 3092/4353/2576
f 3097/4352/2575 3092/4353/2576 3096/4354/2577
f 3096/4354/2577 3092/4353/2576 3093/4355/2578
f 3096/4354/2577 3093/4355/2578 3095/4318/2796
f 3095/4318/2796 3093/4355/2578 3077/2/228
f 3118/4356/2541 3156/4316/2795 3117/2/228
f 3117/2/228 3156/4316/2795 3134/4317/228
f 3117/2/228 3134/4317/228 3135/4318/2796
f 3156/4316/2795 3118/4356/2541 3155/4319/2544
f 3155/4319/2544 3118/4356/2541 3119/4320/2545
f 3155/4319/2544 3119/4320/2545 3154/4321/2546
f 3154/4321/2546 3119/4320/2545 3120/4322/2547
f 3154/4321/2546 3120/4322/2547 3153/4323/2798
f 3153/4323/2798 3120/4322/2547 3152/4324/2549
f 3152/4324/2549 3120/4322/2547 3121/4325/2580
f 3152/4324/2549 3121/4325/2580 3151/4326/2551
f 3151/4326/2551 3121/4325/2580 3122/4327/2552
f 3151/4326/2551 3122/4327/2552 3150/4328/2553
f 3150/4328/2553 3122/4327/2552 3123/4329/2554
f 3150/4328/2553 3123/4329/2554 3149/4330/2803
f 3149/4330/2803 3123/4329/2554 3148/4331/2556
f 3148/4331/2556 3123/4329/2554 3124/4332/2557
f 3148/4331/2556 3124/4332/2557 3147/4333/2558
f 3147/4333/2558 3124/4332/2557 3125/4334/2583
f 3147/4333/2558 3125/4334/2583 3146/4335/2560
f 3146/4336/2560 3125/4337/2583 3126/4338/2561
f 3146/4336/2560 3126/4338/2561 3145/4339/2800
f 3145/4339/2800 3126/4338/2561 3144/4340/2563
f 3144/4340/2563 3126/4338/2561 3127/4341/2584
f 3144/4340/2563 3127/4341/2584 3143/4342/2565
f 3143/4342/2565 3127/4341/2584 3128/4343/2566
f 3143/4342/2565 3128/4343/2566 3142/4344/2567
f 3142/4344/2567 3128/4343/2566 3141/4345/2585
f 3141/4345/2585 3128/4343/2566 3129/4346/2569
f 3141/4345/2585 3129/4346/2569 3140/4347/2570
f 3140/4347/2570 3129/4346/2569 3130/4348/2571
f 3140/4347/2570 3130/4348/2571 3139/4349/2804
f 3139/4349/2804 3130/4348/2571 3131/4350/2573
f 3139/4349/2804 3131/4350/2573 3138/4351/2574
f 3138/4351/2574 3131/4350/2573 3137/4352/2575
f 3137/4352/2575 3131/4350/2573 3132/4357/2576
f 3137/4352/2575 3132/4357/2576 3136/4354/2577
f 3136/4354/2577 3132/4357/2576 3133/4358/2578
f 3136/4354/2577 3133/4358/2578 3135/4318/2796
f 3135/4318/2796 3133/4358/2578 3117/2/228
f 3133/4359/2805 3165/4360/2806 3117/4361/87
f 3117/4362/87 3165/4363/2806 3166/4364/2807
f 3117/4362/87 3166/4364/2807 3118/4365/2808
f 3118/4365/2808 3166/4364/2807 3167/4366/2809
f 3118/4365/2808 3167/4366/2809 3119/4367/2810
f 3119/4367/2810 3167/4366/2809 3168/4368/2811
f 3119/4367/2810 3168/4368/2811 3120/4369/2812
f 3120/4369/2812 3168/4368/2811 3169/4370/2813
f 3120/4369/2812 3169/4370/2813 3121/4371/2814
f 3121/4371/2814 3169/4370/2813 3170/4372/2815
f 3121/4371/2814 3170/4372/2815 3122/4373/2816
f 3122/4373/2816 3170/4372/2815 3171/4374/2817
f 3122/4373/2816 3171/4374/2817 3123/4375/2818
f 3123/4375/2818 3171/4374/2817 3172/4376/2819
f 3123/4375/2818 3172/4376/2819 3124/4377/2820
f 3124/4377/2820 3172/4376/2819 3173/4378/2821
f 3124/4377/2820 3173/4378/2821 3125/4379/2822
f 3125/4379/2822 3173/4378/2821 3157/4380/25
f 3125/4379/2822 3157/4380/25 3126/4381/2823
f 3126/4381/2823 3157/4380/25 3158/4382/2824
f 3126/4381/2823 3158/4382/2824 3127/4383/2825
f 3127/4383/2825 3158/4382/2824 3159/4384/2826
f 3127/4383/2825 3159/4384/2826 3128/4385/2827
f 3128/4385/2827 3159/4384/2826 3160/4386/2828
f 3128/4385/2827 3160/4386/2828 3129/4387/2829
f 3129/4387/2829 3160/4386/2828 3161/4388/2830
f 3129/4387/2829 3161/4388/2830 3130/4389/2831
f 3130/4389/2831 3161/4388/2830 3162/4390/2832
f 3130/4389/2831 3162/4390/2832 3131/4391/2833
f 3131/4391/2833 3162/4390/2832 3163/4392/2834
f 3131/4391/2833 3163/4392/2834 3132/4393/2835
f 3132/4393/2835 3163/4392/2834 3164/4394/2836
f 3132/4393/2835 3164/4394/2836 3133/4359/2805
f 3133/4359/2805 3164/4394/2836 3165/4360/2806
f 3093/4359/2805 3182/4360/2806 3077/4361/87
f 3077/4362/87 3182/4363/2806 3183/4364/2807
f 3077/4362/87 3183/4364/2807 3078/4365/2808
f 3078/4365/2808 3183/4364/2807 3184/4366/2809
f 3078/4365/2808 3184/4366/2809 3079/4367/2810
f 3079/4367/2810 3184/4366/2809 3185/4368/2811
f 3079/4367/2810 3185/4368/2811 3080/4369/2812
f 3080/4369/2812 3185/4368/2811 3186/4370/2813
f 3080/4369/2812 3186/4370/2813 3081/4371/2814
f 3081/4371/2814 3186/4370/2813 3187/4372/2815
f 3081/4371/2814 3187/4372/2815 3082/4373/2816
f 3082/4373/2816 3187/4372/2815 3188/4374/2817
f 3082/4373/2816 3188/4374/2817 3083/4375/2818
f 3083/4375/2818 3188/4374/2817 3189/4376/2819
f 3083/4375/2818 3189/4376/2819 3084/4377/2820
f 3084/4377/2820 3189/4376/2819 3190/4378/2821
f 3084/4377/2820 3190/4378/2821 3085/4379/2822
f 3085/4379/2822 3190/4378/2821 3174/4380/25
f 3085/4379/2822 3174/4380/25 3086/4381/2823
f 3086/4381/2823 3174/4380/25 3175/4382/2824
f 3086/4381/2823 3175/4382/2824 3087/4383/2825
f 3087/4383/2825 3175/4382/2824 3176/4384/2826
f 3087/4383/2825 3176/4384/2826 3088/4385/2827
f 3088/4385/2827 3176/4384/2826 3177/4386/2828
f 3088/4385/2827 3177/4386/2828 3089/4387/2829
f 3089/4387/2829 3177/4386/2828 3178/4388/2830
f 3089/4387/2829 3178/4388/2830 3090/4389/2831
f 3090/4389/2831 3178/4388/2830 3179/4390/2832
f 3090/4389/2831 3179/4390/2832 3091/4391/2833
f 3091/4391/2833 3179/4390/2832 3180/4392/2834
f 3091/4391/2833 3180/4392/2834 3092/4393/2835
f 3092/4393/2835 3180/4392/2834 3181/4394/2836
f 3092/4393/2835 3181/4394/2836 3093/4359/2805
f 3093/4359/2805 3181/4394/2836 3182/4360/2806
f 2946/4395/2837 3202/4396/2837 2923/4397/87
f 2923/4397/87 3202/4396/2837 3203/4398/87
f 2923/4399/87 3203/4400/87 2924/4401/2838
f 2924/4401/2838 3203/4400/87 3204/4402/2838
f 2924/4401/2838 3204/4402/2838 2925/4403/2406
f 2925/4403/2406 3204/4402/2838 3205/4404/2406
f 2925/4403/2406 3205/4404/2406 2926/4405/178
f 2926/4405/178 3205/4404/2406 3206/4406/178
f 2926/4405/178 3206/4406/178 2927/4407/2839
f 2927/4407/2839 3206/4406/178 3207/4408/2840
f 2927/4407/2839 3207/4408/2840 2928/4409/2841
f 2928/4409/2841 3207/4408/2840 3208/4410/2842
f 2928/4409/2841 3208/4410/2842 2929/4411/176
f 2929/4411/176 3208/4410/2842 3209/4412/176
f 2929/4411/176 3209/4412/176 2930/4413/2843
f 2930/4413/2843 3209/4412/176 3210/4414/2843
f 2930/4413/2843 3210/4414/2843 2931/4415/2844
f 2931/4415/2844 3210/4414/2843 3211/4416/2844
f 2931/4415/2844 3211/4416/2844 2932/4417/173
f 2932/4417/173 3211/4416/2844 3212/4418/173
f 2932/4417/173 3212/4418/173 2933/4419/2845
f 2933/4419/2845 3212/4418/173 3213/4420/2845
f 2933/4419/2845 3213/4420/2845 2934/4421/2846
f 2934/4421/2846 3213/4420/2845 3214/4422/2846
f 2934/4421/2846 3214/4422/2846 2935/4423/25
f 2935/4423/25 3214/4422/2846 3191/4380/25
f 2935/4423/25 3191/4380/25 2936/4424/2847
f 2936/4424/2847 3191/4380/25 3192/4425/2847
f 2936/4424/2847 3192/4425/2847 2937/4426/2449
f 2937/4426/2449 3192/4425/2847 3193/4427/2449
f 2937/4426/2449 3193/4427/2449 2938/4428/188
f 2938/4428/188 3193/4427/2449 3194/4429/188
f 2938/4428/188 3194/4429/188 2939/4430/2848
f 2939/4430/2848 3194/4429/188 3195/4431/2848
f 2939/4430/2848 3195/4431/2848 2940/4432/2849
f 2940/4432/2849 3195/4431/2848 3196/4433/2850
f 2940/4432/2849 3196/4433/2850 2941/4434/185
f 2941/4434/185 3196/4433/2850 3197/4435/185
f 2941/4434/185 3197/4435/185 2942/4436/2851
f 2942/4436/2851 3197/4435/185 3198/4437/2851
f 2942/4436/2851 3198/4437/2851 2943/4438/2852
f 2943/4438/2852 3198/4437/2851 3199/4439/2853
f 2943/4438/2852 3199/4439/2853 2944/4440/182
f 2944/4440/182 3199/4439/2853 3200/4441/182
f 2944/4440/182 3200/4441/182 2945/4442/2421
f 2945/4442/2421 3200/4441/182 3201/4443/2421
f 2945/4442/2421 3201/4443/2421 2946/4395/2837
f 2946/4395/2837 3201/4443/2421 3202/4396/2837
f 3216/4444/2854 3240/4445/25 3215/2/25
f 3215/2/25 3240/4445/25 3241/4446/2855
f 3215/2/25 3241/4446/2855 3239/4447/2855
f 3239/4447/2855 3241/4446/2855 3242/4448/2856
f 3239/4447/2855 3242/4448/2856 3238/4449/2857
f 3238/4449/2857 3242/4448/2856 3243/4450/2858
f 3238/4449/2857 3243/4450/2858 3237/4451/2859
f 3237/4451/2859 3243/4450/2858 3244/4452/2860
f 3237/4451/2859 3244/4452/2860 3236/4453/2860
f 3236/4453/2860 3244/4452/2860 3245/4454/2775
f 3236/4453/2860 3245/4454/2775 3235/4455/2775
f 3235/4455/2775 3245/4454/2775 3246/4456/2861
f 3235/4455/2775 3246/4456/2861 3234/4457/2861
f 3234/4457/2861 3246/4456/2861 3247/4458/2862
f 3234/4457/2861 3247/4458/2862 3233/4459/2862
f 3233/4459/2862 3247/4458/2862 3248/4460/2863
f 3233/4459/2862 3248/4460/2863 3232/4461/2863
f 3232/4461/2863 3248/4460/2863 3249/4462/2864
f 3232/4461/2863 3249/4462/2864 3231/4463/2865
f 3231/4463/2865 3249/4462/2864 3250/4464/2773
f 3231/4463/2865 3250/4464/2773 3230/4465/2773
f 3230/4465/2773 3250/4464/2773 3251/4466/2866
f 3230/4465/2773 3251/4466/2866 3229/4467/2866
f 3229/4467/2866 3251/4466/2866 3252/4468/2867
f 3229/4467/2866 3252/4468/2867 3228/4469/2867
f 3228/3573/2867 3252/4470/2867 3253/4471/2868
f 3228/3573/2867 3253/4471/2868 3227/4472/2868
f 3227/4472/2868 3253/4471/2868 3254/4473/2869
f 3227/4472/2868 3254/4473/2869 3226/4474/2869
f 3226/4474/2869 3254/4473/2869 3255/4475/2786
f 3226/4474/2869 3255/4475/2786 3225/4476/2786
f 3225/4476/2786 3255/4475/2786 3256/4477/2870
f 3225/4476/2786 3256/4477/2870 3224/4478/2871
f 3224/4478/2871 3256/4477/2870 3257/4479/2872
f 3224/4478/2871 3257/4479/2872 3223/4480/2872
f 3223/4480/2872 3257/4479/2872 3258/4481/2873
f 3223/4480/2872 3258/4481/2873 3222/4482/2873
f 3222/4482/2873 3258/4481/2873 3259/4483/2874
f 3222/4482/2873 3259/4483/2874 3221/4484/2874
f 3221/4484/2874 3259/4483/2874 3260/4485/2793
f 3221/4484/2874 3260/4485/2793 3220/4486/2793
f 3220/4486/2793 3260/4485/2793 3261/4487/2875
f 3220/4486/2793 3261/4487/2875 3219/4488/2875
f 3219/4488/2875 3261/4487/2875 3262/4489/2876
f 3219/4488/2875 3262/4489/2876 3218/4490/2876
f 3218/4490/2876 3262/4489/2876 3263/4491/2877
f 3218/4490/2876 3263/4491/2877 3217/4492/2877
f 3217/4492/2877 3263/4491/2877 3264/4493/2854
f 3217/4492/2877 3264/4493/2854 3216/4444/2854
f 3216/4444/2854 3264/4493/2854 3240/4445/25
f 3266/4494/2878 3298/4445/25 3265/2/25
f 3265/2/25 3298/4445/25 3299/4495/2879
f 3265/2/25 3299/4495/2879 3297/4496/2880
f 3297/4496/2880 3299/4495/2879 3300/4497/2881
f 3297/4496/2880 3300/4497/2881 3296/4498/2881
f 3296/4498/2881 3300/4497/2881 3301/4499/2882
f 3296/4498/2881 3301/4499/2882 3295/4500/2882
f 3295/4500/2882 3301/4499/2882 3302/4501/2883
f 3295/4500/2882 3302/4501/2883 3294/4502/2883
f 3294/4502/2883 3302/4501/2883 3303/4503/2884
f 3294/4502/2883 3303/4503/2884 3293/4504/2884
f 3293/4504/2884 3303/4503/2884 3304/4505/2885
f 3293/4504/2884 3304/4505/2885 3292/4506/2885
f 3292/4506/2885 3304/4505/2885 3305/4507/2886
f 3292/4506/2885 3305/4507/2886 3291/4508/2887
f 3291/4508/2887 3305/4507/2886 3306/4509/2888
f 3291/4508/2887 3306/4509/2888 3290/4510/2888
f 3290/4510/2888 3306/4509/2888 3307/4511/2889
f 3290/4510/2888 3307/4511/2889 3289/4512/2889
f 3289/4512/2889 3307/4511/2889 3308/4513/2890
f 3289/4512/2889 3308/4513/2890 3288/4514/2890
f 3288/4514/2890 3308/4513/2890 3309/4515/2853
f 3288/4514/2890 3309/4515/2853 3287/3627/2853
f 3287/3627/2853 3309/4515/2853 3310/4516/2891
f 3287/3627/2853 3310/4516/2891 3286/4517/2892
f 3286/4517/2892 3310/4516/2891 3311/4518/2893
f 3286/4517/2892 3311/4518/2893 3285/4519/2893
f 3285/4519/2893 3311/4518/2893 3312/4520/2894
f 3285/4519/2893 3312/4520/2894 3284/4521/2894
f 3284/4521/2894 3312/4520/2894 3313/4522/2895
f 3284/4521/2894 3313/4522/2895 3283/4523/2896
f 3283/4523/2896 3313/4522/2895 3314/4524/2897
f 3283/4523/2896 3314/4524/2897 3282/4525/2898
f 3282/4526/2898 3314/4527/2897 3315/4528/2899
f 3282/4526/2898 3315/4528/2899 3281/4529/2899
f 3281/4529/2899 3315/4528/2899 3316/4530/2900
f 3281/4529/2899 3316/4530/2900 3280/4531/2900
f 3280/4531/2900 3316/4530/2900 3317/4532/2901
f 3280/4531/2900 3317/4532/2901 3279/4533/2901
f 3279/4533/2901 3317/4532/2901 3318/4534/2902
f 3279/4533/2901 3318/4534/2902 3278/4535/2902
f 3278/4535/2902 3318/4534/2902 3319/4536/2903
f 3278/4535/2902 3319/4536/2903 3277/4537/2903
f 3277/4537/2903 3319/4536/2903 3320/4538/2840
f 3277/4537/2903 3320/4538/2840 3276/3575/2840
f 3276/3575/2840 3320/4538/2840 3321/4539/2904
f 3276/3575/2840 3321/4539/2904 3275/4540/2904
f 3275/4540/2904 3321/4539/2904 3322/4541/2905
f 3275/4540/2904 3322/4541/2905 3274/4542/2905
f 3274/4542/2905 3322/4541/2905 3323/4543/2906
f 3274/4542/2905 3323/4543/2906 3273/4544/2906
f 3273/4544/2906 3323/4543/2906 3324/4545/2907
f 3273/4544/2906 3324/4545/2907 3272/4546/2908
f 3272/4546/2908 3324/4545/2907 3325/4547/2909
f 3272/4546/2908 3325/4547/2909 3271/4548/2909
f 3271/4548/2909 3325/4547/2909 3326/4549/2910
f 3271/4548/2909 3326/4549/2910 3270/4550/2910
f 3270/4550/2910 3326/4549/2910 3327/4551/2911
f 3270/4550/2910 3327/4551/2911 3269/4552/2911
f 3269/4552/2911 3327/4551/2911 3328/4553/2912
f 3269/4552/2911 3328/4553/2912 3268/4554/2912
f 3268/4554/2912 3328/4553/2912 3329/4555/2913
f 3268/4554/2912 3329/4555/2913 3267/4556/2913
f 3267/4556/2913 3329/4555/2913 3330/4557/2878
f 3267/4556/2913 3330/4557/2878 3266/4494/2878
f 3266/4494/2878 3330/4557/2878 3298/4445/25
f 3332/4444/2854 3356/4445/25 3331/2/25
f 3331/2/25 3356/4445/25 3357/4446/2855
f 3331/2/25 3357/4446/2855 3355/4447/2855
f 3355/4447/2855 3357/4446/2855 3358/4448/2856
f 3355/4447/2855 3358/4448/2856 3354/4449/2856
f 3354/4449/2856 3358/4448/2856 3359/4450/2859
f 3354/4449/2856 3359/4450/2859 3353/4451/2859
f 3353/4451/2859 3359/4450/2859 3360/4452/2860
f 3353/4451/2859 3360/4452/2860 3352/4453/2860
f 3352/4453/2860 3360/4452/2860 3361/4454/2775
f 3352/4453/2860 3361/4454/2775 3351/4455/2775
f 3351/4455/2775 3361/4454/2775 3362/4456/2861
f 3351/4455/2775 3362/4456/2861 3350/4457/2861
f 3350/4457/2861 3362/4456/2861 3363/4458/2862
f 3350/4457/2861 3363/4458/2862 3349/4459/2862
f 3349/4459/2862 3363/4458/2862 3364/4460/2863
f 3349/4459/2862 3364/4460/2863 3348/4461/2863
f 3348/4461/2863 3364/4460/2863 3365/4462/2864
f 3348/4461/2863 3365/4462/2864 3347/4463/2865
f 3347/4463/2865 3365/4462/2864 3366/4464/2773
f 3347/4463/2865 3366/4464/2773 3346/4465/2773
f 3346/4465/2773 3366/4464/2773 3367/4466/2866
f 3346/4465/2773 3367/4466/2866 3345/4467/2866
f 3345/4467/2866 3367/4466/2866 3368/4468/2867
f 3345/4467/2866 3368/4468/2867 3344/4469/2867
f 3344/3573/2867 3368/4470/2867 3369/4471/2868
f 3344/3573/2867 3369/4471/2868 3343/4472/2868
f 3343/4472/2868 3369/4471/2868 3370/4473/2869
f 3343/4472/2868 3370/4473/2869 3342/4474/2869
f 3342/4474/2869 3370/4473/2869 3371/4475/2786
f 3342/4474/2869 3371/4475/2786 3341/4476/2786
f 3341/4476/2786 3371/4475/2786 3372/4477/2870
f 3341/4476/2786 3372/4477/2870 3340/4478/2871
f 3340/4478/2871 3372/4477/2870 3373/4479/2872
f 3340/4478/2871 3373/4479/2872 3339/4480/2872
f 3339/4480/2872 3373/4479/2872 3374/4481/2873
f 3339/4480/2872 3374/4481/2873 3338/4482/2873
f 3338/4482/2873 3374/4481/2873 3375/4483/2874
f 3338/4482/2873 3375/4483/2874 3337/4484/2874
f 3337/4484/2874 3375/4483/2874 3376/4485/2793
f 3337/4484/2874 3376/4485/2793 3336/4486/2793
f 3336/4486/2793 3376/4485/2793 3377/4487/2875
f 3336/4486/2793 3377/4487/2875 3335/4488/2875
f 3335/4488/2875 3377/4487/2875 3378/4489/2876
f 3335/4488/2875 3378/4489/2876 3334/4490/2876
f 3334/4490/2876 3378/4489/2876 3379/4491/2877
f 3334/4490/2876 3379/4491/2877 3333/4492/2877
f 3333/4492/2877 3379/4491/2877 3380/4493/2854
f 3333/4492/2877 3380/4493/2854 3332/4444/2854
f 3332/4444/2854 3380/4493/2854 3356/4445/25
f 3382/4444/2854 3406/4445/25 3381/2/25
f 3381/2/25 3406/4445/25 3407/4446/2855
f 3381/2/25 3407/4446/2855 3405/4447/2855
f 3405/4447/2855 3407/4446/2855 3408/4448/2856
f 3405/4447/2855 3408/4448/2856 3404/4449/2856
f 3404/4449/2856 3408/4448/2856 3409/4450/2859
f 3404/4449/2856 3409/4450/2859 3403/4451/2859
f 3403/4451/2859 3409/4450/2859 3410/4452/2860
f 3403/4451/2859 3410/4452/2860 3402/4453/2860
f 3402/4453/2860 3410/4452/2860 3411/4454/2775
f 3402/4453/2860 3411/4454/2775 3401/4455/2775
f 3401/4455/2775 3411/4454/2775 3412/4456/2861
f 3401/4455/2775 3412/4456/2861 3400/4457/2861
f 3400/4457/2861 3412/4456/2861 3413/4458/2862
f 3400/4457/2861 3413/4458/2862 3399/4459/2862
f 3399/4459/2862 3413/4458/2862 3414/4460/2863
f 3399/4459/2862 3414/4460/2863 3398/4461/2863
f 3398/4461/2863 3414/4460/2863 3415/4462/2864
f 3398/4461/2863 3415/4462/2864 3397/4463/2864
f 3397/4463/2864 3415/4462/2864 3416/4464/2773
f 3397/4463/2864 3416/4464/2773 3396/4465/2773
f 3396/4465/2773 3416/4464/2773 3417/4466/2866
f 3396/4465/2773 3417/4466/2866 3395/4467/2866
f 3395/4467/2866 3417/4466/2866 3418/4468/2867
f 3395/4467/2866 3418/4468/2867 3394/4469/2867
f 3394/3573/2867 3418/4470/2867 3419/4471/2868
f 3394/3573/2867 3419/4471/2868 3393/4472/2868
f 3393/4472/2868 3419/4471/2868 3420/4473/2869
f 3393/4472/2868 3420/4473/2869 3392/4474/2869
f 3392/4474/2869 3420/4473/2869 3421/4475/2786
f 3392/4474/2869 3421/4475/2786 3391/4476/2786
f 3391/4476/2786 3421/4475/2786 3422/4477/2870
f 3391/4476/2786 3422/4477/2870 3390/4478/2870
f 3390/4478/2870 3422/4477/2870 3423/4479/2872
f 3390/4478/2870 3423/4479/2872 3389/4480/2872
f 3389/4480/2872 3423/4479/2872 3424/4481/2873
f 3389/4480/2872 3424/4481/2873 3388/4482/2873
f 3388/4482/2873 3424/4481/2873 3425/4483/2874
f 3388/4482/2873 3425/4483/2874 3387/4484/2874
f 3387/4484/2874 3425/4483/2874 3426/4485/2793
f 3387/4484/2874 3426/4485/2793 3386/4486/2793
f 3386/4486/2793 3426/4485/2793 3427/4487/2875
f 3386/4486/2793 3427/4487/2875 3385/4488/2875
f 3385/4488/2875 3427/4487/2875 3428/4489/2876
f 3385/4488/2875 3428/4489/2876 3384/4490/2914
f 3384/4490/2914 3428/4489/2876 3429/4491/2877
f 3384/4490/2914 3429/4491/2877 3383/4492/2877
f 3383/4492/2877 3429/4491/2877 3430/4493/2854
f 3383/4492/2877 3430/4493/2854 3382/4444/2854
f 3382/4444/2854 3430/4493/2854 3406/4445/25
f 3432/4444/2854 3456/4445/25 3431/2/25
f 3431/2/25 3456/4445/25 3457/4446/2855
f 3431/2/25 3457/4446/2855 3455/4447/2855
f 3455/4447/2855 3457/4446/2855 3458/4448/2856
f 3455/4447/2855 3458/4448/2856 3454/4449/2856
f 3454/4449/2856 3458/4448/2856 3459/4450/2859
f 3454/4449/2856 3459/4450/2859 3453/4451/2859
f 3453/4451/2859 3459/4450/2859 3460/4452/2860
f 3453/4451/2859 3460/4452/2860 3452/4453/2860
f 3452/4453/2860 3460/4452/2860 3461/4454/2775
f 3452/4453/2860 3461/4454/2775 3451/4455/2775
f 3451/4455/2775 3461/4454/2775 3462/4456/2861
f 3451/4455/2775 3462/4456/2861 3450/4457/2861
f 3450/4457/2861 3462/4456/2861 3463/4458/2862
f 3450/4457/2861 3463/4458/2862 3449/4459/2862
f 3449/4459/2862 3463/4458/2862 3464/4460/2863
f 3449/4459/2862 3464/4460/2863 3448/4461/2863
f 3448/4461/2863 3464/4460/2863 3465/4462/2864
f 3448/4461/2863 3465/4462/2864 3447/4463/2864
f 3447/4463/2864 3465/4462/2864 3466/4464/2773
f 3447/4463/2864 3466/4464/2773 3446/4465/2773
f 3446/4465/2773 3466/4464/2773 3467/4466/2866
f 3446/4465/2773 3467/4466/2866 3445/4467/2866
f 3445/4467/2866 3467/4466/2866 3468/4468/2867
f 3445/4467/2866 3468/4468/2867 3444/4469/2867
f 3444/3573/2867 3468/4470/2867 3469/4471/2868
f 3444/3573/2867 3469/4471/2868 3443/4472/2868
f 3443/4472/2868 3469/4471/2868 3470/4473/2869
f 3443/4472/2868 3470/4473/2869 3442/4474/2869
f 3442/4474/2869 3470/4473/2869 3471/4475/2786
f 3442/4474/2869 3471/4475/2786 3441/4476/2786
f 3441/4476/2786 3471/4475/2786 3472/4477/2870
f 3441/4476/2786 3472/4477/2870 3440/4478/2870
f 3440/4478/2870 3472/4477/2870 3473/4479/2872
f 3440/4478/2870 3473/4479/2872 3439/4480/2872
f 3439/4480/2872 3473/4479/2872 3474/4481/2873
f 3439/4480/2872 3474/4481/2873 3438/4482/2873
f 3438/4482/2873 3474/4481/2873 3475/4483/2874
f 3438/4482/2873 3475/4483/2874 3437/4484/2874
f 3437/4484/2874 3475/4483/2874 3476/4485/2793
f 3437/4484/2874 3476/4485/2793 3436/4486/2793
f 3436/4486/2793 3476/4485/2793 3477/4487/2875
f 3436/4486/2793 3477/4487/2875 3435/4488/2875
f 3435/4488/2875 3477/4487/2875 3478/4489/2876
f 3435/4488/2875 3478/4489/2876 3434/4490/2914
f 3434/4490/2914 3478/4489/2876 3479/4491/2877
f 3434/4490/2914 3479/4491/2877 3433/4492/2877
f 3433/4492/2877 3479/4491/2877 3480/4493/2854
f 3433/4492/2877 3480/4493/2854 3432/4444/2854
f 3432/4444/2854 3480/4493/2854 3456/4445/25
f 2922/4558/2915 2921/4559/2916 3522/4560/2917
f 3522/4560/2917 2921/4559/2916 3521/4561/2916
f 3521/4561/2916 2921/4559/2916 2920/4562/2918
f 3521/4561/2916 2920/4562/2918 3520/4563/2918
f 3520/4563/2918 2920/4562/2918 2919/4564/2919
f 3520/4563/2918 2919/4564/2919 3519/4565/2919
f 3519/4565/2919 2919/4564/2919 2918/4566/2920
f 3519/4565/2919 2918/4566/2920 3518/4567/2920
f 3518/4567/2920 2918/4566/2920 2917/4568/2921
f 3518/4567/2920 2917/4568/2921 3517/4569/2921
f 3517/4569/2921 2917/4568/2921 2916/4570/2922
f 3517/4569/2921 2916/4570/2922 3516/4571/2922
f 3516/4571/2922 2916/4570/2922 2915/4572/2923
f 3516/4571/2922 2915/4572/2923 3515/4573/2923
f 3515/4573/2923 2915/4572/2923 2914/4574/2924
f 3515/4573/2923 2914/4574/2924 3514/4575/2924
f 3514/4575/2924 2914/4574/2924 2913/4576/2925
f 3514/4575/2924 2913/4576/2925 3513/4577/2925
f 3513/4577/2925 2913/4576/2925 2912/4578/2926
f 3513/4577/2925 2912/4578/2926 3512/4579/2926
f 3512/4579/2926 2912/4578/2926 2911/4580/2927
f 3512/4579/2926 2911/4580/2927 3511/4581/2927
f 3511/4581/2927 2911/4580/2927 2910/4582/2928
f 3511/4581/2927 2910/4582/2928 3510/4583/2928
f 3510/4583/2928 2910/4582/2928 2909/4584/2929
f 3510/4583/2928 2909/4584/2929 3509/4585/2929
f 3509/4585/2929 2909/4584/2929 2908/4586/2930
f 3509/4585/2929 2908/4586/2930 3508/4587/2930
f 3508/4587/2930 2908/4586/2930 2907/4588/2931
f 3508/4587/2930 2907/4588/2931 3507/4589/2931
f 3507/4589/2931 2907/4588/2931 2906/4590/2932
f 3507/4589/2931 2906/4590/2932 3506/4591/2932
f 3506/4591/2932 2906/4590/2932 2905/4592/2933
f 3506/4591/2932 2905/4592/2933 3505/4593/2933
f 3505/4593/2933 2905/4592/2933 2904/4594/2855
f 3505/4593/2933 2904/4594/2855 3504/4595/2934
f 3504/4595/2934 2904/4594/2855 2903/4596/2935
f 3504/4595/2934 2903/4596/2935 3503/4597/2935
f 3503/4597/2935 2903/4596/2935 2902/4598/2936
f 3503/4597/2935 2902/4598/2936 3502/4599/2936
f 3502/4599/2936 2902/4598/2936 3501/4600/2937
f 3501/4600/2937 2902/4598/2936 2901/4601/2937
f 3501/4600/2937 2901/4601/2937 2900/4602/2938
f 3501/4600/2937 2900/4602/2938 3500/4603/2938
f 3500/4603/2938 2900/4602/2938 2899/4604/2854
f 3500/4603/2938 2899/4604/2854 3499/4605/2939
f 3499/4605/2939 2899/4604/2854 2898/4606/2940
f 3499/4605/2939 2898/4606/2940 3498/4607/2940
f 3498/4607/2940 2898/4606/2940 2897/4608/2941
f 3498/4607/2940 2897/4608/2941 3497/4609/2941
f 3497/4609/2941 2897/4608/2941 2896/4610/2942
f 3497/4609/2941 2896/4610/2942 3496/4611/2942
f 3496/4611/2942 2896/4610/2942 2895/4612/2943
f 3496/4611/2942 2895/4612/2943 3495/4613/2943
f 3495/4613/2943 2895/4612/2943 2894/4614/2944
f 3495/4613/2943 2894/4614/2944 3494/4615/2944
f 3494/4615/2944 2894/4614/2944 2893/4616/2945
f 3494/4615/2944 2893/4616/2945 3493/4617/2945
f 3493/4617/2945 2893/4616/2945 2892/4618/2946
f 3493/4617/2945 2892/4618/2946 3492/4619/2946
f 3492/4619/2946 2892/4618/2946 2891/4620/2947
f 3492/4619/2946 2891/4620/2947 3491/4621/2947
f 3491/4621/2947 2891/4620/2947 2890/4622/2948
f 3491/4621/2947 2890/4622/2948 3490/4623/2948
f 3490/4623/2948 2890/4622/2948 2889/4624/2949
f 3490/4623/2948 2889/4624/2949 3489/4625/2949
f 3489/4625/2949 2889/4624/2949 2888/4626/2950
f 3489/4625/2949 2888/4626/2950 3488/4627/2951
f 3488/4627/2951 2888/4626/2950 2887/4628/2952
f 3488/4627/2951 2887/4628/2952 3487/4629/2952
f 3487/4629/2952 2887/4628/2952 2886/4630/2953
f 3487/4629/2952 2886/4630/2953 3486/4631/2953
f 3486/4631/2953 2886/4630/2953 2885/4632/2954
f 3486/4631/2953 2885/4632/2954 3485/4633/2954
f 3485/4633/2954 2885/4632/2954 2884/4634/2955
f 3485/4633/2954 2884/4634/2955 3484/4635/2955
f 3484/4635/2955 2884/4634/2955 2883/4636/2956
f 3484/4635/2955 2883/4636/2956 3483/4637/2956
f 3483/4637/2956 2883/4636/2956 2882/4638/2957
f 3483/4637/2956 2882/4638/2957 3482/4639/2958
f 3482/4639/2958 2882/4638/2957 2881/4640/2959
f 3482/4639/2958 2881/4640/2959 3481/4641/2960
f 2699/4642/2805 3531/4360/2806 2683/4643/87
f 2683/4644/87 3531/4363/2806 3532/4364/2807
f 2683/4644/87 3532/4364/2807 2684/4645/2808
f 2684/4645/2808 3532/4364/2807 3533/4366/2809
f 2684/4645/2808 3533/4366/2809 2685/4646/2810
f 2685/4646/2810 3533/4366/2809 3534/4368/2811
f 2685/4646/2810 3534/4368/2811 2686/4647/2812
f 2686/4647/2812 3534/4368/2811 3535/4370/2813
f 2686/4647/2812 3535/4370/2813 2687/4648/2814
f 2687/4648/2814 3535/4370/2813 3536/4372/2815
f 2687/4648/2814 3536/4372/2815 2688/4649/2816
f 2688/4649/2816 3536/4372/2815 3537/4374/2817
f 2688/4649/2816 3537/4374/2817 2689/4650/2818
f 2689/4650/2818 3537/4374/2817 3538/4376/2819
f 2689/4650/2818 3538/4376/2819 2690/4651/2820
f 2690/4651/2820 3538/4376/2819 3539/4378/2821
f 2690/4651/2820 3539/4378/2821 2691/4652/2961
f 2691/4652/2961 3539/4378/2821 3523/4380/25
f 2691/4652/2961 3523/4380/25 2692/4653/2962
f 2692/4653/2962 3523/4380/25 3524/4382/2824
f 2692/4653/2962 3524/4382/2824 2693/4654/2825
f 2693/4654/2825 3524/4382/2824 3525/4384/2826
f 2693/4654/2825 3525/4384/2826 2694/4655/2963
f 2694/4655/2963 3525/4384/2826 3526/4386/2828
f 2694/4655/2963 3526/4386/2828 2695/4656/2829
f 2695/4656/2829 3526/4386/2828 3527/4388/2830
f 2695/4656/2829 3527/4388/2830 2696/4657/2831
f 2696/4657/2831 3527/4388/2830 3528/4390/2832
f 2696/4657/2831 3528/4390/2832 2697/4658/2833
f 2697/4658/2833 3528/4390/2832 3529/4392/2834
f 2697/4658/2833 3529/4392/2834 2698/4659/2835
f 2698/4659/2835 3529/4392/2834 3530/4394/2836
f 2698/4659/2835 3530/4394/2836 2699/4642/2805
f 2699/4642/2805 3530/4394/2836 3531/4360/2806
f 2659/4642/2805 3548/4360/2806 2643/4643/87
f 2643/4644/87 3548/4363/2806 3549/4364/2807
f 2643/4644/87 3549/4364/2807 2644/4645/2808
f 2644/4645/2808 3549/4364/2807 3550/4366/2809
f 2644/4645/2808 3550/4366/2809 2645/4646/2810
f 2645/4646/2810 3550/4366/2809 3551/4368/2811
f 2645/4646/2810 3551/4368/2811 2646/4647/2812
f 2646/4647/2812 3551/4368/2811 3552/4370/2813
f 2646/4647/2812 3552/4370/2813 2647/4648/2814
f 2647/4648/2814 3552/4370/2813 3553/4372/2815
f 2647/4648/2814 3553/4372/2815 2648/4649/2816
f 2648/4649/2816 3553/4372/2815 3554/4374/2817
f 2648/4649/2816 3554/4374/2817 2649/4650/2818
f 2649/4650/2818 3554/4374/2817 3555/4376/2819
f 2649/4650/2818 3555/4376/2819 2650/4651/2820
f 2650/4651/2820 3555/4376/2819 3556/4378/2821
f 2650/4651/2820 3556/4378/2821 2651/4652/2961
f 2651/4652/2961 3556/4378/2821 3540/4380/25
f 2651/4652/2961 3540/4380/25 2652/4653/2962
f 2652/4653/2962 3540/4380/25 3541/4382/2824
f 2652/4653/2962 3541/4382/2824 2653/4654/2825
f 2653/4654/2825 3541/4382/2824 3542/4384/2826
f 2653/4654/2825 3542/4384/2826 2654/4655/2827
f 2654/4655/2827 3542/4384/2826 3543/4386/2828
f 2654/4655/2827 3543/4386/2828 2655/4656/2829
f 2655/4656/2829 3543/4386/2828 3544/4388/2830
f 2655/4656/2829 3544/4388/2830 2656/4657/2831
f 2656/4657/2831 3544/4388/2830 3545/4390/2832
f 2656/4657/2831 3545/4390/2832 2657/4658/2833
f 2657/4658/2833 3545/4390/2832 3546/4392/2834
f 2657/4658/2833 3546/4392/2834 2658/4659/2835
f 2658/4659/2835 3546/4392/2834 3547/4394/2836
f 2658/4659/2835 3547/4394/2836 2659/4642/2805
f 2659/4642/2805 3547/4394/2836 3548/4360/2806
f 3558/4660/185 3559/4661/185 3557/4662/185
f 3557/4662/185 3559/4661/185 3560/4663/185
f 3561/4664/87 3562/4665/87 3580/4666/87
f 3580/4666/87 3562/4665/87 3563/4667/87
f 3580/4666/87 3563/4667/87 3579/4668/87
f 3579/4668/87 3563/4667/87 3578/4669/87
f 3578/4669/87 3563/4667/87 3577/4670/87
f 3577/4670/87 3563/4667/87 3568/4671/87
f 3577/4670/87 3568/4671/87 3576/4672/87
f 3576/4672/87 3568/4671/87 3569/4673/87
f 3576/4672/87 3569/4673/87 3575/4674/87
f 3575/4674/87 3569/4673/87 3570/4675/87
f 3575/4674/87 3570/4675/87 3574/4676/87
f 3574/4676/87 3570/4675/87 3571/4677/2477
f 3574/4676/87 3571/4677/2477 3573/4678/87
f 3573/4678/87 3571/4677/2477 3572/4679/2367
f 3563/4667/87 3564/4680/87 3568/4671/87
f 3568/4671/87 3564/4680/87 3567/4681/87
f 3567/4681/87 3564/4680/87 3566/4682/87
f 3566/4682/87 3564/4680/87 3565/4683/87
f 3565/4683/87 3564/4680/87 3558/1945/87
f 3565/4683/87 3558/1945/87 3557/2070/87
f 3582/4684/176 3562/4685/176 3581/4686/176
f 3581/4686/176 3562/4685/176 3561/4687/176
f 3563/4688/170 3005/4689/170 3564/4690/170
f 3564/4690/170 3005/4689/170 3024/4691/170
f 3564/4690/170 3024/4691/170 3023/4692/170
f 3583/4693/170 3412/4694/170 3563/4688/170
f 3563/4688/170 3412/4694/170 3411/4695/170
f 3563/4688/170 3411/4695/170 3410/4696/170
f 3584/4697/170 3416/4698/170 3583/4693/170
f 3583/4693/170 3416/4698/170 3415/4699/170
f 3583/4693/170 3415/4699/170 3414/4700/170
f 3585/4701/170 3611/4702/170 3584/4697/170
f 3584/4697/170 3611/4702/170 3417/4703/170
f 3584/4697/170 3417/4703/170 3416/4698/170
f 3611/4702/170 3585/4701/170 3610/4704/170
f 3610/4704/170 3585/4701/170 3586/4705/170
f 3610/4704/170 3586/4705/170 3609/4706/170
f 3609/4706/170 3586/4705/170 2880/4707/170
f 3609/4706/170 2880/4707/170 2879/4708/170
f 3609/4706/170 2879/4708/170 3608/4709/170
f 3608/4709/170 2879/4708/170 2878/4710/170
f 3608/4709/170 2878/4710/170 3304/4711/170
f 3304/4711/170 2878/4710/170 3305/4712/170
f 3305/4712/170 2878/4710/170 2877/4713/170
f 3305/4712/170 2877/4713/170 2876/4714/170
f 2875/4715/170 3242/4716/170 2876/4714/170
f 2876/4714/170 3242/4716/170 3306/4717/170
f 2876/4714/170 3306/4717/170 3305/4712/170
f 3242/4716/170 2875/4715/170 3243/4718/170
f 3243/4718/170 2875/4715/170 2874/4719/170
f 3243/4718/170 2874/4719/170 2873/4720/170
f 3243/4718/170 2873/4720/170 3244/4721/170
f 3244/4721/170 2873/4720/170 2872/4722/170
f 3244/4721/170 2872/4722/170 2871/4723/170
f 3244/4721/170 2871/4723/170 3245/4724/170
f 3245/4724/170 2871/4723/170 2870/4725/170
f 3245/4724/170 2870/4725/170 3246/4726/170
f 3246/4726/170 2870/4725/170 2869/4727/170
f 3246/4726/170 2869/4727/170 3247/4728/170
f 3247/4728/170 2869/4727/170 2868/4729/170
f 3247/4728/170 2868/4729/170 3248/4730/170
f 3248/4730/170 2868/4729/170 2867/4731/170
f 3248/4730/170 2867/4731/170 3249/4732/170
f 3249/4732/170 2867/4731/170 2866/4733/170
f 3249/4732/170 2866/4733/170 3250/4734/170
f 3250/4734/170 2866/4733/170 3251/4735/170
f 3251/4735/170 2866/4733/170 2865/4736/170
f 3251/4735/170 2865/4736/170 3252/4737/170
f 3252/4737/170 2865/4736/170 2864/4738/170
f 3252/4737/170 2864/4738/170 3253/4739/170
f 3253/4739/170 2864/4738/170 2863/4740/170
f 3253/4739/170 2863/4740/170 3254/4741/170
f 3254/4741/170 2863/4740/170 2862/4742/170
f 3254/4741/170 2862/4742/170 3255/4743/170
f 3255/4743/170 2862/4742/170 2861/4744/170
f 3255/4743/170 2861/4744/170 3256/4745/170
f 3256/4745/170 2861/4744/170 2860/4746/170
f 3256/4745/170 2860/4746/170 3257/4747/170
f 3257/4747/170 2860/4746/170 2859/4748/170
f 3257/4747/170 2859/4748/170 3364/4749/170
f 3364/4749/170 2859/4748/170 3365/4750/170
f 3365/4750/170 2859/4748/170 2858/4751/170
f 3365/4750/170 2858/4751/170 3366/4752/170
f 3366/4752/170 2858/4751/170 2857/4753/170
f 3366/4752/170 2857/4753/170 3367/4754/170
f 3367/4754/170 2857/4753/170 2856/4755/170
f 3367/4754/170 2856/4755/170 3368/4756/170
f 3368/4756/170 2856/4755/170 2855/4757/170
f 3368/4756/170 2855/4757/170 3369/4758/170
f 3369/4758/170 2855/4757/170 2854/4759/170
f 3369/4758/170 2854/4759/170 3370/4760/170
f 3370/4760/170 2854/4759/170 2853/4761/170
f 3370/4760/170 2853/4761/170 3371/4762/170
f 3371/4762/170 2853/4761/170 3372/4763/170
f 3372/4763/170 2853/4761/170 2852/4764/170
f 3372/4763/170 2852/4764/170 3373/4765/170
f 3373/4765/170 2852/4764/170 2851/4766/170
f 3373/4765/170 2851/4766/170 3374/4767/170
f 3374/4767/170 2851/4766/170 2850/4768/170
f 3374/4767/170 2850/4768/170 3375/4769/170
f 3375/4769/170 2850/4768/170 2849/4770/170
f 3375/4769/170 2849/4770/170 3376/4771/170
f 3376/4771/170 2849/4770/170 2848/4772/170
f 3376/4771/170 2848/4772/170 3377/4773/170
f 3377/4773/170 2848/4772/170 2847/4774/170
f 3377/4773/170 2847/4774/170 2846/4775/170
f 3377/4773/170 2846/4775/170 3378/4776/170
f 3378/4776/170 2846/4775/170 2845/4777/170
f 3378/4776/170 2845/4777/170 2844/4778/170
f 3378/4776/170 2844/4778/170 3379/4779/170
f 3379/4779/170 2844/4778/170 2843/4780/170
f 3379/4779/170 2843/4780/170 3323/4781/170
f 3323/4781/170 2843/4780/170 3324/4782/170
f 3324/4782/170 2843/4780/170 2842/4783/170
f 3324/4782/170 2842/4783/170 2841/4784/170
f 2840/4785/170 3599/4786/170 2841/4784/170
f 2841/4784/170 3599/4786/170 3325/4787/170
f 2841/4784/170 3325/4787/170 3324/4782/170
f 3599/4786/170 2840/4785/170 3598/4788/170
f 3598/4788/170 2840/4785/170 2839/4789/170
f 3598/4788/170 2839/4789/170 3587/4790/170
f 3598/4788/170 3587/4790/170 3597/4791/170
f 3597/4791/170 3587/4790/170 3588/4792/170
f 3597/4791/170 3588/4792/170 3596/4793/170
f 3596/4793/170 3588/4792/170 3589/4794/170
f 3596/4793/170 3589/4794/170 3470/4795/170
f 3470/4795/170 3589/4794/170 3471/4796/170
f 3471/4796/170 3589/4794/170 3590/4797/170
f 3471/4796/170 3590/4797/170 3472/4798/170
f 3472/4798/170 3590/4797/170 3473/4799/170
f 3473/4799/170 3590/4797/170 3474/4800/170
f 3474/4800/170 3590/4797/170 3475/4801/170
f 3475/4801/170 3590/4797/170 3564/4690/170
f 3475/4801/170 3564/4690/170 3476/4802/170
f 3476/4802/170 3564/4690/170 3477/4803/170
f 3477/4803/170 3564/4690/170 3478/4804/170
f 3478/4804/170 3564/4690/170 3479/4805/170
f 3479/4805/170 3564/4690/170 3480/4806/170
f 3480/4806/170 3564/4690/170 3456/4807/170
f 3456/4807/170 3564/4690/170 3022/4808/170
f 3456/4807/170 3022/4808/170 3457/4809/170
f 3457/4809/170 3022/4808/170 3021/4810/170
f 3457/4809/170 3021/4810/170 3458/4811/170
f 3458/4811/170 3021/4810/170 3020/4812/170
f 3458/4811/170 3020/4812/170 3459/4813/170
f 3459/4813/170 3020/4812/170 3019/4814/170
f 3459/4813/170 3019/4814/170 3460/4815/170
f 3460/4815/170 3019/4814/170 3018/4816/170
f 3460/4815/170 3018/4816/170 3461/4817/170
f 3461/4817/170 3018/4816/170 3017/4818/170
f 3461/4817/170 3017/4818/170 3462/4819/170
f 3462/4819/170 3017/4818/170 3016/4820/170
f 3462/4819/170 3016/4820/170 3076/4821/170
f 3076/4821/170 3016/4820/170 3057/4822/170
f 3057/4822/170 3016/4820/170 3015/4823/170
f 3057/4822/170 3015/4823/170 3058/4824/170
f 3058/4824/170 3015/4823/170 3014/4825/170
f 3058/4824/170 3014/4825/170 3425/4826/170
f 3425/4826/170 3014/4825/170 3013/4827/170
f 3425/4826/170 3013/4827/170 3426/4828/170
f 3426/4828/170 3013/4827/170 3012/4829/170
f 3426/4828/170 3012/4829/170 3427/4830/170
f 3427/4830/170 3012/4829/170 3011/4831/170
f 3427/4830/170 3011/4831/170 3428/4832/170
f 3428/4832/170 3011/4831/170 3010/4833/170
f 3428/4832/170 3010/4833/170 3429/4834/170
f 3429/4834/170 3010/4833/170 3009/4835/170
f 3429/4834/170 3009/4835/170 3430/4836/170
f 3430/4836/170 3009/4835/170 3008/4837/170
f 3430/4836/170 3008/4837/170 3406/4838/170
f 3406/4838/170 3008/4837/170 3563/4688/170
f 3406/4838/170 3563/4688/170 3407/4839/170
f 3407/4839/170 3563/4688/170 3408/4840/170
f 3408/4840/170 3563/4688/170 3409/4841/170
f 3409/4841/170 3563/4688/170 3410/4696/170
f 3023/4692/170 3022/4808/170 3564/4690/170
f 3008/4837/170 3007/4842/170 3563/4688/170
f 3563/4688/170 3007/4842/170 3006/4843/170
f 3563/4688/170 3006/4843/170 3005/4689/170
f 3076/4821/170 3075/4844/170 3462/4819/170
f 3462/4819/170 3075/4844/170 3463/4845/170
f 3463/4845/170 3075/4844/170 3074/4846/170
f 3463/4845/170 3074/4846/170 3464/4847/170
f 3464/4847/170 3074/4846/170 3073/4848/170
f 3464/4847/170 3073/4848/170 3465/4849/170
f 3465/4849/170 3073/4848/170 3072/4850/170
f 3465/4849/170 3072/4850/170 3466/4851/170
f 3466/4851/170 3072/4850/170 3071/4852/170
f 3466/4851/170 3071/4852/170 3592/4853/170
f 3592/4853/170 3071/4852/170 3591/4854/170
f 3591/4854/170 3071/4852/170 3070/4855/170
f 3591/4854/170 3070/4855/170 3069/4856/170
f 3069/4856/170 3068/4857/170 3591/4854/170
f 3591/4854/170 3068/4857/170 3067/4858/170
f 3591/4854/170 3067/4858/170 3616/4859/170
f 3616/4859/170 3067/4858/170 3066/4860/170
f 3616/4859/170 3066/4860/170 3065/4861/170
f 3065/4861/170 3064/4862/170 3616/4859/170
f 3616/4859/170 3064/4862/170 3063/4863/170
f 3616/4859/170 3063/4863/170 3615/4864/170
f 3615/4864/170 3063/4863/170 3421/4865/170
f 3615/4864/170 3421/4865/170 3420/4866/170
f 3063/4863/170 3062/4867/170 3421/4865/170
f 3421/4865/170 3062/4867/170 3422/4868/170
f 3422/4868/170 3062/4867/170 3061/4869/170
f 3422/4868/170 3061/4869/170 3423/4870/170
f 3423/4870/170 3061/4869/170 3060/4871/170
f 3423/4870/170 3060/4871/170 3424/4872/170
f 3424/4872/170 3060/4871/170 3059/4873/170
f 3424/4872/170 3059/4873/170 3425/4826/170
f 3425/4826/170 3059/4873/170 3058/4824/170
f 3264/4874/170 3308/4875/170 3240/4876/170
f 3240/4876/170 3308/4875/170 3307/4877/170
f 3240/4876/170 3307/4877/170 3241/4878/170
f 3241/4878/170 3307/4877/170 3306/4717/170
f 3241/4878/170 3306/4717/170 3242/4716/170
f 3308/4875/170 3264/4874/170 3309/4879/170
f 3309/4879/170 3264/4874/170 3263/4880/170
f 3309/4879/170 3263/4880/170 3310/4881/170
f 3310/4881/170 3263/4880/170 3262/4882/170
f 3310/4881/170 3262/4882/170 3311/4883/170
f 3311/4883/170 3262/4882/170 3261/4884/170
f 3311/4883/170 3261/4884/170 3260/4885/170
f 3311/4883/170 3260/4885/170 3312/4886/170
f 3312/4886/170 3260/4885/170 3259/4887/170
f 3312/4886/170 3259/4887/170 3313/4888/170
f 3313/4888/170 3259/4887/170 3258/4889/170
f 3313/4888/170 3258/4889/170 3314/4890/170
f 3314/4890/170 3258/4889/170 3257/4747/170
f 3314/4890/170 3257/4747/170 3315/4891/170
f 3315/4891/170 3257/4747/170 3364/4749/170
f 3315/4891/170 3364/4749/170 3363/4892/170
f 3330/4893/170 3603/4894/170 3298/4895/170
f 3298/4895/170 3603/4894/170 3604/4896/170
f 3298/4895/170 3604/4896/170 3299/4897/170
f 3299/4897/170 3604/4896/170 3300/4898/170
f 3300/4898/170 3604/4896/170 3301/4899/170
f 3301/4899/170 3604/4896/170 3605/4900/170
f 3301/4899/170 3605/4900/170 3302/4901/170
f 3302/4901/170 3605/4900/170 3606/4902/170
f 3302/4901/170 3606/4902/170 3303/4903/170
f 3303/4903/170 3606/4902/170 3607/4904/170
f 3303/4903/170 3607/4904/170 3304/4711/170
f 3304/4711/170 3607/4904/170 3608/4709/170
f 3330/4893/170 3329/4905/170 3603/4894/170
f 3603/4894/170 3329/4905/170 3328/4906/170
f 3603/4894/170 3328/4906/170 3602/4907/170
f 3602/4907/170 3328/4906/170 3327/4908/170
f 3602/4907/170 3327/4908/170 3601/4909/170
f 3601/4909/170 3327/4908/170 3326/4910/170
f 3601/4909/170 3326/4910/170 3600/4911/170
f 3600/4911/170 3326/4910/170 3325/4787/170
f 3600/4911/170 3325/4787/170 3599/4786/170
f 3379/4779/170 3323/4781/170 3380/4912/170
f 3380/4912/170 3323/4781/170 3322/4913/170
f 3380/4912/170 3322/4913/170 3356/4914/170
f 3356/4914/170 3322/4913/170 3321/4915/170
f 3356/4914/170 3321/4915/170 3357/4916/170
f 3357/4916/170 3321/4915/170 3320/4917/170
f 3357/4916/170 3320/4917/170 3358/4918/170
f 3358/4918/170 3320/4917/170 3319/4919/170
f 3358/4918/170 3319/4919/170 3359/4920/170
f 3359/4920/170 3319/4919/170 3318/4921/170
f 3359/4920/170 3318/4921/170 3360/4922/170
f 3360/4922/170 3318/4921/170 3361/4923/170
f 3361/4923/170 3318/4921/170 3317/4924/170
f 3361/4923/170 3317/4924/170 3362/4925/170
f 3362/4925/170 3317/4924/170 3316/4926/170
f 3362/4925/170 3316/4926/170 3363/4892/170
f 3363/4892/170 3316/4926/170 3315/4891/170
f 3615/4864/170 3420/4866/170 3614/4927/170
f 3614/4927/170 3420/4866/170 3419/4928/170
f 3614/4927/170 3419/4928/170 3613/4929/170
f 3613/4929/170 3419/4928/170 3418/4930/170
f 3613/4929/170 3418/4930/170 3612/4931/170
f 3612/4931/170 3418/4930/170 3417/4703/170
f 3612/4931/170 3417/4703/170 3611/4702/170
f 3414/4700/170 3413/4932/170 3583/4693/170
f 3583/4693/170 3413/4932/170 3412/4694/170
f 3466/4851/170 3592/4853/170 3467/4933/170
f 3467/4933/170 3592/4853/170 3593/4934/170
f 3467/4933/170 3593/4934/170 3468/4935/170
f 3468/4935/170 3593/4934/170 3594/4936/170
f 3468/4935/170 3594/4936/170 3469/4937/170
f 3469/4937/170 3594/4936/170 3595/4938/170
f 3469/4937/170 3595/4938/170 3470/4795/170
f 3470/4795/170 3595/4938/170 3596/4793/170
f 3618/4939/143 2963/4940/143 3617/4941/143
f 3617/4941/143 2963/4940/143 2962/4942/143
f 3617/4941/143 2962/4942/143 3664/4943/143
f 3664/4943/143 2962/4942/143 3663/4944/143
f 3663/4944/143 2962/4942/143 2961/4945/143
f 3663/4944/143 2961/4945/143 3662/4946/143
f 3662/4946/143 2961/4945/143 2960/4947/143
f 3662/4946/143 2960/4947/143 3661/4948/143
f 3661/4948/143 2960/4947/143 2959/4949/143
f 3661/4948/143 2959/4949/143 3660/4950/143
f 3660/4950/143 2959/4949/143 2958/4951/143
f 3660/4950/143 2958/4951/143 3659/4952/143
f 3659/4952/143 2958/4951/143 3658/4953/143
f 3658/4953/143 2958/4951/143 2957/4954/143
f 3658/4953/143 2957/4954/143 3657/4955/143
f 3657/4955/143 2957/4954/143 3656/4956/143
f 3656/4956/143 2957/4954/143 2956/4957/143
f 3656/4956/143 2956/4957/143 3655/4958/143
f 3655/4958/143 2956/4957/143 2955/4959/143
f 3655/4958/143 2955/4959/143 3654/4960/143
f 3654/4960/143 2955/4959/143 3653/4961/143
f 3653/4961/143 2955/4959/143 2954/4962/143
f 3653/4961/143 2954/4962/143 3652/4963/143
f 3652/4963/143 2954/4962/143 3144/4964/143
f 3652/4963/143 3144/4964/143 3651/4965/143
f 3651/4965/143 3144/4964/143 3143/4966/143
f 3651/4965/143 3143/4966/143 3650/4967/143
f 3650/4967/143 3143/4966/143 3142/4968/143
f 3650/4967/143 3142/4968/143 3649/4969/143
f 3649/4969/143 3142/4968/143 3141/4970/143
f 3649/4969/143 3141/4970/143 3648/4971/143
f 3648/4971/143 3141/4970/143 3140/4972/143
f 3648/4971/143 3140/4972/143 3139/4973/143
f 3618/4939/143 3619/4974/143 2963/4940/143
f 2963/4940/143 3619/4974/143 2964/4975/143
f 2964/4975/143 3619/4974/143 3620/4976/143
f 2964/4975/143 3620/4976/143 2965/4977/143
f 2965/4977/143 3620/4976/143 3621/4978/143
f 2965/4977/143 3621/4978/143 3622/4979/143
f 2965/4977/143 3622/4979/143 2966/4980/143
f 2966/4980/143 3622/4979/143 3623/4981/143
f 2966/4980/143 3623/4981/143 3107/4982/143
f 3107/4982/143 3623/4981/143 3624/4983/143
f 3107/4982/143 3624/4983/143 3108/4984/143
f 3108/4984/143 3624/4983/143 3625/4985/143
f 3108/4984/143 3625/4985/143 3109/4986/143
f 3109/4986/143 3625/4985/143 3626/4987/143
f 3109/4986/143 3626/4987/143 3110/4988/143
f 3110/4988/143 3626/4987/143 3627/4989/143
f 3110/4988/143 3627/4989/143 3111/4990/143
f 3111/4990/143 3627/4989/143 3112/4991/143
f 3112/4991/143 3627/4989/143 3628/4992/143
f 3112/4991/143 3628/4992/143 3113/4993/143
f 3113/4993/143 3628/4992/143 3629/4994/143
f 3113/4993/143 3629/4994/143 3114/4995/143
f 3114/4995/143 3629/4994/143 3630/4996/143
f 3114/4995/143 3630/4996/143 3115/4997/143
f 3115/4997/143 3630/4996/143 3631/4998/143
f 3115/4997/143 3631/4998/143 3116/4999/143
f 3116/4999/143 3631/4998/143 3632/5000/143
f 3116/4999/143 3632/5000/143 3094/5001/143
f 3094/5001/143 3632/5000/143 3633/5002/143
f 3094/5001/143 3633/5002/143 3095/5003/143
f 3095/5003/143 3633/5002/143 3634/5004/143
f 3095/5003/143 3634/5004/143 3096/5005/143
f 3096/5005/143 3634/5004/143 3635/5006/143
f 3096/5005/143 3635/5006/143 3636/5007/143
f 3636/5007/143 3637/5008/143 3096/5005/143
f 3096/5005/143 3637/5008/143 3097/5009/143
f 3097/5009/143 3637/5008/143 3154/5010/143
f 3097/5009/143 3154/5010/143 3153/5011/143
f 3637/5008/143 3638/5012/143 3154/5010/143
f 3154/5010/143 3638/5012/143 3155/5013/143
f 3155/5013/143 3638/5012/143 3639/5014/143
f 3155/5013/143 3639/5014/143 3640/5015/143
f 3640/5015/143 3641/5016/143 3155/5013/143
f 3155/5013/143 3641/5016/143 3156/5017/143
f 3156/5017/143 3641/5016/143 3642/5018/143
f 3156/5017/143 3642/5018/143 3134/5019/143
f 3134/5019/143 3642/5018/143 3643/5020/143
f 3134/5019/143 3643/5020/143 3135/5021/143
f 3135/5021/143 3643/5020/143 3644/5022/143
f 3135/5021/143 3644/5022/143 3136/5023/143
f 3136/5023/143 3644/5022/143 3645/5024/143
f 3136/5023/143 3645/5024/143 3137/5025/143
f 3137/5025/143 3645/5024/143 3646/5026/143
f 3137/5025/143 3646/5026/143 3138/5027/143
f 3138/5027/143 3646/5026/143 3647/5028/143
f 3138/5027/143 3647/5028/143 3139/4973/143
f 3139/4973/143 3647/5028/143 3648/4971/143
f 2972/5029/143 3101/5030/143 2947/5031/143
f 2947/5031/143 3101/5030/143 3100/5032/143
f 2947/5031/143 3100/5032/143 3151/5033/143
f 3151/5033/143 3100/5032/143 3099/5034/143
f 3151/5033/143 3099/5034/143 3152/5035/143
f 3152/5035/143 3099/5034/143 3098/5036/143
f 3152/5035/143 3098/5036/143 3153/5011/143
f 3153/5011/143 3098/5036/143 3097/5009/143
f 3101/5030/143 2972/5029/143 3102/5037/143
f 3102/5037/143 2972/5029/143 2971/5038/143
f 3102/5037/143 2971/5038/143 3103/5039/143
f 3103/5039/143 2971/5038/143 2970/5040/143
f 3103/5039/143 2970/5040/143 3104/5041/143
f 3104/5041/143 2970/5040/143 2969/5042/143
f 3104/5041/143 2969/5042/143 3105/5043/143
f 3105/5043/143 2969/5042/143 2968/5044/143
f 3105/5043/143 2968/5044/143 3106/5045/143
f 3106/5045/143 2968/5044/143 2967/5046/143
f 3106/5045/143 2967/5046/143 2966/4980/143
f 3144/4964/143 2954/4962/143 3145/5047/143
f 3145/5047/143 2954/4962/143 2953/5048/143
f 3145/5047/143 2953/5048/143 2952/5049/143
f 3145/5047/143 2952/5049/143 3146/5050/143
f 3146/5050/143 2952/5049/143 2951/5051/143
f 3146/5050/143 2951/5051/143 3147/5052/143
f 3147/5052/143 2951/5051/143 2950/5053/143
f 3147/5052/143 2950/5053/143 3148/5054/143
f 3148/5054/143 2950/5053/143 2949/5055/143
f 3148/5054/143 2949/5055/143 3149/5056/143
f 3149/5056/143 2949/5055/143 2948/5057/143
f 3149/5056/143 2948/5057/143 3150/5058/143
f 3150/5058/143 2948/5057/143 2947/5031/143
f 3150/5058/143 2947/5031/143 3151/5033/143
f 3107/4982/143 3106/5045/143 2966/4980/143
f 3581/5059/2964 3561/5060/2965 3685/5061/2966
f 3685/5061/2966 3561/5060/2965 3580/5062/2967
f 3685/5061/2966 3580/5062/2967 3684/5063/2968
f 3684/5063/2968 3580/5062/2967 3579/5064/2969
f 3684/5063/2968 3579/5064/2969 3683/5065/2970
f 3683/5065/2970 3579/5064/2969 3578/5066/2971
f 3683/5065/2970 3578/5066/2971 2757/5067/2972
f 2757/5067/2972 3578/5066/2971 2758/5068/2973
f 2758/5068/2973 3578/5066/2971 2759/5069/2974
f 2759/5069/2974 3578/5066/2971 3577/5070/2975
f 2759/5069/2974 3577/5070/2975 2760/5071/2976
f 2760/5071/2976 3577/5070/2975 2761/5072/2977
f 2761/5072/2977 3577/5070/2975 2762/5073/2978
f 2762/5073/2978 3577/5070/2975 2763/5074/2979
f 2763/5074/2979 3577/5070/2975 2764/5075/2980
f 2764/5075/2980 3577/5070/2975 3576/5076/2981
f 2764/5075/2980 3576/5076/2981 2765/5077/2982
f 2765/5077/2982 3576/5076/2981 2766/5078/2983
f 2766/5078/2983 3576/5076/2981 2767/5079/2984
f 2767/5079/2984 3576/5076/2981 3575/5080/2985
f 2767/5079/2984 3575/5080/2985 2768/5081/2986
f 2768/5081/2986 3575/5080/2985 2769/5082/2987
f 2769/5082/2987 3575/5080/2985 2770/5083/2988
f 2770/5083/2988 3575/5080/2985 2771/5084/2989
f 2771/5084/2989 3575/5080/2985 3574/5085/2990
f 2771/5084/2989 3574/5085/2990 2772/5086/2991
f 2772/5086/2991 3574/5085/2990 2773/5087/2992
f 2773/5087/2992 3574/5085/2990 3679/5088/2993
f 2773/5087/2992 3679/5088/2993 2774/5089/833
f 2774/5089/833 3679/5088/2993 2775/5090/2994
f 2775/5090/2994 3679/5088/2993 2776/5091/2995
f 2776/5091/2995 3679/5088/2993 2777/5092/2996
f 2777/5092/2996 3679/5088/2993 3680/5093/2997
f 2777/5092/2996 3680/5093/2997 2778/5094/2998
f 2778/5094/2998 3680/5093/2997 2779/5095/2999
f 2779/5095/2999 3680/5093/2997 2780/5096/3000
f 2780/5096/3000 3680/5093/2997 2749/5097/3001
f 2749/5097/3001 3680/5093/2997 3681/5098/3002
f 2749/5097/3001 3681/5098/3002 2750/5099/3003
f 2750/5099/3003 3681/5098/3002 2751/5100/3004
f 2751/5100/3004 3681/5098/3002 2752/5101/3005
f 2752/5101/3005 3681/5098/3002 3682/5102/3006
f 2752/5101/3005 3682/5102/3006 2753/5103/3007
f 2753/5103/3007 3682/5102/3006 2754/5104/3008
f 2754/5104/3008 3682/5102/3006 2755/5105/3009
f 2755/5105/3009 3682/5102/3006 2756/5106/3010
f 2756/5106/3010 3682/5102/3006 3683/5065/2970
f 2756/5106/3010 3683/5065/2970 2757/5067/2972
f 3573/5107/3011 2982/2559/3012 3574/5085/2990
f 3574/5085/2990 2982/2559/3012 2981/2542/3013
f 3574/5085/2990 2981/2542/3013 3678/5108/3014
f 3678/5108/3014 2981/2542/3013 3033/2543/3013
f 3678/5108/3014 3033/2543/3013 3032/2614/3012
f 3572/5109/3015 2989/2561/143 3573/5107/3011
f 3573/5107/3011 2989/2561/143 2988/2562/3016
f 3573/5107/3011 2988/2562/3016 2987/2563/3017
f 3571/5110/3018 2995/2590/3019 3572/5109/3015
f 3572/5109/3015 2995/2590/3019 2994/2565/3020
f 3572/5109/3015 2994/2565/3020 2993/2566/3021
f 3570/5111/3022 2816/5112/3023 3571/5110/3018
f 3571/5110/3018 2816/5112/3023 2815/5113/3024
f 3571/5110/3018 2815/5113/3024 3675/5114/3025
f 3675/5114/3025 2815/5113/3024 2814/5115/3026
f 3675/5114/3025 2814/5115/3026 2813/5116/3027
f 3569/5117/3028 2821/5118/3029 3570/5111/3022
f 3570/5111/3022 2821/5118/3029 2820/5119/3030
f 3570/5111/3022 2820/5119/3030 2819/5120/3031
f 3568/5121/3032 2824/5122/3033 3569/5117/3028
f 3569/5117/3028 2824/5122/3033 2823/5123/3034
f 3569/5117/3028 2823/5123/3034 2822/5124/3035
f 3567/5125/3036 2828/5126/3037 3568/5121/3032
f 3568/5121/3032 2828/5126/3037 2827/5127/3038
f 3568/5121/3032 2827/5127/3038 2826/5128/3039
f 3566/5129/3040 3671/5130/3041 3567/5125/3036
f 3567/5125/3036 3671/5130/3041 2831/5131/3042
f 3567/5125/3036 2831/5131/3042 2830/5132/3043
f 3671/5130/3041 3566/5129/3040 3670/5133/3044
f 3670/5133/3044 3566/5129/3040 3565/5134/3045
f 3670/5133/3044 3565/5134/3045 3669/5135/3046
f 3669/5135/3046 3565/5134/3045 3557/5136/3047
f 3669/5135/3046 3557/5136/3047 3560/5137/3048
f 3560/5137/3048 3665/5138/3049 3669/5135/3046
f 3669/5135/3046 3665/5138/3049 3666/5139/3050
f 3669/5135/3046 3666/5139/3050 3667/5140/3051
f 3667/5140/3051 3668/5141/3052 3669/5135/3046
f 2831/5131/3042 3671/5130/3041 2832/5142/3053
f 2832/5142/3053 3671/5130/3041 3672/5143/3054
f 2832/5142/3053 3672/5143/3054 2833/5144/3055
f 2833/5144/3055 3672/5143/3054 2834/5145/3056
f 2834/5145/3056 3672/5143/3054 2835/5146/3057
f 2835/5146/3057 3672/5143/3054 2836/5147/3058
f 2836/5147/3058 3672/5143/3054 3673/5148/3059
f 2836/5147/3058 3673/5148/3059 2837/5149/3060
f 2837/5149/3060 3673/5148/3059 2838/5150/3061
f 2838/5150/3061 3673/5148/3059 2807/5151/3062
f 2807/5151/3062 3673/5148/3059 3674/5152/3063
f 2807/5151/3062 3674/5152/3063 2808/5153/3064
f 2808/5153/3064 3674/5152/3063 2809/5154/3065
f 2809/5154/3065 3674/5152/3063 2810/5155/3066
f 2810/5155/3066 3674/5152/3063 2811/5156/3067
f 2811/5156/3067 3674/5152/3063 3675/5114/3025
f 2811/5156/3067 3675/5114/3025 2812/5157/3068
f 2812/5157/3068 3675/5114/3025 2813/5116/3027
f 3675/5114/3025 3676/5158/3069 3571/5110/3018
f 3571/5110/3018 3676/5158/3069 2997/2570/3070
f 3571/5110/3018 2997/2570/3070 2996/2571/3071
f 3677/427/143 3054/2618/3072 3676/5158/3069
f 3676/5158/3069 3054/2618/3072 3053/2619/3021
f 3676/5158/3069 3053/2619/3021 3052/2580/3020
f 3678/5108/3014 3028/2615/3073 3677/427/143
f 3677/427/143 3028/2615/3073 3027/2616/3017
f 3677/427/143 3027/2616/3017 3026/2617/3016
f 3678/5108/3014 3679/5088/2993 3574/5085/2990
f 3686/5159/3074 3687/5160/3075 3685/5061/2966
f 3685/5061/2966 3687/5160/3075 3688/5161/3076
f 3685/5061/2966 3688/5161/3076 3689/5162/3077
f 3689/5162/3077 3581/5059/2964 3685/5061/2966
f 2830/5132/3043 2829/5163/3078 3567/5125/3036
f 3567/5125/3036 2829/5163/3078 2828/5126/3037
f 2826/5128/3039 2825/5164/3079 3568/5121/3032
f 3568/5121/3032 2825/5164/3079 2824/5122/3033
f 2822/5124/3035 2821/5118/3029 3569/5117/3028
f 2819/5120/3031 2818/5165/3080 3570/5111/3022
f 3570/5111/3022 2818/5165/3080 2817/5166/3081
f 3570/5111/3022 2817/5166/3081 2816/5112/3023
f 3004/2600/3082 3042/2599/3083 2973/2596/143
f 2973/2596/143 3042/2599/3083 3041/2597/143
f 2973/2596/143 3041/2597/143 2974/2556/3084
f 2974/2556/3084 3041/2597/143 3040/2598/3016
f 2974/2556/3084 3040/2598/3016 2975/2555/3017
f 2975/2555/3017 3040/2598/3016 3039/2554/3085
f 2975/2555/3017 3039/2554/3085 2976/2553/3073
f 2976/2553/3073 3039/2554/3085 3038/2552/3086
f 2976/2553/3073 3038/2552/3086 2977/2551/3087
f 2977/2551/3087 3038/2552/3086 3037/2550/3087
f 2977/2551/3087 3037/2550/3087 2978/2549/3088
f 2978/2549/3088 3037/2550/3087 3036/2548/3088
f 2978/2549/3088 3036/2548/3088 2979/2547/3089
f 2979/2547/3089 3036/2548/3088 3035/2546/3089
f 2979/2547/3089 3035/2546/3089 2980/2545/3090
f 2980/2545/3090 3035/2546/3089 3034/2544/3090
f 2980/2545/3090 3034/2544/3090 2981/2542/3013
f 2981/2542/3013 3034/2544/3090 3033/2543/3013
f 3042/2599/3083 3004/2600/3082 3043/2601/3091
f 3043/2601/3091 3004/2600/3082 3003/2602/3091
f 3043/2601/3091 3003/2602/3091 3044/2603/3072
f 3044/2603/3072 3003/2602/3091 3002/2604/3092
f 3044/2603/3072 3002/2604/3092 3045/2605/3093
f 3045/2605/3093 3002/2604/3092 3001/2606/3093
f 3045/2605/3093 3001/2606/3093 3046/2610/3094
f 3046/2610/3094 3001/2606/3093 3000/2607/3094
f 3046/2610/3094 3000/2607/3094 3047/2609/3095
f 3047/2609/3095 3000/2607/3094 2999/2608/3095
f 3047/2609/3095 2999/2608/3095 3048/2611/3071
f 3048/2611/3071 2999/2608/3095 2998/2612/3096
f 3048/2611/3071 2998/2612/3096 3049/2613/3097
f 3049/2613/3097 2998/2612/3096 2997/2570/3070
f 3049/2613/3097 2997/2570/3070 3676/5158/3069
f 2996/2571/3071 2995/2590/3019 3571/5110/3018
f 2993/2566/3021 2992/2567/3092 3572/5109/3015
f 3572/5109/3015 2992/2567/3092 2991/2591/3091
f 3572/5109/3015 2991/2591/3091 2990/2592/3083
f 2990/2592/3083 2989/2561/143 3572/5109/3015
f 2987/2563/3017 2986/2593/3086 3573/5107/3011
f 3573/5107/3011 2986/2593/3086 2985/2594/3098
f 3573/5107/3011 2985/2594/3098 2984/2595/3088
f 2984/2595/3088 2983/2558/3089 3573/5107/3011
f 3573/5107/3011 2983/2558/3089 2982/2559/3012
f 3026/2617/3016 3025/2584/143 3677/427/143
f 3677/427/143 3025/2584/143 3056/2585/3083
f 3677/427/143 3056/2585/3083 3055/2586/3091
f 3055/2586/3091 3054/2618/3072 3677/427/143
f 3052/2580/3020 3051/2581/3095 3676/5158/3069
f 3676/5158/3069 3051/2581/3095 3050/2582/3071
f 3676/5158/3069 3050/2582/3071 3049/2613/3097
f 3032/2614/3012 3031/2587/3089 3678/5108/3014
f 3678/5108/3014 3031/2587/3089 3030/2588/3088
f 3678/5108/3014 3030/2588/3088 3029/2589/3087
f 3029/2589/3087 3028/2615/3073 3678/5108/3014
f 3691/5167/2540 3686/5168/25 3661/5169/25
f 3661/5169/25 3686/5168/25 3685/5170/25
f 3661/5169/25 3685/5170/25 3669/5171/25
f 3669/5171/25 3685/5170/25 3670/5172/25
f 3670/5172/25 3685/5170/25 3684/5173/25
f 3670/5172/25 3684/5173/25 3671/5174/25
f 3671/5174/25 3684/5173/25 3683/5175/25
f 3671/5174/25 3683/5175/25 3672/5176/25
f 3672/5176/25 3683/5175/25 3682/5177/25
f 3672/5176/25 3682/5177/25 3673/5178/25
f 3673/5178/25 3682/5177/25 3681/5179/25
f 3673/5178/25 3681/5179/25 3674/5180/25
f 3674/5180/25 3681/5179/25 3680/5181/25
f 3674/5180/25 3680/5181/25 3675/5182/2540
f 3675/5182/2540 3680/5181/25 3679/5183/1073
f 3675/5182/2540 3679/5183/1073 3676/5184/2540
f 3676/5184/2540 3679/5183/1073 3678/5185/1073
f 3676/5184/2540 3678/5185/1073 3677/1303/1073
f 3661/5169/25 3669/5171/25 3662/5186/25
f 3662/5186/25 3669/5171/25 3668/5187/25
f 3662/5186/25 3668/5187/25 3690/5188/2540
f 3432/5189/170 3431/5190/170 3523/5191/170
f 3523/5191/170 3431/5190/170 3455/5192/170
f 3523/5191/170 3455/5192/170 3524/5193/170
f 3524/5193/170 3455/5192/170 3454/5194/170
f 3524/5193/170 3454/5194/170 3525/5195/170
f 3525/5195/170 3454/5194/170 3453/5196/170
f 3525/5195/170 3453/5196/170 3452/5197/170
f 3525/5195/170 3452/5197/170 3526/5198/170
f 3526/5198/170 3452/5197/170 3451/5199/170
f 3526/5198/170 3451/5199/170 3527/5200/170
f 3527/5200/170 3451/5199/170 3450/5201/170
f 3527/5200/170 3450/5201/170 3449/5202/170
f 3527/5200/170 3449/5202/170 3528/5203/170
f 3528/5203/170 3449/5202/170 3448/5204/170
f 3528/5203/170 3448/5204/170 3529/5205/170
f 3529/5205/170 3448/5204/170 3447/5206/170
f 3529/5205/170 3447/5206/170 3446/5207/170
f 3529/5205/170 3446/5207/170 3530/5208/170
f 3530/5208/170 3446/5207/170 3445/5209/170
f 3530/5208/170 3445/5209/170 3531/5210/170
f 3531/5210/170 3445/5209/170 3444/5211/170
f 3531/5210/170 3444/5211/170 3443/5212/170
f 3531/5210/170 3443/5212/170 3532/5213/170
f 3532/5213/170 3443/5212/170 3442/5214/170
f 3532/5213/170 3442/5214/170 3533/5215/170
f 3533/5215/170 3442/5214/170 3441/5216/170
f 3533/5215/170 3441/5216/170 3534/5217/170
f 3534/5217/170 3441/5216/170 3440/5218/170
f 3534/5217/170 3440/5218/170 3439/5219/170
f 3534/5217/170 3439/5219/170 3535/5220/170
f 3535/5220/170 3439/5219/170 3438/5221/170
f 3535/5220/170 3438/5221/170 3536/5222/170
f 3536/5222/170 3438/5221/170 3437/5223/170
f 3536/5222/170 3437/5223/170 3436/5224/170
f 3536/5222/170 3436/5224/170 3537/5225/170
f 3537/5225/170 3436/5224/170 3435/5226/170
f 3537/5225/170 3435/5226/170 3538/5227/170
f 3538/5227/170 3435/5226/170 3434/5228/170
f 3538/5227/170 3434/5228/170 3433/5229/170
f 3538/5227/170 3433/5229/170 3539/5230/170
f 3539/5230/170 3433/5229/170 3432/5189/170
f 3539/5230/170 3432/5189/170 3523/5191/170
f 3704/5231/87 3603/5232/87 3703/5233/2838
f 3703/5233/2838 3603/5232/87 3602/5234/2838
f 3703/5233/2838 3602/5234/2838 3702/2652/2406
f 3702/2652/2406 3602/5234/2838 3601/5235/2406
f 3702/2652/2406 3601/5235/2406 3701/5236/178
f 3701/5236/178 3601/5235/2406 3600/5237/3099
f 3701/5236/178 3600/5237/3099 3700/5238/2840
f 3700/5238/2840 3600/5237/3099 3599/5239/2840
f 3700/5238/2840 3599/5239/2840 3699/5240/2842
f 3699/5240/2842 3599/5239/2840 3598/5241/2841
f 3699/5240/2842 3598/5241/2841 3698/5242/176
f 3698/5242/176 3598/5241/2841 3597/5243/176
f 3698/5242/176 3597/5243/176 3697/5244/2843
f 3697/5244/2843 3597/5243/176 3596/5245/2843
f 3697/5244/2843 3596/5245/2843 3696/5246/2844
f 3696/5246/2844 3596/5245/2843 3595/5247/2844
f 3696/5246/2844 3595/5247/2844 3695/5248/173
f 3695/5248/173 3595/5247/2844 3594/5249/173
f 3695/5248/173 3594/5249/173 3694/5250/2845
f 3694/5250/2845 3594/5249/173 3593/5251/2845
f 3694/5250/2845 3593/5251/2845 3693/5252/2846
f 3693/5252/2846 3593/5251/2845 3592/5253/2846
f 3693/5252/2846 3592/5253/2846 3692/2/25
f 3692/2/25 3592/5253/2846 3591/4445/25
f 3604/5254/87 3603/5255/87 3705/5256/87
f 3705/5256/87 3603/5255/87 3704/2/87
f 3717/2/25 3616/4445/25 3716/5257/2847
f 3716/5257/2847 3616/4445/25 3615/5258/2847
f 3716/5257/2847 3615/5258/2847 3715/5259/2449
f 3715/5259/2449 3615/5258/2847 3614/5260/2449
f 3715/5259/2449 3614/5260/2449 3714/5261/188
f 3714/5261/188 3614/5260/2449 3613/5262/188
f 3714/5261/188 3613/5262/188 3713/5263/3100
f 3713/5263/3100 3613/5262/188 3612/5264/2848
f 3713/5263/3100 3612/5264/2848 3712/5265/2849
f 3712/5265/2849 3612/5264/2848 3611/5266/2850
f 3712/5265/2849 3611/5266/2850 3711/5267/185
f 3711/5267/185 3611/5266/2850 3610/5268/185
f 3711/5267/185 3610/5268/185 3710/5269/3101
f 3710/5269/3101 3610/5268/185 3609/5270/2851
f 3710/5269/3101 3609/5270/2851 3709/5271/2853
f 3709/5271/2853 3609/5270/2851 3608/5272/2852
f 3709/5271/2853 3608/5272/2852 3708/5273/182
f 3708/5273/182 3608/5272/2852 3607/5274/182
f 3708/5273/182 3607/5274/182 3707/5275/2421
f 3707/5275/2421 3607/5274/182 3606/5276/2421
f 3707/5275/2421 3606/5276/2421 3706/5277/2837
f 3706/5277/2837 3606/5276/2421 3605/5278/2837
f 3706/5277/2837 3605/5278/2837 3705/5279/87
f 3705/5279/87 3605/5278/2837 3604/5280/87
f 3591/5255/25 3616/5281/25 3692/2/25
f 3692/2/25 3616/5281/25 3717/5282/25
f 3703/5283/170 3702/5284/170 3704/5285/170
f 3704/5285/170 3702/5284/170 3701/5286/170
f 3704/5285/170 3701/5286/170 3700/5287/170
f 3704/5285/170 3700/5287/170 3710/5288/170
f 3710/5288/170 3700/5287/170 3699/5289/170
f 3710/5288/170 3699/5289/170 3711/5290/170
f 3711/5290/170 3699/5289/170 3698/5291/170
f 3711/5290/170 3698/5291/170 3697/5292/170
f 3711/5290/170 3697/5292/170 3712/5293/170
f 3712/5293/170 3697/5292/170 3696/5294/170
f 3712/5293/170 3696/5294/170 3692/5295/170
f 3692/5295/170 3696/5294/170 3695/5296/170
f 3692/5295/170 3695/5296/170 3694/5297/170
f 3694/5297/170 3693/5298/170 3692/5295/170
f 3712/5293/170 3692/5295/170 3713/5299/170
f 3713/5299/170 3692/5295/170 3717/5300/170
f 3713/5299/170 3717/5300/170 3714/5301/170
f 3714/5301/170 3717/5300/170 3715/5302/170
f 3715/5302/170 3717/5300/170 3716/5303/170
f 3710/5288/170 3709/5304/170 3704/5285/170
f 3704/5285/170 3709/5304/170 3705/5305/170
f 3705/5305/170 3709/5304/170 3708/5306/170
f 3705/5305/170 3708/5306/170 3707/5307/170
f 3707/5307/170 3706/5308/170 3705/5305/170
f 3382/5189/170 3381/5190/170 3540/5191/170
f 3540/5191/170 3381/5190/170 3405/5192/170
f 3540/5191/170 3405/5192/170 3541/5193/170
f 3541/5193/170 3405/5192/170 3404/5194/170
f 3541/5193/170 3404/5194/170 3542/5195/170
f 3542/5195/170 3404/5194/170 3403/5196/170
f 3542/5195/170 3403/5196/170 3402/5197/170
f 3542/5195/170 3402/5197/170 3543/5198/170
f 3543/5198/170 3402/5197/170 3401/5199/170
f 3543/5198/170 3401/5199/170 3544/5200/170
f 3544/5200/170 3401/5199/170 3400/5201/170
f 3544/5200/170 3400/5201/170 3399/5202/170
f 3544/5200/170 3399/5202/170 3545/5203/170
f 3545/5203/170 3399/5202/170 3398/5204/170
f 3545/5203/170 3398/5204/170 3546/5205/170
f 3546/5205/170 3398/5204/170 3397/5206/170
f 3546/5205/170 3397/5206/170 3396/5207/170
f 3546/5205/170 3396/5207/170 3547/5208/170
f 3547/5208/170 3396/5207/170 3395/5209/170
f 3547/5208/170 3395/5209/170 3548/5210/170
f 3548/5210/170 3395/5209/170 3394/5211/170
f 3548/5210/170 3394/5211/170 3393/5212/170
f 3548/5210/170 3393/5212/170 3549/5213/170
f 3549/5213/170 3393/5212/170 3392/5214/170
f 3549/5213/170 3392/5214/170 3550/5215/170
f 3550/5215/170 3392/5214/170 3391/5216/170
f 3550/5215/170 3391/5216/170 3551/5217/170
f 3551/5217/170 3391/5216/170 3390/5218/170
f 3551/5217/170 3390/5218/170 3389/5219/170
f 3551/5217/170 3389/5219/170 3552/5220/170
f 3552/5220/170 3389/5219/170 3388/5221/170
f 3552/5220/170 3388/5221/170 3553/5222/170
f 3553/5222/170 3388/5221/170 3387/5223/170
f 3553/5222/170 3387/5223/170 3386/5224/170
f 3553/5222/170 3386/5224/170 3554/5225/170
f 3554/5225/170 3386/5224/170 3385/5226/170
f 3554/5225/170 3385/5226/170 3555/5227/170
f 3555/5227/170 3385/5226/170 3384/5228/170
f 3555/5227/170 3384/5228/170 3383/5229/170
f 3555/5227/170 3383/5229/170 3556/5230/170
f 3556/5230/170 3383/5229/170 3382/5189/170
f 3556/5230/170 3382/5189/170 3540/5191/170
f 3332/5189/170 3331/5190/170 3174/5191/170
f 3174/5191/170 3331/5190/170 3355/5192/170
f 3174/5191/170 3355/5192/170 3175/5193/170
f 3175/5193/170 3355/5192/170 3354/5194/170
f 3175/5193/170 3354/5194/170 3176/5195/170
f 3176/5195/170 3354/5194/170 3353/5196/170
f 3176/5195/170 3353/5196/170 3352/5197/170
f 3176/5195/170 3352/5197/170 3177/5198/170
f 3177/5198/170 3352/5197/170 3351/5199/170
f 3177/5198/170 3351/5199/170 3178/5200/170
f 3178/5200/170 3351/5199/170 3350/5201/170
f 3178/5200/170 3350/5201/170 3349/5202/170
f 3178/5200/170 3349/5202/170 3179/5203/170
f 3179/5203/170 3349/5202/170 3348/5204/170
f 3179/5203/170 3348/5204/170 3180/5205/170
f 3180/5205/170 3348/5204/170 3347/5206/170
f 3180/5205/170 3347/5206/170 3346/5207/170
f 3180/5205/170 3346/5207/170 3181/5208/170
f 3181/5208/170 3346/5207/170 3345/5209/170
f 3181/5208/170 3345/5209/170 3182/5210/170
f 3182/5210/170 3345/5209/170 3344/5211/170
f 3182/5210/170 3344/5211/170 3343/5212/170
f 3182/5210/170 3343/5212/170 3183/5213/170
f 3183/5213/170 3343/5212/170 3342/5214/170
f 3183/5213/170 3342/5214/170 3184/5215/170
f 3184/5215/170 3342/5214/170 3341/5216/170
f 3184/5215/170 3341/5216/170 3185/5217/170
f 3185/5217/170 3341/5216/170 3340/5218/170
f 3185/5217/170 3340/5218/170 3339/5219/170
f 3185/5217/170 3339/5219/170 3186/5220/170
f 3186/5220/170 3339/5219/170 3338/5221/170
f 3186/5220/170 3338/5221/170 3187/5222/170
f 3187/5222/170 3338/5221/170 3337/5223/170
f 3187/5222/170 3337/5223/170 3336/5224/170
f 3187/5222/170 3336/5224/170 3188/5225/170
f 3188/5225/170 3336/5224/170 3335/5226/170
f 3188/5225/170 3335/5226/170 3189/5227/170
f 3189/5227/170 3335/5226/170 3334/5228/170
f 3189/5227/170 3334/5228/170 3333/5229/170
f 3189/5227/170 3333/5229/170 3190/5230/170
f 3190/5230/170 3333/5229/170 3332/5189/170
f 3190/5230/170 3332/5189/170 3174/5191/170
f 3266/5309/170 3265/5310/170 3191/5295/170
f 3191/5295/170 3265/5310/170 3297/5311/170
f 3191/5295/170 3297/5311/170 3192/5312/170
f 3192/5312/170 3297/5311/170 3296/5313/170
f 3192/5312/170 3296/5313/170 3193/5314/170
f 3193/5314/170 3296/5313/170 3295/5315/170
f 3193/5314/170 3295/5315/170 3194/5316/170
f 3194/5316/170 3295/5315/170 3294/5317/170
f 3194/5316/170 3294/5317/170 3293/5318/170
f 3194/5316/170 3293/5318/170 3195/5319/170
f 3195/5319/170 3293/5318/170 3292/5320/170
f 3195/5319/170 3292/5320/170 3196/5321/170
f 3196/5321/170 3292/5320/170 3291/5322/170
f 3196/5321/170 3291/5322/170 3290/5323/170
f 3196/5321/170 3290/5323/170 3197/5324/170
f 3197/5324/170 3290/5323/170 3289/5325/170
f 3197/5324/170 3289/5325/170 3198/5326/170
f 3198/5326/170 3289/5325/170 3288/5327/170
f 3198/5326/170 3288/5327/170 3199/5328/170
f 3199/5328/170 3288/5327/170 3287/5329/170
f 3199/5328/170 3287/5329/170 3286/5330/170
f 3199/5328/170 3286/5330/170 3200/5331/170
f 3200/5331/170 3286/5330/170 3285/5332/170
f 3200/5331/170 3285/5332/170 3201/5333/170
f 3201/5333/170 3285/5332/170 3284/5334/170
f 3201/5333/170 3284/5334/170 3202/5335/170
f 3202/5335/170 3284/5334/170 3283/5336/170
f 3202/5335/170 3283/5336/170 3282/5337/170
f 3202/5335/170 3282/5337/170 3203/5285/170
f 3203/5285/170 3282/5337/170 3281/5338/170
f 3203/5285/170 3281/5338/170 3204/5283/170
f 3204/5283/170 3281/5338/170 3280/5339/170
f 3204/5283/170 3280/5339/170 3279/5340/170
f 3204/5283/170 3279/5340/170 3205/5284/170
f 3205/5284/170 3279/5340/170 3278/5341/170
f 3205/5284/170 3278/5341/170 3206/5286/170
f 3206/5286/170 3278/5341/170 3277/5342/170
f 3206/5286/170 3277/5342/170 3207/5287/170
f 3207/5287/170 3277/5342/170 3276/5343/170
f 3207/5287/170 3276/5343/170 3275/5344/170
f 3207/5287/170 3275/5344/170 3208/5289/170
f 3208/5289/170 3275/5344/170 3274/5345/170
f 3208/5289/170 3274/5345/170 3209/5291/170
f 3209/5291/170 3274/5345/170 3273/5346/170
f 3209/5291/170 3273/5346/170 3210/5292/170
f 3210/5292/170 3273/5346/170 3272/5347/170
f 3210/5292/170 3272/5347/170 3271/5348/170
f 3210/5292/170 3271/5348/170 3211/5294/170
f 3211/5294/170 3271/5348/170 3270/5349/170
f 3211/5294/170 3270/5349/170 3212/5296/170
f 3212/5296/170 3270/5349/170 3269/5350/170
f 3212/5296/170 3269/5350/170 3268/5351/170
f 3212/5296/170 3268/5351/170 3213/5297/170
f 3213/5297/170 3268/5351/170 3267/5352/170
f 3213/5297/170 3267/5352/170 3214/5298/170
f 3214/5298/170 3267/5352/170 3266/5309/170
f 3214/5298/170 3266/5309/170 3191/5295/170
f 3216/5189/170 3215/5190/170 3157/5191/170
f 3157/5191/170 3215/5190/170 3239/5192/170
f 3157/5191/170 3239/5192/170 3158/5193/170
f 3158/5193/170 3239/5192/170 3238/5194/170
f 3158/5193/170 3238/5194/170 3159/5195/170
f 3159/5195/170 3238/5194/170 3237/5196/170
f 3159/5195/170 3237/5196/170 3236/5197/170
f 3159/5195/170 3236/5197/170 3160/5198/170
f 3160/5198/170 3236/5197/170 3235/5199/170
f 3160/5198/170 3235/5199/170 3161/5200/170
f 3161/5200/170 3235/5199/170 3234/5201/170
f 3161/5200/170 3234/5201/170 3233/5202/170
f 3161/5200/170 3233/5202/170 3162/5203/170
f 3162/5203/170 3233/5202/170 3232/5204/170
f 3162/5203/170 3232/5204/170 3163/5205/170
f 3163/5205/170 3232/5204/170 3231/5206/170
f 3163/5205/170 3231/5206/170 3230/5207/170
f 3163/5205/170 3230/5207/170 3164/5208/170
f 3164/5208/170 3230/5207/170 3229/5209/170
f 3164/5208/170 3229/5209/170 3165/5210/170
f 3165/5210/170 3229/5209/170 3228/5211/170
f 3165/5210/170 3228/5211/170 3227/5212/170
f 3165/5210/170 3227/5212/170 3166/5213/170
f 3166/5213/170 3227/5212/170 3226/5214/170
f 3166/5213/170 3226/5214/170 3167/5215/170
f 3167/5215/170 3226/5214/170 3225/5216/170
f 3167/5215/170 3225/5216/170 3168/5217/170
f 3168/5217/170 3225/5216/170 3224/5218/170
f 3168/5217/170 3224/5218/170 3223/5219/170
f 3168/5217/170 3223/5219/170 3169/5220/170
f 3169/5220/170 3223/5219/170 3222/5221/170
f 3169/5220/170 3222/5221/170 3170/5222/170
f 3170/5222/170 3222/5221/170 3221/5223/170
f 3170/5222/170 3221/5223/170 3220/5224/170
f 3170/5222/170 3220/5224/170 3171/5225/170
f 3171/5225/170 3220/5224/170 3219/5226/170
f 3171/5225/170 3219/5226/170 3172/5227/170
f 3172/5227/170 3219/5226/170 3218/5228/170
f 3172/5227/170 3218/5228/170 3217/5229/170
f 3172/5227/170 3217/5229/170 3173/5230/170
f 3173/5230/170 3217/5229/170 3216/5189/170
f 3173/5230/170 3216/5189/170 3157/5191/170
f 3560/5353/185 3559/3416/185 3665/5354/3102
f 3665/5354/3102 3559/3416/185 3718/5355/3103
f 3665/5354/3102 3718/5355/3103 3666/5356/3104
f 3666/5356/3104 3718/5355/3103 3667/5357/3105
f 3667/5357/3105 3718/5355/3103 3719/5358/3106
f 3667/5357/3105 3719/5358/3106 3690/5359/3107
f 3690/5359/3107 3719/5358/3106 3720/5360/3108
f 3690/5359/3107 3720/5360/3108 3722/5361/3109
f 3722/5361/3109 3720/5360/3108 3721/5362/3110
f 3721/5362/3110 3720/5360/3108 2922/5363/2915
f 3721/5362/3110 2922/5363/2915 3522/5364/2917
f 3690/5359/3107 3668/5365/3111 3667/5357/3105
f 3481/5366/2960 2881/5367/2959 3727/5368/3112
f 3727/5368/3112 2881/5367/2959 3723/5369/3113
f 3727/5368/3112 3723/5369/3113 3726/5370/3114
f 3726/5370/3114 3723/5369/3113 3691/5371/3115
f 3691/5371/3115 3723/5369/3113 3724/5372/3116
f 3691/5371/3115 3724/5372/3116 3686/5373/3117
f 3686/5373/3117 3724/5372/3116 3687/5374/3118
f 3687/5374/3118 3724/5372/3116 3725/5375/3119
f 3687/5374/3118 3725/5375/3119 3688/5376/3120
f 3688/5376/3120 3725/5375/3119 3689/5377/3121
f 3689/5377/3121 3725/5375/3119 3582/3430/176
f 3689/5377/3121 3582/3430/176 3581/5378/176
f 3564/5379/1821 3590/5380/1821 3558/5381/1821
f 3558/5381/1821 3590/5380/1821 3559/5382/1821
f 3590/3436/1821 3589/5383/3122 3559/3438/1821
f 3559/3438/1821 3589/5383/3122 3718/5384/3122
f 3718/5384/3122 3589/5383/3122 3588/5385/3123
f 3718/5384/3122 3588/5385/3123 3719/5386/3123
f 3719/5386/3123 3588/5385/3123 3720/5387/3124
f 3720/5387/3124 3588/5385/3123 3587/5388/3124
f 3720/5387/3124 3587/5388/3124 2839/5389/2676
f 2839/5389/2676 2922/5390/2678 3720/5387/3124
f 2880/5391/2723 3586/5392/3125 2881/5393/2724
f 2881/5393/2724 3586/5392/3125 3723/5394/3125
f 3723/5394/3125 3586/5392/3125 3724/5395/3126
f 3724/5395/3126 3586/5392/3125 3585/5396/3126
f 3724/5395/3126 3585/5396/3126 3584/5397/3127
f 3724/5395/3126 3584/5397/3127 3725/5398/3127
f 3725/5398/3127 3584/5397/3127 3583/3453/3128
f 3725/5398/3127 3583/3453/3128 3582/3452/3128
f 3562/5399/3128 3582/5400/3128 3563/5401/3128
f 3563/5401/3128 3582/5400/3128 3583/5402/3128
f 3662/5403/3129 3690/5404/3130 3663/5405/3131
f 3663/5405/3131 3690/5404/3130 3722/5406/3132
f 3663/5405/3131 3722/5406/3132 3664/5407/3133
f 3664/5407/3133 3722/5406/3132 3721/5408/2166
f 3664/5407/3133 3721/5408/2166 3617/5409/3134
f 3617/5409/3134 3721/5408/2166 3522/5410/3135
f 3522/5411/3135 3521/5412/3136 3617/5413/3134
f 3617/5413/3134 3521/5412/3136 3618/5414/3136
f 3618/5414/3136 3521/5412/3136 3520/5415/3137
f 3618/5414/3136 3520/5415/3137 3619/5416/3137
f 3619/5416/3137 3520/5415/3137 3519/5417/3138
f 3619/5416/3137 3519/5417/3138 3620/5418/3138
f 3620/5418/3138 3519/5417/3138 3518/5419/3139
f 3620/5418/3138 3518/5419/3139 3621/5420/3139
f 3621/5420/3139 3518/5419/3139 3517/5421/3140
f 3621/5420/3139 3517/5421/3140 3622/5422/3140
f 3622/5422/3140 3517/5421/3140 3516/5423/3141
f 3622/5422/3140 3516/5423/3141 3623/5424/3141
f 3623/5424/3141 3516/5423/3141 3515/5425/3142
f 3623/5424/3141 3515/5425/3142 3624/5426/3142
f 3624/5426/3142 3515/5425/3142 3514/5427/3143
f 3624/5426/3142 3514/5427/3143 3625/5428/3143
f 3625/5428/3143 3514/5427/3143 3513/5429/3144
f 3625/5428/3143 3513/5429/3144 3626/5430/3144
f 3626/5430/3144 3513/5429/3144 3512/5431/3145
f 3626/5430/3144 3512/5431/3145 3627/5432/3145
f 3627/5432/3145 3512/5431/3145 3511/5433/3146
f 3627/5432/3145 3511/5433/3146 3628/5434/3146
f 3628/5434/3146 3511/5433/3146 3510/5435/3147
f 3628/5434/3146 3510/5435/3147 3629/5436/3147
f 3629/5436/3147 3510/5435/3147 3509/5437/3148
f 3629/5436/3147 3509/5437/3148 3630/5438/3148
f 3630/5438/3148 3509/5437/3148 3508/5439/3149
f 3630/5438/3148 3508/5439/3149 3631/5440/3149
f 3631/5440/3149 3508/5439/3149 3507/5441/3150
f 3631/5440/3149 3507/5441/3150 3632/5442/3150
f 3632/5442/3150 3507/5441/3150 3506/5443/3151
f 3632/5442/3150 3506/5443/3151 3633/5444/3151
f 3633/5444/3151 3506/5443/3151 3505/5445/3152
f 3633/5444/3151 3505/5445/3152 3634/5446/3152
f 3634/5446/3152 3505/5445/3152 3504/5447/3153
f 3634/5446/3152 3504/5447/3153 3635/5448/3153
f 3635/5448/3153 3504/5447/3153 3503/5449/3154
f 3635/5448/3153 3503/5449/3154 3636/5450/3154
f 3636/5450/3154 3503/5449/3154 3502/5451/3155
f 3636/5450/3154 3502/5451/3155 3637/5452/3155
f 3637/5452/3155 3502/5451/3155 3501/5453/3156
f 3637/5452/3155 3501/5453/3156 3638/5454/3156
f 3638/5455/3156 3501/5456/3156 3500/5457/3157
f 3638/5455/3156 3500/5457/3157 3639/5458/3157
f 3639/5458/3157 3500/5457/3157 3499/5459/3158
f 3639/5458/3157 3499/5459/3158 3640/5460/3158
f 3640/5460/3158 3499/5459/3158 3498/5461/3159
f 3640/5460/3158 3498/5461/3159 3641/5462/3159
f 3641/5462/3159 3498/5461/3159 3497/5463/3160
f 3641/5462/3159 3497/5463/3160 3642/5464/3160
f 3642/5464/3160 3497/5463/3160 3496/5465/3161
f 3642/5464/3160 3496/5465/3161 3643/5466/3161
f 3643/5466/3161 3496/5465/3161 3495/5467/3162
f 3643/5466/3161 3495/5467/3162 3644/5468/3162
f 3644/5468/3162 3495/5467/3162 3494/5469/3163
f 3644/5468/3162 3494/5469/3163 3645/5470/3163
f 3645/5470/3163 3494/5469/3163 3493/5471/3164
f 3645/5470/3163 3493/5471/3164 3646/5472/3164
f 3646/5472/3164 3493/5471/3164 3492/5473/3165
f 3646/5472/3164 3492/5473/3165 3647/5474/3165
f 3647/5474/3165 3492/5473/3165 3491/5475/3166
f 3647/5474/3165 3491/5475/3166 3648/5476/3166
f 3648/5476/3166 3491/5475/3166 3490/5477/3167
f 3648/5476/3166 3490/5477/3167 3649/5478/3167
f 3649/5478/3167 3490/5477/3167 3489/5479/3168
f 3649/5478/3167 3489/5479/3168 3650/5480/3168
f 3650/5480/3168 3489/5479/3168 3488/5481/3169
f 3650/5480/3168 3488/5481/3169 3651/5482/3169
f 3651/5482/3169 3488/5481/3169 3487/5483/3170
f 3651/5482/3169 3487/5483/3170 3652/5484/3170
f 3652/5484/3170 3487/5483/3170 3486/5485/3171
f 3652/5484/3170 3486/5485/3171 3653/5486/3171
f 3653/5486/3171 3486/5485/3171 3485/5487/3172
f 3653/5486/3171 3485/5487/3172 3654/5488/3172
f 3654/5488/3172 3485/5487/3172 3484/5489/3173
f 3654/5488/3172 3484/5489/3173 3655/5490/3173
f 3655/5490/3173 3484/5489/3173 3483/5491/3174
f 3655/5490/3173 3483/5491/3174 3656/5492/3174
f 3656/5492/3174 3483/5491/3174 3482/5493/3175
f 3656/5492/3174 3482/5493/3175 3657/5494/3175
f 3657/5494/3175 3482/5493/3175 3481/5495/3176
f 3657/5494/3175 3481/5495/3176 3658/5496/3177
f 3481/5497/3176 3727/5498/3178 3658/5499/3177
f 3658/5499/3177 3727/5498/3178 3659/5500/3179
f 3659/5500/3179 3727/5498/3178 3726/5501/3180
f 3659/5500/3179 3726/5501/3180 3660/5502/3181
f 3660/5502/3181 3726/5501/3180 3691/5503/3182
f 3660/5502/3181 3691/5503/3182 3661/5504/3183
f 2782/5505/143 2781/5506/143 2700/5507/143
f 2700/5507/143 2781/5506/143 2806/5508/143
f 2700/5507/143 2806/5508/143 2701/5509/143
f 2701/5509/143 2806/5508/143 2805/5510/143
f 2701/5509/143 2805/5510/143 2702/5511/143
f 2702/5511/143 2805/5510/143 2804/5512/143
f 2702/5511/143 2804/5512/143 2703/5513/143
f 2703/5513/143 2804/5512/143 2803/5514/143
f 2703/5513/143 2803/5514/143 2704/5515/143
f 2704/5515/143 2803/5514/143 2802/5516/143
f 2704/5515/143 2802/5516/143 2705/5517/143
f 2705/5517/143 2802/5516/143 2801/5518/143
f 2705/5517/143 2801/5518/143 2706/5519/143
f 2706/5519/143 2801/5518/143 2800/5520/143
f 2706/5519/143 2800/5520/143 2707/5521/143
f 2707/5521/143 2800/5520/143 2799/5522/143
f 2707/5521/143 2799/5522/143 2708/5523/143
f 2708/5523/143 2799/5522/143 2798/5524/143
f 2708/5523/143 2798/5524/143 2797/5525/143
f 2708/5523/143 2797/5525/143 2709/5526/143
f 2709/5526/143 2797/5525/143 2796/5527/143
f 2709/5526/143 2796/5527/143 2710/5528/143
f 2710/5528/143 2796/5527/143 2795/5529/143
f 2710/5528/143 2795/5529/143 2711/5530/143
f 2711/5530/143 2795/5529/143 2794/5531/143
f 2711/5530/143 2794/5531/143 2712/5532/143
f 2712/5532/143 2794/5531/143 2793/5533/143
f 2712/5532/143 2793/5533/143 2713/5534/143
f 2713/5534/143 2793/5533/143 2792/5535/143
f 2713/5534/143 2792/5535/143 2714/5536/143
f 2714/5536/143 2792/5535/143 2791/5537/143
f 2714/5536/143 2791/5537/143 2715/5538/143
f 2715/5538/143 2791/5537/143 2790/5539/143
f 2715/5538/143 2790/5539/143 2789/5540/143
f 2715/5538/143 2789/5540/143 2716/5541/143
f 2716/5541/143 2789/5540/143 2788/5542/143
f 2716/5541/143 2788/5542/143 2717/5543/143
f 2717/5543/143 2788/5542/143 2787/5544/143
f 2717/5543/143 2787/5544/143 2718/5545/143
f 2718/5545/143 2787/5544/143 2786/5546/143
f 2718/5545/143 2786/5546/143 2719/5547/143
f 2719/5547/143 2786/5546/143 2785/5548/143
f 2719/5547/143 2785/5548/143 2720/5549/143
f 2720/5549/143 2785/5548/143 2784/5550/143
f 2720/5549/143 2784/5550/143 2721/5551/143
f 2721/5551/143 2784/5550/143 2783/5552/143
f 2721/5551/143 2783/5552/143 2722/5553/143
f 2722/5553/143 2783/5552/143 2782/5505/143
f 2722/5553/143 2782/5505/143 2700/5507/143
f 2724/5505/143 2723/5506/143 2660/5507/143
f 2660/5507/143 2723/5506/143 2748/5508/143
f 2660/5507/143 2748/5508/143 2661/5509/143
f 2661/5509/143 2748/5508/143 2747/5510/143
f 2661/5509/143 2747/5510/143 2662/5511/143
f 2662/5511/143 2747/5510/143 2746/5512/143
f 2662/5511/143 2746/5512/143 2663/5513/143
f 2663/5513/143 2746/5512/143 2745/5514/143
f 2663/5513/143 2745/5514/143 2664/5515/143
f 2664/5515/143 2745/5514/143 2744/5516/143
f 2664/5515/143 2744/5516/143 2665/5517/143
f 2665/5517/143 2744/5516/143 2743/5518/143
f 2665/5517/143 2743/5518/143 2666/5519/143
f 2666/5519/143 2743/5518/143 2742/5520/143
f 2666/5519/143 2742/5520/143 2667/5521/143
f 2667/5521/143 2742/5520/143 2741/5522/143
f 2667/5521/143 2741/5522/143 2668/5523/143
f 2668/5523/143 2741/5522/143 2740/5524/143
f 2668/5523/143 2740/5524/143 2739/5525/143
f 2668/5523/143 2739/5525/143 2669/5526/143
f 2669/5526/143 2739/5525/143 2738/5527/143
f 2669/5526/143 2738/5527/143 2670/5528/143
f 2670/5528/143 2738/5527/143 2737/5529/143
f 2670/5528/143 2737/5529/143 2671/5530/143
f 2671/5530/143 2737/5529/143 2736/5531/143
f 2671/5530/143 2736/5531/143 2672/5532/143
f 2672/5532/143 2736/5531/143 2735/5533/143
f 2672/5532/143 2735/5533/143 2673/5534/143
f 2673/5534/143 2735/5533/143 2734/5535/143
f 2673/5534/143 2734/5535/143 2674/5536/143
f 2674/5536/143 2734/5535/143 2733/5537/143
f 2674/5536/143 2733/5537/143 2675/5538/143
f 2675/5538/143 2733/5537/143 2732/5539/143
f 2675/5538/143 2732/5539/143 2731/5540/143
f 2675/5538/143 2731/5540/143 2676/5541/143
f 2676/5541/143 2731/5540/143 2730/5542/143
f 2676/5541/143 2730/5542/143 2677/5543/143
f 2677/5543/143 2730/5542/143 2729/5544/143
f 2677/5543/143 2729/5544/143 2678/5545/143
f 2678/5545/143 2729/5544/143 2728/5546/143
f 2678/5545/143 2728/5546/143 2679/5547/143
f 2679/5547/143 2728/5546/143 2727/5548/143
f 2679/5547/143 2727/5548/143 2680/5549/143
f 2680/5549/143 2727/5548/143 2726/5550/143
f 2680/5549/143 2726/5550/143 2681/5551/143
f 2681/5551/143 2726/5550/143 2725/5552/143
f 2681/5551/143 2725/5552/143 2682/5553/143
f 2682/5553/143 2725/5552/143 2724/5505/143
f 2682/5553/143 2724/5505/143 2660/5507/143
f 3729/5554/3184 3774/5555/3185 3728/2/3186
f 3728/2/3186 3774/5555/3185 3748/5556/3186
f 3728/2/3186 3748/5556/3186 3749/5557/3187
f 3774/5555/3185 3729/5554/3184 3773/5558/3188
f 3773/5558/3188 3729/5554/3184 3730/5559/3189
f 3773/5558/3188 3730/5559/3189 3772/5560/3190
f 3772/5560/3190 3730/5559/3189 3731/5561/3191
f 3772/5560/3190 3731/5561/3191 3771/5562/3192
f 3771/5562/3192 3731/5561/3191 3770/5563/3193
f 3770/5563/3193 3731/5561/3191 3732/5564/3194
f 3770/5563/3193 3732/5564/3194 3769/5565/3195
f 3769/5565/3195 3732/5564/3194 3733/5248/3196
f 3769/5565/3195 3733/5248/3196 3768/5566/3197
f 3768/5566/3197 3733/5248/3196 3734/5567/3198
f 3768/5566/3197 3734/5567/3198 3767/5568/3199
f 3767/5568/3199 3734/5567/3198 3766/5569/3200
f 3766/5569/3200 3734/5567/3198 3735/5570/3201
f 3766/5569/3200 3735/5570/3201 3765/5571/3202
f 3765/5571/3202 3735/5570/3201 3736/5572/3203
f 3765/5571/3202 3736/5572/3203 3764/5573/3204
f 3764/5573/3204 3736/5572/3203 3737/5574/3205
f 3764/5573/3204 3737/5574/3205 3763/5575/3206
f 3763/5575/3206 3737/5574/3205 3762/5576/3207
f 3762/5576/3207 3737/5574/3205 3738/5242/3208
f 3762/5576/3207 3738/5242/3208 3761/5577/3209
f 3761/5578/3209 3738/5267/3208 3739/5579/3210
f 3761/5578/3209 3739/5579/3210 3760/5580/3211
f 3760/5580/3211 3739/5579/3210 3759/5581/3212
f 3759/5581/3212 3739/5579/3210 3740/5582/3213
f 3759/5581/3212 3740/5582/3213 3758/5583/3214
f 3758/5583/3214 3740/5582/3213 3741/5584/3215
f 3758/5583/3214 3741/5584/3215 3757/5585/3216
f 3757/5585/3216 3741/5584/3215 3742/5586/3217
f 3757/5585/3216 3742/5586/3217 3756/5587/3218
f 3756/5587/3218 3742/5586/3217 3755/5588/3219
f 3755/5588/3219 3742/5586/3217 3743/5261/3220
f 3755/5588/3219 3743/5261/3220 3754/5589/3221
f 3754/5589/3221 3743/5261/3220 3744/5590/3222
f 3754/5589/3221 3744/5590/3222 3753/5591/3223
f 3753/5591/3223 3744/5590/3222 3745/5592/3224
f 3753/5591/3223 3745/5592/3224 3752/5593/3225
f 3752/5593/3225 3745/5592/3224 3751/5594/3226
f 3751/5594/3226 3745/5592/3224 3746/5595/3227
f 3751/5594/3226 3746/5595/3227 3750/5596/3228
f 3750/5596/3228 3746/5595/3227 3747/5597/3229
f 3750/5596/3228 3747/5597/3229 3749/5557/3187
f 3749/5557/3187 3747/5597/3229 3728/2/3186
f 3776/5554/3184 3821/5555/3230 3775/2/3186
f 3775/2/3186 3821/5555/3230 3795/5556/3186
f 3775/2/3186 3795/5556/3186 3796/5557/3231
f 3821/5555/3230 3776/5554/3184 3820/5558/3188
f 3820/5558/3188 3776/5554/3184 3777/5559/3189
f 3820/5558/3188 3777/5559/3189 3819/5560/3190
f 3819/5560/3190 3777/5559/3189 3778/5561/3191
f 3819/5560/3190 3778/5561/3191 3818/5562/3232
f 3818/5562/3232 3778/5561/3191 3817/5563/3193
f 3817/5563/3193 3778/5561/3191 3779/5564/3194
f 3817/5563/3193 3779/5564/3194 3816/5565/3233
f 3816/5565/3233 3779/5564/3194 3780/5248/3196
f 3816/5565/3233 3780/5248/3196 3815/5566/3197
f 3815/5566/3197 3780/5248/3196 3781/5567/3198
f 3815/5566/3197 3781/5567/3198 3814/5568/3234
f 3814/5568/3234 3781/5567/3198 3813/5569/3200
f 3813/5569/3200 3781/5567/3198 3782/5570/3201
f 3813/5569/3200 3782/5570/3201 3812/5571/3202
f 3812/5571/3202 3782/5570/3201 3783/5572/3203
f 3812/5571/3202 3783/5572/3203 3811/5573/3204
f 3811/5573/3204 3783/5572/3203 3784/5574/3205
f 3811/5573/3204 3784/5574/3205 3810/5575/3206
f 3810/5575/3206 3784/5574/3205 3809/5576/3207
f 3809/5576/3207 3784/5574/3205 3785/5242/3208
f 3809/5576/3207 3785/5242/3208 3808/5577/3209
f 3808/5578/3209 3785/5267/3208 3786/5579/3210
f 3808/5578/3209 3786/5579/3210 3807/5580/3235
f 3807/5580/3235 3786/5579/3210 3806/5581/3212
f 3806/5581/3212 3786/5579/3210 3787/5582/3236
f 3806/5581/3212 3787/5582/3236 3805/5583/3237
f 3805/5583/3237 3787/5582/3236 3788/5584/3215
f 3805/5583/3237 3788/5584/3215 3804/5585/3216
f 3804/5585/3216 3788/5584/3215 3789/5586/3217
f 3804/5585/3216 3789/5586/3217 3803/5587/3218
f 3803/5587/3218 3789/5586/3217 3802/5588/3238
f 3802/5588/3238 3789/5586/3217 3790/5261/3220
f 3802/5588/3238 3790/5261/3220 3801/5589/3239
f 3801/5589/3239 3790/5261/3220 3791/5590/3222
f 3801/5589/3239 3791/5590/3222 3800/5591/3223
f 3800/5591/3223 3791/5590/3222 3792/5598/3224
f 3800/5591/3223 3792/5598/3224 3799/5593/3240
f 3799/5593/3240 3792/5598/3224 3798/5594/3226
f 3798/5594/3226 3792/5598/3224 3793/5595/3227
f 3798/5594/3226 3793/5595/3227 3797/5596/3228
f 3797/5596/3228 3793/5595/3227 3794/5597/3229
f 3797/5596/3228 3794/5597/3229 3796/5557/3231
f 3796/5557/3231 3794/5597/3229 3775/2/3186
f 3823/5554/3184 3868/5555/3185 3822/2/3186
f 3822/2/3186 3868/5555/3185 3842/5556/3186
f 3822/2/3186 3842/5556/3186 3843/5557/3187
f 3868/5555/3185 3823/5554/3184 3867/5558/3188
f 3867/5558/3188 3823/5554/3184 3824/5559/3189
f 3867/5558/3188 3824/5559/3189 3866/5560/3241
f 3866/5560/3241 3824/5559/3189 3825/5561/3191
f 3866/5560/3241 3825/5561/3191 3865/5562/3232
f 3865/5562/3232 3825/5561/3191 3864/5563/3193
f 3864/5563/3193 3825/5561/3191 3826/5564/3194
f 3864/5563/3193 3826/5564/3194 3863/5565/3233
f 3863/5565/3233 3826/5564/3194 3827/5248/3196
f 3863/5565/3233 3827/5248/3196 3862/5566/3197
f 3862/5566/3197 3827/5248/3196 3828/5567/3198
f 3862/5566/3197 3828/5567/3198 3861/5568/3242
f 3861/5568/3242 3828/5567/3198 3860/5569/3200
f 3860/5569/3200 3828/5567/3198 3829/5570/3201
f 3860/5569/3200 3829/5570/3201 3859/5571/3243
f 3859/5571/3243 3829/5570/3201 3830/5572/3203
f 3859/5571/3243 3830/5572/3203 3858/5573/3204
f 3858/5573/3204 3830/5572/3203 3831/5574/3205
f 3858/5573/3204 3831/5574/3205 3857/5575/3206
f 3857/5575/3206 3831/5574/3205 3856/5576/3207
f 3856/5576/3207 3831/5574/3205 3832/5242/3208
f 3856/5576/3207 3832/5242/3208 3855/5577/3209
f 3855/5578/3209 3832/5267/3208 3833/5579/3210
f 3855/5578/3209 3833/5579/3210 3854/5580/3211
f 3854/5580/3211 3833/5579/3210 3853/5581/3212
f 3853/5581/3212 3833/5579/3210 3834/5582/3236
f 3853/5581/3212 3834/5582/3236 3852/5583/3237
f 3852/5583/3237 3834/5582/3236 3835/5584/3215
f 3852/5583/3237 3835/5584/3215 3851/5585/3216
f 3851/5585/3216 3835/5584/3215 3836/5599/3217
f 3851/5585/3216 3836/5599/3217 3850/5587/3218
f 3850/5587/3218 3836/5599/3217 3849/5588/3238
f 3849/5588/3238 3836/5599/3217 3837/5261/3220
f 3849/5588/3238 3837/5261/3220 3848/5589/3221
f 3848/5589/3221 3837/5261/3220 3838/5590/3222
f 3848/5589/3221 3838/5590/3222 3847/5591/3223
f 3847/5591/3223 3838/5590/3222 3839/5592/3224
f 3847/5591/3223 3839/5592/3224 3846/5593/3240
f 3846/5593/3240 3839/5592/3224 3845/5594/3226
f 3845/5594/3226 3839/5592/3224 3840/5595/3227
f 3845/5594/3226 3840/5595/3227 3844/5596/3228
f 3844/5596/3228 3840/5595/3227 3841/5597/3229
f 3844/5596/3228 3841/5597/3229 3843/5557/3187
f 3843/5557/3187 3841/5597/3229 3822/2/3186
f 3870/5554/3184 3915/5555/3185 3869/2/3186
f 3869/2/3186 3915/5555/3185 3889/5556/3186
f 3869/2/3186 3889/5556/3186 3890/5557/3187
f 3915/5555/3185 3870/5554/3184 3914/5558/3188
f 3914/5558/3188 3870/5554/3184 3871/5559/3189
f 3914/5558/3188 3871/5559/3189 3913/5560/3190
f 3913/5560/3190 3871/5559/3189 3872/5561/3191
f 3913/5560/3190 3872/5561/3191 3912/5562/3244
f 3912/5562/3244 3872/5561/3191 3911/5563/3193
f 3911/5563/3193 3872/5561/3191 3873/5564/3194
f 3911/5563/3193 3873/5564/3194 3910/5565/3233
f 3910/5565/3233 3873/5564/3194 3874/5248/3196
f 3910/5565/3233 3874/5248/3196 3909/5566/3197
f 3909/5566/3197 3874/5248/3196 3875/5567/3198
f 3909/5566/3197 3875/5567/3198 3908/5568/3199
f 3908/5568/3199 3875/5567/3198 3907/5569/3200
f 3907/5569/3200 3875/5567/3198 3876/5570/3201
f 3907/5569/3200 3876/5570/3201 3906/5571/3202
f 3906/5571/3202 3876/5570/3201 3877/5572/3203
f 3906/5571/3202 3877/5572/3203 3905/5573/3204
f 3905/5573/3204 3877/5572/3203 3878/5574/3245
f 3905/5573/3204 3878/5574/3245 3904/5575/3206
f 3904/5575/3206 3878/5574/3245 3903/5576/3246
f 3903/5576/3246 3878/5574/3245 3879/5242/3208
f 3903/5576/3246 3879/5242/3208 3902/5577/3209
f 3902/5578/3209 3879/5267/3208 3880/5579/3210
f 3902/5578/3209 3880/5579/3210 3901/5580/3211
f 3901/5580/3211 3880/5579/3210 3900/5581/3212
f 3900/5581/3212 3880/5579/3210 3881/5582/3236
f 3900/5581/3212 3881/5582/3236 3899/5583/3237
f 3899/5583/3237 3881/5582/3236 3882/5584/3215
f 3899/5583/3237 3882/5584/3215 3898/5585/3247
f 3898/5585/3247 3882/5584/3215 3883/5586/3217
f 3898/5585/3247 3883/5586/3217 3897/5587/3218
f 3897/5587/3218 3883/5586/3217 3896/5588/3238
f 3896/5588/3238 3883/5586/3217 3884/5261/3220
f 3896/5588/3238 3884/5261/3220 3895/5589/3221
f 3895/5589/3221 3884/5261/3220 3885/5590/3222
f 3895/5589/3221 3885/5590/3222 3894/5591/3223
f 3894/5591/3223 3885/5590/3222 3886/5592/3224
f 3894/5591/3223 3886/5592/3224 3893/5593/3248
f 3893/5593/3248 3886/5592/3224 3892/5594/3226
f 3892/5594/3226 3886/5592/3224 3887/5595/3227
f 3892/5594/3226 3887/5595/3227 3891/5596/3228
f 3891/5596/3228 3887/5595/3227 3888/5597/3229
f 3891/5596/3228 3888/5597/3229 3890/5557/3187
f 3890/5557/3187 3888/5597/3229 3869/2/3186
f 3917/5600/3249 3729/5601/3249 3916/2727/3250
f 3916/2727/3250 3729/5601/3249 3728/5602/3251
f 3916/2727/3250 3728/5602/3251 3935/5603/3252
f 3935/5603/3252 3728/5602/3251 3747/5604/3253
f 3935/5603/3252 3747/5604/3253 3934/5605/3254
f 3934/5605/3254 3747/5604/3253 3746/5606/3254
f 3934/5605/3254 3746/5606/3254 3933/5607/3255
f 3933/5607/3255 3746/5606/3254 3745/5608/3255
f 3933/5607/3255 3745/5608/3255 3932/5609/3256
f 3932/5609/3256 3745/5608/3255 3744/5610/3256
f 3932/5609/3256 3744/5610/3256 3931/5611/3257
f 3931/5611/3257 3744/5610/3256 3743/5612/3258
f 3931/5611/3257 3743/5612/3258 3930/5613/3259
f 3930/5613/3259 3743/5612/3258 3742/5614/3260
f 3930/5613/3259 3742/5614/3260 3929/2737/3261
f 3929/2737/3261 3742/5614/3260 3741/5615/3261
f 3929/2737/3261 3741/5615/3261 3928/5616/3262
f 3928/5616/3262 3741/5615/3261 3740/5617/3262
f 3928/5616/3262 3740/5617/3262 3927/5618/3263
f 3927/5618/3263 3740/5617/3262 3739/5619/3263
f 3927/5618/3263 3739/5619/3263 3926/5620/3264
f 3926/5620/3264 3739/5619/3263 3738/5621/3265
f 3926/5622/3264 3738/5623/3265 3925/5624/3266
f 3925/5624/3266 3738/5623/3265 3737/5625/3267
f 3925/5624/3266 3737/5625/3267 3924/5626/3268
f 3924/5626/3268 3737/5625/3267 3736/5627/3268
f 3924/5626/3268 3736/5627/3268 3923/2759/3269
f 3923/2759/3269 3736/5627/3268 3735/5628/3269
f 3923/2759/3269 3735/5628/3269 3922/5629/3270
f 3922/5629/3270 3735/5628/3269 3734/5630/3270
f 3922/5629/3270 3734/5630/3270 3921/5631/3271
f 3921/5631/3271 3734/5630/3270 3733/5632/3272
f 3921/5631/3271 3733/5632/3272 3920/5633/3273
f 3920/5633/3273 3733/5632/3272 3732/5634/3274
f 3920/5633/3273 3732/5634/3274 3919/5635/3275
f 3919/5635/3275 3732/5634/3274 3731/5636/3275
f 3919/5635/3275 3731/5636/3275 3918/5637/3276
f 3918/5637/3276 3731/5636/3275 3730/5638/3276
f 3918/5637/3276 3730/5638/3276 3917/5600/3249
f 3917/5600/3249 3730/5638/3276 3729/5601/3249
f 3937/5600/3249 3870/5601/3249 3936/2727/3250
f 3936/2727/3250 3870/5601/3249 3869/5602/3251
f 3936/2727/3250 3869/5602/3251 3955/5603/3252
f 3955/5603/3252 3869/5602/3251 3888/5604/3253
f 3955/5603/3252 3888/5604/3253 3954/5605/3254
f 3954/5605/3254 3888/5604/3253 3887/5606/3254
f 3954/5605/3254 3887/5606/3254 3953/5607/3255
f 3953/5607/3255 3887/5606/3254 3886/5608/3255
f 3953/5607/3255 3886/5608/3255 3952/5609/3256
f 3952/5609/3256 3886/5608/3255 3885/5610/3256
f 3952/5609/3256 3885/5610/3256 3951/5611/3257
f 3951/5611/3257 3885/5610/3256 3884/5612/3258
f 3951/5611/3257 3884/5612/3258 3950/5613/3259
f 3950/5613/3259 3884/5612/3258 3883/5614/3260
f 3950/5613/3259 3883/5614/3260 3949/2737/3261
f 3949/2737/3261 3883/5614/3260 3882/5615/3261
f 3949/2737/3261 3882/5615/3261 3948/5616/3262
f 3948/5616/3262 3882/5615/3261 3881/5617/3262
f 3948/5616/3262 3881/5617/3262 3947/5618/3263
f 3947/5618/3263 3881/5617/3262 3880/5619/3263
f 3947/5618/3263 3880/5619/3263 3946/5620/3264
f 3946/5620/3264 3880/5619/3263 3879/5621/3265
f 3946/5622/3264 3879/5623/3265 3945/5624/3266
f 3945/5624/3266 3879/5623/3265 3878/5625/3267
f 3945/5624/3266 3878/5625/3267 3944/5626/3268
f 3944/5626/3268 3878/5625/3267 3877/5627/3268
f 3944/5626/3268 3877/5627/3268 3943/2759/3269
f 3943/2759/3269 3877/5627/3268 3876/5628/3269
f 3943/2759/3269 3876/5628/3269 3942/5629/3270
f 3942/5629/3270 3876/5628/3269 3875/5630/3270
f 3942/5629/3270 3875/5630/3270 3941/5631/3271
f 3941/5631/3271 3875/5630/3270 3874/5632/3272
f 3941/5631/3271 3874/5632/3272 3940/5633/3273
f 3940/5633/3273 3874/5632/3272 3873/5634/3274
f 3940/5633/3273 3873/5634/3274 3939/5635/3275
f 3939/5635/3275 3873/5634/3274 3872/5636/3275
f 3939/5635/3275 3872/5636/3275 3938/5637/3276
f 3938/5637/3276 3872/5636/3275 3871/5638/3276
f 3938/5637/3276 3871/5638/3276 3937/5600/3249
f 3937/5600/3249 3871/5638/3276 3870/5601/3249
f 3957/5600/3249 3823/5601/3249 3956/2727/3250
f 3956/2727/3250 3823/5601/3249 3822/5602/3251
f 3956/2727/3250 3822/5602/3251 3975/5603/3252
f 3975/5603/3252 3822/5602/3251 3841/5604/3253
f 3975/5603/3252 3841/5604/3253 3974/5605/3254
f 3974/5605/3254 3841/5604/3253 3840/5606/3254
f 3974/5605/3254 3840/5606/3254 3973/5607/3255
f 3973/5607/3255 3840/5606/3254 3839/5608/3255
f 3973/5607/3255 3839/5608/3255 3972/5609/3256
f 3972/5609/3256 3839/5608/3255 3838/5610/3256
f 3972/5609/3256 3838/5610/3256 3971/5611/3257
f 3971/5611/3257 3838/5610/3256 3837/5612/3258
f 3971/5611/3257 3837/5612/3258 3970/5613/3259
f 3970/5613/3259 3837/5612/3258 3836/5614/3260
f 3970/5613/3259 3836/5614/3260 3969/2737/3261
f 3969/2737/3261 3836/5614/3260 3835/5615/3261
f 3969/2737/3261 3835/5615/3261 3968/5616/3262
f 3968/5616/3262 3835/5615/3261 3834/5617/3262
f 3968/5616/3262 3834/5617/3262 3967/5618/3263
f 3967/5618/3263 3834/5617/3262 3833/5619/3263
f 3967/5618/3263 3833/5619/3263 3966/5620/3264
f 3966/5620/3264 3833/5619/3263 3832/5621/3265
f 3966/5622/3264 3832/5623/3265 3965/5624/3266
f 3965/5624/3266 3832/5623/3265 3831/5625/3267
f 3965/5624/3266 3831/5625/3267 3964/5626/3268
f 3964/5626/3268 3831/5625/3267 3830/5627/3268
f 3964/5626/3268 3830/5627/3268 3963/2759/3269
f 3963/2759/3269 3830/5627/3268 3829/5628/3269
f 3963/2759/3269 3829/5628/3269 3962/5629/3270
f 3962/5629/3270 3829/5628/3269 3828/5630/3270
f 3962/5629/3270 3828/5630/3270 3961/5631/3271
f 3961/5631/3271 3828/5630/3270 3827/5632/3272
f 3961/5631/3271 3827/5632/3272 3960/5633/3273
f 3960/5633/3273 3827/5632/3272 3826/5634/3274
f 3960/5633/3273 3826/5634/3274 3959/5635/3275
f 3959/5635/3275 3826/5634/3274 3825/5636/3275
f 3959/5635/3275 3825/5636/3275 3958/5637/3276
f 3958/5637/3276 3825/5636/3275 3824/5638/3276
f 3958/5637/3276 3824/5638/3276 3957/5600/3249
f 3957/5600/3249 3824/5638/3276 3823/5601/3249
f 3977/5600/3249 3776/5601/3249 3976/2727/3250
f 3976/2727/3250 3776/5601/3249 3775/5602/3251
f 3976/2727/3250 3775/5602/3251 3995/5603/3252
f 3995/5603/3252 3775/5602/3251 3794/5604/3253
f 3995/5603/3252 3794/5604/3253 3994/5605/3254
f 3994/5605/3254 3794/5604/3253 3793/5606/3254
f 3994/5605/3254 3793/5606/3254 3993/5607/3255
f 3993/5607/3255 3793/5606/3254 3792/5608/3255
f 3993/5607/3255 3792/5608/3255 3992/5609/3256
f 3992/5609/3256 3792/5608/3255 3791/5610/3256
f 3992/5609/3256 3791/5610/3256 3991/5611/3257
f 3991/5611/3257 3791/5610/3256 3790/5612/3258
f 3991/5611/3257 3790/5612/3258 3990/5613/3259
f 3990/5613/3259 3790/5612/3258 3789/5614/3260
f 3990/5613/3259 3789/5614/3260 3989/2737/3261
f 3989/2737/3261 3789/5614/3260 3788/5615/3261
f 3989/2737/3261 3788/5615/3261 3988/5616/3262
f 3988/5616/3262 3788/5615/3261 3787/5617/3262
f 3988/5616/3262 3787/5617/3262 3987/5618/3263
f 3987/5618/3263 3787/5617/3262 3786/5619/3263
f 3987/5618/3263 3786/5619/3263 3986/5620/3264
f 3986/5620/3264 3786/5619/3263 3785/5621/3265
f 3986/5622/3264 3785/5623/3265 3985/5624/3266
f 3985/5624/3266 3785/5623/3265 3784/5625/3267
f 3985/5624/3266 3784/5625/3267 3984/5626/3268
f 3984/5626/3268 3784/5625/3267 3783/5627/3268
f 3984/5626/3268 3783/5627/3268 3983/2759/3269
f 3983/2759/3269 3783/5627/3268 3782/5628/3269
f 3983/2759/3269 3782/5628/3269 3982/5629/3270
f 3982/5629/3270 3782/5628/3269 3781/5630/3270
f 3982/5629/3270 3781/5630/3270 3981/5631/3271
f 3981/5631/3271 3781/5630/3270 3780/5632/3272
f 3981/5631/3271 3780/5632/3272 3980/5633/3273
f 3980/5633/3273 3780/5632/3272 3779/5634/3274
f 3980/5633/3273 3779/5634/3274 3979/5635/3275
f 3979/5635/3275 3779/5634/3274 3778/5636/3275
f 3979/5635/3275 3778/5636/3275 3978/5637/3276
f 3978/5637/3276 3778/5636/3275 3777/5638/3276
f 3978/5637/3276 3777/5638/3276 3977/5600/3249
f 3977/5600/3249 3777/5638/3276 3776/5601/3249
f 3997/5639/3277 4127/5640/3277 3996/2/3250
f 3996/2/3250 4127/5640/3277 4062/5641/3250
f 3996/2/3250 4062/5641/3250 4061/5642/3278
f 4061/5642/3278 4062/5641/3250 4063/5643/3278
f 4061/5642/3278 4063/5643/3278 4060/5644/3279
f 4060/5644/3279 4063/5643/3278 4064/5645/3279
f 4060/5644/3279 4064/5645/3279 4059/5646/3280
f 4059/5646/3280 4064/5645/3279 4065/5647/3280
f 4059/5646/3280 4065/5647/3280 4058/5648/3281
f 4058/5648/3281 4065/5647/3280 4066/5649/3281
f 4058/5648/3281 4066/5649/3281 4057/5650/3282
f 4057/5650/3282 4066/5649/3281 4067/5651/3282
f 4057/5650/3282 4067/5651/3282 4056/5652/3283
f 4056/5652/3283 4067/5651/3282 4068/5653/3283
f 4056/5652/3283 4068/5653/3283 4055/5654/3284
f 4055/5654/3284 4068/5653/3283 4069/5655/3284
f 4055/5654/3284 4069/5655/3284 4054/5656/3285
f 4054/5656/3285 4069/5655/3284 4070/5657/3285
f 4054/5656/3285 4070/5657/3285 4053/5658/3286
f 4053/5658/3286 4070/5657/3285 4071/5659/3286
f 4053/5658/3286 4071/5659/3286 4052/5660/3287
f 4052/5660/3287 4071/5659/3286 4072/5661/3287
f 4052/5660/3287 4072/5661/3287 4051/5662/3288
f 4051/5662/3288 4072/5661/3287 4073/5663/3289
f 4051/5662/3288 4073/5663/3289 4050/5664/3290
f 4050/5664/3290 4073/5663/3289 4074/5665/3290
f 4050/5664/3290 4074/5665/3290 4049/5666/3291
f 4049/5666/3291 4074/5665/3290 4075/5667/3291
f 4049/5666/3291 4075/5667/3291 4048/5668/3292
f 4048/5668/3292 4075/5667/3291 4076/5669/3292
f 4048/5668/3292 4076/5669/3292 4047/5670/3293
f 4047/5670/3293 4076/5669/3292 4077/5671/3293
f 4047/5670/3293 4077/5671/3293 4046/5672/3294
f 4046/5672/3294 4077/5671/3293 4078/5673/3294
f 4046/5672/3294 4078/5673/3294 4045/5674/3295
f 4045/5674/3295 4078/5673/3294 4079/5675/3295
f 4045/5674/3295 4079/5675/3295 4044/5676/3296
f 4044/5676/3296 4079/5675/3295 4080/5677/3296
f 4044/5676/3296 4080/5677/3296 4043/5678/3297
f 4043/5678/3297 4080/5677/3296 4081/5679/3297
f 4043/5678/3297 4081/5679/3297 4042/5680/3298
f 4042/5680/3298 4081/5679/3297 4082/5681/3298
f 4042/5680/3298 4082/5681/3298 4041/5682/3299
f 4041/5682/3299 4082/5681/3298 4083/5683/3299
f 4041/5682/3299 4083/5683/3299 4040/5684/3300
f 4040/5684/3300 4083/5683/3299 4084/5685/3300
f 4040/5684/3300 4084/5685/3300 4039/5686/3301
f 4039/5686/3301 4084/5685/3300 4085/5687/3301
f 4039/5686/3301 4085/5687/3301 4038/5688/3302
f 4038/5688/3302 4085/5687/3301 4086/5689/3302
f 4038/5688/3302 4086/5689/3302 4037/5690/3303
f 4037/5690/3303 4086/5689/3302 4087/5691/3303
f 4037/5690/3303 4087/5691/3303 4036/5692/3304
f 4036/5692/3304 4087/5691/3303 4088/5693/3304
f 4036/5692/3304 4088/5693/3304 4035/5694/3305
f 4035/5694/3305 4088/5693/3304 4089/5695/3305
f 4035/5694/3305 4089/5695/3305 4034/5696/3306
f 4034/5696/3306 4089/5695/3305 4090/5697/3306
f 4034/5696/3306 4090/5697/3306 4033/5698/3307
f 4033/5698/3307 4090/5697/3306 4091/5699/3307
f 4033/5698/3307 4091/5699/3307 4032/5700/3308
f 4032/5700/3308 4091/5699/3307 4092/5701/3308
f 4032/5700/3308 4092/5701/3308 4031/5702/3309
f 4031/5702/3309 4092/5701/3308 4093/5703/3309
f 4031/5702/3309 4093/5703/3309 4030/5704/3310
f 4030/5704/3310 4093/5703/3309 4094/5705/3310
f 4030/5704/3310 4094/5705/3310 4029/5706/3264
f 4029/5706/3264 4094/5705/3310 4095/5707/3264
f 4029/5708/3264 4095/5709/3264 4028/5710/3311
f 4028/5710/3311 4095/5709/3264 4096/5711/3311
f 4028/5710/3311 4096/5711/3311 4027/5712/3312
f 4027/5712/3312 4096/5711/3311 4097/5713/3312
f 4027/5712/3312 4097/5713/3312 4026/5714/3313
f 4026/5714/3313 4097/5713/3312 4098/5715/3313
f 4026/5714/3313 4098/5715/3313 4025/5716/3314
f 4025/5716/3314 4098/5715/3313 4099/5717/3314
f 4025/5716/3314 4099/5717/3314 4024/5718/3315
f 4024/5718/3315 4099/5717/3314 4100/5719/3315
f 4024/5718/3315 4100/5719/3315 4023/5720/3316
f 4023/5720/3316 4100/5719/3315 4101/5721/3316
f 4023/5720/3316 4101/5721/3316 4022/5722/3317
f 4022/5722/3317 4101/5721/3316 4102/5723/3317
f 4022/5722/3317 4102/5723/3317 4021/5724/3318
f 4021/5724/3318 4102/5723/3317 4103/5725/3318
f 4021/5724/3318 4103/5725/3318 4020/5726/3319
f 4020/5726/3319 4103/5725/3318 4104/5727/3319
f 4020/5726/3319 4104/5727/3319 4019/5728/3320
f 4019/5728/3320 4104/5727/3319 4105/5729/3320
f 4019/5728/3320 4105/5729/3320 4018/5730/3321
f 4018/5730/3321 4105/5729/3320 4106/5731/3322
f 4018/5730/3321 4106/5731/3322 4017/5732/3323
f 4017/5732/3323 4106/5731/3322 4107/5733/3323
f 4017/5732/3323 4107/5733/3323 4016/5734/3324
f 4016/5734/3324 4107/5733/3323 4108/5735/3324
f 4016/5734/3324 4108/5735/3324 4015/5736/3325
f 4015/5736/3325 4108/5735/3324 4109/5737/3325
f 4015/5736/3325 4109/5737/3325 4014/5738/3326
f 4014/5738/3326 4109/5737/3325 4110/5739/3326
f 4014/5738/3326 4110/5739/3326 4013/5740/3327
f 4013/5740/3327 4110/5739/3326 4111/5741/3327
f 4013/5740/3327 4111/5741/3327 4012/5742/3328
f 4012/5742/3328 4111/5741/3327 4112/5743/3328
f 4012/5742/3328 4112/5743/3328 4011/5744/3329
f 4011/5744/3329 4112/5743/3328 4113/5745/3329
f 4011/5744/3329 4113/5745/3329 4010/5746/3330
f 4010/5746/3330 4113/5745/3329 4114/5747/3330
f 4010/5746/3330 4114/5747/3330 4009/5748/3331
f 4009/5748/3331 4114/5747/3330 4115/5749/3331
f 4009/5748/3331 4115/5749/3331 4008/5750/3332
f 4008/5750/3332 4115/5749/3331 4116/5751/3332
f 4008/5750/3332 4116/5751/3332 4007/5752/3333
f 4007/5752/3333 4116/5751/3332 4117/5753/3333
f 4007/5752/3333 4117/5753/3333 4006/5754/3334
f 4006/5754/3334 4117/5753/3333 4118/5755/3334
f 4006/5754/3334 4118/5755/3334 4005/5756/3335
f 4005/5756/3335 4118/5755/3334 4119/5757/3335
f 4005/5756/3335 4119/5757/3335 4004/5758/3336
f 4004/5758/3336 4119/5757/3335 4120/5759/3336
f 4004/5758/3336 4120/5759/3336 4003/5760/3337
f 4003/5760/3337 4120/5759/3336 4121/5761/3337
f 4003/5760/3337 4121/5761/3337 4002/5762/3338
f 4002/5762/3338 4121/5761/3337 4122/5763/3338
f 4002/5762/3338 4122/5763/3338 4001/5764/3339
f 4001/5764/3339 4122/5763/3338 4123/5765/3339
f 4001/5764/3339 4123/5765/3339 4000/5766/3340
f 4000/5766/3340 4123/5765/3339 4124/5767/3340
f 4000/5766/3340 4124/5767/3340 3999/5768/3341
f 3999/5768/3341 4124/5767/3340 4125/5769/3341
f 3999/5768/3341 4125/5769/3341 3998/5770/3342
f 3998/5770/3342 4125/5769/3341 4126/5771/3342
f 3998/5770/3342 4126/5771/3342 3997/5639/3277
f 3997/5639/3277 4126/5771/3342 4127/5640/3277
f 4129/5772/3343 4207/5773/3343 4128/2/3250
f 4128/2/3250 4207/5773/3343 4168/2263/3250
f 4128/2/3250 4168/2263/3250 4167/5774/3344
f 4167/5774/3344 4168/2263/3250 4169/5775/3344
f 4167/5774/3344 4169/5775/3344 4166/1791/3252
f 4166/1791/3252 4169/5775/3344 4170/5776/3252
f 4166/1791/3252 4170/5776/3252 4165/5777/3345
f 4165/5777/3345 4170/5776/3252 4171/5778/3345
f 4165/5777/3345 4171/5778/3345 4164/5779/3254
f 4164/5779/3254 4171/5778/3345 4172/5780/3254
f 4164/5779/3254 4172/5780/3254 4163/2661/3346
f 4163/2661/3346 4172/5780/3254 4173/5781/3346
f 4163/2661/3346 4173/5781/3346 4162/4486/3255
f 4162/4486/3255 4173/5781/3346 4174/5782/3255
f 4162/4486/3255 4174/5782/3255 4161/5242/3347
f 4161/5242/3347 4174/5782/3255 4175/5783/3347
f 4161/5242/3347 4175/5783/3347 4160/2137/3256
f 4160/2137/3256 4175/5783/3347 4176/5784/3256
f 4160/2137/3256 4176/5784/3256 4159/5785/3348
f 4159/5785/3348 4176/5784/3256 4177/5786/3348
f 4159/5785/3348 4177/5786/3348 4158/1926/3257
f 4158/1926/3257 4177/5786/3348 4178/5787/3257
f 4158/1926/3257 4178/5787/3257 4157/5788/3349
f 4157/5788/3349 4178/5787/3257 4179/5789/3349
f 4157/5788/3349 4179/5789/3349 4156/4476/3259
f 4156/4476/3259 4179/5789/3349 4180/5790/3259
f 4156/4476/3259 4180/5790/3259 4155/5791/3350
f 4155/5791/3350 4180/5790/3259 4181/5792/3350
f 4155/5791/3350 4181/5792/3350 4154/5231/3261
f 4154/5231/3261 4181/5792/3350 4182/5793/3261
f 4154/5231/3261 4182/5793/3261 4153/2644/3351
f 4153/2644/3351 4182/5793/3261 4183/3978/3351
f 4153/2644/3351 4183/3978/3351 4152/2149/3262
f 4152/2149/3262 4183/3978/3351 4184/5794/3262
f 4152/2149/3262 4184/5794/3262 4151/5795/3352
f 4151/5795/3352 4184/5794/3262 4185/5796/3352
f 4151/5795/3352 4185/5796/3352 4150/5662/3263
f 4150/5662/3263 4185/5796/3352 4186/5797/3263
f 4150/5662/3263 4186/5797/3263 4149/5798/3353
f 4149/5798/3353 4186/5797/3263 4187/5799/3353
f 4149/5798/3353 4187/5799/3353 4148/2460/3264
f 4148/2460/3264 4187/5799/3353 4188/5800/3264
f 4148/5801/3264 4188/5802/3264 4147/5803/3354
f 4147/5803/3354 4188/5802/3264 4189/5804/3354
f 4147/5803/3354 4189/5804/3354 4146/5752/3266
f 4146/5752/3266 4189/5804/3354 4190/5805/3266
f 4146/5752/3266 4190/5805/3266 4145/5806/3355
f 4145/5806/3355 4190/5805/3266 4191/5807/3355
f 4145/5806/3355 4191/5807/3355 4144/4104/3268
f 4144/4104/3268 4191/5807/3355 4192/5808/3268
f 4144/4104/3268 4192/5808/3268 4143/4271/3356
f 4143/4271/3356 4192/5808/3268 4193/5809/3356
f 4143/4271/3356 4193/5809/3356 4142/5279/3269
f 4142/5279/3269 4193/5809/3356 4194/5810/3269
f 4142/5279/3269 4194/5810/3269 4141/5811/3357
f 4141/5811/3357 4194/5810/3269 4195/5812/3357
f 4141/5811/3357 4195/5812/3357 4140/4465/3270
f 4140/4465/3270 4195/5812/3357 4196/5813/3270
f 4140/4465/3270 4196/5813/3270 4139/5814/3358
f 4139/5814/3358 4196/5813/3270 4197/5815/3358
f 4139/5814/3358 4197/5815/3358 4138/4279/3271
f 4138/4279/3271 4197/5815/3358 4198/5816/3271
f 4138/4279/3271 4198/5816/3271 4137/5817/3359
f 4137/5817/3359 4198/5816/3271 4199/5818/3359
f 4137/5817/3359 4199/5818/3359 4136/5819/3273
f 4136/5819/3273 4199/5818/3359 4200/5820/3273
f 4136/5819/3273 4200/5820/3273 4135/5267/3360
f 4135/5267/3360 4200/5820/3273 4201/5821/3360
f 4135/5267/3360 4201/5821/3360 4134/4455/3275
f 4134/4455/3275 4201/5821/3360 4202/5822/3275
f 4134/4455/3275 4202/5822/3275 4133/5823/3361
f 4133/5823/3361 4202/5822/3275 4203/5824/3361
f 4133/5823/3361 4203/5824/3361 4132/5825/3276
f 4132/5825/3276 4203/5824/3361 4204/5826/3276
f 4132/5825/3276 4204/5826/3276 4131/5827/3362
f 4131/5827/3362 4204/5826/3276 4205/5828/3362
f 4131/5827/3362 4205/5828/3362 4130/5829/3249
f 4130/5829/3249 4205/5828/3362 4206/5830/3249
f 4130/5829/3249 4206/5830/3249 4129/5772/3343
f 4129/5772/3343 4206/5830/3249 4207/5773/3343
f 4207/5831/185 4208/5832/185 4168/2895/185
f 4168/2895/185 4208/5832/185 4209/5833/185
f 4168/2895/185 4209/5833/185 4169/5834/185
f 4169/5834/185 4209/5833/185 4170/5835/185
f 4170/5835/185 4209/5833/185 4171/5836/185
f 4171/5836/185 4209/5833/185 4172/5837/185
f 4172/5837/185 4209/5833/185 4210/5838/185
f 4172/5837/185 4210/5838/185 4173/5839/185
f 4173/5839/185 4210/5838/185 4174/5840/185
f 4174/5840/185 4210/5838/185 4211/5841/185
f 4174/5840/185 4211/5841/185 4175/5842/185
f 4175/5842/185 4211/5841/185 4212/5843/185
f 4175/5842/185 4212/5843/185 4176/5844/185
f 4176/5844/185 4212/5843/185 4213/5845/185
f 4176/5844/185 4213/5845/185 4177/5846/185
f 4177/5846/185 4213/5845/185 4214/5847/185
f 4177/5846/185 4214/5847/185 4178/2070/185
f 4178/2070/185 4214/5847/185 4215/5848/185
f 4178/2070/185 4215/5848/185 4179/5849/185
f 4179/5849/185 4215/5848/185 4180/5850/185
f 4180/5850/185 4215/5848/185 4216/5851/185
f 4180/5850/185 4216/5851/185 4181/5852/185
f 4181/5852/185 4216/5851/185 4217/5853/185
f 4181/5852/185 4217/5853/185 4182/5854/185
f 4182/5854/185 4217/5853/185 4218/5855/185
f 4182/5854/185 4218/5855/185 4183/5856/185
f 4183/5856/185 4218/5855/185 4219/5857/185
f 4183/5856/185 4219/5857/185 4184/5858/185
f 4184/5858/185 4219/5857/185 4185/5859/185
f 4185/5859/185 4219/5857/185 4220/5860/185
f 4185/5859/185 4220/5860/185 4186/5861/185
f 4186/5861/185 4220/5860/185 4221/5862/185
f 4186/5861/185 4221/5862/185 4187/5863/185
f 4187/5863/185 4221/5862/185 4222/5864/185
f 4187/5863/185 4222/5864/185 4188/2263/185
f 4188/2263/185 4222/5864/185 4189/5865/185
f 4189/5865/185 4222/5864/185 4223/5866/185
f 4189/5865/185 4223/5866/185 4190/5867/185
f 4190/5867/185 4223/5866/185 4224/5868/185
f 4190/5867/185 4224/5868/185 4191/5869/185
f 4191/5869/185 4224/5868/185 4225/5870/185
f 4191/5869/185 4225/5870/185 4192/5871/185
f 4192/5871/185 4225/5870/185 4193/5872/185
f 4193/5872/185 4225/5870/185 4226/5873/185
f 4193/5872/185 4226/5873/185 4194/5874/185
f 4194/5874/185 4226/5873/185 4227/5875/185
f 4194/5874/185 4227/5875/185 4195/5876/185
f 4195/5876/185 4227/5875/185 4228/5877/185
f 4195/5876/185 4228/5877/185 4196/5878/185
f 4196/5878/185 4228/5877/185 4229/5879/185
f 4196/5878/185 4229/5879/185 4197/5880/185
f 4197/5880/185 4229/5879/185 4198/5881/185
f 4198/5881/185 4229/5879/185 4230/5882/185
f 4198/5881/185 4230/5882/185 4199/5883/185
f 4199/5883/185 4230/5882/185 4231/5884/185
f 4199/5883/185 4231/5884/185 4200/5885/185
f 4200/5885/185 4231/5884/185 4232/5886/185
f 4200/5885/185 4232/5886/185 4201/5887/185
f 4201/5887/185 4232/5886/185 4233/5888/185
f 4201/5887/185 4233/5888/185 4202/5889/185
f 4202/5889/185 4233/5888/185 4234/5890/185
f 4202/5889/185 4234/5890/185 4203/5891/185
f 4203/5891/185 4234/5890/185 4204/5892/185
f 4204/5892/185 4234/5890/185 4208/5832/185
f 4204/5892/185 4208/5832/185 4205/5893/185
f 4205/5893/185 4208/5832/185 4206/5894/185
f 4206/5894/185 4208/5832/185 4207/5831/185
f 4213/5895/3363 4235/5896/3363 4214/5897/3364
f 4214/5897/3364 4235/5896/3363 4236/5898/3364
f 4214/5897/3364 4236/5898/3364 4215/5899/3365
f 4215/5899/3365 4236/5898/3364 4237/5900/3365
f 4215/5899/3365 4237/5900/3365 4216/5901/3366
f 4216/5901/3366 4237/5900/3365 4238/5902/3366
f 4216/5901/3366 4238/5902/3366 4217/5903/3367
f 4217/5903/3367 4238/5902/3366 4239/5904/3367
f 4217/5903/3367 4239/5904/3367 4218/5905/3368
f 4218/5905/3368 4239/5904/3367 4240/5906/3368
f 4218/5905/3368 4240/5906/3368 4219/5907/3369
f 4219/5907/3369 4240/5906/3368 4241/5908/3369
f 4219/5907/3369 4241/5908/3369 4220/5909/3370
f 4220/5909/3370 4241/5908/3369 4242/5910/3370
f 4220/5909/3370 4242/5910/3370 4221/5911/3371
f 4221/5911/3371 4242/5910/3370 4243/5912/3371
f 4221/5911/3371 4243/5912/3371 4222/5913/3251
f 4222/5913/3251 4243/5912/3371 4244/5914/3250
f 4222/5915/3251 4244/5916/3250 4223/5917/3372
f 4223/5917/3372 4244/5916/3250 4245/5918/3372
f 4223/5917/3372 4245/5918/3372 4224/5919/3373
f 4224/5919/3373 4245/5918/3372 4246/5920/3373
f 4224/5919/3373 4246/5920/3373 4225/5921/3374
f 4225/5921/3374 4246/5920/3373 4247/5922/3374
f 4225/5921/3374 4247/5922/3374 4226/5923/3375
f 4226/5923/3375 4247/5922/3374 4248/5924/3375
f 4226/5923/3375 4248/5924/3375 4227/5925/3376
f 4227/5925/3376 4248/5924/3375 4249/5926/3376
f 4227/5925/3376 4249/5926/3376 4228/5927/3377
f 4228/5927/3377 4249/5926/3376 4250/5928/3378
f 4228/5927/3377 4250/5928/3378 4229/5929/3379
f 4229/5929/3379 4250/5928/3378 4251/5930/3379
f 4229/5929/3379 4251/5930/3379 4230/5931/3380
f 4230/5931/3380 4251/5930/3379 4252/5932/3380
f 4230/5931/3380 4252/5932/3380 4231/5933/3381
f 4231/5933/3381 4252/5932/3380 4253/5934/3381
f 4209/5935/3264 4208/5936/3265 4255/5937/3264
f 4255/5937/3264 4208/5936/3265 4254/5938/3265
f 4061/5939/176 3809/5940/176 3996/5941/176
f 3996/5941/176 3809/5940/176 3808/5942/176
f 3996/5941/176 3808/5942/176 3997/5943/176
f 3997/5943/176 3808/5942/176 3807/5944/176
f 3997/5943/176 3807/5944/176 3806/5945/176
f 4060/5946/176 3811/5947/176 4061/5939/176
f 4061/5939/176 3811/5947/176 3810/5948/176
f 4061/5939/176 3810/5948/176 3809/5940/176
f 3811/5947/176 4060/5946/176 3812/5949/176
f 3812/5949/176 4060/5946/176 4059/5950/176
f 3812/5949/176 4059/5950/176 3813/5951/176
f 3813/5951/176 4059/5950/176 4058/5952/176
f 3813/5951/176 4058/5952/176 3814/5953/176
f 3814/5953/176 4058/5952/176 4057/5954/176
f 3814/5953/176 4057/5954/176 3815/5955/176
f 3815/5955/176 4057/5954/176 4056/5956/176
f 3815/5955/176 4056/5956/176 3816/5957/176
f 3816/5957/176 4056/5956/176 4055/5958/176
f 3816/5957/176 4055/5958/176 3817/5959/176
f 3817/5959/176 4055/5958/176 4054/5960/176
f 3817/5959/176 4054/5960/176 3760/5961/176
f 3760/5961/176 4054/5960/176 4053/5962/176
f 3760/5961/176 4053/5962/176 3761/5963/176
f 3761/5963/176 4053/5962/176 4052/5964/176
f 3761/5963/176 4052/5964/176 4051/5965/176
f 3761/5963/176 4051/5965/176 3762/5966/176
f 3762/5966/176 4051/5965/176 4050/5967/176
f 3762/5966/176 4050/5967/176 3763/5968/176
f 3763/5968/176 4050/5967/176 4049/5969/176
f 3763/5968/176 4049/5969/176 3764/5970/176
f 3764/5970/176 4049/5969/176 4048/5971/176
f 3764/5970/176 4048/5971/176 3765/5972/176
f 3765/5972/176 4048/5971/176 4047/5973/176
f 3765/5972/176 4047/5973/176 3766/5974/176
f 3766/5974/176 4047/5973/176 3767/5975/176
f 3767/5975/176 4047/5973/176 4046/5976/176
f 3767/5975/176 4046/5976/176 3768/5977/176
f 3768/5977/176 4046/5976/176 4045/5978/176
f 3768/5977/176 4045/5978/176 3769/5979/176
f 3769/5979/176 4045/5978/176 3770/5980/176
f 3770/5980/176 4045/5978/176 4044/5981/176
f 3770/5980/176 4044/5981/176 3771/5982/176
f 3771/5982/176 4044/5981/176 4043/5983/176
f 3771/5982/176 4043/5983/176 3772/5984/176
f 3772/5984/176 4043/5983/176 4042/5985/176
f 3772/5984/176 4042/5985/176 3773/5986/176
f 3773/5986/176 4042/5985/176 4041/5987/176
f 3773/5986/176 4041/5987/176 3774/5988/176
f 3774/5988/176 4041/5987/176 4040/5989/176
f 3774/5988/176 4040/5989/176 3748/5990/176
f 3748/5990/176 4040/5989/176 4039/5991/176
f 3748/5990/176 4039/5991/176 3749/5992/176
f 3749/5992/176 4039/5991/176 4038/5993/176
f 3749/5992/176 4038/5993/176 3750/5994/176
f 3750/5994/176 4038/5993/176 4037/5995/176
f 3750/5994/176 4037/5995/176 3908/5996/176
f 3908/5996/176 4037/5995/176 4036/5997/176
f 3908/5996/176 4036/5997/176 3909/5998/176
f 3909/5998/176 4036/5997/176 4035/5999/176
f 3909/5998/176 4035/5999/176 4034/6000/176
f 3909/5998/176 4034/6000/176 3910/6001/176
f 3910/6001/176 4034/6000/176 4033/6002/176
f 3910/6001/176 4033/6002/176 3911/6003/176
f 3911/6003/176 4033/6002/176 4032/6004/176
f 3911/6003/176 4032/6004/176 3912/6005/176
f 3912/6005/176 4032/6004/176 3913/6006/176
f 3913/6006/176 4032/6004/176 4031/6007/176
f 3913/6006/176 4031/6007/176 3914/6008/176
f 3914/6008/176 4031/6007/176 4030/6009/176
f 3914/6008/176 4030/6009/176 3915/6010/176
f 3915/6010/176 4030/6009/176 4029/6011/176
f 3915/6010/176 4029/6011/176 3889/6012/176
f 3889/6012/176 4029/6011/176 3890/6013/176
f 3890/6013/176 4029/6011/176 4028/6014/176
f 3890/6013/176 4028/6014/176 3891/6015/176
f 3891/6015/176 4028/6014/176 4027/6016/176
f 3891/6015/176 4027/6016/176 3892/6017/176
f 3892/6017/176 4027/6016/176 4026/6018/176
f 3892/6017/176 4026/6018/176 3893/6019/176
f 3893/6019/176 4026/6018/176 3894/6020/176
f 3894/6020/176 4026/6018/176 4025/6021/176
f 3894/6020/176 4025/6021/176 3895/6022/176
f 3895/6022/176 4025/6021/176 4024/6023/176
f 3895/6022/176 4024/6023/176 3896/6024/176
f 3896/6024/176 4024/6023/176 4023/6025/176
f 3896/6024/176 4023/6025/176 4022/6026/176
f 3896/6024/176 4022/6026/176 3897/6027/176
f 3897/6027/176 4022/6026/176 4021/6028/176
f 3897/6027/176 4021/6028/176 3867/6029/176
f 3867/6029/176 4021/6028/176 4020/6030/176
f 3867/6029/176 4020/6030/176 3868/6031/176
f 3868/6031/176 4020/6030/176 4019/6032/176
f 3868/6031/176 4019/6032/176 3842/6033/176
f 3842/6033/176 4019/6032/176 4018/6034/176
f 3842/6033/176 4018/6034/176 3843/6035/176
f 3843/6035/176 4018/6034/176 4017/6036/176
f 3843/6035/176 4017/6036/176 3844/6037/176
f 3844/6037/176 4017/6036/176 4016/6038/176
f 3844/6037/176 4016/6038/176 3845/6039/176
f 3845/6039/176 4016/6038/176 4015/6040/176
f 3845/6039/176 4015/6040/176 3846/6041/176
f 3846/6041/176 4015/6040/176 4014/6042/176
f 3846/6041/176 4014/6042/176 3847/6043/176
f 3847/6043/176 4014/6042/176 4013/6044/176
f 3847/6043/176 4013/6044/176 3848/6045/176
f 3848/6045/176 4013/6044/176 3849/6046/176
f 3849/6046/176 4013/6044/176 4012/6047/176
f 3849/6046/176 4012/6047/176 3850/6048/176
f 3850/6048/176 4012/6047/176 4011/6049/176
f 3850/6048/176 4011/6049/176 3851/6050/176
f 3851/6050/176 4011/6049/176 3852/6051/176
f 3852/6051/176 4011/6049/176 4010/6052/176
f 3852/6051/176 4010/6052/176 3853/6053/176
f 3853/6053/176 4010/6052/176 4009/6054/176
f 3853/6053/176 4009/6054/176 3854/6055/176
f 3854/6055/176 4009/6054/176 4008/6056/176
f 3854/6055/176 4008/6056/176 3855/6057/176
f 3855/6057/176 4008/6056/176 4007/6058/176
f 3855/6057/176 4007/6058/176 3856/6059/176
f 3856/6059/176 4007/6058/176 4006/6060/176
f 3856/6059/176 4006/6060/176 4005/6061/176
f 3856/6059/176 4005/6061/176 3857/6062/176
f 3857/6062/176 4005/6061/176 4004/6063/176
f 3857/6062/176 4004/6063/176 3800/6064/176
f 3800/6064/176 4004/6063/176 4003/6065/176
f 3800/6064/176 4003/6065/176 3801/6066/176
f 3801/6066/176 4003/6065/176 4002/6067/176
f 3801/6066/176 4002/6067/176 3802/6068/176
f 3802/6068/176 4002/6067/176 4001/6069/176
f 3802/6068/176 4001/6069/176 3803/6070/176
f 3803/6070/176 4001/6069/176 4000/6071/176
f 3803/6070/176 4000/6071/176 3804/6072/176
f 3804/6072/176 4000/6071/176 3999/6073/176
f 3804/6072/176 3999/6073/176 3805/6074/176
f 3805/6074/176 3999/6073/176 3998/6075/176
f 3805/6074/176 3998/6075/176 3806/5945/176
f 3806/5945/176 3998/6075/176 3997/5943/176
f 4254/6076/176 3795/6077/176 4255/6078/176
f 4255/6078/176 3795/6077/176 3821/6079/176
f 4255/6078/176 3821/6079/176 3820/6080/176
f 4256/6081/176 3797/6082/176 4254/6076/176
f 4254/6076/176 3797/6082/176 3796/6083/176
f 4254/6076/176 3796/6083/176 3795/6077/176
f 3797/6082/176 4256/6081/176 3798/6084/176
f 3798/6084/176 4256/6081/176 4257/6085/176
f 3798/6084/176 4257/6085/176 3799/6086/176
f 3799/6086/176 4257/6085/176 3859/6087/176
f 3799/6086/176 3859/6087/176 3858/6088/176
f 4257/6085/176 4258/6089/176 3859/6087/176
f 3859/6087/176 4258/6089/176 3860/6090/176
f 3860/6090/176 4258/6089/176 4253/6091/176
f 3860/6090/176 4253/6091/176 3861/6092/176
f 3861/6092/176 4253/6091/176 4252/6093/176
f 3861/6092/176 4252/6093/176 3862/6094/176
f 3862/6094/176 4252/6093/176 3863/6095/176
f 3863/6095/176 4252/6093/176 4251/6096/176
f 3863/6095/176 4251/6096/176 3864/6097/176
f 3864/6097/176 4251/6096/176 4250/6098/176
f 3864/6097/176 4250/6098/176 3865/6099/176
f 3865/6099/176 4250/6098/176 4249/6100/176
f 3865/6099/176 4249/6100/176 3866/6101/176
f 3866/6101/176 4249/6100/176 4248/6102/176
f 3866/6101/176 4248/6102/176 3899/6103/176
f 3899/6103/176 4248/6102/176 4247/6104/176
f 3899/6103/176 4247/6104/176 3900/6105/176
f 3900/6105/176 4247/6104/176 4246/6106/176
f 3900/6105/176 4246/6106/176 3901/6107/176
f 3901/6107/176 4246/6106/176 4245/6108/176
f 3901/6107/176 4245/6108/176 3902/6109/176
f 3902/6109/176 4245/6108/176 4244/6110/176
f 3902/6109/176 4244/6110/176 3903/6111/176
f 3903/6111/176 4244/6110/176 4243/6112/176
f 3903/6111/176 4243/6112/176 3904/6113/176
f 3904/6113/176 4243/6112/176 4242/6114/176
f 3904/6113/176 4242/6114/176 3905/6115/176
f 3905/6115/176 4242/6114/176 4241/6116/176
f 3905/6115/176 4241/6116/176 3906/6117/176
f 3906/6117/176 4241/6116/176 4240/6118/176
f 3906/6117/176 4240/6118/176 3751/6119/176
f 3751/6119/176 4240/6118/176 4239/6120/176
f 3751/6119/176 4239/6120/176 3752/6121/176
f 3752/6121/176 4239/6120/176 4238/6122/176
f 3752/6121/176 4238/6122/176 3753/6123/176
f 3753/6123/176 4238/6122/176 4237/6124/176
f 3753/6123/176 4237/6124/176 3754/6125/176
f 3754/6125/176 4237/6124/176 4236/6126/176
f 3754/6125/176 4236/6126/176 3755/6127/176
f 3755/6127/176 4236/6126/176 3756/6128/176
f 3756/6128/176 4236/6126/176 4235/6129/176
f 3756/6128/176 4235/6129/176 3757/6130/176
f 3757/6130/176 4235/6129/176 4259/6131/176
f 3757/6130/176 4259/6131/176 3758/6132/176
f 3758/6132/176 4259/6131/176 4260/6133/176
f 3758/6132/176 4260/6133/176 3818/6134/176
f 3818/6134/176 4260/6133/176 3819/6135/176
f 3819/6135/176 4260/6133/176 4261/6136/176
f 3819/6135/176 4261/6136/176 3820/6080/176
f 3820/6080/176 4261/6136/176 4255/6078/176
f 3908/5996/176 3907/6137/176 3750/5994/176
f 3750/5994/176 3907/6137/176 3751/6119/176
f 3751/6119/176 3907/6137/176 3906/6117/176
f 3899/6103/176 3898/6138/176 3866/6101/176
f 3866/6101/176 3898/6138/176 3867/6029/176
f 3867/6029/176 3898/6138/176 3897/6027/176
f 3799/6086/176 3858/6088/176 3800/6064/176
f 3800/6064/176 3858/6088/176 3857/6062/176
f 3758/6132/176 3818/6134/176 3759/6139/176
f 3759/6139/176 3818/6134/176 3817/5959/176
f 3759/6139/176 3817/5959/176 3760/5961/176
f 4127/6014/185 3987/6140/185 4062/6011/185
f 4062/6011/185 3987/6140/185 3986/6141/185
f 4062/6011/185 3986/6141/185 3985/6142/185
f 3987/6140/185 4127/6014/185 3988/6143/185
f 3988/6143/185 4127/6014/185 4126/6016/185
f 3988/6143/185 4126/6016/185 3989/6144/185
f 3989/6144/185 4126/6016/185 4125/6018/185
f 3989/6144/185 4125/6018/185 3990/6145/185
f 3990/6145/185 4125/6018/185 4124/6021/185
f 3990/6145/185 4124/6021/185 3991/6146/185
f 3991/6146/185 4124/6021/185 4123/6023/185
f 3991/6146/185 4123/6023/185 4122/6025/185
f 4121/6026/185 4132/5892/185 4122/6025/185
f 4122/6025/185 4132/5892/185 3992/6147/185
f 4122/6025/185 3992/6147/185 3991/6146/185
f 4132/5892/185 4121/6026/185 4133/5891/185
f 4133/5891/185 4121/6026/185 4120/6028/185
f 4133/5891/185 4120/6028/185 4119/6030/185
f 4133/5891/185 4119/6030/185 4134/5889/185
f 4134/5889/185 4119/6030/185 4118/6032/185
f 4134/5889/185 4118/6032/185 3965/6148/185
f 3965/6148/185 4118/6032/185 4117/6034/185
f 3965/6148/185 4117/6034/185 3966/6149/185
f 3966/6149/185 4117/6034/185 4116/6036/185
f 3966/6149/185 4116/6036/185 3967/6150/185
f 3967/6150/185 4116/6036/185 4115/6038/185
f 3967/6150/185 4115/6038/185 3968/6151/185
f 3968/6151/185 4115/6038/185 4114/6040/185
f 3968/6151/185 4114/6040/185 3969/6152/185
f 3969/6152/185 4114/6040/185 4113/6042/185
f 3969/6152/185 4113/6042/185 3970/6153/185
f 3970/6153/185 4113/6042/185 4112/6044/185
f 3970/6153/185 4112/6044/185 3971/6154/185
f 3971/6154/185 4112/6044/185 4111/6047/185
f 3971/6154/185 4111/6047/185 3972/6155/185
f 3972/6155/185 4111/6047/185 4110/6049/185
f 3972/6155/185 4110/6049/185 3973/6156/185
f 3973/6156/185 4110/6049/185 4109/6052/185
f 3973/6156/185 4109/6052/185 3974/6157/185
f 3974/6157/185 4109/6052/185 4108/6054/185
f 3974/6157/185 4108/6054/185 3975/6158/185
f 3975/6158/185 4108/6054/185 4107/6056/185
f 3975/6158/185 4107/6056/185 3956/6159/185
f 3956/6159/185 4107/6056/185 4106/6058/185
f 3956/6159/185 4106/6058/185 3957/6160/185
f 3957/6160/185 4106/6058/185 4105/6060/185
f 3957/6160/185 4105/6060/185 4142/5874/185
f 4142/5874/185 4105/6060/185 4104/6061/185
f 4142/5874/185 4104/6061/185 4143/5872/185
f 4143/5872/185 4104/6061/185 4103/6063/185
f 4143/5872/185 4103/6063/185 4102/6065/185
f 4143/5872/185 4102/6065/185 4144/5871/185
f 4144/5871/185 4102/6065/185 4101/6067/185
f 4144/5871/185 4101/6067/185 3950/6161/185
f 3950/6161/185 4101/6067/185 3951/6162/185
f 3951/6162/185 4101/6067/185 4100/6069/185
f 3951/6162/185 4100/6069/185 4099/6071/185
f 3951/6162/185 4099/6071/185 3952/6163/185
f 3952/6163/185 4099/6071/185 4098/6073/185
f 3952/6163/185 4098/6073/185 3953/6164/185
f 3953/6164/185 4098/6073/185 4097/6075/185
f 3953/6164/185 4097/6075/185 3954/6165/185
f 3954/6165/185 4097/6075/185 4096/5943/185
f 3954/6165/185 4096/5943/185 3955/6166/185
f 3955/6166/185 4096/5943/185 4095/5941/185
f 3955/6166/185 4095/5941/185 3936/6167/185
f 3936/6167/185 4095/5941/185 3937/6168/185
f 3937/6168/185 4095/5941/185 4094/5939/185
f 3937/6168/185 4094/5939/185 3938/6169/185
f 3938/6169/185 4094/5939/185 4093/5946/185
f 3938/6169/185 4093/5946/185 3939/6170/185
f 3939/6170/185 4093/5946/185 4092/5950/185
f 3939/6170/185 4092/5950/185 3940/6171/185
f 3940/6171/185 4092/5950/185 4091/5952/185
f 3940/6171/185 4091/5952/185 3941/6172/185
f 3941/6172/185 4091/5952/185 4090/5954/185
f 3941/6172/185 4090/5954/185 4089/5956/185
f 4088/5958/185 4152/5858/185 4089/5956/185
f 4089/5956/185 4152/5858/185 3942/6173/185
f 4089/5956/185 3942/6173/185 3941/6172/185
f 4152/5858/185 4088/5958/185 4153/5856/185
f 4153/5856/185 4088/5958/185 4087/5960/185
f 4153/5856/185 4087/5960/185 4086/5962/185
f 4153/5856/185 4086/5962/185 4154/5854/185
f 4154/5854/185 4086/5962/185 4085/5964/185
f 4154/5854/185 4085/5964/185 3935/6174/185
f 3935/6174/185 4085/5964/185 4084/5965/185
f 3935/6174/185 4084/5965/185 3916/6175/185
f 3916/6175/185 4084/5965/185 4083/5967/185
f 3916/6175/185 4083/5967/185 3917/6176/185
f 3917/6176/185 4083/5967/185 4082/5969/185
f 3917/6176/185 4082/5969/185 3918/6177/185
f 3918/6177/185 4082/5969/185 4081/5971/185
f 3918/6177/185 4081/5971/185 3919/6178/185
f 3919/6178/185 4081/5971/185 4080/5973/185
f 3919/6178/185 4080/5973/185 3920/6179/185
f 3920/6179/185 4080/5973/185 4079/5976/185
f 3920/6179/185 4079/5976/185 3921/6180/185
f 3921/6180/185 4079/5976/185 4078/5978/185
f 3921/6180/185 4078/5978/185 3922/6181/185
f 3922/6181/185 4078/5978/185 4077/5981/185
f 3922/6181/185 4077/5981/185 3923/6182/185
f 3923/6182/185 4077/5981/185 4076/5983/185
f 3923/6182/185 4076/5983/185 3924/6183/185
f 3924/6183/185 4076/5983/185 4075/5985/185
f 3924/6183/185 4075/5985/185 3925/6184/185
f 3925/6184/185 4075/5985/185 4074/5987/185
f 3925/6184/185 4074/5987/185 3926/6185/185
f 3926/6185/185 4074/5987/185 4073/5989/185
f 3926/6185/185 4073/5989/185 3927/6186/185
f 3927/6186/185 4073/5989/185 4072/5991/185
f 3927/6186/185 4072/5991/185 4162/5840/185
f 4162/5840/185 4072/5991/185 4071/5993/185
f 4162/5840/185 4071/5993/185 4163/5839/185
f 4163/5839/185 4071/5993/185 4070/5995/185
f 4163/5839/185 4070/5995/185 4069/5997/185
f 4163/5839/185 4069/5997/185 4164/5837/185
f 4164/5837/185 4069/5997/185 4068/5999/185
f 4164/5837/185 4068/5999/185 3980/6187/185
f 3980/6187/185 4068/5999/185 3981/6188/185
f 3981/6188/185 4068/5999/185 4067/6000/185
f 3981/6188/185 4067/6000/185 4066/6002/185
f 3981/6188/185 4066/6002/185 3982/6189/185
f 3982/6189/185 4066/6002/185 4065/6004/185
f 3982/6189/185 4065/6004/185 3983/6190/185
f 3983/6190/185 4065/6004/185 4064/6007/185
f 3983/6190/185 4064/6007/185 3984/6191/185
f 3984/6191/185 4064/6007/185 4063/6009/185
f 3984/6191/185 4063/6009/185 3985/6142/185
f 3985/6142/185 4063/6009/185 4062/6011/185
f 4154/5854/185 3935/6174/185 4155/5852/185
f 4155/5852/185 3935/6174/185 3934/6192/185
f 4155/5852/185 3934/6192/185 4156/5850/185
f 4156/5850/185 3934/6192/185 3933/6193/185
f 4156/5850/185 3933/6193/185 4157/5849/185
f 4157/5849/185 3933/6193/185 3932/6194/185
f 4157/5849/185 3932/6194/185 4158/2070/185
f 4158/2070/185 3932/6194/185 3931/6195/185
f 4158/2070/185 3931/6195/185 3930/6196/185
f 4158/2070/185 3930/6196/185 4159/5846/185
f 4159/5846/185 3930/6196/185 3929/6197/185
f 4159/5846/185 3929/6197/185 4160/5844/185
f 4160/5844/185 3929/6197/185 3928/6198/185
f 4160/5844/185 3928/6198/185 4161/5842/185
f 4161/5842/185 3928/6198/185 3927/6186/185
f 4161/5842/185 3927/6186/185 4162/5840/185
f 4144/5871/185 3950/6161/185 4145/5869/185
f 4145/5869/185 3950/6161/185 3949/6199/185
f 4145/5869/185 3949/6199/185 4146/5867/185
f 4146/5867/185 3949/6199/185 3948/6200/185
f 4146/5867/185 3948/6200/185 4147/5865/185
f 4147/5865/185 3948/6200/185 3947/6201/185
f 4147/5865/185 3947/6201/185 4148/2263/185
f 4148/2263/185 3947/6201/185 3946/6202/185
f 4148/2263/185 3946/6202/185 3945/6203/185
f 4148/2263/185 3945/6203/185 4149/5863/185
f 4149/5863/185 3945/6203/185 3944/6204/185
f 4149/5863/185 3944/6204/185 4150/5861/185
f 4150/5861/185 3944/6204/185 3943/6205/185
f 4150/5861/185 3943/6205/185 4151/5859/185
f 4151/5859/185 3943/6205/185 3942/6173/185
f 4151/5859/185 3942/6173/185 4152/5858/185
f 4134/5889/185 3965/6148/185 4135/5887/185
f 4135/5887/185 3965/6148/185 3964/6206/185
f 4135/5887/185 3964/6206/185 4136/5885/185
f 4136/5885/185 3964/6206/185 3963/6207/185
f 4136/5885/185 3963/6207/185 4137/5883/185
f 4137/5883/185 3963/6207/185 3962/6208/185
f 4137/5883/185 3962/6208/185 4138/5881/185
f 4138/5881/185 3962/6208/185 3961/6209/185
f 4138/5881/185 3961/6209/185 3960/6210/185
f 4138/5881/185 3960/6210/185 4139/5880/185
f 4139/5880/185 3960/6210/185 3959/6211/185
f 4139/5880/185 3959/6211/185 4140/5878/185
f 4140/5878/185 3959/6211/185 3958/6212/185
f 4140/5878/185 3958/6212/185 4141/5876/185
f 4141/5876/185 3958/6212/185 3957/6160/185
f 4141/5876/185 3957/6160/185 4142/5874/185
f 3977/6213/185 3976/6214/185 4128/2895/185
f 4128/2895/185 3976/6214/185 3995/6215/185
f 4128/2895/185 3995/6215/185 4129/5831/185
f 4129/5831/185 3995/6215/185 3994/6216/185
f 4129/5831/185 3994/6216/185 4130/5894/185
f 4130/5894/185 3994/6216/185 3993/6217/185
f 4130/5894/185 3993/6217/185 4131/5893/185
f 4131/5893/185 3993/6217/185 3992/6147/185
f 4131/5893/185 3992/6147/185 4132/5892/185
f 4164/5837/185 3980/6187/185 4165/5836/185
f 4165/5836/185 3980/6187/185 3979/6218/185
f 4165/5836/185 3979/6218/185 4166/5835/185
f 4166/5835/185 3979/6218/185 3978/6219/185
f 4166/5835/185 3978/6219/185 4167/5834/185
f 4167/5834/185 3978/6219/185 3977/6213/185
f 4167/5834/185 3977/6213/185 4128/2895/185
f 4253/6220/3381 4258/6221/3382 4231/6222/3381
f 4231/6222/3381 4258/6221/3382 4232/6223/3382
f 4232/6223/3382 4258/6221/3382 4257/6224/3383
f 4232/6223/3382 4257/6224/3383 4233/6225/3383
f 4233/6225/3383 4257/6224/3383 4256/6226/3384
f 4233/6225/3383 4256/6226/3384 4234/6227/3384
f 4234/6227/3384 4256/6226/3384 4208/6228/3265
f 4208/6228/3265 4256/6226/3384 4254/5641/3265
f 4209/2895/3264 4255/5641/3264 4210/6229/3385
f 4210/6229/3385 4255/5641/3264 4261/6230/3385
f 4210/6229/3385 4261/6230/3385 4260/6231/3386
f 4210/6229/3385 4260/6231/3386 4211/6232/3386
f 4211/6232/3386 4260/6231/3386 4259/6233/3387
f 4211/6232/3386 4259/6233/3387 4212/6234/3387
f 4212/6234/3387 4259/6233/3387 4235/6235/3363
f 4212/6234/3387 4235/6235/3363 4213/6236/3363
